"chr","pos","stat","pvals","fdrs","DML_chr","DML_start","DML_end","distance","gene_chr","gene_start","gene_end","gene_id","gene_name","gene_desc","gene_strand","TSS","TES","overlaps_gene","distance_bp","dist_to_TSS","dist_to_TES","direction","feature_strand","exon_overlap","refined_feature"
"CM105775.1",1564815,-8.129176621,4.32e-16,2.13e-08,"CM105775.1",1564815,1564815,0,"CM105775.1",1375558,2106593,"gene:ENSBOLG00010021380","ptprn2","protein tyrosine phosphatase receptor type N2 [Ensembl NN prediction with score 100%]","-",2106593,1375558,TRUE,541778,541778,189257,"overlapping","gene_body",FALSE,"intron"
"CM105766.1",103525819,7.892084581,2.97e-15,7.31e-08,"CM105766.1",103525819,103525819,87434,"CM105766.1",103166825,103438384,"gene:ENSBOLG00010008522","MLLT3","MLLT3 super elongation complex subunit [Ensembl NN prediction with score 100%]","+",103166825,103438384,FALSE,358994,358994,87435,"downstream","intergenic",FALSE,"intergenic"
"CM105767.1",35306361,-7.47487575,7.73e-14,6.39e-07,"CM105767.1",35306361,35306361,10732,"CM105767.1",35243458,35295628,"gene:ENSBOLG00010002185","FAM83B","family with sequence similarity 83 member B [Ensembl NN prediction with score 100%]","-",35295628,35243458,FALSE,10733,10733,62903,"upstream","intergenic",FALSE,"intergenic"
"CM105770.1",6704160,-7.473749335,7.79e-14,6.39e-07,"CM105770.1",6704160,6704160,1937451,"CM105770.1",8641612,8646175,"gene:ENSBOLG00010021016","EBI3","Epstein-Barr virus induced 3 [Ensembl NN prediction with score 99.98%]","+",8641612,8646175,FALSE,1937452,1937452,1942015,"upstream","intergenic",FALSE,"intergenic"
"CM105776.1",41869886,7.514381416,5.72e-14,6.39e-07,"CM105776.1",41869886,41869886,0,"CM105776.1",41864648,41909031,"gene:ENSBOLG00010008365","NME8","NME/NM23 family member 8 [Ensembl NN prediction with score 100%]","+",41864648,41909031,TRUE,5238,5238,39145,"overlapping","gene_body",FALSE,"intron"
"CM105777.1",15845393,-7.486954997,7.05e-14,6.39e-07,"CM105777.1",15845393,15845393,211449,"CM105777.1",16056843,17130023,"gene:ENSBOLG00010014476","DCC","DCC netrin 1 receptor [Ensembl NN prediction with score 100%]","+",16056843,17130023,FALSE,211450,211450,1284630,"upstream","intergenic",FALSE,"intergenic"
"CM105774.1",41552993,-7.45286415,9.13e-14,6.42e-07,"CM105774.1",41552993,41552993,0,"CM105774.1",41407602,41569572,"gene:ENSBOLG00010011684","DGKH","diacylglycerol kinase eta [Ensembl NN prediction with score 100%]","+",41407602,41569572,TRUE,145391,145391,16579,"overlapping","gene_body",FALSE,"intron"
"CM105780.1",49437927,7.377705207,1.61e-13,9.91e-07,"CM105780.1",49437927,49437927,727236,"CM105780.1",50165164,50166498,"gene:ENSBOLG00010005242","POU3F2","POU class 3 homeobox 2 [Ensembl NN prediction with score 99.99%]","+",50165164,50166498,FALSE,727237,727237,728571,"upstream","intergenic",FALSE,"intergenic"
"CM105780.1",54307243,-7.154904095,8.37e-13,4.58e-06,"CM105780.1",54307243,54307243,0,"CM105780.1",54165333,54345120,"gene:ENSBOLG00010008011","CYP7B1","cytochrome P450 family 7 subfamily B member 1 [Ensembl NN prediction with score 99.88%]","-",54345120,54165333,TRUE,37877,37877,141910,"overlapping","gene_body",FALSE,"intron"
"CM105784.1",22164775,-7.112052084,1.14e-12,5.63e-06,"CM105784.1",22164775,22164775,21045,"CM105784.1",22135772,22143729,"gene:ENSBOLG00010014175","SHOX2","short stature homeobox 2 [Ensembl NN prediction with score 100%]","+",22135772,22143729,FALSE,29003,29003,21046,"downstream","intergenic",FALSE,"intergenic"
"CM105769.1",81558158,-7.072514184,1.52e-12,6.81e-06,"CM105769.1",81558158,81558158,108728,"CM105769.1",81666887,81667508,"gene:ENSBOLG00010018660","rpl17","ribosomal protein L17 [Ensembl NN prediction with score 99.99%]","-",81667508,81666887,FALSE,109350,109350,108729,"downstream","intergenic",FALSE,"intergenic"
"CM105767.1",107516256,-7.037834904,1.95e-12,8.01e-06,"CM105767.1",107516256,107516256,0,"CM105767.1",107512112,107517941,"gene:ENSBOLG00010001929",NA,NA,"+",107512112,107517941,TRUE,4144,4144,1685,"overlapping","gene_body",FALSE,"intron"
"CM105773.1",39162049,6.807858601,9.91e-12,3.75e-05,"CM105773.1",39162049,39162049,0,"CM105773.1",39128296,39181145,"gene:ENSBOLG00010021246","CEP152","centrosomal protein 152 [Ensembl NN prediction with score 99.93%]","-",39181145,39128296,TRUE,19096,19096,33753,"overlapping","gene_body",FALSE,"intron"
"CM105774.1",77688717,-6.731107831,1.68e-11,5.92e-05,"CM105774.1",77688717,77688717,0,"CM105774.1",77684287,78691828,"gene:ENSBOLG00010013042","LRMDA","leucine rich melanocyte differentiation associated [Ensembl NN prediction with score 99.95%]","-",78691828,77684287,TRUE,1003111,1003111,4430,"overlapping","gene_body",FALSE,"intron"
"CM105773.1",63762260,6.667877295,2.6e-11,8.19e-05,"CM105773.1",63762260,63762260,19705,"CM105773.1",63781966,63786340,"gene:ENSBOLG00010019000","Cst10","cystatin 10 (chondrocytes) [Ensembl NN prediction with score 99.98%]","+",63781966,63786340,FALSE,19706,19706,24080,"upstream","intergenic",FALSE,"intergenic"
"CM105786.1",30302093,-6.664135206,2.66e-11,8.19e-05,"CM105786.1",30302093,30302093,44432,"CM105786.1",30256662,30257660,"gene:ENSBOLG00010007732","ldha","lactate dehydrogenase A [Ensembl NN prediction with score 99.9%]","+",30256662,30257660,FALSE,45431,45431,44433,"downstream","intergenic",FALSE,"intergenic"
"CM105766.1",98968140,-6.613115909,3.76e-11,0.000102881,"CM105766.1",98968140,98968140,294600,"CM105766.1",99262741,99265039,"gene:ENSBOLG00010012308","IZUMO3","IZUMO family member 3 [Ensembl NN prediction with score 100%]","+",99262741,99265039,FALSE,294601,294601,296899,"upstream","intergenic",FALSE,"intergenic"
"CM105767.1",35308636,-6.614979877,3.72e-11,0.000102881,"CM105767.1",35308636,35308636,13007,"CM105767.1",35243458,35295628,"gene:ENSBOLG00010002185","FAM83B","family with sequence similarity 83 member B [Ensembl NN prediction with score 100%]","-",35295628,35243458,FALSE,13008,13008,65178,"upstream","intergenic",FALSE,"intergenic"
"CM105776.1",16355623,-6.587307286,4.48e-11,0.000116001,"CM105776.1",16355623,16355623,121179,"CM105776.1",16220468,16234443,"gene:ENSBOLG00010013958","Fbxw17","F-box and WD-40 domain protein 17 [Ensembl NN prediction with score 99.99%]","-",16234443,16220468,FALSE,121180,121180,135155,"upstream","intergenic",FALSE,"intergenic"
"CM105769.1",27910499,-6.542070712,6.07e-11,0.000138407,"CM105769.1",27910499,27910499,0,"CM105769.1",27668563,28498988,"gene:ENSBOLG00010021022","CACNA2D3","calcium voltage-gated channel auxiliary subunit alpha2delta 3 [Ensembl NN prediction with score 100%]","+",27668563,28498988,TRUE,241936,241936,588489,"overlapping","gene_body",FALSE,"intron"
"CM105770.1",43441124,-6.539133902,6.19e-11,0.000138407,"CM105770.1",43441124,43441124,120289,"CM105770.1",43145016,43320834,"gene:ENSBOLG00010013483","CLNK","cytokine dependent hematopoietic cell linker [Ensembl NN prediction with score 99.99%]","-",43320834,43145016,FALSE,120290,120290,296108,"upstream","intergenic",FALSE,"intergenic"
"CM105779.1",5448698,-6.550200152,5.75e-11,0.000138407,"CM105779.1",5448698,5448698,10817,"CM105779.1",5425006,5437880,"gene:ENSBOLG00010019979","TULP1","TUB like protein 1 [Ensembl NN prediction with score 99.99%]","-",5437880,5425006,FALSE,10818,10818,23692,"upstream","intergenic",FALSE,"intergenic"
"CM105780.1",14009474,-6.505071114,7.77e-11,0.000166153,"CM105780.1",14009474,14009474,0,"CM105780.1",13956781,14029390,"gene:ENSBOLG00010014750","RGS20","regulator of G protein signaling 20 [Ensembl NN prediction with score 99.86%]","-",14029390,13956781,TRUE,19916,19916,52693,"overlapping","gene_body",FALSE,"intron"
"CM105766.1",95626378,6.434157693,1.24e-10,0.000254583,"CM105766.1",95626378,95626378,12791,"CM105766.1",95639170,95662081,"gene:ENSBOLG00010012329","Cyp2j13","cytochrome P450, family 2, subfamily j, polypeptide 13 [Ensembl NN prediction with score 98.8%]","+",95639170,95662081,FALSE,12792,12792,35703,"upstream","intergenic",FALSE,"intergenic"
"CM105766.1",28050639,-6.419189201,1.37e-10,0.000269678,"CM105766.1",28050639,28050639,0,"CM105766.1",28049023,28052606,"gene:ENSBOLG00010007535","TPI1","triosephosphate isomerase 1 [Ensembl NN prediction with score 99.99%]","+",28049023,28052606,TRUE,1616,1616,1967,"overlapping","gene_body",TRUE,"exon"
"CM105782.1",48608324,-6.412645304,1.43e-10,0.000270689,"CM105782.1",48608324,48608324,137082,"CM105782.1",48457644,48471241,"gene:ENSBOLG00010016961","MAF","MAF bZIP transcription factor [Ensembl NN prediction with score 100%]","-",48471241,48457644,FALSE,137083,137083,150680,"upstream","intergenic",FALSE,"intergenic"
"CM105777.1",25487546,-6.405243398,1.5e-10,0.000273628,"CM105777.1",25487546,25487546,84488,"CM105777.1",25572035,25585122,"gene:ENSBOLG00010017061","Spink10","serine peptidase inhibitor, Kazal type 10 [Ensembl NN prediction with score 78.7%]","-",25585122,25572035,FALSE,97576,97576,84489,"downstream","intergenic",FALSE,"intergenic"
"CM105789.1",25040896,-6.369036314,1.9e-10,0.000334315,"CM105789.1",25040896,25040896,36453,"CM105789.1",25077350,25117150,"gene:ENSBOLG00010009752","E2F7","E2F transcription factor 7 [Ensembl NN prediction with score 100%]","+",25077350,25117150,FALSE,36454,36454,76254,"upstream","intergenic",FALSE,"intergenic"
"CM105764.1",113970520,-6.351297968,2.14e-10,0.000362301,"CM105764.1",113970520,113970520,70187,"CM105764.1",113895921,113900332,"gene:ENSBOLG00010002635","TMEM270","transmembrane protein 270 [Ensembl NN prediction with score 100%]","+",113895921,113900332,FALSE,74599,74599,70188,"downstream","intergenic",FALSE,"intergenic"
"CM105777.1",73418451,-6.337136294,2.34e-10,0.000383965,"CM105777.1",73418451,73418451,169611,"CM105777.1",73588063,73603285,"gene:ENSBOLG00010005507","HRH4","histamine receptor H4 [Ensembl NN prediction with score 99.86%]","-",73603285,73588063,FALSE,184834,184834,169612,"downstream","intergenic",FALSE,"intergenic"
"CM105766.1",27971750,-6.317085644,2.67e-10,0.000423119,"CM105766.1",27971750,27971750,0,"CM105766.1",27965453,27997272,"gene:ENSBOLG00010007139","CD4","CD4 molecule [Ensembl NN prediction with score 100%]","+",27965453,27997272,TRUE,6297,6297,25522,"overlapping","gene_body",FALSE,"intron"
"CM105773.1",63322897,6.301886326,2.94e-10,0.000443503,"CM105773.1",63322897,63322897,124658,"CM105773.1",63447556,63448479,"gene:ENSBOLG00010020461","LRRC59","leucine rich repeat containing 59 [Ensembl NN prediction with score 100%]","-",63448479,63447556,FALSE,125582,125582,124659,"downstream","intergenic",FALSE,"intergenic"
"CM105778.1",69239711,-6.300124054,2.97e-10,0.000443503,"CM105778.1",69239711,69239711,0,"CM105778.1",69027538,69569107,"gene:ENSBOLG00010005410","ADGRV1","adhesion G protein-coupled receptor V1 [Ensembl NN prediction with score 100%]","+",69027538,69569107,TRUE,212173,212173,329396,"overlapping","gene_body",FALSE,"intron"
"CM105768.1",34903312,6.271458127,3.58e-10,0.000517699,"CM105768.1",34903312,34903312,48219,"CM105768.1",34951532,34954749,"gene:ENSBOLG00010002219","ZFP36L2","ZFP36 ring finger protein like 2 [Ensembl NN prediction with score 100%]","-",34954749,34951532,FALSE,51437,51437,48220,"downstream","intergenic",FALSE,"intergenic"
"CM105785.1",51202234,6.266694651,3.69e-10,0.000518528,"CM105785.1",51202234,51202234,138583,"CM105785.1",51060406,51063650,"gene:ENSBOLG00010010821","Atp5g3","ATP synthase, H+ transporting, mitochondrial F0 complex, subunit C3 (subunit 9) [Ensembl NN prediction with score 98.86%]","-",51063650,51060406,FALSE,138584,138584,141828,"upstream","intergenic",FALSE,"intergenic"
"CM105770.1",103141855,6.210568093,5.28e-10,0.00070216,"CM105770.1",103141855,103141855,0,"CM105770.1",102847236,103257131,"gene:ENSBOLG00010001805","ARHGAP24","Rho GTPase activating protein 24 [Ensembl NN prediction with score 100%]","+",102847236,103257131,TRUE,294619,294619,115276,"overlapping","gene_body",FALSE,"intron"
"CM105775.1",43746262,6.210853478,5.27e-10,0.00070216,"CM105775.1",43746262,43746262,0,"CM105775.1",43706625,43786753,"gene:ENSBOLG00010012227","RHOJ","ras homolog family member J [Ensembl NN prediction with score 100%]","-",43786753,43706625,TRUE,40491,40491,39637,"overlapping","gene_body",FALSE,"intron"
"CM105765.1",65401438,6.204184332,5.5e-10,0.000712016,"CM105765.1",65401438,65401438,0,"CM105765.1",65381710,65416659,"gene:ENSBOLG00010019706","LIG1","DNA ligase 1 [Ensembl NN prediction with score 99.99%]","-",65416659,65381710,TRUE,15221,15221,19728,"overlapping","gene_body",FALSE,"intron"
"CM105768.1",5013420,-6.178641914,6.47e-10,0.000752536,"CM105768.1",5013420,5013420,0,"CM105768.1",4946801,5820396,"gene:ENSBOLG00010002792","DPP6","dipeptidyl peptidase like 6 [Ensembl NN prediction with score 100%]","-",5820396,4946801,TRUE,806976,806976,66619,"overlapping","gene_body",FALSE,"intron"
"CM105769.1",47807683,-6.181614385,6.34e-10,0.000752536,"CM105769.1",47807683,47807683,56340,"CM105769.1",47750563,47751342,"gene:ENSBOLG00010000381","LRRC3B","leucine rich repeat containing 3B [Ensembl NN prediction with score 100%]","+",47750563,47751342,FALSE,57120,57120,56341,"downstream","intergenic",FALSE,"intergenic"
"CM105769.1",70215903,-6.18637394,6.16e-10,0.000752536,"CM105769.1",70215903,70215903,6755,"CM105769.1",70222659,70231767,"gene:ENSBOLG00010002433","GLUL","glutamate-ammonia ligase [Ensembl NN prediction with score 99.99%]","-",70231767,70222659,FALSE,15864,15864,6756,"downstream","intergenic",FALSE,"intergenic"
"CM105770.1",53405461,-6.184628702,6.22e-10,0.000752536,"CM105770.1",53405461,53405461,85216,"CM105770.1",52266876,53320244,"gene:ENSBOLG00010001268","KCNIP4","potassium voltage-gated channel interacting protein 4 [Ensembl NN prediction with score 100%]","-",53320244,52266876,FALSE,85217,85217,1138585,"upstream","intergenic",FALSE,"intergenic"
"CM105770.1",96778112,-6.175975329,6.58e-10,0.000752536,"CM105770.1",96778112,96778112,31961,"CM105770.1",96685622,96746150,"gene:ENSBOLG00010002022","MRPL1","mitochondrial ribosomal protein L1 [Ensembl NN prediction with score 100%]","+",96685622,96746150,FALSE,92490,92490,31962,"downstream","intergenic",FALSE,"intergenic"
"CM105781.1",29531899,6.17059001,6.8e-10,0.000760926,"CM105781.1",29531899,29531899,0,"CM105781.1",29511797,29560893,"gene:ENSBOLG00010008908","PALMD","palmdelphin [Ensembl NN prediction with score 99.98%]","-",29560893,29511797,TRUE,28994,28994,20102,"overlapping","gene_body",FALSE,"intron"
"CM105774.1",40596411,6.162150114,7.18e-10,0.000784786,"CM105774.1",40596411,40596411,3472,"CM105774.1",40599884,40635301,"gene:ENSBOLG00010011669","ELF1","E74 like ETS transcription factor 1 [Ensembl NN prediction with score 100%]","-",40635301,40599884,FALSE,38890,38890,3473,"downstream","intergenic",FALSE,"intergenic"
"CM105771.1",46437033,6.132182729,8.67e-10,0.000927314,"CM105771.1",46437033,46437033,220458,"CM105771.1",46657492,46691136,"gene:ENSBOLG00010004760","HS3ST3B1","heparan sulfate-glucosamine 3-sulfotransferase 3B1 [Ensembl NN prediction with score 100%]","-",46691136,46657492,FALSE,254103,254103,220459,"downstream","intergenic",FALSE,"intergenic"
"CM105766.1",73405583,6.104942018,1.03e-09,0.001017496,"CM105766.1",73405583,73405583,166191,"CM105766.1",73211643,73239391,"gene:ENSBOLG00010022385",NA,NA,"-",73239391,73211643,FALSE,166192,166192,193940,"upstream","intergenic",FALSE,"intergenic"
"CM105767.1",35307943,-6.098542024,1.07e-09,0.001017496,"CM105767.1",35307943,35307943,12314,"CM105767.1",35243458,35295628,"gene:ENSBOLG00010002185","FAM83B","family with sequence similarity 83 member B [Ensembl NN prediction with score 100%]","-",35295628,35243458,FALSE,12315,12315,64485,"upstream","intergenic",FALSE,"intergenic"
"CM105767.1",113029547,6.112801363,9.79e-10,0.001017496,"CM105767.1",113029547,113029547,436631,"CM105767.1",112592178,112592915,"gene:ENSBOLG00010002314","pclaf","PCNA clamp associated factor [Ensembl NN prediction with score 97.41%]","-",112592915,112592178,FALSE,436632,436632,437369,"upstream","intergenic",FALSE,"intergenic"
"CM105774.1",17311287,6.097831353,1.08e-09,0.001017496,"CM105774.1",17311287,17311287,236387,"CM105774.1",17547675,17589180,"gene:ENSBOLG00010003975","NDFIP2","Nedd4 family interacting protein 2 [Ensembl NN prediction with score 99.99%]","-",17589180,17547675,FALSE,277893,277893,236388,"downstream","intergenic",FALSE,"intergenic"
"CM105782.1",47915573,6.098849333,1.07e-09,0.001017496,"CM105782.1",47915573,47915573,0,"CM105782.1",47228083,48130182,"gene:ENSBOLG00010015910","WWOX","WW domain containing oxidoreductase [Ensembl NN prediction with score 100%]","+",47228083,48130182,TRUE,687490,687490,214609,"overlapping","gene_body",FALSE,"intron"
"CM105782.1",65436373,-6.106780877,1.02e-09,0.001017496,"CM105782.1",65436373,65436373,235994,"CM105782.1",65672368,65673182,"gene:ENSBOLG00010004177","NACA2","nascent polypeptide associated complex subunit alpha 2 [Ensembl NN prediction with score 98.96%]","+",65672368,65673182,FALSE,235995,235995,236809,"upstream","intergenic",FALSE,"intergenic"
"CM105777.1",15821013,-6.092791507,1.11e-09,0.001030252,"CM105777.1",15821013,15821013,235829,"CM105777.1",16056843,17130023,"gene:ENSBOLG00010014476","DCC","DCC netrin 1 receptor [Ensembl NN prediction with score 100%]","+",16056843,17130023,FALSE,235830,235830,1309010,"upstream","intergenic",FALSE,"intergenic"
"CM105776.1",47280449,6.080560851,1.2e-09,0.001091408,"CM105776.1",47280449,47280449,0,"CM105776.1",47242748,47322689,"gene:ENSBOLG00010008645","NID1","nidogen 1 [Ensembl NN prediction with score 100%]","-",47322689,47242748,TRUE,42240,42240,37701,"overlapping","gene_body",FALSE,"intron"
"CM105767.1",34005142,-6.068116251,1.29e-09,0.001157963,"CM105767.1",34005142,34005142,0,"CM105767.1",33960335,34036782,"gene:ENSBOLG00010002246","MYO5C","myosin VC [Ensembl NN prediction with score 100%]","+",33960335,34036782,TRUE,44807,44807,31640,"overlapping","gene_body",FALSE,"intron"
"CM105765.1",94787946,6.060693379,1.36e-09,0.001191037,"CM105765.1",94787946,94787946,0,"CM105765.1",94415831,94825428,"gene:ENSBOLG00010011573","SLC35F1","solute carrier family 35 member F1 [Ensembl NN prediction with score 100%]","+",94415831,94825428,TRUE,372115,372115,37482,"overlapping","gene_body",FALSE,"intron"
"CM105770.1",73319738,-6.052268977,1.43e-09,0.001220898,"CM105770.1",73319738,73319738,4688,"CM105770.1",73324427,73404349,"gene:ENSBOLG00010004749","GABRG1","gamma-aminobutyric acid type A receptor subunit gamma1 [Ensembl NN prediction with score 100%]","-",73404349,73324427,FALSE,84611,84611,4689,"downstream","intergenic",FALSE,"intergenic"
"CM105775.1",44128019,6.051059809,1.44e-09,0.001220898,"CM105775.1",44128019,44128019,0,"CM105775.1",43894981,44181413,"gene:ENSBOLG00010012239","KCNH5","potassium voltage-gated channel subfamily H member 5 [Ensembl NN prediction with score 99.99%]","+",43894981,44181413,TRUE,233038,233038,53394,"overlapping","gene_body",FALSE,"intron"
"CM105764.1",62863063,6.043507698,1.51e-09,0.001257782,"CM105764.1",62863063,62863063,0,"CM105764.1",62753321,62907433,"gene:ENSBOLG00010003617","ABI3BP","ABI family member 3 binding protein [Ensembl NN prediction with score 99.46%]","+",62753321,62907433,TRUE,109742,109742,44370,"overlapping","gene_body",FALSE,"intron"
"CM105765.1",97693033,6.034145321,1.6e-09,0.001310693,"CM105765.1",97693033,97693033,0,"CM105765.1",97503939,97709023,"gene:ENSBOLG00010011582","TBC1D32","TBC1 domain family member 32 [Ensembl NN prediction with score 100%]","-",97709023,97503939,TRUE,15990,15990,189094,"overlapping","gene_body",FALSE,"intron"
"CM105785.1",31622225,-6.031451533,1.62e-09,0.001310885,"CM105785.1",31622225,31622225,0,"CM105785.1",31602064,31865190,"gene:ENSBOLG00010004092","CACNB4","calcium voltage-gated channel auxiliary subunit beta 4 [Ensembl NN prediction with score 100%]","-",31865190,31602064,TRUE,242965,242965,20161,"overlapping","gene_body",FALSE,"intron"
"CM105771.1",44499331,-6.026175031,1.68e-09,0.001332538,"CM105771.1",44499331,44499331,3777,"CM105771.1",44503109,44536152,"gene:ENSBOLG00010004733","PRPSAP2","phosphoribosyl pyrophosphate synthetase associated protein 2 [Ensembl NN prediction with score 100%]","-",44536152,44503109,FALSE,36821,36821,3778,"downstream","intergenic",FALSE,"intergenic"
"CM105776.1",32179890,6.003487208,1.93e-09,0.00148496,"CM105776.1",32179890,32179890,60892,"CM105776.1",32066270,32118997,"gene:ENSBOLG00010012633","DUSP22","dual specificity phosphatase 22 [Ensembl NN prediction with score 100%]","-",32118997,32066270,FALSE,60893,60893,113620,"upstream","intergenic",FALSE,"intergenic"
"CM105783.1",16595079,-6.004520636,1.92e-09,0.00148496,"CM105783.1",16595079,16595079,28192,"CM105783.1",16623272,16638054,"gene:ENSBOLG00010013383","MED30","mediator complex subunit 30 [Ensembl NN prediction with score 100%]","+",16623272,16638054,FALSE,28193,28193,42975,"upstream","intergenic",FALSE,"intergenic"
"CM105780.1",4253553,5.999096929,1.98e-09,0.001502194,"CM105780.1",4253553,4253553,0,"CM105780.1",4211624,4360535,"gene:ENSBOLG00010007243","RUNX1T1","RUNX1 partner transcriptional co-repressor 1 [Ensembl NN prediction with score 100%]","-",4360535,4211624,TRUE,106982,106982,41929,"overlapping","gene_body",FALSE,"intron"
"CM105764.1",35818257,-5.994941772,2.04e-09,0.001517762,"CM105764.1",35818257,35818257,0,"CM105764.1",35607394,35913132,"gene:ENSBOLG00010001286","EPHA3","EPH receptor A3 [Ensembl NN prediction with score 100%]","+",35607394,35913132,TRUE,210863,210863,94875,"overlapping","gene_body",FALSE,"intron"
"CM105775.1",1545773,-5.987914689,2.13e-09,0.001527898,"CM105775.1",1545773,1545773,0,"CM105775.1",1375558,2106593,"gene:ENSBOLG00010021380","ptprn2","protein tyrosine phosphatase receptor type N2 [Ensembl NN prediction with score 100%]","-",2106593,1375558,TRUE,560820,560820,170215,"overlapping","gene_body",FALSE,"intron"
"CM105778.1",16742216,5.986630863,2.14e-09,0.001527898,"CM105778.1",16742216,16742216,284381,"CM105778.1",16200649,16457834,"gene:ENSBOLG00010011100","CDH12","cadherin 12 [Ensembl NN prediction with score 99.99%]","-",16457834,16200649,FALSE,284382,284382,541567,"upstream","intergenic",FALSE,"intergenic"
"CM105778.1",18000188,5.988399693,2.12e-09,0.001527898,"CM105778.1",18000188,18000188,32712,"CM105778.1",18032901,18033191,"gene:ENSBOLG00010011135","SEC61B","SEC61 translocon subunit beta [Ensembl NN prediction with score 95.3%]","+",18032901,18033191,FALSE,32713,32713,33003,"upstream","intergenic",FALSE,"intergenic"
"CM105766.1",38925625,-5.971187115,2.36e-09,0.001582462,"CM105766.1",38925625,38925625,0,"CM105766.1",38769854,38993513,"gene:ENSBOLG00010016608","SRGAP3","SLIT-ROBO Rho GTPase activating protein 3 [Ensembl NN prediction with score 100%]","+",38769854,38993513,TRUE,155771,155771,67888,"overlapping","gene_body",FALSE,"intron"
"CM105776.1",16404820,-5.975035162,2.3e-09,0.001582462,"CM105776.1",16404820,16404820,153796,"CM105776.1",16558617,16579930,"gene:ENSBOLG00010013871","TPMT","thiopurine S-methyltransferase [Ensembl NN prediction with score 99.97%]","+",16558617,16579930,FALSE,153797,153797,175110,"upstream","intergenic",FALSE,"intergenic"
"CM105776.1",24945377,5.973582241,2.32e-09,0.001582462,"CM105776.1",24945377,24945377,15924,"CM105776.1",24876786,24929452,"gene:ENSBOLG00010016129","bloc1s5","biogenesis of lysosomal organelles complex 1 subunit 5 [Ensembl NN prediction with score 99.59%]","+",24876786,24929452,FALSE,68591,68591,15925,"downstream","intergenic",FALSE,"intergenic"
"CM105783.1",17200601,-5.970481048,2.37e-09,0.001582462,"CM105783.1",17200601,17200601,16141,"CM105783.1",16910100,17184459,"gene:ENSBOLG00010013409","EXT1","exostosin glycosyltransferase 1 [Ensembl NN prediction with score 100%]","-",17184459,16910100,FALSE,16142,16142,290501,"upstream","intergenic",FALSE,"intergenic"
"CM105790.1",38305214,5.969514002,2.38e-09,0.001582462,"CM105790.1",38305214,38305214,0,"CM105790.1",38230248,38309332,"gene:ENSBOLG00010009893","CCDC150","coiled-coil domain containing 150 [Ensembl NN prediction with score 100%]","+",38230248,38309332,TRUE,74966,74966,4118,"overlapping","gene_body",FALSE,"intron"
"CM105765.1",105960307,5.958811617,2.54e-09,0.001667115,"CM105765.1",105960307,105960307,125795,"CM105765.1",106086103,106193022,"gene:ENSBOLG00010016713","L3MBTL3","L3MBTL histone methyl-lysine binding protein 3 [Ensembl NN prediction with score 99.12%]","+",106086103,106193022,FALSE,125796,125796,232715,"upstream","intergenic",FALSE,"intergenic"
"CM105775.1",1553346,-5.952730404,2.64e-09,0.001707513,"CM105775.1",1553346,1553346,0,"CM105775.1",1375558,2106593,"gene:ENSBOLG00010021380","ptprn2","protein tyrosine phosphatase receptor type N2 [Ensembl NN prediction with score 100%]","-",2106593,1375558,TRUE,553247,553247,177788,"overlapping","gene_body",FALSE,"intron"
"CM105779.1",26488599,-5.942272461,2.81e-09,0.001796491,"CM105779.1",26488599,26488599,0,"CM105779.1",26419747,26580418,"gene:ENSBOLG00010009110","MCU","mitochondrial calcium uniporter [Ensembl NN prediction with score 100%]","+",26419747,26580418,TRUE,68852,68852,91819,"overlapping","gene_body",FALSE,"intron"
"CM105782.1",28734057,-5.93708249,2.9e-09,0.001830499,"CM105782.1",28734057,28734057,95524,"CM105782.1",28637537,28638532,"gene:ENSBOLG00010018153","B3GALNT1","beta-1,3-N-acetylgalactosaminyltransferase 1 (globoside blood group) [Ensembl NN prediction with score 100%]","-",28638532,28637537,FALSE,95525,95525,96520,"upstream","intergenic",FALSE,"intergenic"
"CM105771.1",56656431,5.921684135,3.19e-09,0.001985001,"CM105771.1",56656431,56656431,10243,"CM105771.1",56666675,56696961,"gene:ENSBOLG00010020059","ATP2A3","ATPase sarcoplasmic/endoplasmic reticulum Ca2+ transporting 3 [Ensembl NN prediction with score 100%]","+",56666675,56696961,FALSE,10244,10244,40530,"upstream","intergenic",FALSE,"intergenic"
"CM105789.1",23280576,5.918293781,3.25e-09,0.002001016,"CM105789.1",23280576,23280576,154033,"CM105789.1",22934721,23126542,"gene:ENSBOLG00010009444","SYT1","synaptotagmin 1 [Ensembl NN prediction with score 99.99%]","-",23126542,22934721,FALSE,154034,154034,345855,"upstream","intergenic",FALSE,"intergenic"
"CM105789.1",25770524,-5.9134355,3.35e-09,0.002035525,"CM105789.1",25770524,25770524,8862,"CM105789.1",25779387,25804913,"gene:ENSBOLG00010009438","NAP1L1","nucleosome assembly protein 1 like 1 [Ensembl NN prediction with score 100%]","+",25779387,25804913,FALSE,8863,8863,34389,"upstream","intergenic",FALSE,"intergenic"
"CM105775.1",73289042,5.90382053,3.55e-09,0.00213153,"CM105775.1",73289042,73289042,0,"CM105775.1",73242318,74070706,"gene:ENSBOLG00010014657","IMMP2L","inner mitochondrial membrane peptidase subunit 2 [Ensembl NN prediction with score 71.67%]","-",74070706,73242318,TRUE,781664,781664,46724,"overlapping","gene_body",FALSE,"intron"
"CM105787.1",27258408,-5.898959851,3.66e-09,0.002168824,"CM105787.1",27258408,27258408,0,"CM105787.1",27224418,27268196,"gene:ENSBOLG00010009591","KLF13","Kruppel like factor 13 [Ensembl NN prediction with score 100%]","-",27268196,27224418,TRUE,9788,9788,33990,"overlapping","gene_body",FALSE,"intron"
"CM105789.1",25041579,-5.881800384,4.06e-09,0.002377502,"CM105789.1",25041579,25041579,35770,"CM105789.1",25077350,25117150,"gene:ENSBOLG00010009752","E2F7","E2F transcription factor 7 [Ensembl NN prediction with score 100%]","+",25077350,25117150,FALSE,35771,35771,75571,"upstream","intergenic",FALSE,"intergenic"
"CM105766.1",98077684,5.876572954,4.19e-09,0.002424906,"CM105766.1",98077684,98077684,213998,"CM105766.1",98291683,98292306,"gene:ENSBOLG00010012588","TUSC1","tumor suppressor candidate 1 [Ensembl NN prediction with score 100%]","+",98291683,98292306,FALSE,213999,213999,214622,"upstream","intergenic",FALSE,"intergenic"
"CM105766.1",86853464,-5.86709275,4.44e-09,0.002480116,"CM105766.1",86853464,86853464,34736,"CM105766.1",86888201,86964241,"gene:ENSBOLG00010019104","plpp3","phospholipid phosphatase 3 [Ensembl NN prediction with score 100%]","-",86964241,86888201,FALSE,110777,110777,34737,"downstream","intergenic",FALSE,"intergenic"
"CM105775.1",43220569,5.868331117,4.4e-09,0.002480116,"CM105775.1",43220569,43220569,7034,"CM105775.1",42977601,43213534,"gene:ENSBOLG00010011454",NA,NA,"-",43213534,42977601,FALSE,7035,7035,242968,"upstream","intergenic",FALSE,"intergenic"
"CM105776.1",79455587,-5.870454143,4.35e-09,0.002480116,"CM105776.1",79455587,79455587,579993,"CM105776.1",78805861,78875593,"gene:ENSBOLG00010012347","WAC","WW domain containing adaptor with coiled-coil [Ensembl NN prediction with score 100%]","+",78805861,78875593,FALSE,649726,649726,579994,"downstream","intergenic",FALSE,"intergenic"
"CM105766.1",86855389,-5.860416916,4.62e-09,0.002504987,"CM105766.1",86855389,86855389,32811,"CM105766.1",86888201,86964241,"gene:ENSBOLG00010019104","plpp3","phospholipid phosphatase 3 [Ensembl NN prediction with score 100%]","-",86964241,86888201,FALSE,108852,108852,32812,"downstream","intergenic",FALSE,"intergenic"
"CM105766.1",93814182,-5.859873036,4.63e-09,0.002504987,"CM105766.1",93814182,93814182,2695,"CM105766.1",93816878,94157588,"gene:ENSBOLG00010012381","NFIA","nuclear factor I A [Ensembl NN prediction with score 99.99%]","-",94157588,93816878,FALSE,343406,343406,2696,"downstream","intergenic",FALSE,"intergenic"
"CM105770.1",9089038,5.863077978,4.54e-09,0.002504987,"CM105770.1",9089038,9089038,0,"CM105770.1",9086111,9148031,"gene:ENSBOLG00010022338","PTPRS","protein tyrosine phosphatase receptor type S [Ensembl NN prediction with score 100%]","-",9148031,9086111,TRUE,58993,58993,2927,"overlapping","gene_body",FALSE,"intron"
"CM105783.1",27425197,-5.851471897,4.87e-09,0.002606244,"CM105783.1",27425197,27425197,49916,"CM105783.1",27475114,27690043,"gene:ENSBOLG00010007422","ADCY8","adenylate cyclase 8 [Ensembl NN prediction with score 99.99%]","-",27690043,27475114,FALSE,264846,264846,49917,"downstream","intergenic",FALSE,"intergenic"
"CM105765.1",45047996,-5.848988026,4.95e-09,0.002617012,"CM105765.1",45047996,45047996,25778,"CM105765.1",45073775,45135547,"gene:ENSBOLG00010007477","URI1","URI1 prefoldin like chaperone [Ensembl NN prediction with score 100%]","+",45073775,45135547,FALSE,25779,25779,87551,"upstream","intergenic",FALSE,"intergenic"
"CM105775.1",28408966,5.844912869,5.07e-09,0.002653359,"CM105775.1",28408966,28408966,0,"CM105775.1",28379774,28493362,"gene:ENSBOLG00010013215","STON2","stonin 2 [Ensembl NN prediction with score 100%]","+",28379774,28493362,TRUE,29192,29192,84396,"overlapping","gene_body",FALSE,"intron"
"CM105768.1",4996586,-5.835016529,5.38e-09,0.002786108,"CM105768.1",4996586,4996586,0,"CM105768.1",4946801,5820396,"gene:ENSBOLG00010002792","DPP6","dipeptidyl peptidase like 6 [Ensembl NN prediction with score 100%]","-",5820396,4946801,TRUE,823810,823810,49785,"overlapping","gene_body",FALSE,"intron"
"CM105769.1",27683601,-5.816824347,6e-09,0.003074437,"CM105769.1",27683601,27683601,0,"CM105769.1",27668563,28498988,"gene:ENSBOLG00010021022","CACNA2D3","calcium voltage-gated channel auxiliary subunit alpha2delta 3 [Ensembl NN prediction with score 100%]","+",27668563,28498988,TRUE,15038,15038,815387,"overlapping","gene_body",FALSE,"intron"
"CM105766.1",112825380,5.790339778,7.02e-09,0.003467753,"CM105766.1",112825380,112825380,1108432,"CM105766.1",111716295,111716947,"gene:ENSBOLG00010008663","rpl12","ribosomal protein L12 [Ensembl NN prediction with score 99.7%]","+",111716295,111716947,FALSE,1109085,1109085,1108433,"downstream","intergenic",FALSE,"intergenic"
"CM105769.1",76157969,5.788981343,7.08e-09,0.003467753,"CM105769.1",76157969,76157969,707034,"CM105769.1",76865004,76865544,"gene:ENSBOLG00010007525","SNRPD2","small nuclear ribonucleoprotein D2 polypeptide [Ensembl NN prediction with score 86.96%]","-",76865544,76865004,FALSE,707575,707575,707035,"downstream","intergenic",FALSE,"intergenic"
"CM105769.1",83677784,-5.790461546,7.02e-09,0.003467753,"CM105769.1",83677784,83677784,0,"CM105769.1",83677555,83756248,"gene:ENSBOLG00010017086","CFH","complement factor H [Ensembl NN prediction with score 100%]","+",83677555,83756248,TRUE,229,229,78464,"overlapping","gene_body",FALSE,"intron"
"CM105774.1",57939299,5.784839369,7.26e-09,0.003467753,"CM105774.1",57939299,57939299,71817,"CM105774.1",57866253,57867481,"gene:ENSBOLG00010008791","PSMB6","proteasome 20S subunit beta 6 [Ensembl NN prediction with score 91.85%]","-",57867481,57866253,FALSE,71818,71818,73046,"upstream","intergenic",FALSE,"intergenic"
"CM105776.1",16369715,-5.786344723,7.19e-09,0.003467753,"CM105776.1",16369715,16369715,135271,"CM105776.1",16220468,16234443,"gene:ENSBOLG00010013958","Fbxw17","F-box and WD-40 domain protein 17 [Ensembl NN prediction with score 99.99%]","-",16234443,16220468,FALSE,135272,135272,149247,"upstream","intergenic",FALSE,"intergenic"
"CM105785.1",39509286,5.78605567,7.21e-09,0.003467753,"CM105785.1",39509286,39509286,202721,"CM105785.1",39712008,39789503,"gene:ENSBOLG00010003781","TANK","TRAF family member associated NFKB activator [Ensembl NN prediction with score 100%]","+",39712008,39789503,FALSE,202722,202722,280217,"upstream","intergenic",FALSE,"intergenic"
"CM105786.1",54399240,-5.790103521,7.03e-09,0.003467753,"CM105786.1",54399240,54399240,115336,"CM105786.1",54514577,54995045,"gene:ENSBOLG00010006750","MARCHF1","membrane associated ring-CH-type finger 1 [Ensembl NN prediction with score 100%]","+",54514577,54995045,FALSE,115337,115337,595805,"upstream","intergenic",FALSE,"intergenic"
"CM105776.1",16448401,-5.779449698,7.49e-09,0.003546255,"CM105776.1",16448401,16448401,110215,"CM105776.1",16558617,16579930,"gene:ENSBOLG00010013871","TPMT","thiopurine S-methyltransferase [Ensembl NN prediction with score 99.97%]","+",16558617,16579930,FALSE,110216,110216,131529,"upstream","intergenic",FALSE,"intergenic"
"CM105780.1",58953849,5.777569449,7.58e-09,0.003551947,"CM105780.1",58953849,58953849,58747,"CM105780.1",59012597,59028396,"gene:ENSBOLG00010007970","PRDM14","PR/SET domain 14 [Ensembl NN prediction with score 100%]","-",59028396,59012597,FALSE,74547,74547,58748,"downstream","intergenic",FALSE,"intergenic"
"CM105782.1",48603948,-5.774861583,7.7e-09,0.003575491,"CM105782.1",48603948,48603948,132706,"CM105782.1",48457644,48471241,"gene:ENSBOLG00010016961","MAF","MAF bZIP transcription factor [Ensembl NN prediction with score 100%]","-",48471241,48457644,FALSE,132707,132707,146304,"upstream","intergenic",FALSE,"intergenic"
"CM105766.1",86820675,-5.760522025,8.39e-09,0.003856555,"CM105766.1",86820675,86820675,67525,"CM105766.1",86888201,86964241,"gene:ENSBOLG00010019104","plpp3","phospholipid phosphatase 3 [Ensembl NN prediction with score 100%]","-",86964241,86888201,FALSE,143566,143566,67526,"downstream","intergenic",FALSE,"intergenic"
"CM105768.1",5096429,-5.747527432,9.06e-09,0.004126303,"CM105768.1",5096429,5096429,0,"CM105768.1",4946801,5820396,"gene:ENSBOLG00010002792","DPP6","dipeptidyl peptidase like 6 [Ensembl NN prediction with score 100%]","-",5820396,4946801,TRUE,723967,723967,149628,"overlapping","gene_body",FALSE,"intron"
"CM105773.1",73375501,5.740690302,9.43e-09,0.004218304,"CM105773.1",73375501,73375501,691270,"CM105773.1",74066772,74070146,"gene:ENSBOLG00010017658","MAFB","MAF bZIP transcription factor B [Ensembl NN prediction with score 100%]","-",74070146,74066772,FALSE,694645,694645,691271,"downstream","intergenic",FALSE,"intergenic"
"CM105778.1",69424896,-5.741501029,9.38e-09,0.004218304,"CM105778.1",69424896,69424896,0,"CM105778.1",69027538,69569107,"gene:ENSBOLG00010005410","ADGRV1","adhesion G protein-coupled receptor V1 [Ensembl NN prediction with score 100%]","+",69027538,69569107,TRUE,397358,397358,144211,"overlapping","gene_body",FALSE,"intron"
"CM105777.1",15821134,-5.736623445,9.66e-09,0.004243651,"CM105777.1",15821134,15821134,235708,"CM105777.1",16056843,17130023,"gene:ENSBOLG00010014476","DCC","DCC netrin 1 receptor [Ensembl NN prediction with score 100%]","+",16056843,17130023,FALSE,235709,235709,1308889,"upstream","intergenic",FALSE,"intergenic"
"CM105789.1",21321316,-5.736649814,9.66e-09,0.004243651,"CM105789.1",21321316,21321316,0,"CM105789.1",21085754,21492273,"gene:ENSBOLG00010009449","PPFIA2","PTPRF interacting protein alpha 2 [Ensembl NN prediction with score 100%]","+",21085754,21492273,TRUE,235562,235562,170957,"overlapping","gene_body",FALSE,"intron"
"CM105782.1",47226329,-5.732895827,9.87e-09,0.004299624,"CM105782.1",47226329,47226329,1753,"CM105782.1",47228083,48130182,"gene:ENSBOLG00010015910","WWOX","WW domain containing oxidoreductase [Ensembl NN prediction with score 100%]","+",47228083,48130182,FALSE,1754,1754,903853,"upstream","promoter",FALSE,"promoter"
"CM105765.1",104635794,5.730705607,1e-08,0.00431731,"CM105765.1",104635794,104635794,177831,"CM105765.1",103932609,104457962,"gene:ENSBOLG00010016820","PTPRK","protein tyrosine phosphatase receptor type K [Ensembl NN prediction with score 100%]","-",104457962,103932609,FALSE,177832,177832,703185,"upstream","intergenic",FALSE,"intergenic"
"CM105777.1",15831709,-5.728259227,1.01e-08,0.004341933,"CM105777.1",15831709,15831709,225133,"CM105777.1",16056843,17130023,"gene:ENSBOLG00010014476","DCC","DCC netrin 1 receptor [Ensembl NN prediction with score 100%]","+",16056843,17130023,FALSE,225134,225134,1298314,"upstream","intergenic",FALSE,"intergenic"
"CM105774.1",17245011,5.720893299,1.06e-08,0.004479137,"CM105774.1",17245011,17245011,263011,"CM105774.1",16976102,16981999,"gene:ENSBOLG00010004005","SPRY2","sprouty RTK signaling antagonist 2 [Ensembl NN prediction with score 99.98%]","+",16976102,16981999,FALSE,268909,268909,263012,"downstream","intergenic",FALSE,"intergenic"
"CM105787.1",55983616,5.720049311,1.06e-08,0.004479137,"CM105787.1",55983616,55983616,134900,"CM105787.1",56118517,56588174,"gene:ENSBOLG00010009467","TENM4","teneurin transmembrane protein 4 [Ensembl NN prediction with score 100%]","+",56118517,56588174,FALSE,134901,134901,604558,"upstream","intergenic",FALSE,"intergenic"
"CM105783.1",17200611,-5.716295626,1.09e-08,0.004540355,"CM105783.1",17200611,17200611,16151,"CM105783.1",16910100,17184459,"gene:ENSBOLG00010013409","EXT1","exostosin glycosyltransferase 1 [Ensembl NN prediction with score 100%]","-",17184459,16910100,FALSE,16152,16152,290511,"upstream","intergenic",FALSE,"intergenic"
"CM105778.1",67211777,-5.703595536,1.17e-08,0.004851016,"CM105778.1",67211777,67211777,17730,"CM105778.1",67052670,67194046,"gene:ENSBOLG00010005604","MEF2C","myocyte enhancer factor 2C [Ensembl NN prediction with score 100%]","-",67194046,67052670,FALSE,17731,17731,159107,"upstream","intergenic",FALSE,"intergenic"
"CM105765.1",45994978,-5.698003008,1.21e-08,0.004929962,"CM105765.1",45994978,45994978,301896,"CM105765.1",46296875,46370807,"gene:ENSBOLG00010008358","TSHZ3","teashirt zinc finger homeobox 3 [Ensembl NN prediction with score 100%]","-",46370807,46296875,FALSE,375829,375829,301897,"downstream","intergenic",FALSE,"intergenic"
"CM105767.1",66469292,5.699119514,1.2e-08,0.004929962,"CM105767.1",66469292,66469292,29978,"CM105767.1",66499271,66500209,"gene:ENSBOLG00010003930","Olfr150","olfactory receptor 150 [Ensembl NN prediction with score 97.41%]","-",66500209,66499271,FALSE,30917,30917,29979,"downstream","intergenic",FALSE,"intergenic"
"CM105773.1",72778559,5.692269081,1.25e-08,0.005034788,"CM105773.1",72778559,72778559,172005,"CM105773.1",72548405,72606553,"gene:ENSBOLG00010017091","DHX35","DEAH-box helicase 35 [Ensembl NN prediction with score 100%]","+",72548405,72606553,FALSE,230154,230154,172006,"downstream","intergenic",FALSE,"intergenic"
"CM105775.1",5809116,-5.691615972,1.26e-08,0.005034788,"CM105775.1",5809116,5809116,0,"CM105775.1",5751827,5865866,"gene:ENSBOLG00010021867",NA,NA,"+",5751827,5865866,TRUE,57289,57289,56750,"overlapping","gene_body",FALSE,"intron"
"CM105780.1",35174361,-5.68682636,1.29e-08,0.005136233,"CM105780.1",35174361,35174361,495706,"CM105780.1",34678004,34678654,"gene:ENSBOLG00010011785","1700009N14Rik","RIKEN cDNA 1700009N14 gene [Ensembl NN prediction with score 96.73%]","-",34678654,34678004,FALSE,495707,495707,496357,"upstream","intergenic",FALSE,"intergenic"
"CM105789.1",25584497,5.683988808,1.32e-08,0.005180453,"CM105789.1",25584497,25584497,0,"CM105789.1",25466290,25594785,"gene:ENSBOLG00010009425","OSBPL8","oxysterol binding protein like 8 [Ensembl NN prediction with score 100%]","+",25466290,25594785,TRUE,118207,118207,10288,"overlapping","gene_body",FALSE,"intron"
"CM105785.1",61046623,-5.68180646,1.33e-08,0.005205364,"CM105785.1",61046623,61046623,3034,"CM105785.1",61049658,61050587,"gene:ENSBOLG00010008362",NA,NA,"-",61050587,61049658,FALSE,3964,3964,3035,"downstream","intergenic",FALSE,"intergenic"
"CM105780.1",25478688,5.674278468,1.39e-08,0.005396674,"CM105780.1",25478688,25478688,117919,"CM105780.1",25596608,25786637,"gene:ENSBOLG00010012609","GRIN3A","glutamate ionotropic receptor NMDA type subunit 3A [Ensembl NN prediction with score 100%]","+",25596608,25786637,FALSE,117920,117920,307949,"upstream","intergenic",FALSE,"intergenic"
"CM105770.1",56189074,5.670298932,1.43e-08,0.00548039,"CM105770.1",56189074,56189074,29763,"CM105770.1",56071916,56159310,"gene:ENSBOLG00010001236","CCDC149","coiled-coil domain containing 149 [Ensembl NN prediction with score 99.99%]","-",56159310,56071916,FALSE,29764,29764,117158,"upstream","intergenic",FALSE,"intergenic"
"CM105782.1",23038934,5.668544146,1.44e-08,0.005493884,"CM105782.1",23038934,23038934,170374,"CM105782.1",23209309,23209464,"gene:ENSBOLG00010018156",NA,NA,"-",23209464,23209309,FALSE,170530,170530,170375,"downstream","intergenic",FALSE,"intergenic"
"CM105771.1",46434976,5.665390564,1.47e-08,0.005552847,"CM105771.1",46434976,46434976,222515,"CM105771.1",46657492,46691136,"gene:ENSBOLG00010004760","HS3ST3B1","heparan sulfate-glucosamine 3-sulfotransferase 3B1 [Ensembl NN prediction with score 100%]","-",46691136,46657492,FALSE,256160,256160,222516,"downstream","intergenic",FALSE,"intergenic"
"CM105775.1",30782256,5.656036893,1.55e-08,0.005819177,"CM105775.1",30782256,30782256,0,"CM105775.1",29712304,31209792,"gene:ENSBOLG00010013184","NRXN3","neurexin 3 [Ensembl NN prediction with score 100%]","-",31209792,29712304,TRUE,427536,427536,1069952,"overlapping","gene_body",FALSE,"intron"
"CM105786.1",31213219,-5.650707185,1.6e-08,0.005957056,"CM105786.1",31213219,31213219,0,"CM105786.1",31205677,31255084,"gene:ENSBOLG00010007664","PDGFRL","platelet derived growth factor receptor like [Ensembl NN prediction with score 100%]","+",31205677,31255084,TRUE,7542,7542,41865,"overlapping","gene_body",FALSE,"intron"
"CM105778.1",67224528,5.648681846,1.62e-08,0.005982333,"CM105778.1",67224528,67224528,30481,"CM105778.1",67052670,67194046,"gene:ENSBOLG00010005604","MEF2C","myocyte enhancer factor 2C [Ensembl NN prediction with score 100%]","-",67194046,67052670,FALSE,30482,30482,171858,"upstream","intergenic",FALSE,"intergenic"
"CM105769.1",87452372,-5.646817949,1.63e-08,0.006002397,"CM105769.1",87452372,87452372,22696,"CM105769.1",87475069,87565401,"gene:ENSBOLG00010016692","CAMSAP2","calmodulin regulated spectrin associated protein family member 2 [Ensembl NN prediction with score 100%]","+",87475069,87565401,FALSE,22697,22697,113029,"upstream","intergenic",FALSE,"intergenic"
"CM105766.1",6210765,5.643890326,1.66e-08,0.006060192,"CM105766.1",6210765,6210765,13279,"CM105766.1",5779088,6197485,"gene:ENSBOLG00010002970","ITPR2","inositol 1,4,5-trisphosphate receptor type 2 [Ensembl NN prediction with score 100%]","+",5779088,6197485,FALSE,431677,431677,13280,"downstream","intergenic",FALSE,"intergenic"
"CM105768.1",96166273,-5.641913585,1.68e-08,0.006072731,"CM105768.1",96166273,96166273,116792,"CM105768.1",96283066,96485848,"gene:ENSBOLG00010000664","DYSF","dysferlin [Ensembl NN prediction with score 100%]","-",96485848,96283066,FALSE,319575,319575,116793,"downstream","intergenic",FALSE,"intergenic"
"CM105769.1",95238415,5.64100339,1.69e-08,0.006072731,"CM105769.1",95238415,95238415,82315,"CM105769.1",95320731,95324643,"gene:ENSBOLG00010014868","CXCR4","C-X-C motif chemokine receptor 4 [Ensembl NN prediction with score 100%]","+",95320731,95324643,FALSE,82316,82316,86228,"upstream","intergenic",FALSE,"intergenic"
"CM105780.1",18463266,-5.635215618,1.75e-08,0.006189893,"CM105780.1",18463266,18463266,0,"CM105780.1",18383467,18533163,"gene:ENSBOLG00010014517","Palm2","paralemmin 2 [Ensembl NN prediction with score 79.89%]","-",18533163,18383467,TRUE,69897,69897,79799,"overlapping","gene_body",FALSE,"intron"
"CM105787.1",39590791,-5.636027981,1.74e-08,0.006189893,"CM105787.1",39590791,39590791,0,"CM105787.1",39196235,39986803,"gene:ENSBOLG00010003778","AGBL1","AGBL carboxypeptidase 1 [Ensembl NN prediction with score 100%]","+",39196235,39986803,TRUE,394556,394556,396012,"overlapping","gene_body",FALSE,"intron"
"CM105775.1",44111055,5.633175221,1.77e-08,0.006210351,"CM105775.1",44111055,44111055,0,"CM105775.1",43894981,44181413,"gene:ENSBOLG00010012239","KCNH5","potassium voltage-gated channel subfamily H member 5 [Ensembl NN prediction with score 99.99%]","+",43894981,44181413,TRUE,216074,216074,70358,"overlapping","gene_body",FALSE,"intron"
"CM105782.1",23037140,5.632184389,1.78e-08,0.006210351,"CM105782.1",23037140,23037140,172168,"CM105782.1",23209309,23209464,"gene:ENSBOLG00010018156",NA,NA,"-",23209464,23209309,FALSE,172324,172324,172169,"downstream","intergenic",FALSE,"intergenic"
"JBCDMM020000059.1",26372,5.628139287,1.82e-08,0.006312954,"JBCDMM020000059.1",26372,26372,NA,NA,NA,NA,NA,NA,NA,"+",NA,NA,NA,NA,NA,NA,"overlapping","intergenic",FALSE,"intergenic"
"CM105766.1",2658863,-5.624949517,1.86e-08,0.006385752,"CM105766.1",2658863,2658863,0,"CM105766.1",2563304,2707202,"gene:ENSBOLG00010003118","BICD1","BICD cargo adaptor 1 [Ensembl NN prediction with score 100%]","-",2707202,2563304,TRUE,48339,48339,95559,"overlapping","gene_body",FALSE,"intron"
"CM105768.1",84539951,-5.622617798,1.88e-08,0.006427628,"CM105768.1",84539951,84539951,101492,"CM105768.1",84437541,84438458,"gene:ENSBOLG00010021998","4931417E11Rik","RIKEN cDNA 4931417E11 gene [Ensembl NN prediction with score 100%]","-",84438458,84437541,FALSE,101493,101493,102410,"upstream","intergenic",FALSE,"intergenic"
"CM105767.1",14207253,5.619510837,1.91e-08,0.006499153,"CM105767.1",14207253,14207253,0,"CM105767.1",14179828,14268150,"gene:ENSBOLG00010022461","MAP4","microtubule associated protein 4 [Ensembl NN prediction with score 99.75%]","-",14268150,14179828,TRUE,60897,60897,27425,"overlapping","gene_body",FALSE,"intron"
"CM105788.1",35842575,-5.618095051,1.93e-08,0.006507739,"CM105788.1",35842575,35842575,14529,"CM105788.1",35857105,35970390,"gene:ENSBOLG00010016767","CREB3L2","cAMP responsive element binding protein 3 like 2 [Ensembl NN prediction with score 100%]","-",35970390,35857105,FALSE,127815,127815,14530,"downstream","intergenic",FALSE,"intergenic"
"CM105766.1",39302913,-5.613704299,1.98e-08,0.006540732,"CM105766.1",39302913,39302913,21797,"CM105766.1",39324711,39346596,"gene:ENSBOLG00010019210","Ssu2","ssu-2 homolog (C. elegans) [Ensembl NN prediction with score 92.24%]","+",39324711,39346596,FALSE,21798,21798,43683,"upstream","intergenic",FALSE,"intergenic"
"CM105776.1",16366434,-5.615449744,1.96e-08,0.006540732,"CM105776.1",16366434,16366434,131990,"CM105776.1",16220468,16234443,"gene:ENSBOLG00010013958","Fbxw17","F-box and WD-40 domain protein 17 [Ensembl NN prediction with score 99.99%]","-",16234443,16220468,FALSE,131991,131991,145966,"upstream","intergenic",FALSE,"intergenic"
"CM105776.1",16406447,-5.614760102,1.97e-08,0.006540732,"CM105776.1",16406447,16406447,152169,"CM105776.1",16558617,16579930,"gene:ENSBOLG00010013871","TPMT","thiopurine S-methyltransferase [Ensembl NN prediction with score 99.97%]","+",16558617,16579930,FALSE,152170,152170,173483,"upstream","intergenic",FALSE,"intergenic"
"CM105774.1",16475358,-5.602653023,2.11e-08,0.006925423,"CM105774.1",16475358,16475358,500743,"CM105774.1",16976102,16981999,"gene:ENSBOLG00010004005","SPRY2","sprouty RTK signaling antagonist 2 [Ensembl NN prediction with score 99.98%]","+",16976102,16981999,FALSE,500744,500744,506641,"upstream","intergenic",FALSE,"intergenic"
"CM105774.1",51403556,5.597542986,2.17e-08,0.007038763,"CM105774.1",51403556,51403556,0,"CM105774.1",51400015,51435588,"gene:ENSBOLG00010007869","ADAM7","ADAM metallopeptidase domain 7 [Ensembl NN prediction with score 100%]","+",51400015,51435588,TRUE,3541,3541,32032,"overlapping","gene_body",FALSE,"intron"
"CM105775.1",45214842,5.598238765,2.17e-08,0.007038763,"CM105775.1",45214842,45214842,61859,"CM105775.1",45112489,45152982,"gene:ENSBOLG00010012250","HIF1A","hypoxia inducible factor 1 subunit alpha [Ensembl NN prediction with score 100%]","-",45152982,45112489,FALSE,61860,61860,102353,"upstream","intergenic",FALSE,"intergenic"
"CM105776.1",16401037,-5.594607633,2.21e-08,0.007112096,"CM105776.1",16401037,16401037,157579,"CM105776.1",16558617,16579930,"gene:ENSBOLG00010013871","TPMT","thiopurine S-methyltransferase [Ensembl NN prediction with score 99.97%]","+",16558617,16579930,FALSE,157580,157580,178893,"upstream","intergenic",FALSE,"intergenic"
"CM105786.1",7238617,5.5895224,2.28e-08,0.007275976,"CM105786.1",7238617,7238617,85414,"CM105786.1",7142208,7153202,"gene:ENSBOLG00010012253","ABITRAM","actin binding transcription modulator [Ensembl NN prediction with score 97.43%]","+",7142208,7153202,FALSE,96409,96409,85415,"downstream","intergenic",FALSE,"intergenic"
"CM105784.1",27758129,-5.585064324,2.34e-08,0.007416947,"CM105784.1",27758129,27758129,38219,"CM105784.1",27796349,27819619,"gene:ENSBOLG00010013920","IGSF10","immunoglobulin superfamily member 10 [Ensembl NN prediction with score 100%]","+",27796349,27819619,FALSE,38220,38220,61490,"upstream","intergenic",FALSE,"intergenic"
"CM105771.1",79289195,-5.581976986,2.38e-08,0.007501455,"CM105771.1",79289195,79289195,5014,"CM105771.1",79294210,79297608,"gene:ENSBOLG00010001532","DLX3","distal-less homeobox 3 [Ensembl NN prediction with score 100%]","+",79294210,79297608,FALSE,5015,5015,8413,"upstream","intergenic",FALSE,"intergenic"
"CM105772.1",33837385,-5.577326797,2.44e-08,0.007594476,"CM105772.1",33837385,33837385,0,"CM105772.1",33468194,33882402,"gene:ENSBOLG00010006001","GLIS3","GLIS family zinc finger 3 [Ensembl NN prediction with score 99.99%]","+",33468194,33882402,TRUE,369191,369191,45017,"overlapping","gene_body",FALSE,"intron"
"CM105774.1",40934756,5.57469095,2.48e-08,0.007594476,"CM105774.1",40934756,40934756,20022,"CM105774.1",40902066,40914733,"gene:ENSBOLG00010011679","RGCC","regulator of cell cycle [Ensembl NN prediction with score 99.29%]","+",40902066,40914733,FALSE,32690,32690,20023,"downstream","intergenic",FALSE,"intergenic"
"CM105775.1",43875661,-5.574443404,2.48e-08,0.007594476,"CM105775.1",43875661,43875661,19319,"CM105775.1",43894981,44181413,"gene:ENSBOLG00010012239","KCNH5","potassium voltage-gated channel subfamily H member 5 [Ensembl NN prediction with score 99.99%]","+",43894981,44181413,FALSE,19320,19320,305752,"upstream","intergenic",FALSE,"intergenic"
"CM105775.1",44774321,-5.574343545,2.48e-08,0.007594476,"CM105775.1",44774321,44774321,34013,"CM105775.1",44808335,45056049,"gene:ENSBOLG00010012342","SYT16","synaptotagmin 16 [Ensembl NN prediction with score 100%]","-",45056049,44808335,FALSE,281728,281728,34014,"downstream","intergenic",FALSE,"intergenic"
"CM105788.1",20781031,-5.576609007,2.45e-08,0.007594476,"CM105788.1",20781031,20781031,77806,"CM105788.1",20662275,20703224,"gene:ENSBOLG00010016284","FAM3C","FAM3 metabolism regulating signaling molecule C [Ensembl NN prediction with score 100%]","-",20703224,20662275,FALSE,77807,77807,118756,"upstream","intergenic",FALSE,"intergenic"
"CM105777.1",15830655,-5.572572364,2.51e-08,0.00762476,"CM105777.1",15830655,15830655,226187,"CM105777.1",16056843,17130023,"gene:ENSBOLG00010014476","DCC","DCC netrin 1 receptor [Ensembl NN prediction with score 100%]","+",16056843,17130023,FALSE,226188,226188,1299368,"upstream","intergenic",FALSE,"intergenic"
"CM105765.1",84259697,-5.567485639,2.58e-08,0.007701532,"CM105765.1",84259697,84259697,0,"CM105765.1",84186439,84421040,"gene:ENSBOLG00010015953","PDSS2","decaprenyl diphosphate synthase subunit 2 [Ensembl NN prediction with score 99.98%]","-",84421040,84186439,TRUE,161343,161343,73258,"overlapping","gene_body",FALSE,"intron"
"CM105783.1",361148,5.566576645,2.6e-08,0.007701532,"CM105783.1",361148,361148,446571,"CM105783.1",807720,850814,"gene:ENSBOLG00010007003","depdc1a","DEP domain containing 1a [Ensembl NN prediction with score 99.53%]","+",807720,850814,FALSE,446572,446572,489666,"upstream","intergenic",FALSE,"intergenic"
"CM105783.1",18340992,5.569665194,2.55e-08,0.007701532,"CM105783.1",18340992,18340992,16087,"CM105783.1",18357080,18363216,"gene:ENSBOLG00010013396","CCN3","cellular communication network factor 3 [Ensembl NN prediction with score 99.96%]","+",18357080,18363216,FALSE,16088,16088,22224,"upstream","intergenic",FALSE,"intergenic"
"CM105785.1",9609998,-5.567380757,2.59e-08,0.007701532,"CM105785.1",9609998,9609998,2614,"CM105785.1",9612613,9694199,"gene:ENSBOLG00010006665","NUP214","nucleoporin 214 [Ensembl NN prediction with score 100%]","-",9694199,9612613,FALSE,84201,84201,2615,"downstream","intergenic",FALSE,"intergenic"
"CM105766.1",93432931,5.565490751,2.61e-08,0.007703244,"CM105766.1",93432931,93432931,0,"CM105766.1",93221301,93524815,"gene:ENSBOLG00010012534","PATJ","PATJ crumbs cell polarity complex component [Ensembl NN prediction with score 100%]","-",93524815,93221301,TRUE,91884,91884,211630,"overlapping","gene_body",FALSE,"intron"
"CM105775.1",42263067,-5.563826735,2.64e-08,0.007730807,"CM105775.1",42263067,42263067,0,"CM105775.1",42217876,42296524,"gene:ENSBOLG00010012413","fntb","farnesyltransferase, CAAX box, beta [Ensembl NN prediction with score 100%]","-",42296524,42217876,TRUE,33457,33457,45191,"overlapping","gene_body",FALSE,"intron"
"CM105770.1",56189072,5.560473992,2.69e-08,0.007789481,"CM105770.1",56189072,56189072,29761,"CM105770.1",56071916,56159310,"gene:ENSBOLG00010001236","CCDC149","coiled-coil domain containing 149 [Ensembl NN prediction with score 99.99%]","-",56159310,56071916,FALSE,29762,29762,117156,"upstream","intergenic",FALSE,"intergenic"
"CM105773.1",48456300,-5.560442928,2.69e-08,0.007789481,"CM105773.1",48456300,48456300,148528,"CM105773.1",48604829,48650682,"gene:ENSBOLG00010017097","HAO1","hydroxyacid oxidase 1 [Ensembl NN prediction with score 100%]","-",48650682,48604829,FALSE,194382,194382,148529,"downstream","intergenic",FALSE,"intergenic"
"CM105765.1",84262238,-5.557141773,2.74e-08,0.007881168,"CM105765.1",84262238,84262238,0,"CM105765.1",84186439,84421040,"gene:ENSBOLG00010015953","PDSS2","decaprenyl diphosphate synthase subunit 2 [Ensembl NN prediction with score 99.98%]","-",84421040,84186439,TRUE,158802,158802,75799,"overlapping","gene_body",FALSE,"intron"
"CM105779.1",5474322,-5.556358239,2.75e-08,0.007881168,"CM105779.1",5474322,5474322,0,"CM105779.1",5470762,5532816,"gene:ENSBOLG00010020916","FKBP5","FKBP prolyl isomerase 5 [Ensembl NN prediction with score 100%]","-",5532816,5470762,TRUE,58494,58494,3560,"overlapping","gene_body",FALSE,"intron"
"CM105779.1",55078270,-5.554052252,2.79e-08,0.007939743,"CM105779.1",55078270,55078270,50498,"CM105779.1",55128769,55148823,"gene:ENSBOLG00010009639","MCM3","minichromosome maintenance complex component 3 [Ensembl NN prediction with score 100%]","+",55128769,55148823,FALSE,50499,50499,70553,"upstream","intergenic",FALSE,"intergenic"
"CM105771.1",93492445,5.548404964,2.88e-08,0.008068248,"CM105771.1",93492445,93492445,22621,"CM105771.1",93443143,93469823,"gene:ENSBOLG00010001458","AXIN2","axin 2 [Ensembl NN prediction with score 100%]","+",93443143,93469823,FALSE,49302,49302,22622,"downstream","intergenic",FALSE,"intergenic"
"CM105774.1",36604881,-5.547563255,2.9e-08,0.008068248,"CM105774.1",36604881,36604881,277582,"CM105774.1",36240401,36327298,"gene:ENSBOLG00010011652","PCDH17","protocadherin 17 [Ensembl NN prediction with score 100%]","-",36327298,36240401,FALSE,277583,277583,364480,"upstream","intergenic",FALSE,"intergenic"
"CM105786.1",20365363,5.549324791,2.87e-08,0.008068248,"CM105786.1",20365363,20365363,0,"CM105786.1",20267983,20788094,"gene:ENSBOLG00010010559","UNC5D","unc-5 netrin receptor D [Ensembl NN prediction with score 100%]","-",20788094,20267983,TRUE,422731,422731,97380,"overlapping","gene_body",FALSE,"intron"
"CM105786.1",29444568,5.54724996,2.9e-08,0.008068248,"CM105786.1",29444568,29444568,0,"CM105786.1",29434647,29579860,"gene:ENSBOLG00010007406","TUSC3","tumor suppressor candidate 3 [Ensembl NN prediction with score 99.98%]","+",29434647,29579860,TRUE,9921,9921,135292,"overlapping","gene_body",FALSE,"intron"
"CM105777.1",67201202,5.544552331,2.95e-08,0.008147591,"CM105777.1",67201202,67201202,336031,"CM105777.1",66828664,66865170,"gene:ENSBOLG00010008167","DSC3","desmocollin 3 [Ensembl NN prediction with score 100%]","+",66828664,66865170,FALSE,372538,372538,336032,"downstream","intergenic",FALSE,"intergenic"
"CM105765.1",46899440,-5.540910713,3.01e-08,0.008202982,"CM105765.1",46899440,46899440,376914,"CM105765.1",47276355,47306938,"gene:ENSBOLG00010008131","Zfp507","zinc finger protein 507 [Ensembl NN prediction with score 100%]","+",47276355,47306938,FALSE,376915,376915,407498,"upstream","intergenic",FALSE,"intergenic"
"CM105766.1",110495281,5.539751562,3.03e-08,0.008202982,"CM105766.1",110495281,110495281,164610,"CM105766.1",110312025,110330670,"gene:ENSBOLG00010008423","TYRP1","tyrosinase related protein 1 [Ensembl NN prediction with score 100%]","-",110330670,110312025,FALSE,164611,164611,183256,"upstream","intergenic",FALSE,"intergenic"
"CM105769.1",24814882,-5.539475792,3.03e-08,0.008202982,"CM105769.1",24814882,24814882,45935,"CM105769.1",24860818,24910017,"gene:ENSBOLG00010021276","DDR2","discoidin domain receptor tyrosine kinase 2 [Ensembl NN prediction with score 100%]","+",24860818,24910017,FALSE,45936,45936,95135,"upstream","intergenic",FALSE,"intergenic"
"CM105778.1",67682360,5.539973442,3.03e-08,0.008202982,"CM105778.1",67682360,67682360,488313,"CM105778.1",67052670,67194046,"gene:ENSBOLG00010005604","MEF2C","myocyte enhancer factor 2C [Ensembl NN prediction with score 100%]","-",67194046,67052670,FALSE,488314,488314,629690,"upstream","intergenic",FALSE,"intergenic"
"CM105771.1",24448122,-5.53710171,3.08e-08,0.008269475,"CM105771.1",24448122,24448122,39541,"CM105771.1",24487664,24487972,"gene:ENSBOLG00010013133","Gm10767","predicted gene 10767 [Ensembl NN prediction with score 96.51%]","+",24487664,24487972,FALSE,39542,39542,39850,"upstream","intergenic",FALSE,"intergenic"
"CM105766.1",109306707,-5.53366387,3.14e-08,0.00833283,"CM105766.1",109306707,109306707,423364,"CM105766.1",109730072,109857048,"gene:ENSBOLG00010008431","MPDZ","multiple PDZ domain crumbs cell polarity complex component [Ensembl NN prediction with score 100%]","+",109730072,109857048,FALSE,423365,423365,550341,"upstream","intergenic",FALSE,"intergenic"
"CM105769.1",99175582,5.532914029,3.15e-08,0.00833283,"CM105769.1",99175582,99175582,164916,"CM105769.1",99340499,100821290,"gene:ENSBOLG00010015402","DPP10","dipeptidyl peptidase like 10 [Ensembl NN prediction with score 100%]","+",99340499,100821290,FALSE,164917,164917,1645708,"upstream","intergenic",FALSE,"intergenic"
"CM105787.1",54080499,5.533741032,3.13e-08,0.00833283,"CM105787.1",54080499,54080499,697047,"CM105787.1",53382300,53383451,"gene:ENSBOLG00010009833","PRSS23","serine protease 23 [Ensembl NN prediction with score 99.99%]","+",53382300,53383451,FALSE,698199,698199,697048,"downstream","intergenic",FALSE,"intergenic"
"CM105769.1",81585890,-5.526777351,3.26e-08,0.008583338,"CM105769.1",81585890,81585890,80996,"CM105769.1",81666887,81667508,"gene:ENSBOLG00010018660","rpl17","ribosomal protein L17 [Ensembl NN prediction with score 99.99%]","-",81667508,81666887,FALSE,81618,81618,80997,"downstream","intergenic",FALSE,"intergenic"
"CM105785.1",14145319,5.52341459,3.32e-08,0.008702786,"CM105785.1",14145319,14145319,39008,"CM105785.1",14021472,14106310,"gene:ENSBOLG00010011335","RXRA","retinoid X receptor alpha [Ensembl NN prediction with score 99.8%]","-",14106310,14021472,FALSE,39009,39009,123847,"upstream","intergenic",FALSE,"intergenic"
"CM105766.1",86851758,-5.520265882,3.38e-08,0.00872102,"CM105766.1",86851758,86851758,36442,"CM105766.1",86888201,86964241,"gene:ENSBOLG00010019104","plpp3","phospholipid phosphatase 3 [Ensembl NN prediction with score 100%]","-",86964241,86888201,FALSE,112483,112483,36443,"downstream","intergenic",FALSE,"intergenic"
"CM105776.1",14608829,-5.52037242,3.38e-08,0.00872102,"CM105776.1",14608829,14608829,3685,"CM105776.1",14612515,14615431,"gene:ENSBOLG00010013772","ID4","inhibitor of DNA binding 4, HLH protein [Ensembl NN prediction with score 100%]","+",14612515,14615431,FALSE,3686,3686,6602,"upstream","intergenic",FALSE,"intergenic"
"CM105785.1",50023499,-5.520543136,3.38e-08,0.00872102,"CM105785.1",50023499,50023499,98029,"CM105785.1",50121529,50165579,"gene:ENSBOLG00010010949","SP3","Sp3 transcription factor [Ensembl NN prediction with score 100%]","-",50165579,50121529,FALSE,142080,142080,98030,"downstream","intergenic",FALSE,"intergenic"
"CM105769.1",47818221,-5.517411559,3.44e-08,0.008771955,"CM105769.1",47818221,47818221,66878,"CM105769.1",47750563,47751342,"gene:ENSBOLG00010000381","LRRC3B","leucine rich repeat containing 3B [Ensembl NN prediction with score 100%]","+",47750563,47751342,FALSE,67658,67658,66879,"downstream","intergenic",FALSE,"intergenic"
"CM105778.1",6561123,5.518064639,3.43e-08,0.008771955,"CM105778.1",6561123,6561123,0,"CM105778.1",6486812,6758870,"gene:ENSBOLG00010006896","SEMA5A","semaphorin 5A [Ensembl NN prediction with score 100%]","-",6758870,6486812,TRUE,197747,197747,74311,"overlapping","gene_body",TRUE,"exon"
"CM105769.1",47823003,-5.512853969,3.53e-08,0.008774922,"CM105769.1",47823003,47823003,71660,"CM105769.1",47750563,47751342,"gene:ENSBOLG00010000381","LRRC3B","leucine rich repeat containing 3B [Ensembl NN prediction with score 100%]","+",47750563,47751342,FALSE,72440,72440,71661,"downstream","intergenic",FALSE,"intergenic"
"CM105769.1",78041205,5.513283756,3.52e-08,0.008774922,"CM105769.1",78041205,78041205,678227,"CM105769.1",76998262,77362977,"gene:ENSBOLG00010007351","BRINP3","BMP/retinoic acid inducible neural specific 3 [Ensembl NN prediction with score 100%]","-",77362977,76998262,FALSE,678228,678228,1042943,"upstream","intergenic",FALSE,"intergenic"
"CM105773.1",69409373,-5.515319096,3.48e-08,0.008774922,"CM105773.1",69409373,69409373,0,"CM105773.1",69354193,69422389,"gene:ENSBOLG00010019235","TRPC4AP","transient receptor potential cation channel subfamily C member 4 associated protein [Ensembl NN prediction with score 100%]","-",69422389,69354193,TRUE,13016,13016,55180,"overlapping","gene_body",FALSE,"intron"
"CM105775.1",32074376,-5.515101942,3.49e-08,0.008774922,"CM105775.1",32074376,32074376,5419,"CM105775.1",32032145,32068956,"gene:ENSBOLG00010015827","TMEM63C","transmembrane protein 63C [Ensembl NN prediction with score 100%]","-",32068956,32032145,FALSE,5420,5420,42231,"upstream","intergenic",FALSE,"intergenic"
"CM105783.1",12552555,5.514125762,3.51e-08,0.008774922,"CM105783.1",12552555,12552555,0,"CM105783.1",12312135,13381689,"gene:ENSBOLG00010013435","CSMD3","CUB and Sushi multiple domains 3 [Ensembl NN prediction with score 100%]","-",13381689,12312135,TRUE,829134,829134,240420,"overlapping","gene_body",FALSE,"intron"
"CM105766.1",59070470,5.505696389,3.68e-08,0.008945956,"CM105766.1",59070470,59070470,0,"CM105766.1",58849060,59181050,"gene:ENSBOLG00010000911","PRICKLE2","prickle planar cell polarity protein 2 [Ensembl NN prediction with score 100%]","+",58849060,59181050,TRUE,221410,221410,110580,"overlapping","gene_body",FALSE,"intron"
"CM105770.1",79063829,5.507904337,3.63e-08,0.008945956,"CM105770.1",79063829,79063829,13628,"CM105770.1",78992952,79050200,"gene:ENSBOLG00010001681","CEP135","centrosomal protein 135 [Ensembl NN prediction with score 99.99%]","+",78992952,79050200,FALSE,70877,70877,13629,"downstream","intergenic",FALSE,"intergenic"
"CM105774.1",29030100,-5.505064468,3.69e-08,0.008945956,"CM105774.1",29030100,29030100,61833,"CM105774.1",28106814,28968266,"gene:ENSBOLG00010003620","PCDH9","protocadherin 9 [Ensembl NN prediction with score 100%]","+",28106814,28968266,FALSE,923286,923286,61834,"downstream","intergenic",FALSE,"intergenic"
"CM105775.1",1557699,-5.504199183,3.71e-08,0.008945956,"CM105775.1",1557699,1557699,0,"CM105775.1",1375558,2106593,"gene:ENSBOLG00010021380","ptprn2","protein tyrosine phosphatase receptor type N2 [Ensembl NN prediction with score 100%]","-",2106593,1375558,TRUE,548894,548894,182141,"overlapping","gene_body",FALSE,"intron"
"CM105781.1",47344357,-5.504799726,3.7e-08,0.008945956,"CM105781.1",47344357,47344357,23865,"CM105781.1",47368223,47590930,"gene:ENSBOLG00010015043","BANK1","B cell scaffold protein with ankyrin repeats 1 [Ensembl NN prediction with score 100%]","-",47590930,47368223,FALSE,246573,246573,23866,"downstream","intergenic",FALSE,"intergenic"
"CM105785.1",51227699,5.505307599,3.69e-08,0.008945956,"CM105785.1",51227699,51227699,164048,"CM105785.1",51060406,51063650,"gene:ENSBOLG00010010821","Atp5g3","ATP synthase, H+ transporting, mitochondrial F0 complex, subunit C3 (subunit 9) [Ensembl NN prediction with score 98.86%]","-",51063650,51060406,FALSE,164049,164049,167293,"upstream","intergenic",FALSE,"intergenic"
"CM105769.1",47821689,-5.5021865,3.75e-08,0.009004573,"CM105769.1",47821689,47821689,70346,"CM105769.1",47750563,47751342,"gene:ENSBOLG00010000381","LRRC3B","leucine rich repeat containing 3B [Ensembl NN prediction with score 100%]","+",47750563,47751342,FALSE,71126,71126,70347,"downstream","intergenic",FALSE,"intergenic"
"CM105778.1",26462526,-5.500040301,3.8e-08,0.00907062,"CM105778.1",26462526,26462526,0,"CM105778.1",26349527,26503513,"gene:ENSBOLG00010010482","SPEF2","sperm flagellar 2 [Ensembl NN prediction with score 100%]","+",26349527,26503513,TRUE,112999,112999,40987,"overlapping","gene_body",FALSE,"intron"
"CM105766.1",7356692,-5.495271207,3.9e-08,0.009229597,"CM105766.1",7356692,7356692,58477,"CM105766.1",7224164,7298214,"gene:ENSBOLG00010002764","BCAT1","branched chain amino acid transaminase 1 [Ensembl NN prediction with score 99.9%]","+",7224164,7298214,FALSE,132528,132528,58478,"downstream","intergenic",FALSE,"intergenic"
"CM105784.1",27757522,-5.495862172,3.89e-08,0.009229597,"CM105784.1",27757522,27757522,38826,"CM105784.1",27796349,27819619,"gene:ENSBOLG00010013920","IGSF10","immunoglobulin superfamily member 10 [Ensembl NN prediction with score 100%]","+",27796349,27819619,FALSE,38827,38827,62097,"upstream","intergenic",FALSE,"intergenic"
"CM105774.1",5876622,-5.494110933,3.93e-08,0.009246024,"CM105774.1",5876622,5876622,82764,"CM105774.1",5574863,5793857,"gene:ENSBOLG00010007102","ABCC4","ATP binding cassette subfamily C member 4 [Ensembl NN prediction with score 100%]","+",5574863,5793857,FALSE,301759,301759,82765,"downstream","intergenic",FALSE,"intergenic"
"CM105784.1",29428544,-5.492516693,3.96e-08,0.009285477,"CM105784.1",29428544,29428544,0,"CM105784.1",29372153,29486498,"gene:ENSBOLG00010014233","WWTR1","WW domain containing transcription regulator 1 [Ensembl NN prediction with score 99.93%]","+",29372153,29486498,TRUE,56391,56391,57954,"overlapping","gene_body",FALSE,"intron"
"CM105775.1",1544017,-5.488103646,4.06e-08,0.009475292,"CM105775.1",1544017,1544017,0,"CM105775.1",1375558,2106593,"gene:ENSBOLG00010021380","ptprn2","protein tyrosine phosphatase receptor type N2 [Ensembl NN prediction with score 100%]","-",2106593,1375558,TRUE,562576,562576,168459,"overlapping","gene_body",FALSE,"intron"
"CM105775.1",35972992,5.486804475,4.09e-08,0.009500189,"CM105775.1",35972992,35972992,0,"CM105775.1",35712162,35975635,"gene:ENSBOLG00010016308","DPF3","double PHD fingers 3 [Ensembl NN prediction with score 100%]","+",35712162,35975635,TRUE,260830,260830,2643,"overlapping","gene_body",FALSE,"intron"
"CM105779.1",22650482,-5.483737856,4.16e-08,0.009576097,"CM105779.1",22650482,22650482,0,"CM105779.1",21332882,22698282,"gene:ENSBOLG00010010257","CTNNA3","catenin alpha 3 [Ensembl NN prediction with score 100%]","-",22698282,21332882,TRUE,47800,47800,1317600,"overlapping","gene_body",FALSE,"intron"
"CM105780.1",58953885,5.484276755,4.15e-08,0.009576097,"CM105780.1",58953885,58953885,58711,"CM105780.1",59012597,59028396,"gene:ENSBOLG00010007970","PRDM14","PR/SET domain 14 [Ensembl NN prediction with score 100%]","-",59028396,59012597,FALSE,74511,74511,58712,"downstream","intergenic",FALSE,"intergenic"
"CM105764.1",143056250,-5.47953716,4.26e-08,0.009584485,"CM105764.1",143056250,143056250,275259,"CM105764.1",143331510,143505050,"gene:ENSBOLG00010019805","CCDC60","coiled-coil domain containing 60 [Ensembl NN prediction with score 100%]","+",143331510,143505050,FALSE,275260,275260,448800,"upstream","intergenic",FALSE,"intergenic"
"CM105768.1",9832144,5.478122691,4.3e-08,0.009584485,"CM105768.1",9832144,9832144,145763,"CM105768.1",9684874,9686380,"gene:ENSBOLG00010002294",NA,NA,"-",9686380,9684874,FALSE,145764,145764,147270,"upstream","intergenic",FALSE,"intergenic"
"CM105769.1",79149922,-5.47834791,4.29e-08,0.009584485,"CM105769.1",79149922,79149922,55581,"CM105769.1",79067257,79094340,"gene:ENSBOLG00010007522","RGS18","regulator of G protein signaling 18 [Ensembl NN prediction with score 100%]","+",79067257,79094340,FALSE,82665,82665,55582,"downstream","intergenic",FALSE,"intergenic"
"CM105769.1",97806263,5.475437956,4.36e-08,0.009584485,"CM105769.1",97806263,97806263,0,"CM105769.1",97471229,98258274,"gene:ENSBOLG00010015159",NA,NA,"+",97471229,98258274,TRUE,335034,335034,452011,"overlapping","gene_body",FALSE,"intron"
"CM105770.1",38134982,5.476505877,4.34e-08,0.009584485,"CM105770.1",38134982,38134982,0,"CM105770.1",38123589,38136542,"gene:ENSBOLG00010015848","FGFR3","fibroblast growth factor receptor 3 [Ensembl NN prediction with score 100%]","+",38123589,38136542,TRUE,11393,11393,1560,"overlapping","gene_body",TRUE,"exon"
"CM105773.1",78718437,5.47471327,4.38e-08,0.009584485,"CM105773.1",78718437,78718437,14074,"CM105773.1",78732512,78739857,"gene:ENSBOLG00010016147","MMP9","matrix metallopeptidase 9 [Ensembl NN prediction with score 100%]","+",78732512,78739857,FALSE,14075,14075,21420,"upstream","intergenic",FALSE,"intergenic"
"CM105774.1",16379753,-5.476899088,4.33e-08,0.009584485,"CM105774.1",16379753,16379753,596348,"CM105774.1",16976102,16981999,"gene:ENSBOLG00010004005","SPRY2","sprouty RTK signaling antagonist 2 [Ensembl NN prediction with score 99.98%]","+",16976102,16981999,FALSE,596349,596349,602246,"upstream","intergenic",FALSE,"intergenic"
"CM105775.1",54711163,-5.478579229,4.29e-08,0.009584485,"CM105775.1",54711163,54711163,119832,"CM105775.1",54830996,54832782,"gene:ENSBOLG00010005718","EIF4A1","eukaryotic translation initiation factor 4A1 [Ensembl NN prediction with score 99.88%]","+",54830996,54832782,FALSE,119833,119833,121619,"upstream","intergenic",FALSE,"intergenic"
"CM105777.1",67213353,5.475522082,4.36e-08,0.009584485,"CM105777.1",67213353,67213353,348182,"CM105777.1",66828664,66865170,"gene:ENSBOLG00010008167","DSC3","desmocollin 3 [Ensembl NN prediction with score 100%]","+",66828664,66865170,FALSE,384689,384689,348183,"downstream","intergenic",FALSE,"intergenic"
"CM105780.1",26535865,-5.479211386,4.27e-08,0.009584485,"CM105780.1",26535865,26535865,37858,"CM105780.1",26573724,26580738,"gene:ENSBOLG00010012646","CAVIN4","caveolae associated protein 4 [Ensembl NN prediction with score 98.43%]","-",26580738,26573724,FALSE,44873,44873,37859,"downstream","intergenic",FALSE,"intergenic"
"CM105789.1",2920921,-5.475543338,4.36e-08,0.009584485,"CM105789.1",2920921,2920921,30859,"CM105789.1",2951781,2993742,"gene:ENSBOLG00010006923","appl2","adaptor protein, phosphotyrosine interacting with PH domain and leucine zipper 2 [Ensembl NN prediction with score 100%]","+",2951781,2993742,FALSE,30860,30860,72821,"upstream","intergenic",FALSE,"intergenic"
"CM105764.1",76352848,5.470284003,4.49e-08,0.009783652,"CM105764.1",76352848,76352848,81559,"CM105764.1",76434408,76434872,"gene:ENSBOLG00010001857","CHCHD2","coiled-coil-helix-coiled-coil-helix domain containing 2 [Ensembl NN prediction with score 100%]","+",76434408,76434872,FALSE,81560,81560,82024,"upstream","intergenic",FALSE,"intergenic"
"CM105773.1",63700359,5.463616186,4.67e-08,0.010051267,"CM105773.1",63700359,63700359,38568,"CM105773.1",63738928,63742018,"gene:ENSBOLG00010018919","Cst10","cystatin 10 (chondrocytes) [Ensembl NN prediction with score 99.99%]","+",63738928,63742018,FALSE,38569,38569,41659,"upstream","intergenic",FALSE,"intergenic"
"CM105775.1",1557713,-5.46402841,4.65e-08,0.010051267,"CM105775.1",1557713,1557713,0,"CM105775.1",1375558,2106593,"gene:ENSBOLG00010021380","ptprn2","protein tyrosine phosphatase receptor type N2 [Ensembl NN prediction with score 100%]","-",2106593,1375558,TRUE,548880,548880,182155,"overlapping","gene_body",FALSE,"intron"
"CM105781.1",7668239,5.463159974,4.68e-08,0.010051267,"CM105781.1",7668239,7668239,19527,"CM105781.1",7645756,7648711,"gene:ENSBOLG00010019799","PSMB4","proteasome 20S subunit beta 4 [Ensembl NN prediction with score 100%]","-",7648711,7645756,FALSE,19528,19528,22483,"upstream","intergenic",FALSE,"intergenic"
"CM105775.1",46900464,-5.461484135,4.72e-08,0.010102515,"CM105775.1",46900464,46900464,0,"CM105775.1",46717553,46932839,"gene:ENSBOLG00010011271","RTN1","reticulon 1 [Ensembl NN prediction with score 100%]","+",46717553,46932839,TRUE,182911,182911,32375,"overlapping","gene_body",FALSE,"intron"
"CM105781.1",7540658,-5.451836816,4.99e-08,0.010620154,"CM105781.1",7540658,7540658,15180,"CM105781.1",7521347,7525477,"gene:ENSBOLG00010018947",NA,NA,"-",7525477,7521347,FALSE,15181,15181,19311,"upstream","intergenic",FALSE,"intergenic"
"CM105765.1",121447315,5.448210494,5.09e-08,0.010735916,"CM105765.1",121447315,121447315,0,"CM105765.1",121402787,121538255,"gene:ENSBOLG00010004300","STXBP5","syntaxin binding protein 5 [Ensembl NN prediction with score 100%]","+",121402787,121538255,TRUE,44528,44528,90940,"overlapping","gene_body",FALSE,"intron"
"CM105768.1",38681501,5.446468392,5.14e-08,0.010735916,"CM105768.1",38681501,38681501,0,"CM105768.1",38661509,38716334,"gene:ENSBOLG00010002666","KCNK12","potassium two pore domain channel subfamily K member 12 [Ensembl NN prediction with score 100%]","-",38716334,38661509,TRUE,34833,34833,19992,"overlapping","gene_body",FALSE,"intron"
"CM105769.1",81588031,-5.447549079,5.11e-08,0.010735916,"CM105769.1",81588031,81588031,78855,"CM105769.1",81666887,81667508,"gene:ENSBOLG00010018660","rpl17","ribosomal protein L17 [Ensembl NN prediction with score 99.99%]","-",81667508,81666887,FALSE,79477,79477,78856,"downstream","intergenic",FALSE,"intergenic"
"CM105776.1",16582318,5.445346718,5.17e-08,0.010735916,"CM105776.1",16582318,16582318,2387,"CM105776.1",16558617,16579930,"gene:ENSBOLG00010013871","TPMT","thiopurine S-methyltransferase [Ensembl NN prediction with score 99.97%]","+",16558617,16579930,FALSE,23701,23701,2388,"downstream","intergenic",FALSE,"intergenic"
"CM105784.1",44561111,5.448530469,5.08e-08,0.010735916,"CM105784.1",44561111,44561111,200530,"CM105784.1",44297181,44360580,"gene:ENSBOLG00010007821","INTU","inturned planar cell polarity protein [Ensembl NN prediction with score 100%]","-",44360580,44297181,FALSE,200531,200531,263930,"upstream","intergenic",FALSE,"intergenic"
"CM105786.1",29195913,-5.445430357,5.17e-08,0.010735916,"CM105786.1",29195913,29195913,15969,"CM105786.1",28185761,29179943,"gene:ENSBOLG00010007702","SGCZ","sarcoglycan zeta [Ensembl NN prediction with score 100%]","-",29179943,28185761,FALSE,15970,15970,1010152,"upstream","intergenic",FALSE,"intergenic"
"CM105774.1",79851995,-5.44325393,5.23e-08,0.010817228,"CM105774.1",79851995,79851995,40134,"CM105774.1",79720903,79811860,"gene:ENSBOLG00010013450","VCL","vinculin [Ensembl NN prediction with score 99.96%]","-",79811860,79720903,FALSE,40135,40135,131092,"upstream","intergenic",FALSE,"intergenic"
"CM105770.1",9088401,5.441981365,5.27e-08,0.010849222,"CM105770.1",9088401,9088401,0,"CM105770.1",9086111,9148031,"gene:ENSBOLG00010022338","PTPRS","protein tyrosine phosphatase receptor type S [Ensembl NN prediction with score 100%]","-",9148031,9086111,TRUE,59630,59630,2290,"overlapping","gene_body",TRUE,"exon"
"CM105774.1",45651255,5.439624207,5.34e-08,0.010890286,"CM105774.1",45651255,45651255,97494,"CM105774.1",45495826,45553760,"gene:ENSBOLG00010007819","HTR2A","5-hydroxytryptamine receptor 2A [Ensembl NN prediction with score 100%]","-",45553760,45495826,FALSE,97495,97495,155429,"upstream","intergenic",FALSE,"intergenic"
"CM105780.1",35160027,-5.439086264,5.36e-08,0.010890286,"CM105780.1",35160027,35160027,481372,"CM105780.1",34678004,34678654,"gene:ENSBOLG00010011785","1700009N14Rik","RIKEN cDNA 1700009N14 gene [Ensembl NN prediction with score 96.73%]","-",34678654,34678004,FALSE,481373,481373,482023,"upstream","intergenic",FALSE,"intergenic"
"CM105785.1",51509511,5.43978263,5.33e-08,0.010890286,"CM105785.1",51509511,51509511,124454,"CM105785.1",51633966,51681201,"gene:ENSBOLG00010010299","LNPK","lunapark, ER junction formation factor [Ensembl NN prediction with score 99.84%]","-",51681201,51633966,FALSE,171690,171690,124455,"downstream","intergenic",FALSE,"intergenic"
"CM105784.1",34405775,-5.436658371,5.43e-08,0.010994229,"CM105784.1",34405775,34405775,16358,"CM105784.1",34309930,34389416,"gene:ENSBOLG00010006220","FOXO1","forkhead box O1 [Ensembl NN prediction with score 100%]","-",34389416,34309930,FALSE,16359,16359,95845,"upstream","intergenic",FALSE,"intergenic"
"CM105774.1",36599643,-5.432896518,5.54e-08,0.011182614,"CM105774.1",36599643,36599643,272344,"CM105774.1",36240401,36327298,"gene:ENSBOLG00010011652","PCDH17","protocadherin 17 [Ensembl NN prediction with score 100%]","-",36327298,36240401,FALSE,272345,272345,359242,"upstream","intergenic",FALSE,"intergenic"
"CM105768.1",38053855,5.431080917,5.6e-08,0.011250891,"CM105768.1",38053855,38053855,6506,"CM105768.1",37999908,38047348,"gene:ENSBOLG00010002334","SOCS5","suppressor of cytokine signaling 5 [Ensembl NN prediction with score 100%]","+",37999908,38047348,FALSE,53947,53947,6507,"downstream","intergenic",FALSE,"intergenic"
"CM105775.1",43744596,5.427555427,5.71e-08,0.011428684,"CM105775.1",43744596,43744596,0,"CM105775.1",43706625,43786753,"gene:ENSBOLG00010012227","RHOJ","ras homolog family member J [Ensembl NN prediction with score 100%]","-",43786753,43706625,TRUE,42157,42157,37971,"overlapping","gene_body",FALSE,"intron"
"CM105789.1",31144216,5.424768512,5.8e-08,0.011561438,"CM105789.1",31144216,31144216,11504,"CM105789.1",31155721,31197852,"gene:ENSBOLG00010006864","BEST3","bestrophin 3 [Ensembl NN prediction with score 100%]","+",31155721,31197852,FALSE,11505,11505,53636,"upstream","intergenic",FALSE,"intergenic"
"CM105777.1",14699010,5.419241872,5.99e-08,0.011876478,"CM105777.1",14699010,14699010,22874,"CM105777.1",14721885,14770421,"gene:ENSBOLG00010014553","ME2","malic enzyme 2 [Ensembl NN prediction with score 100%]","+",14721885,14770421,FALSE,22875,22875,71411,"upstream","intergenic",FALSE,"intergenic"
"CM105773.1",56532194,-5.417205689,6.05e-08,0.011916379,"CM105773.1",56532194,56532194,0,"CM105773.1",56412243,56673334,"gene:ENSBOLG00010008277","KIF16B","kinesin family member 16B [Ensembl NN prediction with score 100%]","-",56673334,56412243,TRUE,141140,141140,119951,"overlapping","gene_body",FALSE,"intron"
"CM105789.1",22396192,-5.417607802,6.04e-08,0.011916379,"CM105789.1",22396192,22396192,10307,"CM105789.1",22251902,22385884,"gene:ENSBOLG00010009383","OTOGL","otogelin like [Ensembl NN prediction with score 100%]","-",22385884,22251902,FALSE,10308,10308,144290,"upstream","intergenic",FALSE,"intergenic"
"CM105770.1",100602016,5.414208898,6.16e-08,0.011977514,"CM105770.1",100602016,100602016,67824,"CM105770.1",100457424,100534191,"gene:ENSBOLG00010002034","TMEM150C","transmembrane protein 150C [Ensembl NN prediction with score 100%]","-",100534191,100457424,FALSE,67825,67825,144592,"upstream","intergenic",FALSE,"intergenic"
"CM105771.1",16672644,5.41537154,6.12e-08,0.011977514,"CM105771.1",16672644,16672644,0,"CM105771.1",16411391,16784833,"gene:ENSBOLG00010018036","KCNIP1","potassium voltage-gated channel interacting protein 1 [Ensembl NN prediction with score 100%]","-",16784833,16411391,TRUE,112189,112189,261253,"overlapping","gene_body",FALSE,"intron"
"CM105773.1",80037684,5.41391201,6.17e-08,0.011977514,"CM105773.1",80037684,80037684,120262,"CM105773.1",79832711,79917421,"gene:ENSBOLG00010016926","SULF2","sulfatase 2 [Ensembl NN prediction with score 100%]","-",79917421,79832711,FALSE,120263,120263,204973,"upstream","intergenic",FALSE,"intergenic"
"CM105773.1",90388245,5.413450091,6.18e-08,0.011977514,"CM105773.1",90388245,90388245,0,"CM105773.1",90368742,90841684,"gene:ENSBOLG00010010868","CDH4","cadherin 4 [Ensembl NN prediction with score 99.97%]","+",90368742,90841684,TRUE,19503,19503,453439,"overlapping","gene_body",FALSE,"intron"
"CM105775.1",36280056,-5.406470478,6.43e-08,0.012404698,"CM105775.1",36280056,36280056,0,"CM105775.1",36030327,36541947,"gene:ENSBOLG00010015924","RGS6","regulator of G protein signaling 6 [Ensembl NN prediction with score 100%]","-",36541947,36030327,TRUE,261891,261891,249729,"overlapping","gene_body",FALSE,"intron"
"CM105765.1",16321060,-5.403619315,6.53e-08,0.012554365,"CM105765.1",16321060,16321060,0,"CM105765.1",16317901,16377327,"gene:ENSBOLG00010001135","SERPINE2","serpin family E member 2 [Ensembl NN prediction with score 100%]","-",16377327,16317901,TRUE,56267,56267,3159,"overlapping","gene_body",FALSE,"intron"
"CM105773.1",85515402,-5.399467462,6.68e-08,0.012758486,"CM105773.1",85515402,85515402,399939,"CM105773.1",85915342,85920231,"gene:ENSBOLG00010010797","CBLN4","cerebellin 4 precursor [Ensembl NN prediction with score 100%]","-",85920231,85915342,FALSE,404829,404829,399940,"downstream","intergenic",FALSE,"intergenic"
"CM105775.1",25175906,5.399330991,6.69e-08,0.012758486,"CM105775.1",25175906,25175906,254506,"CM105775.1",24921160,24921399,"gene:ENSBOLG00010013218","RPS21","ribosomal protein S21 [Ensembl NN prediction with score 100%]","-",24921399,24921160,FALSE,254507,254507,254746,"upstream","intergenic",FALSE,"intergenic"
"CM105766.1",95877095,5.397851305,6.74e-08,0.012798184,"CM105766.1",95877095,95877095,0,"CM105766.1",95876070,96235661,"gene:ENSBOLG00010012370","FGGY","FGGY carbohydrate kinase domain containing [Ensembl NN prediction with score 100%]","-",96235661,95876070,TRUE,358566,358566,1025,"overlapping","gene_body",FALSE,"intron"
"CM105772.1",19934921,5.397387798,6.76e-08,0.012798184,"CM105772.1",19934921,19934921,17930,"CM105772.1",19906007,19916990,"gene:ENSBOLG00010018945","GOLGA7B","golgin A7 family member B [Ensembl NN prediction with score 100%]","-",19916990,19906007,FALSE,17931,17931,28914,"upstream","intergenic",FALSE,"intergenic"
"CM105788.1",27180094,-5.395496948,6.83e-08,0.012834976,"CM105788.1",27180094,27180094,0,"CM105788.1",26966907,27361093,"gene:ENSBOLG00010015002","SND1","staphylococcal nuclease and tudor domain containing 1 [Ensembl NN prediction with score 100%]","+",26966907,27361093,TRUE,213187,213187,180999,"overlapping","gene_body",FALSE,"intron"
"CM105790.1",33994998,-5.395763094,6.82e-08,0.012834976,"CM105790.1",33994998,33994998,0,"CM105790.1",33922578,34087731,"gene:ENSBOLG00010010009","MYO1B","myosin IB [Ensembl NN prediction with score 100%]","+",33922578,34087731,TRUE,72420,72420,92733,"overlapping","gene_body",FALSE,"intron"
"CM105766.1",39301987,-5.393547304,6.91e-08,0.012925755,"CM105766.1",39301987,39301987,22723,"CM105766.1",39324711,39346596,"gene:ENSBOLG00010019210","Ssu2","ssu-2 homolog (C. elegans) [Ensembl NN prediction with score 92.24%]","+",39324711,39346596,FALSE,22724,22724,44609,"upstream","intergenic",FALSE,"intergenic"
"CM105769.1",79133529,5.392345733,6.95e-08,0.012946063,"CM105769.1",79133529,79133529,39188,"CM105769.1",79067257,79094340,"gene:ENSBOLG00010007522","RGS18","regulator of G protein signaling 18 [Ensembl NN prediction with score 100%]","+",79067257,79094340,FALSE,66272,66272,39189,"downstream","intergenic",FALSE,"intergenic"
"CM105777.1",15846104,-5.391904518,6.97e-08,0.012946063,"CM105777.1",15846104,15846104,210738,"CM105777.1",16056843,17130023,"gene:ENSBOLG00010014476","DCC","DCC netrin 1 receptor [Ensembl NN prediction with score 100%]","+",16056843,17130023,FALSE,210739,210739,1283919,"upstream","intergenic",FALSE,"intergenic"
"CM105778.1",47424601,-5.386471506,7.19e-08,0.013159363,"CM105778.1",47424601,47424601,30881,"CM105778.1",47393447,47393719,"gene:ENSBOLG00010016747","HMGN2","high mobility group nucleosomal binding domain 2 [Ensembl NN prediction with score 89.44%]","+",47393447,47393719,FALSE,31154,31154,30882,"downstream","intergenic",FALSE,"intergenic"
"CM105784.1",33568024,-5.386274503,7.19e-08,0.013159363,"CM105784.1",33568024,33568024,0,"CM105784.1",33377747,33576424,"gene:ENSBOLG00010006218","LHFPL6","LHFPL tetraspan subfamily member 6 [Ensembl NN prediction with score 99.12%]","-",33576424,33377747,TRUE,8400,8400,190277,"overlapping","gene_body",FALSE,"intron"
"CM105785.1",51209559,5.387822513,7.13e-08,0.013159363,"CM105785.1",51209559,51209559,145908,"CM105785.1",51060406,51063650,"gene:ENSBOLG00010010821","Atp5g3","ATP synthase, H+ transporting, mitochondrial F0 complex, subunit C3 (subunit 9) [Ensembl NN prediction with score 98.86%]","-",51063650,51060406,FALSE,145909,145909,149153,"upstream","intergenic",FALSE,"intergenic"
"CM105788.1",20761562,-5.387468009,7.15e-08,0.013159363,"CM105788.1",20761562,20761562,58337,"CM105788.1",20662275,20703224,"gene:ENSBOLG00010016284","FAM3C","FAM3 metabolism regulating signaling molecule C [Ensembl NN prediction with score 100%]","-",20703224,20662275,FALSE,58338,58338,99287,"upstream","intergenic",FALSE,"intergenic"
"CM105776.1",38085394,5.383678059,7.3e-08,0.013301253,"CM105776.1",38085394,38085394,0,"CM105776.1",37864567,38139948,"gene:ENSBOLG00010012692",NA,NA,"+",37864567,38139948,TRUE,220827,220827,54554,"overlapping","gene_body",FALSE,"intron"
"CM105785.1",10865307,-5.377572072,7.55e-08,0.013709414,"CM105785.1",10865307,10865307,0,"CM105785.1",10841479,10891571,"gene:ENSBOLG00010011739","PRRX2","paired related homeobox 2 [Ensembl NN prediction with score 99.98%]","-",10891571,10841479,TRUE,26264,26264,23828,"overlapping","gene_body",FALSE,"intron"
"CM105770.1",17494257,-5.376155751,7.61e-08,0.013766837,"CM105770.1",17494257,17494257,60978,"CM105770.1",17555236,17587018,"gene:ENSBOLG00010000468","PAPOLG","poly(A) polymerase gamma [Ensembl NN prediction with score 100%]","+",17555236,17587018,FALSE,60979,60979,92761,"upstream","intergenic",FALSE,"intergenic"
"CM105774.1",75807999,-5.373794494,7.71e-08,0.013846623,"CM105774.1",75807999,75807999,33221,"CM105774.1",75841221,75935396,"gene:ENSBOLG00010013736","ARMH4","armadillo like helical domain containing 4 [Ensembl NN prediction with score 94.34%]","-",75935396,75841221,FALSE,127397,127397,33222,"downstream","intergenic",FALSE,"intergenic"
"CM105775.1",20453407,-5.373902625,7.71e-08,0.013846623,"CM105775.1",20453407,20453407,78345,"CM105775.1",20347909,20375061,"gene:ENSBOLG00010013107","EFCAB11","EF-hand calcium binding domain 11 [Ensembl NN prediction with score 100%]","+",20347909,20375061,FALSE,105498,105498,78346,"downstream","intergenic",FALSE,"intergenic"
"CM105769.1",98259095,-5.369959134,7.88e-08,0.014092925,"CM105769.1",98259095,98259095,820,"CM105769.1",97471229,98258274,"gene:ENSBOLG00010015159",NA,NA,"+",97471229,98258274,FALSE,787866,787866,821,"downstream","downstream",FALSE,"downstream"
"CM105766.1",93870701,5.366935429,8.01e-08,0.014249724,"CM105766.1",93870701,93870701,0,"CM105766.1",93816878,94157588,"gene:ENSBOLG00010012381","NFIA","nuclear factor I A [Ensembl NN prediction with score 99.99%]","-",94157588,93816878,TRUE,286887,286887,53823,"overlapping","gene_body",FALSE,"intron"
"CM105775.1",36269719,-5.366655954,8.02e-08,0.014249724,"CM105775.1",36269719,36269719,0,"CM105775.1",36030327,36541947,"gene:ENSBOLG00010015924","RGS6","regulator of G protein signaling 6 [Ensembl NN prediction with score 100%]","-",36541947,36030327,TRUE,272228,272228,239392,"overlapping","gene_body",FALSE,"intron"
"CM105775.1",46011170,-5.364537704,8.12e-08,0.014366093,"CM105775.1",46011170,46011170,15599,"CM105775.1",46026770,46029582,"gene:ENSBOLG00010012284","SIX1","SIX homeobox 1 [Ensembl NN prediction with score 100%]","+",46026770,46029582,FALSE,15600,15600,18412,"upstream","intergenic",FALSE,"intergenic"
"CM105767.1",32134746,5.36237359,8.21e-08,0.014434366,"CM105767.1",32134746,32134746,63948,"CM105767.1",32198695,32200119,"gene:ENSBOLG00010002511","POLR2E","RNA polymerase II, I and III subunit E [Ensembl NN prediction with score 100%]","-",32200119,32198695,FALSE,65373,65373,63949,"downstream","intergenic",FALSE,"intergenic"
"CM105775.1",1573840,-5.362040194,8.23e-08,0.014434366,"CM105775.1",1573840,1573840,0,"CM105775.1",1375558,2106593,"gene:ENSBOLG00010021380","ptprn2","protein tyrosine phosphatase receptor type N2 [Ensembl NN prediction with score 100%]","-",2106593,1375558,TRUE,532753,532753,198282,"overlapping","gene_body",FALSE,"intron"
"CM105780.1",69794951,-5.361743656,8.24e-08,0.014434366,"CM105780.1",69794951,69794951,168308,"CM105780.1",69605611,69626642,"gene:ENSBOLG00010013213","SNX16","sorting nexin 16 [Ensembl NN prediction with score 100%]","-",69626642,69605611,FALSE,168309,168309,189340,"upstream","intergenic",FALSE,"intergenic"
"CM105776.1",13509992,-5.359291467,8.35e-08,0.014579765,"CM105776.1",13509992,13509992,35741,"CM105776.1",13545734,13609285,"gene:ENSBOLG00010013621","RNF144B","ring finger protein 144B [Ensembl NN prediction with score 99.97%]","+",13545734,13609285,FALSE,35742,35742,99293,"upstream","intergenic",FALSE,"intergenic"
"CM105768.1",92491667,5.357397386,8.44e-08,0.014681324,"CM105768.1",92491667,92491667,344325,"CM105768.1",92835993,92870464,"gene:ENSBOLG00010000970","GCFC2","GC-rich sequence DNA-binding factor 2 [Ensembl NN prediction with score 100%]","+",92835993,92870464,FALSE,344326,344326,378797,"upstream","intergenic",FALSE,"intergenic"
"CM105789.1",39822042,5.355797456,8.52e-08,0.01475969,"CM105789.1",39822042,39822042,116737,"CM105789.1",39938780,39962991,"gene:ENSBOLG00010006447","RXYLT1","ribitol xylosyltransferase 1 [Ensembl NN prediction with score 99.99%]","+",39938780,39962991,FALSE,116738,116738,140949,"upstream","intergenic",FALSE,"intergenic"
"CM105768.1",47181506,-5.35182175,8.71e-08,0.015034809,"CM105768.1",47181506,47181506,0,"CM105768.1",46608295,47824630,"gene:ENSBOLG00010000324","GRID2","glutamate ionotropic receptor delta type subunit 2 [Ensembl NN prediction with score 100%]","-",47824630,46608295,TRUE,643124,643124,573211,"overlapping","gene_body",FALSE,"intron"
"CM105775.1",54168669,5.350771292,8.76e-08,0.015069477,"CM105775.1",54168669,54168669,17865,"CM105775.1",54147084,54150803,"gene:ENSBOLG00010005678","Fscb","fibrous sheath CABYR binding protein [Ensembl NN prediction with score 99.98%]","+",54147084,54150803,FALSE,21585,21585,17866,"downstream","intergenic",FALSE,"intergenic"
"CM105768.1",5027679,-5.34995041,8.8e-08,0.015085245,"CM105768.1",5027679,5027679,0,"CM105768.1",4946801,5820396,"gene:ENSBOLG00010002792","DPP6","dipeptidyl peptidase like 6 [Ensembl NN prediction with score 100%]","-",5820396,4946801,TRUE,792717,792717,80878,"overlapping","gene_body",FALSE,"intron"
"CM105775.1",20147419,-5.349006887,8.84e-08,0.015111439,"CM105775.1",20147419,20147419,8784,"CM105775.1",20156204,20266713,"gene:ENSBOLG00010011447","KCNK13","potassium two pore domain channel subfamily K member 13 [Ensembl NN prediction with score 100%]","-",20266713,20156204,FALSE,119294,119294,8785,"downstream","intergenic",FALSE,"intergenic"
"CM105776.1",16348958,-5.346519289,8.97e-08,0.015264471,"CM105776.1",16348958,16348958,114514,"CM105776.1",16220468,16234443,"gene:ENSBOLG00010013958","Fbxw17","F-box and WD-40 domain protein 17 [Ensembl NN prediction with score 99.99%]","-",16234443,16220468,FALSE,114515,114515,128490,"upstream","intergenic",FALSE,"intergenic"
"CM105777.1",63828581,-5.345306178,9.03e-08,0.015264471,"CM105777.1",63828581,63828581,129545,"CM105777.1",63958127,64306060,"gene:ENSBOLG00010008027","NOL4","nucleolar protein 4 [Ensembl NN prediction with score 100%]","+",63958127,64306060,FALSE,129546,129546,477479,"upstream","intergenic",FALSE,"intergenic"
"CM105782.1",23036929,5.345826121,9e-08,0.015264471,"CM105782.1",23036929,23036929,172379,"CM105782.1",23209309,23209464,"gene:ENSBOLG00010018156",NA,NA,"-",23209464,23209309,FALSE,172535,172535,172380,"downstream","intergenic",FALSE,"intergenic"
"CM105766.1",6220118,5.343100295,9.14e-08,0.01539856,"CM105766.1",6220118,6220118,22632,"CM105766.1",5779088,6197485,"gene:ENSBOLG00010002970","ITPR2","inositol 1,4,5-trisphosphate receptor type 2 [Ensembl NN prediction with score 100%]","+",5779088,6197485,FALSE,441030,441030,22633,"downstream","intergenic",FALSE,"intergenic"
"CM105782.1",43102684,5.340783375,9.25e-08,0.015543455,"CM105782.1",43102684,43102684,157501,"CM105782.1",43260186,43418819,"gene:ENSBOLG00010016695","ZFHX3","zinc finger homeobox 3 [Ensembl NN prediction with score 100%]","-",43418819,43260186,FALSE,316135,316135,157502,"downstream","intergenic",FALSE,"intergenic"
"CM105773.1",69481821,5.338018228,9.4e-08,0.015675325,"CM105773.1",69481821,69481821,5322,"CM105773.1",69487144,69491722,"gene:ENSBOLG00010018957","PROCR","protein C receptor [Ensembl NN prediction with score 100%]","+",69487144,69491722,FALSE,5323,5323,9901,"upstream","intergenic",FALSE,"intergenic"
"CM105781.1",42779475,5.338070554,9.39e-08,0.015675325,"CM105781.1",42779475,42779475,118789,"CM105781.1",42657533,42660685,"gene:ENSBOLG00010014980","RPL34","ribosomal protein L34 [Ensembl NN prediction with score 100%]","-",42660685,42657533,FALSE,118790,118790,121942,"upstream","intergenic",FALSE,"intergenic"
"CM105790.1",33994983,-5.336247598,9.49e-08,0.015775617,"CM105790.1",33994983,33994983,0,"CM105790.1",33922578,34087731,"gene:ENSBOLG00010010009","MYO1B","myosin IB [Ensembl NN prediction with score 100%]","+",33922578,34087731,TRUE,72405,72405,92748,"overlapping","gene_body",FALSE,"intron"
"CM105765.1",36085588,5.335321267,9.54e-08,0.015802983,"CM105765.1",36085588,36085588,1262287,"CM105765.1",34814456,34823300,"gene:ENSBOLG00010000073","NUDT12","nudix hydrolase 12 [Ensembl NN prediction with score 99.7%]","-",34823300,34814456,FALSE,1262288,1262288,1271132,"upstream","intergenic",FALSE,"intergenic"
"CM105766.1",56054919,-5.333710087,9.62e-08,0.015882292,"CM105766.1",56054919,56054919,18071,"CM105766.1",55781170,56036847,"gene:ENSBOLG00010000802","SUCLG2","succinate-CoA ligase GDP-forming subunit beta [Ensembl NN prediction with score 100%]","+",55781170,56036847,FALSE,273749,273749,18072,"downstream","intergenic",FALSE,"intergenic"
"CM105771.1",46938275,-5.333194837,9.65e-08,0.015882292,"CM105771.1",46938275,46938275,91380,"CM105771.1",46736499,46846894,"gene:ENSBOLG00010005056","COX10","cytochrome c oxidase assembly factor heme A:farnesyltransferase COX10 [Ensembl NN prediction with score 100%]","-",46846894,46736499,FALSE,91381,91381,201776,"upstream","intergenic",FALSE,"intergenic"
"CM105775.1",70120728,-5.331322068,9.75e-08,0.015887576,"CM105775.1",70120728,70120728,659829,"CM105775.1",70780558,70928692,"gene:ENSBOLG00010008117","STXBP6","syntaxin binding protein 6 [Ensembl NN prediction with score 100%]","+",70780558,70928692,FALSE,659830,659830,807964,"upstream","intergenic",FALSE,"intergenic"
"CM105775.1",82388090,-5.33165404,9.73e-08,0.015887576,"CM105775.1",82388090,82388090,0,"CM105775.1",82363134,82465602,"gene:ENSBOLG00010014306","PRKAR2B","protein kinase cAMP-dependent type II regulatory subunit beta [Ensembl NN prediction with score 100%]","+",82363134,82465602,TRUE,24956,24956,77512,"overlapping","gene_body",FALSE,"intron"
"CM105780.1",26522200,-5.332112533,9.71e-08,0.015887576,"CM105780.1",26522200,26522200,51523,"CM105780.1",26573724,26580738,"gene:ENSBOLG00010012646","CAVIN4","caveolae associated protein 4 [Ensembl NN prediction with score 98.43%]","-",26580738,26573724,FALSE,58538,58538,51524,"downstream","intergenic",FALSE,"intergenic"
"CM105771.1",79923605,-5.329539493,9.85e-08,0.015991346,"CM105771.1",79923605,79923605,1104,"CM105771.1",79914709,79922500,"gene:ENSBOLG00010001319","Zfp652","zinc finger protein 652 [Ensembl NN prediction with score 100%]","+",79914709,79922500,FALSE,8896,8896,1105,"downstream","downstream",FALSE,"downstream"
"CM105789.1",12449440,5.327893926,9.94e-08,0.016083786,"CM105789.1",12449440,12449440,195899,"CM105789.1",12151972,12253540,"gene:ENSBOLG00010009067","EEA1","early endosome antigen 1 [Ensembl NN prediction with score 100%]","+",12151972,12253540,FALSE,297468,297468,195900,"downstream","intergenic",FALSE,"intergenic"
"CM105768.1",5162293,-5.326673874,1e-07,0.016086317,"CM105768.1",5162293,5162293,0,"CM105768.1",4946801,5820396,"gene:ENSBOLG00010002792","DPP6","dipeptidyl peptidase like 6 [Ensembl NN prediction with score 100%]","-",5820396,4946801,TRUE,658103,658103,215492,"overlapping","gene_body",FALSE,"intron"
"CM105774.1",17326713,5.326798433,1e-07,0.016086317,"CM105774.1",17326713,17326713,220961,"CM105774.1",17547675,17589180,"gene:ENSBOLG00010003975","NDFIP2","Nedd4 family interacting protein 2 [Ensembl NN prediction with score 99.99%]","-",17589180,17547675,FALSE,262467,262467,220962,"downstream","intergenic",FALSE,"intergenic"
"CM105777.1",53708913,5.323172848,1.02e-07,0.016345731,"CM105777.1",53708913,53708913,49029,"CM105777.1",53757943,53782171,"gene:ENSBOLG00010014395","NREP","neuronal regeneration related protein [Ensembl NN prediction with score 100%]","+",53757943,53782171,FALSE,49030,49030,73258,"upstream","intergenic",FALSE,"intergenic"
"CM105775.1",70099905,-5.322487147,1.02e-07,0.016354214,"CM105775.1",70099905,70099905,680652,"CM105775.1",70780558,70928692,"gene:ENSBOLG00010008117","STXBP6","syntaxin binding protein 6 [Ensembl NN prediction with score 100%]","+",70780558,70928692,FALSE,680653,680653,828787,"upstream","intergenic",FALSE,"intergenic"
"CM105767.1",16234511,-5.320393661,1.04e-07,0.016489998,"CM105767.1",16234511,16234511,31851,"CM105767.1",16266363,16272671,"gene:ENSBOLG00010023255","CYP1A2","cytochrome P450 family 1 subfamily A member 2 [Ensembl NN prediction with score 99.89%]","+",16266363,16272671,FALSE,31852,31852,38160,"upstream","intergenic",FALSE,"intergenic"
"CM105768.1",9786324,5.318156237,1.05e-07,0.016586663,"CM105768.1",9786324,9786324,99943,"CM105768.1",9684874,9686380,"gene:ENSBOLG00010002294",NA,NA,"-",9686380,9684874,FALSE,99944,99944,101450,"upstream","intergenic",FALSE,"intergenic"
"CM105784.1",22165447,-5.318164216,1.05e-07,0.016586663,"CM105784.1",22165447,22165447,21717,"CM105784.1",22135772,22143729,"gene:ENSBOLG00010014175","SHOX2","short stature homeobox 2 [Ensembl NN prediction with score 100%]","+",22135772,22143729,FALSE,29675,29675,21718,"downstream","intergenic",FALSE,"intergenic"
"CM105776.1",46153173,-5.31637302,1.06e-07,0.016696273,"CM105776.1",46153173,46153173,134438,"CM105776.1",46287612,46288496,"gene:ENSBOLG00010008680","AW549877","expressed sequence AW549877 [Ensembl NN prediction with score 99.25%]","+",46287612,46288496,FALSE,134439,134439,135323,"upstream","intergenic",FALSE,"intergenic"
"CM105777.1",14705812,5.311757058,1.09e-07,0.017015779,"CM105777.1",14705812,14705812,16072,"CM105777.1",14721885,14770421,"gene:ENSBOLG00010014553","ME2","malic enzyme 2 [Ensembl NN prediction with score 100%]","+",14721885,14770421,FALSE,16073,16073,64609,"upstream","intergenic",FALSE,"intergenic"
"CM105784.1",44661068,5.312059658,1.08e-07,0.017015779,"CM105784.1",44661068,44661068,300487,"CM105784.1",44297181,44360580,"gene:ENSBOLG00010007821","INTU","inturned planar cell polarity protein [Ensembl NN prediction with score 100%]","-",44360580,44297181,FALSE,300488,300488,363887,"upstream","intergenic",FALSE,"intergenic"
"CM105775.1",1534618,-5.310665248,1.09e-07,0.017062563,"CM105775.1",1534618,1534618,0,"CM105775.1",1375558,2106593,"gene:ENSBOLG00010021380","ptprn2","protein tyrosine phosphatase receptor type N2 [Ensembl NN prediction with score 100%]","-",2106593,1375558,TRUE,571975,571975,159060,"overlapping","gene_body",FALSE,"intron"
"CM105786.1",10421129,5.310099757,1.1e-07,0.017062563,"CM105786.1",10421129,10421129,7362,"CM105786.1",10412555,10413766,"gene:ENSBOLG00010010667","TRIM59","tripartite motif containing 59 [Ensembl NN prediction with score 100%]","-",10413766,10412555,FALSE,7363,7363,8574,"upstream","intergenic",FALSE,"intergenic"
"CM105768.1",64744934,-5.309096274,1.1e-07,0.017102639,"CM105768.1",64744934,64744934,0,"CM105768.1",64692091,64814065,"gene:ENSBOLG00010002915","MBOAT2","membrane bound O-acyltransferase domain containing 2 [Ensembl NN prediction with score 99.72%]","+",64692091,64814065,TRUE,52843,52843,69131,"overlapping","gene_body",FALSE,"intron"
"CM105775.1",29007151,-5.30776701,1.11e-07,0.017173622,"CM105775.1",29007151,29007151,0,"CM105775.1",28719790,29070521,"gene:ENSBOLG00010013110","CEP128","centrosomal protein 128 [Ensembl NN prediction with score 100%]","+",28719790,29070521,TRUE,287361,287361,63370,"overlapping","gene_body",FALSE,"intron"
"CM105766.1",122413755,5.303294765,1.14e-07,0.017381278,"CM105766.1",122413755,122413755,476935,"CM105766.1",121802668,121936819,"gene:ENSBOLG00010000268","BRINP1","BMP/retinoic acid inducible neural specific 1 [Ensembl NN prediction with score 100%]","+",121802668,121936819,FALSE,611087,611087,476936,"downstream","intergenic",FALSE,"intergenic"
"CM105770.1",9479846,-5.304380353,1.13e-07,0.017381278,"CM105770.1",9479846,9479846,0,"CM105770.1",9477277,9482081,"gene:ENSBOLG00010022414","DUS3L","dihydrouridine synthase 3 like [Ensembl NN prediction with score 99.96%]","+",9477277,9482081,TRUE,2569,2569,2235,"overlapping","gene_body",FALSE,"intron"
"CM105777.1",17498825,-5.303294942,1.14e-07,0.017381278,"CM105777.1",17498825,17498825,211545,"CM105777.1",17710371,17760266,"gene:ENSBOLG00010014436","MBD2","methyl-CpG binding domain protein 2 [Ensembl NN prediction with score 99.99%]","-",17760266,17710371,FALSE,261441,261441,211546,"downstream","intergenic",FALSE,"intergenic"
"CM105785.1",18134208,5.304166006,1.13e-07,0.017381278,"CM105785.1",18134208,18134208,0,"CM105785.1",18133528,18135889,"gene:ENSBOLG00010010884","IL36A","interleukin 36 alpha [Ensembl NN prediction with score 99.98%]","-",18135889,18133528,TRUE,1681,1681,680,"overlapping","gene_body",FALSE,"intron"
"CM105790.1",8799621,-5.302497123,1.14e-07,0.017403371,"CM105790.1",8799621,8799621,435243,"CM105790.1",9234865,9235882,"gene:ENSBOLG00010004583","PHB","prohibitin [Ensembl NN prediction with score 100%]","-",9235882,9234865,FALSE,436261,436261,435244,"downstream","intergenic",FALSE,"intergenic"
"CM105774.1",66746441,-5.301382536,1.15e-07,0.017455934,"CM105774.1",66746441,66746441,4133,"CM105774.1",66731918,66742307,"gene:ENSBOLG00010022649","PCK2","phosphoenolpyruvate carboxykinase 2, mitochondrial [Ensembl NN prediction with score 99.99%]","-",66742307,66731918,FALSE,4134,4134,14523,"upstream","intergenic",FALSE,"intergenic"
"CM105772.1",73294720,-5.299099111,1.16e-07,0.017513468,"CM105772.1",73294720,73294720,7054,"CM105772.1",73301775,73364489,"gene:ENSBOLG00010011985","CSMD1","CUB and Sushi multiple domains 1 [Ensembl NN prediction with score 91.2%]","-",73364489,73301775,FALSE,69769,69769,7055,"downstream","intergenic",FALSE,"intergenic"
"CM105776.1",56665960,-5.299745063,1.16e-07,0.017513468,"CM105776.1",56665960,56665960,14539,"CM105776.1",56650971,56651420,"gene:ENSBOLG00010015305","CALML3","calmodulin like 3 [Ensembl NN prediction with score 99.94%]","+",56650971,56651420,FALSE,14989,14989,14540,"downstream","intergenic",FALSE,"intergenic"
"CM105778.1",60440010,5.299141376,1.16e-07,0.017513468,"CM105778.1",60440010,60440010,0,"CM105778.1",60410975,60676167,"gene:ENSBOLG00010008996","ATG10","autophagy related 10 [Ensembl NN prediction with score 100%]","+",60410975,60676167,TRUE,29035,29035,236157,"overlapping","gene_body",FALSE,"intron"
"CM105786.1",5358910,5.296224795,1.18e-07,0.017737008,"CM105786.1",5358910,5358910,21323,"CM105786.1",5380234,5387542,"gene:ENSBOLG00010012277","LIG4","DNA ligase 4 [Ensembl NN prediction with score 100%]","-",5387542,5380234,FALSE,28632,28632,21324,"downstream","intergenic",FALSE,"intergenic"
"CM105766.1",98138632,5.295599382,1.19e-07,0.017743729,"CM105766.1",98138632,98138632,153050,"CM105766.1",98291683,98292306,"gene:ENSBOLG00010012588","TUSC1","tumor suppressor candidate 1 [Ensembl NN prediction with score 100%]","+",98291683,98292306,FALSE,153051,153051,153674,"upstream","intergenic",FALSE,"intergenic"
"CM105782.1",1420551,5.294206419,1.2e-07,0.017825319,"CM105782.1",1420551,1420551,82634,"CM105782.1",1335004,1337916,"gene:ENSBOLG00010004931","PTPN11","protein tyrosine phosphatase non-receptor type 11 [Ensembl NN prediction with score 99.92%]","-",1337916,1335004,FALSE,82635,82635,85547,"upstream","intergenic",FALSE,"intergenic"
"CM105774.1",64255184,5.291325198,1.21e-07,0.017981762,"CM105774.1",64255184,64255184,1593,"CM105774.1",64124544,64253590,"gene:ENSBOLG00010022253","RNF17","ring finger protein 17 [Ensembl NN prediction with score 99.92%]","-",64253590,64124544,FALSE,1594,1594,130640,"upstream","promoter",FALSE,"promoter"
"CM105776.1",41866774,5.290406119,1.22e-07,0.017981762,"CM105776.1",41866774,41866774,0,"CM105776.1",41864648,41909031,"gene:ENSBOLG00010008365","NME8","NME/NM23 family member 8 [Ensembl NN prediction with score 100%]","+",41864648,41909031,TRUE,2126,2126,42257,"overlapping","gene_body",FALSE,"intron"
"CM105782.1",48602594,-5.29182258,1.21e-07,0.017981762,"CM105782.1",48602594,48602594,131352,"CM105782.1",48457644,48471241,"gene:ENSBOLG00010016961","MAF","MAF bZIP transcription factor [Ensembl NN prediction with score 100%]","-",48471241,48457644,FALSE,131353,131353,144950,"upstream","intergenic",FALSE,"intergenic"
"JBCDMM020000051.1",39885,5.290673575,1.22e-07,0.017981762,"JBCDMM020000051.1",39885,39885,0,"JBCDMM020000051.1",22482,56337,"gene:ENSBOLG00010004607","ICA1L","islet cell autoantigen 1 like [Ensembl NN prediction with score 100%]","-",56337,22482,TRUE,16452,16452,17403,"overlapping","gene_body",FALSE,"intron"
"CM105770.1",94510200,-5.289848428,1.22e-07,0.017982835,"CM105770.1",94510200,94510200,0,"CM105770.1",94464471,94559867,"gene:ENSBOLG00010001579","PARM1","prostate androgen-regulated mucin-like protein 1 [Ensembl NN prediction with score 100%]","+",94464471,94559867,TRUE,45729,45729,49667,"overlapping","gene_body",FALSE,"intron"
"JBCDMM020000051.1",136303,5.288530605,1.23e-07,0.018058946,"JBCDMM020000051.1",136303,136303,2395,"JBCDMM020000051.1",106397,133907,"gene:ENSBOLG00010004605","CARF","calcium responsive transcription factor [Ensembl NN prediction with score 95.42%]","+",106397,133907,FALSE,29906,29906,2396,"downstream","intergenic",FALSE,"intergenic"
"CM105771.1",44766786,5.28784188,1.24e-07,0.018073265,"CM105771.1",44766786,44766786,46876,"CM105771.1",44655420,44719909,"gene:ENSBOLG00010004661","AKAP10","A-kinase anchoring protein 10 [Ensembl NN prediction with score 100%]","-",44719909,44655420,FALSE,46877,46877,111366,"upstream","intergenic",FALSE,"intergenic"
"CM105781.1",17710293,-5.284479214,1.26e-07,0.018353926,"CM105781.1",17710293,17710293,118501,"CM105781.1",17828795,18036171,"gene:ENSBOLG00010011607","KCND3","potassium voltage-gated channel subfamily D member 3 [Ensembl NN prediction with score 100%]","+",17828795,18036171,FALSE,118502,118502,325878,"upstream","intergenic",FALSE,"intergenic"
"CM105765.1",46020228,-5.280460423,1.29e-07,0.018597255,"CM105765.1",46020228,46020228,276646,"CM105765.1",46296875,46370807,"gene:ENSBOLG00010008358","TSHZ3","teashirt zinc finger homeobox 3 [Ensembl NN prediction with score 100%]","-",46370807,46296875,FALSE,350579,350579,276647,"downstream","intergenic",FALSE,"intergenic"
"CM105772.1",87881498,-5.281452559,1.28e-07,0.018597255,"CM105772.1",87881498,87881498,172027,"CM105772.1",88053526,88068754,"gene:ENSBOLG00010005647","NUCB2","nucleobindin 2 [Ensembl NN prediction with score 99.97%]","-",88068754,88053526,FALSE,187256,187256,172028,"downstream","intergenic",FALSE,"intergenic"
"CM105787.1",30807439,5.280448726,1.29e-07,0.018597255,"CM105787.1",30807439,30807439,0,"CM105787.1",30760855,30879870,"gene:ENSBOLG00010009726","LRRC28","leucine rich repeat containing 28 [Ensembl NN prediction with score 100%]","-",30879870,30760855,TRUE,72431,72431,46584,"overlapping","gene_body",FALSE,"intron"
"CM105773.1",79706526,5.279884861,1.29e-07,0.018600031,"CM105773.1",79706526,79706526,65210,"CM105773.1",79546798,79641315,"gene:ENSBOLG00010016219","ZMYND8","zinc finger MYND-type containing 8 [Ensembl NN prediction with score 100%]","-",79641315,79546798,FALSE,65211,65211,159728,"upstream","intergenic",FALSE,"intergenic"
"CM105772.1",95076713,5.278267785,1.3e-07,0.018710179,"CM105772.1",95076713,95076713,0,"CM105772.1",95018376,95089645,"gene:ENSBOLG00010017586","SCUBE2","signal peptide, CUB domain and EGF like domain containing 2 [Ensembl NN prediction with score 100%]","+",95018376,95089645,TRUE,58337,58337,12932,"overlapping","gene_body",FALSE,"intron"
"CM105767.1",2965456,-5.275777778,1.32e-07,0.018856098,"CM105767.1",2965456,2965456,0,"CM105767.1",2843455,3005937,"gene:ENSBOLG00010003079","TRAK1","trafficking kinesin protein 1 [Ensembl NN prediction with score 100%]","-",3005937,2843455,TRUE,40481,40481,122001,"overlapping","gene_body",FALSE,"intron"
"CM105767.1",41373015,5.27621384,1.32e-07,0.018856098,"CM105767.1",41373015,41373015,208926,"CM105767.1",41040588,41164088,"gene:ENSBOLG00010000720","MEI4","meiotic double-stranded break formation protein 4 [Ensembl NN prediction with score 99.82%]","+",41040588,41164088,FALSE,332427,332427,208927,"downstream","intergenic",FALSE,"intergenic"
"CM105774.1",44047032,-5.272134477,1.35e-07,0.019178789,"CM105774.1",44047032,44047032,3988,"CM105774.1",44020078,44043043,"gene:ENSBOLG00010007720","GPALPP1","GPALPP motifs containing 1 [Ensembl NN prediction with score 99.94%]","+",44020078,44043043,FALSE,26954,26954,3989,"downstream","intergenic",FALSE,"intergenic"
"CM105771.1",27822652,5.270943341,1.36e-07,0.019248056,"CM105771.1",27822652,27822652,122180,"CM105771.1",27944833,28000770,"gene:ENSBOLG00010013068","CLINT1","clathrin interactor 1 [Ensembl NN prediction with score 100%]","+",27944833,28000770,FALSE,122181,122181,178118,"upstream","intergenic",FALSE,"intergenic"
"CM105766.1",26818263,-5.26892888,1.37e-07,0.019327481,"CM105766.1",26818263,26818263,0,"CM105766.1",26781517,27129834,"gene:ENSBOLG00010007361","ANO2","anoctamin 2 [Ensembl NN prediction with score 100%]","-",27129834,26781517,TRUE,311571,311571,36746,"overlapping","gene_body",FALSE,"intron"
"CM105773.1",73392187,5.268504959,1.38e-07,0.019327481,"CM105773.1",73392187,73392187,674584,"CM105773.1",74066772,74070146,"gene:ENSBOLG00010017658","MAFB","MAF bZIP transcription factor B [Ensembl NN prediction with score 100%]","-",74070146,74066772,FALSE,677959,677959,674585,"downstream","intergenic",FALSE,"intergenic"
"CM105775.1",1555932,-5.268083472,1.38e-07,0.019327481,"CM105775.1",1555932,1555932,0,"CM105775.1",1375558,2106593,"gene:ENSBOLG00010021380","ptprn2","protein tyrosine phosphatase receptor type N2 [Ensembl NN prediction with score 100%]","-",2106593,1375558,TRUE,550661,550661,180374,"overlapping","gene_body",FALSE,"intron"
"CM105779.1",5925392,-5.269185259,1.37e-07,0.019327481,"CM105779.1",5925392,5925392,0,"CM105779.1",5898629,5935585,"gene:ENSBOLG00010021039","PNPLA1","patatin like phospholipase domain containing 1 [Ensembl NN prediction with score 100%]","+",5898629,5935585,TRUE,26763,26763,10193,"overlapping","gene_body",FALSE,"intron"
"CM105767.1",92108677,-5.264464293,1.41e-07,0.019622404,"CM105767.1",92108677,92108677,710821,"CM105767.1",90839844,91397855,"gene:ENSBOLG00010005536","KIRREL3","kirre like nephrin family adhesion molecule 3 [Ensembl NN prediction with score 100%]","-",91397855,90839844,FALSE,710822,710822,1268833,"upstream","intergenic",FALSE,"intergenic"
"CM105786.1",10943402,5.264258251,1.41e-07,0.019622404,"CM105786.1",10943402,10943402,0,"CM105786.1",10866301,12345207,"gene:ENSBOLG00010009999","CSMD1","CUB and Sushi multiple domains 1 [Ensembl NN prediction with score 100%]","-",12345207,10866301,TRUE,1401805,1401805,77101,"overlapping","gene_body",FALSE,"intron"
"CM105784.1",29417040,-5.261759615,1.43e-07,0.019834818,"CM105784.1",29417040,29417040,0,"CM105784.1",29372153,29486498,"gene:ENSBOLG00010014233","WWTR1","WW domain containing transcription regulator 1 [Ensembl NN prediction with score 99.93%]","+",29372153,29486498,TRUE,44887,44887,69458,"overlapping","gene_body",FALSE,"intron"
"CM105783.1",23961449,-5.26112125,1.43e-07,0.019847748,"CM105783.1",23961449,23961449,25294,"CM105783.1",23935222,23936154,"gene:ENSBOLG00010007443","Fam84b","family with sequence similarity 84, member B [Ensembl NN prediction with score 91.77%]","-",23936154,23935222,FALSE,25295,25295,26227,"upstream","intergenic",FALSE,"intergenic"
"CM105789.1",6769727,-5.260463176,1.44e-07,0.019862965,"CM105789.1",6769727,6769727,0,"CM105789.1",6549998,7505313,"gene:ENSBOLG00010006646","ANKS1B","ankyrin repeat and sterile alpha motif domain containing 1B [Ensembl NN prediction with score 100%]","+",6549998,7505313,TRUE,219729,219729,735586,"overlapping","gene_body",FALSE,"intron"
"CM105789.1",22403023,-5.259923883,1.44e-07,0.019865506,"CM105789.1",22403023,22403023,17138,"CM105789.1",22251902,22385884,"gene:ENSBOLG00010009383","OTOGL","otogelin like [Ensembl NN prediction with score 100%]","-",22385884,22251902,FALSE,17139,17139,151121,"upstream","intergenic",FALSE,"intergenic"
"CM105786.1",33611567,5.256309956,1.47e-07,0.020203076,"CM105786.1",33611567,33611567,103918,"CM105786.1",33504810,33507648,"gene:ENSBOLG00010006025","ADAM28","ADAM metallopeptidase domain 28 [Ensembl NN prediction with score 90.84%]","-",33507648,33504810,FALSE,103919,103919,106757,"upstream","intergenic",FALSE,"intergenic"
"CM105778.1",49615947,5.255357075,1.48e-07,0.020251396,"CM105778.1",49615947,49615947,44819,"CM105778.1",49498251,49571127,"gene:ENSBOLG00010015530","PIK3R1","phosphoinositide-3-kinase regulatory subunit 1 [Ensembl NN prediction with score 100%]","+",49498251,49571127,FALSE,117696,117696,44820,"downstream","intergenic",FALSE,"intergenic"
"CM105766.1",63573753,-5.249732919,1.52e-07,0.020391678,"CM105766.1",63573753,63573753,382811,"CM105766.1",63119265,63190941,"gene:ENSBOLG00010008934","PTPRU","protein tyrosine phosphatase receptor type U [Ensembl NN prediction with score 100%]","+",63119265,63190941,FALSE,454488,454488,382812,"downstream","intergenic",FALSE,"intergenic"
"CM105767.1",4694333,5.250289726,1.52e-07,0.020391678,"CM105767.1",4694333,4694333,8517,"CM105767.1",4589004,4685815,"gene:ENSBOLG00010003006","SCN10A","sodium voltage-gated channel alpha subunit 10 [Ensembl NN prediction with score 100%]","+",4589004,4685815,FALSE,105329,105329,8518,"downstream","intergenic",FALSE,"intergenic"
"CM105767.1",75730665,-5.252241712,1.5e-07,0.020391678,"CM105767.1",75730665,75730665,527159,"CM105767.1",76257825,76591334,"gene:ENSBOLG00010004190","CADM1","cell adhesion molecule 1 [Ensembl NN prediction with score 100%]","+",76257825,76591334,FALSE,527160,527160,860669,"upstream","intergenic",FALSE,"intergenic"
"CM105767.1",76714594,5.249079475,1.53e-07,0.020391678,"CM105767.1",76714594,76714594,123259,"CM105767.1",76257825,76591334,"gene:ENSBOLG00010004190","CADM1","cell adhesion molecule 1 [Ensembl NN prediction with score 100%]","+",76257825,76591334,FALSE,456769,456769,123260,"downstream","intergenic",FALSE,"intergenic"
"CM105767.1",107801428,5.249916048,1.52e-07,0.020391678,"CM105767.1",107801428,107801428,127872,"CM105767.1",107651808,107673555,"gene:ENSBOLG00010002024","CHORDC1","cysteine and histidine rich domain containing 1 [Ensembl NN prediction with score 99.98%]","-",107673555,107651808,FALSE,127873,127873,149620,"upstream","intergenic",FALSE,"intergenic"
"CM105771.1",74476031,-5.252224411,1.5e-07,0.020391678,"CM105771.1",74476031,74476031,21820,"CM105771.1",74497852,74498130,"gene:ENSBOLG00010002152","SMIM36","small integral membrane protein 36 [Ensembl NN prediction with score 100%]","+",74497852,74498130,FALSE,21821,21821,22099,"upstream","intergenic",FALSE,"intergenic"
"CM105772.1",63500954,5.251380088,1.51e-07,0.020391678,"CM105772.1",63500954,63500954,0,"CM105772.1",63500836,63504026,"gene:ENSBOLG00010019874","Urah","urate (5-hydroxyiso-) hydrolase [Ensembl NN prediction with score 99.93%]","-",63504026,63500836,TRUE,3072,3072,118,"overlapping","gene_body",TRUE,"exon"
"CM105777.1",45409495,-5.249293384,1.53e-07,0.020391678,"CM105777.1",45409495,45409495,0,"CM105777.1",45403899,45416623,"gene:ENSBOLG00010010951","GRXCR2","glutaredoxin and cysteine rich domain containing 2 [Ensembl NN prediction with score 100%]","+",45403899,45416623,TRUE,5596,5596,7128,"overlapping","gene_body",FALSE,"intron"
"CM105785.1",51209480,5.249026969,1.53e-07,0.020391678,"CM105785.1",51209480,51209480,145829,"CM105785.1",51060406,51063650,"gene:ENSBOLG00010010821","Atp5g3","ATP synthase, H+ transporting, mitochondrial F0 complex, subunit C3 (subunit 9) [Ensembl NN prediction with score 98.86%]","-",51063650,51060406,FALSE,145830,145830,149074,"upstream","intergenic",FALSE,"intergenic"
"CM105789.1",35298410,-5.250031113,1.52e-07,0.020391678,"CM105789.1",35298410,35298410,144364,"CM105789.1",35138253,35154045,"gene:ENSBOLG00010006725","ATP23","ATP23 metallopeptidase and ATP synthase assembly factor homolog [Ensembl NN prediction with score 71.19%]","+",35138253,35154045,FALSE,160157,160157,144365,"downstream","intergenic",FALSE,"intergenic"
"CM105766.1",114690547,-5.246203399,1.55e-07,0.020570536,"CM105766.1",114690547,114690547,0,"CM105766.1",114595968,114941059,"gene:ENSBOLG00010000248","PTPRD","protein tyrosine phosphatase receptor type D [Ensembl NN prediction with score 100%]","+",114595968,114941059,TRUE,94579,94579,250512,"overlapping","gene_body",FALSE,"intron"
"CM105778.1",6703174,-5.245925339,1.55e-07,0.020570536,"CM105778.1",6703174,6703174,0,"CM105778.1",6486812,6758870,"gene:ENSBOLG00010006896","SEMA5A","semaphorin 5A [Ensembl NN prediction with score 100%]","-",6758870,6486812,TRUE,55696,55696,216362,"overlapping","gene_body",FALSE,"intron"
"CM105782.1",20099350,5.246491608,1.55e-07,0.020570536,"CM105782.1",20099350,20099350,0,"CM105782.1",19946163,20249200,"gene:ENSBOLG00010016960","Zfp423","zinc finger protein 423 [Ensembl NN prediction with score 99.66%]","-",20249200,19946163,TRUE,149850,149850,153187,"overlapping","gene_body",FALSE,"intron"
"CM105777.1",73425532,-5.242560008,1.58e-07,0.020858157,"CM105777.1",73425532,73425532,162530,"CM105777.1",73588063,73603285,"gene:ENSBOLG00010005507","HRH4","histamine receptor H4 [Ensembl NN prediction with score 99.86%]","-",73603285,73588063,FALSE,177753,177753,162531,"downstream","intergenic",FALSE,"intergenic"
"CM105782.1",23956660,5.242376128,1.59e-07,0.020858157,"CM105782.1",23956660,23956660,0,"CM105782.1",23703016,24050746,"gene:ENSBOLG00010017954","FTO","FTO alpha-ketoglutarate dependent dioxygenase [Ensembl NN prediction with score 100%]","+",23703016,24050746,TRUE,253644,253644,94086,"overlapping","gene_body",FALSE,"intron"
"CM105772.1",36882276,-5.241284781,1.59e-07,0.020925966,"CM105772.1",36882276,36882276,0,"CM105772.1",36809387,37011466,"gene:ENSBOLG00010006011","DOCK8","dedicator of cytokinesis 8 [Ensembl NN prediction with score 100%]","-",37011466,36809387,TRUE,129190,129190,72889,"overlapping","gene_body",FALSE,"intron"
"CM105769.1",79077771,-5.239446701,1.61e-07,0.021052801,"CM105769.1",79077771,79077771,0,"CM105769.1",79067257,79094340,"gene:ENSBOLG00010007522","RGS18","regulator of G protein signaling 18 [Ensembl NN prediction with score 100%]","+",79067257,79094340,TRUE,10514,10514,16569,"overlapping","gene_body",FALSE,"intron"
"CM105776.1",16408507,-5.239188158,1.61e-07,0.021052801,"CM105776.1",16408507,16408507,150109,"CM105776.1",16558617,16579930,"gene:ENSBOLG00010013871","TPMT","thiopurine S-methyltransferase [Ensembl NN prediction with score 99.97%]","+",16558617,16579930,FALSE,150110,150110,171423,"upstream","intergenic",FALSE,"intergenic"
"CM105767.1",96788180,5.23655611,1.64e-07,0.021298617,"CM105767.1",96788180,96788180,0,"CM105767.1",95894806,96871320,"gene:ENSBOLG00010000410","NTM","neurotrimin [Ensembl NN prediction with score 100%]","+",95894806,96871320,TRUE,893374,893374,83140,"overlapping","gene_body",FALSE,"intron"
"CM105776.1",33716450,5.235661296,1.64e-07,0.021341302,"CM105776.1",33716450,33716450,69360,"CM105776.1",33785811,33790726,"gene:ENSBOLG00010012836","SOX4","SRY-box transcription factor 4 [Ensembl NN prediction with score 100%]","+",33785811,33790726,FALSE,69361,69361,74276,"upstream","intergenic",FALSE,"intergenic"
"CM105785.1",29083258,-5.235211837,1.65e-07,0.021341302,"CM105785.1",29083258,29083258,41463,"CM105785.1",28902960,29041794,"gene:ENSBOLG00010004139","KIF5C","kinesin family member 5C [Ensembl NN prediction with score 100%]","+",28902960,29041794,FALSE,180298,180298,41464,"downstream","intergenic",FALSE,"intergenic"
"CM105778.1",69225284,-5.233735754,1.66e-07,0.021456059,"CM105778.1",69225284,69225284,0,"CM105778.1",69027538,69569107,"gene:ENSBOLG00010005410","ADGRV1","adhesion G protein-coupled receptor V1 [Ensembl NN prediction with score 100%]","+",69027538,69569107,TRUE,197746,197746,343823,"overlapping","gene_body",FALSE,"intron"
"CM105775.1",58757257,-5.230865006,1.69e-07,0.021734935,"CM105775.1",58757257,58757257,255940,"CM105775.1",58453436,58501316,"gene:ENSBOLG00010005793","SEC23A","SEC23 homolog A, COPII coat complex component [Ensembl NN prediction with score 100%]","+",58453436,58501316,FALSE,303821,303821,255941,"downstream","intergenic",FALSE,"intergenic"
"CM105768.1",5111415,-5.22921542,1.7e-07,0.021872488,"CM105768.1",5111415,5111415,0,"CM105768.1",4946801,5820396,"gene:ENSBOLG00010002792","DPP6","dipeptidyl peptidase like 6 [Ensembl NN prediction with score 100%]","-",5820396,4946801,TRUE,708981,708981,164614,"overlapping","gene_body",FALSE,"intron"
"CM105764.1",134482022,-5.22756522,1.72e-07,0.021964691,"CM105764.1",134482022,134482022,253361,"CM105764.1",134735384,134740782,"gene:ENSBOLG00010020277","CRYBA4","crystallin beta A4 [Ensembl NN prediction with score 100%]","-",134740782,134735384,FALSE,258760,258760,253362,"downstream","intergenic",FALSE,"intergenic"
"CM105772.1",12202949,-5.227474377,1.72e-07,0.021964691,"CM105772.1",12202949,12202949,427800,"CM105772.1",11774076,11775148,"gene:ENSBOLG00010018085","NDUFA4","NDUFA4 mitochondrial complex associated [Ensembl NN prediction with score 99.34%]","-",11775148,11774076,FALSE,427801,427801,428873,"upstream","intergenic",FALSE,"intergenic"
"CM105770.1",48709025,-5.226092945,1.73e-07,0.021998105,"CM105770.1",48709025,48709025,0,"CM105770.1",48492459,48835012,"gene:ENSBOLG00010014086","LDB2","LIM domain binding 2 [Ensembl NN prediction with score 100%]","-",48835012,48492459,TRUE,125987,125987,216566,"overlapping","gene_body",FALSE,"intron"
"CM105781.1",50351400,5.225757368,1.73e-07,0.021998105,"CM105781.1",50351400,50351400,33078,"CM105781.1",50188952,50318321,"gene:ENSBOLG00010015476","RAP1GDS1","Rap1 GTPase-GDP dissociation stimulator 1 [Ensembl NN prediction with score 100%]","-",50318321,50188952,FALSE,33079,33079,162448,"upstream","intergenic",FALSE,"intergenic"
"CM105781.1",52745450,-5.22636609,1.73e-07,0.021998105,"CM105781.1",52745450,52745450,0,"CM105781.1",52527676,52861341,"gene:ENSBOLG00010006684","UNC5C","unc-5 netrin receptor C [Ensembl NN prediction with score 100%]","+",52527676,52861341,TRUE,217774,217774,115891,"overlapping","gene_body",FALSE,"intron"
"CM105764.1",62881389,-5.222953116,1.76e-07,0.022207119,"CM105764.1",62881389,62881389,0,"CM105764.1",62753321,62907433,"gene:ENSBOLG00010003617","ABI3BP","ABI family member 3 binding protein [Ensembl NN prediction with score 99.46%]","+",62753321,62907433,TRUE,128068,128068,26044,"overlapping","gene_body",FALSE,"intron"
"CM105767.1",35302587,-5.222966091,1.76e-07,0.022207119,"CM105767.1",35302587,35302587,6958,"CM105767.1",35243458,35295628,"gene:ENSBOLG00010002185","FAM83B","family with sequence similarity 83 member B [Ensembl NN prediction with score 100%]","-",35295628,35243458,FALSE,6959,6959,59129,"upstream","intergenic",FALSE,"intergenic"
"CM105788.1",20759823,-5.222581925,1.76e-07,0.022207119,"CM105788.1",20759823,20759823,56598,"CM105788.1",20662275,20703224,"gene:ENSBOLG00010016284","FAM3C","FAM3 metabolism regulating signaling molecule C [Ensembl NN prediction with score 100%]","-",20703224,20662275,FALSE,56599,56599,97548,"upstream","intergenic",FALSE,"intergenic"
"CM105776.1",80890992,5.220791313,1.78e-07,0.022365735,"CM105776.1",80890992,80890992,2015398,"CM105776.1",78805861,78875593,"gene:ENSBOLG00010012347","WAC","WW domain containing adaptor with coiled-coil [Ensembl NN prediction with score 100%]","+",78805861,78875593,FALSE,2085131,2085131,2015399,"downstream","intergenic",FALSE,"intergenic"
"CM105765.1",97993514,-5.220311116,1.79e-07,0.022366749,"CM105765.1",97993514,97993514,164413,"CM105765.1",97827952,97829100,"gene:ENSBOLG00010011858","GJA1","gap junction protein alpha 1 [Ensembl NN prediction with score 100%]","+",97827952,97829100,FALSE,165562,165562,164414,"downstream","intergenic",FALSE,"intergenic"
"CM105779.1",4791960,-5.219767691,1.79e-07,0.022375541,"CM105779.1",4791960,4791960,0,"CM105779.1",4774038,4851245,"gene:ENSBOLG00010023200","ILRUN","inflammation and lipid regulator with UBA-like and NBR1-like domains [Ensembl NN prediction with score 98.77%]","-",4851245,4774038,TRUE,59285,59285,17922,"overlapping","gene_body",FALSE,"intron"
"CM105787.1",58172166,5.21847168,1.8e-07,0.022475602,"CM105787.1",58172166,58172166,41600,"CM105787.1",58116081,58130565,"gene:ENSBOLG00010009499","THAP12","THAP domain containing 12 [Ensembl NN prediction with score 99.84%]","+",58116081,58130565,FALSE,56085,56085,41601,"downstream","intergenic",FALSE,"intergenic"
"CM105765.1",85518994,-5.217026989,1.82e-07,0.022594341,"CM105765.1",85518994,85518994,76443,"CM105765.1",85368299,85442550,"gene:ENSBOLG00010015876","FOXO3","forkhead box O3 [Ensembl NN prediction with score 100%]","+",85368299,85442550,FALSE,150695,150695,76444,"downstream","intergenic",FALSE,"intergenic"
"CM105782.1",23037124,5.214225041,1.85e-07,0.022880724,"CM105782.1",23037124,23037124,172184,"CM105782.1",23209309,23209464,"gene:ENSBOLG00010018156",NA,NA,"-",23209464,23209309,FALSE,172340,172340,172185,"downstream","intergenic",FALSE,"intergenic"
"CM105765.1",17580174,5.211746917,1.87e-07,0.02313029,"CM105765.1",17580174,17580174,0,"CM105765.1",17540378,17775847,"gene:ENSBOLG00010001217","NYAP2","neuronal tyrosine-phosphorylated phosphoinositide-3-kinase adaptor 2 [Ensembl NN prediction with score 100%]","+",17540378,17775847,TRUE,39796,39796,195673,"overlapping","gene_body",FALSE,"intron"
"CM105769.1",45734845,-5.211274325,1.88e-07,0.02313118,"CM105769.1",45734845,45734845,127194,"CM105769.1",45514495,45607650,"gene:ENSBOLG00010000369","THRB","thyroid hormone receptor beta [Ensembl NN prediction with score 100%]","-",45607650,45514495,FALSE,127195,127195,220350,"upstream","intergenic",FALSE,"intergenic"
"CM105764.1",64374166,-5.209607978,1.89e-07,0.023170273,"CM105764.1",64374166,64374166,362509,"CM105764.1",63989701,64011656,"gene:ENSBOLG00010003754","PARP14","poly(ADP-ribose) polymerase family member 14 [Ensembl NN prediction with score 99.68%]","+",63989701,64011656,FALSE,384465,384465,362510,"downstream","intergenic",FALSE,"intergenic"
"CM105766.1",74936621,-5.208650483,1.9e-07,0.023170273,"CM105766.1",74936621,74936621,14268,"CM105766.1",74921405,74922352,"gene:ENSBOLG00010022726","Olfr1338","olfactory receptor 1338 [Ensembl NN prediction with score 93.63%]","+",74921405,74922352,FALSE,15216,15216,14269,"downstream","intergenic",FALSE,"intergenic"
"CM105770.1",100576326,5.208703073,1.9e-07,0.023170273,"CM105770.1",100576326,100576326,42134,"CM105770.1",100457424,100534191,"gene:ENSBOLG00010002034","TMEM150C","transmembrane protein 150C [Ensembl NN prediction with score 100%]","-",100534191,100457424,FALSE,42135,42135,118902,"upstream","intergenic",FALSE,"intergenic"
"CM105786.1",29438731,5.20865349,1.9e-07,0.023170273,"CM105786.1",29438731,29438731,0,"CM105786.1",29434647,29579860,"gene:ENSBOLG00010007406","TUSC3","tumor suppressor candidate 3 [Ensembl NN prediction with score 99.98%]","+",29434647,29579860,TRUE,4084,4084,141129,"overlapping","gene_body",FALSE,"intron"
"CM105787.1",47952901,5.209874803,1.89e-07,0.023170273,"CM105787.1",47952901,47952901,18185,"CM105787.1",47971087,47972088,"gene:ENSBOLG00010017489","GAPDH","glyceraldehyde-3-phosphate dehydrogenase [Ensembl NN prediction with score 99.99%]","+",47971087,47972088,FALSE,18186,18186,19187,"upstream","intergenic",FALSE,"intergenic"
"CM105767.1",14096754,5.204353085,1.95e-07,0.023538083,"CM105767.1",14096754,14096754,0,"CM105767.1",14001658,14115662,"gene:ENSBOLG00010023206","SMARCC1","SWI/SNF related, matrix associated, actin dependent regulator of chromatin subfamily c member 1 [Ensembl NN prediction with score 100%]","-",14115662,14001658,TRUE,18908,18908,95096,"overlapping","gene_body",FALSE,"intron"
"CM105779.1",35044038,5.204570295,1.94e-07,0.023538083,"CM105779.1",35044038,35044038,238896,"CM105779.1",35282935,35329900,"gene:ENSBOLG00010012348","TMEM182","transmembrane protein 182 [Ensembl NN prediction with score 100%]","-",35329900,35282935,FALSE,285862,285862,238897,"downstream","intergenic",FALSE,"intergenic"
"CM105780.1",37539907,5.20485222,1.94e-07,0.023538083,"CM105780.1",37539907,37539907,391546,"CM105780.1",37931454,37933274,"gene:ENSBOLG00010011758","LINGO2","leucine rich repeat and Ig domain containing 2 [Ensembl NN prediction with score 100%]","+",37931454,37933274,FALSE,391547,391547,393367,"upstream","intergenic",FALSE,"intergenic"
"CM105766.1",98117682,5.201697164,1.97e-07,0.023702316,"CM105766.1",98117682,98117682,174000,"CM105766.1",98291683,98292306,"gene:ENSBOLG00010012588","TUSC1","tumor suppressor candidate 1 [Ensembl NN prediction with score 100%]","+",98291683,98292306,FALSE,174001,174001,174624,"upstream","intergenic",FALSE,"intergenic"
"CM105774.1",36589592,-5.202258975,1.97e-07,0.023702316,"CM105774.1",36589592,36589592,262293,"CM105774.1",36240401,36327298,"gene:ENSBOLG00010011652","PCDH17","protocadherin 17 [Ensembl NN prediction with score 100%]","-",36327298,36240401,FALSE,262294,262294,349191,"upstream","intergenic",FALSE,"intergenic"
"CM105775.1",73374217,5.202001446,1.97e-07,0.023702316,"CM105775.1",73374217,73374217,0,"CM105775.1",73242318,74070706,"gene:ENSBOLG00010014657","IMMP2L","inner mitochondrial membrane peptidase subunit 2 [Ensembl NN prediction with score 71.67%]","-",74070706,73242318,TRUE,696489,696489,131899,"overlapping","gene_body",FALSE,"intron"
"CM105788.1",14870961,-5.200787021,1.98e-07,0.023760738,"CM105788.1",14870961,14870961,370219,"CM105788.1",14418115,14500741,"gene:ENSBOLG00010009526","MDFIC","MyoD family inhibitor domain containing [Ensembl NN prediction with score 99.99%]","+",14418115,14500741,FALSE,452846,452846,370220,"downstream","intergenic",FALSE,"intergenic"
"CM105777.1",15792854,-5.199094397,2e-07,0.023919904,"CM105777.1",15792854,15792854,263988,"CM105777.1",16056843,17130023,"gene:ENSBOLG00010014476","DCC","DCC netrin 1 receptor [Ensembl NN prediction with score 100%]","+",16056843,17130023,FALSE,263989,263989,1337169,"upstream","intergenic",FALSE,"intergenic"
"CM105764.1",76178964,-5.197879481,2.02e-07,0.024018428,"CM105764.1",76178964,76178964,85055,"CM105764.1",75831779,76093908,"gene:ENSBOLG00010001825",NA,NA,"-",76093908,75831779,FALSE,85056,85056,347185,"upstream","intergenic",FALSE,"intergenic"
"CM105765.1",65402421,5.195307271,2.04e-07,0.024061618,"CM105765.1",65402421,65402421,0,"CM105765.1",65381710,65416659,"gene:ENSBOLG00010019706","LIG1","DNA ligase 1 [Ensembl NN prediction with score 99.99%]","-",65416659,65381710,TRUE,14238,14238,20711,"overlapping","gene_body",FALSE,"intron"
"CM105769.1",27688307,-5.196519635,2.03e-07,0.024061618,"CM105769.1",27688307,27688307,0,"CM105769.1",27668563,28498988,"gene:ENSBOLG00010021022","CACNA2D3","calcium voltage-gated channel auxiliary subunit alpha2delta 3 [Ensembl NN prediction with score 100%]","+",27668563,28498988,TRUE,19744,19744,810681,"overlapping","gene_body",FALSE,"intron"
"CM105770.1",95922392,-5.195509084,2.04e-07,0.024061618,"CM105770.1",95922392,95922392,10519,"CM105770.1",95909551,95911872,"gene:ENSBOLG00010002807","SOWAHB","sosondowah ankyrin repeat domain family member B [Ensembl NN prediction with score 100%]","-",95911872,95909551,FALSE,10520,10520,12841,"upstream","intergenic",FALSE,"intergenic"
"CM105783.1",46432610,5.195768319,2.04e-07,0.024061618,"CM105783.1",46432610,46432610,9149,"CM105783.1",46441760,46458856,"gene:ENSBOLG00010020292","PNPLA3","patatin like phospholipase domain containing 3 [Ensembl NN prediction with score 100%]","+",46441760,46458856,FALSE,9150,9150,26246,"upstream","intergenic",FALSE,"intergenic"
"CM105789.1",25062038,-5.196167927,2.03e-07,0.024061618,"CM105789.1",25062038,25062038,15311,"CM105789.1",25077350,25117150,"gene:ENSBOLG00010009752","E2F7","E2F transcription factor 7 [Ensembl NN prediction with score 100%]","+",25077350,25117150,FALSE,15312,15312,55112,"upstream","intergenic",FALSE,"intergenic"
"CM105773.1",73366036,5.194131821,2.06e-07,0.024156333,"CM105773.1",73366036,73366036,700735,"CM105773.1",74066772,74070146,"gene:ENSBOLG00010017658","MAFB","MAF bZIP transcription factor B [Ensembl NN prediction with score 100%]","-",74070146,74066772,FALSE,704110,704110,700736,"downstream","intergenic",FALSE,"intergenic"
"CM105772.1",21992596,5.192499045,2.07e-07,0.02417327,"CM105772.1",21992596,21992596,6444,"CM105772.1",21940618,21986151,"gene:ENSBOLG00010011398","PDLIM1","PDZ and LIM domain 1 [Ensembl NN prediction with score 100%]","+",21940618,21986151,FALSE,51978,51978,6445,"downstream","intergenic",FALSE,"intergenic"
"CM105775.1",43744351,5.192824754,2.07e-07,0.02417327,"CM105775.1",43744351,43744351,0,"CM105775.1",43706625,43786753,"gene:ENSBOLG00010012227","RHOJ","ras homolog family member J [Ensembl NN prediction with score 100%]","-",43786753,43706625,TRUE,42402,42402,37726,"overlapping","gene_body",FALSE,"intron"
"CM105782.1",48605375,-5.192233242,2.08e-07,0.02417327,"CM105782.1",48605375,48605375,134133,"CM105782.1",48457644,48471241,"gene:ENSBOLG00010016961","MAF","MAF bZIP transcription factor [Ensembl NN prediction with score 100%]","-",48471241,48457644,FALSE,134134,134134,147731,"upstream","intergenic",FALSE,"intergenic"
"CM105787.1",3877174,5.193189817,2.07e-07,0.02417327,"CM105787.1",3877174,3877174,682504,"CM105787.1",4559679,4560759,"gene:ENSBOLG00010010202","Atp5c1","ATP synthase, H+ transporting, mitochondrial F1 complex, gamma polypeptide 1 [Ensembl NN prediction with score 86.06%]","-",4560759,4559679,FALSE,683585,683585,682505,"downstream","intergenic",FALSE,"intergenic"
"CM105774.1",39185983,-5.191398744,2.09e-07,0.024224616,"CM105774.1",39185983,39185983,999853,"CM105774.1",40185837,40206964,"gene:ENSBOLG00010011783","OLFM4","olfactomedin 4 [Ensembl NN prediction with score 99.99%]","-",40206964,40185837,FALSE,1020981,1020981,999854,"downstream","intergenic",FALSE,"intergenic"
"CM105769.1",12498250,5.184212082,2.17e-07,0.02509386,"CM105769.1",12498250,12498250,27428,"CM105769.1",12342438,12470821,"gene:ENSBOLG00010018302","SUSD4","sushi domain containing 4 [Ensembl NN prediction with score 100%]","-",12470821,12342438,FALSE,27429,27429,155812,"upstream","intergenic",FALSE,"intergenic"
"CM105770.1",63522184,-5.183954991,2.17e-07,0.02509386,"CM105770.1",63522184,63522184,1146267,"CM105770.1",62374960,62375916,"gene:ENSBOLG00010001322","c1galt1c1","C1GALT1 specific chaperone 1 [Ensembl NN prediction with score 99.96%]","+",62374960,62375916,FALSE,1147224,1147224,1146268,"downstream","intergenic",FALSE,"intergenic"
"CM105776.1",80546190,-5.18059803,2.21e-07,0.02548989,"CM105776.1",80546190,80546190,1670596,"CM105776.1",78805861,78875593,"gene:ENSBOLG00010012347","WAC","WW domain containing adaptor with coiled-coil [Ensembl NN prediction with score 100%]","+",78805861,78875593,FALSE,1740329,1740329,1670597,"downstream","intergenic",FALSE,"intergenic"
"CM105778.1",18004726,5.179351643,2.23e-07,0.025562716,"CM105778.1",18004726,18004726,28174,"CM105778.1",18032901,18033191,"gene:ENSBOLG00010011135","SEC61B","SEC61 translocon subunit beta [Ensembl NN prediction with score 95.3%]","+",18032901,18033191,FALSE,28175,28175,28465,"upstream","intergenic",FALSE,"intergenic"
"CM105779.1",55078265,-5.179194132,2.23e-07,0.025562716,"CM105779.1",55078265,55078265,50503,"CM105779.1",55128769,55148823,"gene:ENSBOLG00010009639","MCM3","minichromosome maintenance complex component 3 [Ensembl NN prediction with score 100%]","+",55128769,55148823,FALSE,50504,50504,70558,"upstream","intergenic",FALSE,"intergenic"
"CM105781.1",36660181,-5.178278214,2.24e-07,0.025628769,"CM105781.1",36660181,36660181,173473,"CM105781.1",36485616,36486707,"gene:ENSBOLG00010007563","TRAM1L1","translocation associated membrane protein 1 like 1 [Ensembl NN prediction with score 99.46%]","+",36485616,36486707,FALSE,174565,174565,173474,"downstream","intergenic",FALSE,"intergenic"
"CM105785.1",51064560,-5.17741887,2.25e-07,0.025687322,"CM105785.1",51064560,51064560,909,"CM105785.1",51060406,51063650,"gene:ENSBOLG00010010821","Atp5g3","ATP synthase, H+ transporting, mitochondrial F0 complex, subunit C3 (subunit 9) [Ensembl NN prediction with score 98.86%]","-",51063650,51060406,FALSE,910,910,4154,"upstream","promoter",FALSE,"promoter"
"CM105767.1",44020682,5.176813009,2.26e-07,0.02571119,"CM105767.1",44020682,44020682,430071,"CM105767.1",44450754,44452036,"gene:ENSBOLG00010000814","RPL10A","ribosomal protein L10a [Ensembl NN prediction with score 100%]","+",44450754,44452036,FALSE,430072,430072,431354,"upstream","intergenic",FALSE,"intergenic"
"CM105767.1",32713558,-5.175242213,2.28e-07,0.025823351,"CM105767.1",32713558,32713558,2671,"CM105767.1",32300773,32710886,"gene:ENSBOLG00010001779","UNC13C","unc-13 homolog C [Ensembl NN prediction with score 100%]","-",32710886,32300773,FALSE,2672,2672,412785,"upstream","intergenic",FALSE,"intergenic"
"CM105777.1",15789759,-5.175138189,2.28e-07,0.025823351,"CM105777.1",15789759,15789759,267083,"CM105777.1",16056843,17130023,"gene:ENSBOLG00010014476","DCC","DCC netrin 1 receptor [Ensembl NN prediction with score 100%]","+",16056843,17130023,FALSE,267084,267084,1340264,"upstream","intergenic",FALSE,"intergenic"
"CM105773.1",48456267,-5.174625939,2.28e-07,0.025834768,"CM105773.1",48456267,48456267,148561,"CM105773.1",48604829,48650682,"gene:ENSBOLG00010017097","HAO1","hydroxyacid oxidase 1 [Ensembl NN prediction with score 100%]","-",48650682,48604829,FALSE,194415,194415,148562,"downstream","intergenic",FALSE,"intergenic"
"CM105765.1",79811891,-5.173861671,2.29e-07,0.025881225,"CM105765.1",79811891,79811891,1026110,"CM105765.1",78171891,78785780,"gene:ENSBOLG00010013427","GRIK2","glutamate ionotropic receptor kainate type subunit 2 [Ensembl NN prediction with score 100%]","+",78171891,78785780,FALSE,1640000,1640000,1026111,"downstream","intergenic",FALSE,"intergenic"
"CM105766.1",122512323,-5.173411199,2.3e-07,0.025884361,"CM105766.1",122512323,122512323,575503,"CM105766.1",121802668,121936819,"gene:ENSBOLG00010000268","BRINP1","BMP/retinoic acid inducible neural specific 1 [Ensembl NN prediction with score 100%]","+",121802668,121936819,FALSE,709655,709655,575504,"downstream","intergenic",FALSE,"intergenic"
"CM105767.1",76714590,5.170790739,2.33e-07,0.026106259,"CM105767.1",76714590,76714590,123255,"CM105767.1",76257825,76591334,"gene:ENSBOLG00010004190","CADM1","cell adhesion molecule 1 [Ensembl NN prediction with score 100%]","+",76257825,76591334,FALSE,456765,456765,123256,"downstream","intergenic",FALSE,"intergenic"
"CM105769.1",45734727,-5.170538484,2.33e-07,0.026106259,"CM105769.1",45734727,45734727,127076,"CM105769.1",45514495,45607650,"gene:ENSBOLG00010000369","THRB","thyroid hormone receptor beta [Ensembl NN prediction with score 100%]","-",45607650,45514495,FALSE,127077,127077,220232,"upstream","intergenic",FALSE,"intergenic"
"CM105770.1",70493003,-5.170679278,2.33e-07,0.026106259,"CM105770.1",70493003,70493003,0,"CM105770.1",70472894,70687621,"gene:ENSBOLG00010004764","ATP8A1","ATPase phospholipid transporting 8A1 [Ensembl NN prediction with score 100%]","-",70687621,70472894,TRUE,194618,194618,20109,"overlapping","gene_body",FALSE,"intron"
"CM105778.1",16742194,5.169838388,2.34e-07,0.026144827,"CM105778.1",16742194,16742194,284359,"CM105778.1",16200649,16457834,"gene:ENSBOLG00010011100","CDH12","cadherin 12 [Ensembl NN prediction with score 99.99%]","-",16457834,16200649,FALSE,284360,284360,541545,"upstream","intergenic",FALSE,"intergenic"
"CM105766.1",6317096,-5.16795657,2.37e-07,0.026159479,"CM105766.1",6317096,6317096,0,"CM105766.1",6295337,6338423,"gene:ENSBOLG00010003012","SSPN","sarcospan [Ensembl NN prediction with score 99.64%]","-",6338423,6295337,TRUE,21327,21327,21759,"overlapping","gene_body",FALSE,"intron"
"CM105769.1",44109633,5.167810159,2.37e-07,0.026159479,"CM105769.1",44109633,44109633,526722,"CM105769.1",44636356,44636992,"gene:ENSBOLG00010000378","rpl29","ribosomal protein L29 [Ensembl NN prediction with score 98%]","+",44636356,44636992,FALSE,526723,526723,527359,"upstream","intergenic",FALSE,"intergenic"
"CM105777.1",14699009,5.168295119,2.36e-07,0.026159479,"CM105777.1",14699009,14699009,22875,"CM105777.1",14721885,14770421,"gene:ENSBOLG00010014553","ME2","malic enzyme 2 [Ensembl NN prediction with score 100%]","+",14721885,14770421,FALSE,22876,22876,71412,"upstream","intergenic",FALSE,"intergenic"
"CM105787.1",2403803,5.168738512,2.36e-07,0.026159479,"CM105787.1",2403803,2403803,2100950,"CM105787.1",301954,302852,"gene:ENSBOLG00010009491",NA,NA,"-",302852,301954,FALSE,2100951,2100951,2101849,"upstream","intergenic",FALSE,"intergenic"
"CM105790.1",8289265,5.167626309,2.37e-07,0.026159479,"CM105790.1",8289265,8289265,252674,"CM105790.1",7939963,8036590,"gene:ENSBOLG00010004628","GRM3","glutamate metabotropic receptor 3 [Ensembl NN prediction with score 100%]","-",8036590,7939963,FALSE,252675,252675,349302,"upstream","intergenic",FALSE,"intergenic"
"CM105785.1",39624906,5.166770193,2.38e-07,0.026220743,"CM105785.1",39624906,39624906,87101,"CM105785.1",39712008,39789503,"gene:ENSBOLG00010003781","TANK","TRAF family member associated NFKB activator [Ensembl NN prediction with score 100%]","+",39712008,39789503,FALSE,87102,87102,164597,"upstream","intergenic",FALSE,"intergenic"
"CM105769.1",27678213,-5.165896285,2.39e-07,0.026226223,"CM105769.1",27678213,27678213,0,"CM105769.1",27668563,28498988,"gene:ENSBOLG00010021022","CACNA2D3","calcium voltage-gated channel auxiliary subunit alpha2delta 3 [Ensembl NN prediction with score 100%]","+",27668563,28498988,TRUE,9650,9650,820775,"overlapping","gene_body",FALSE,"intron"
"CM105775.1",1553347,-5.166078044,2.39e-07,0.026226223,"CM105775.1",1553347,1553347,0,"CM105775.1",1375558,2106593,"gene:ENSBOLG00010021380","ptprn2","protein tyrosine phosphatase receptor type N2 [Ensembl NN prediction with score 100%]","-",2106593,1375558,TRUE,553246,553246,177789,"overlapping","gene_body",FALSE,"intron"
"CM105778.1",69252160,-5.164639065,2.41e-07,0.026286016,"CM105778.1",69252160,69252160,0,"CM105778.1",69027538,69569107,"gene:ENSBOLG00010005410","ADGRV1","adhesion G protein-coupled receptor V1 [Ensembl NN prediction with score 100%]","+",69027538,69569107,TRUE,224622,224622,316947,"overlapping","gene_body",FALSE,"intron"
"CM105789.1",22419539,-5.164970624,2.4e-07,0.026286016,"CM105789.1",22419539,22419539,33654,"CM105789.1",22251902,22385884,"gene:ENSBOLG00010009383","OTOGL","otogelin like [Ensembl NN prediction with score 100%]","-",22385884,22251902,FALSE,33655,33655,167637,"upstream","intergenic",FALSE,"intergenic"
"CM105767.1",82233036,5.164171511,2.42e-07,0.026293496,"CM105767.1",82233036,82233036,1207,"CM105767.1",82234244,82259972,"gene:ENSBOLG00010005759","4930550C14Rik","RIKEN cDNA 4930550C14 gene [Ensembl NN prediction with score 99.94%]","+",82234244,82259972,FALSE,1208,1208,26936,"upstream","promoter",FALSE,"promoter"
"CM105765.1",49809420,-5.161059782,2.46e-07,0.026558113,"CM105765.1",49809420,49809420,0,"CM105765.1",49807835,49837299,"gene:ENSBOLG00010007544",NA,NA,"+",49807835,49837299,TRUE,1585,1585,27879,"overlapping","gene_body",FALSE,"intron"
"CM105773.1",36277938,5.161491175,2.45e-07,0.026558113,"CM105773.1",36277938,36277938,5756,"CM105773.1",36283695,36291043,"gene:ENSBOLG00010020384","BLOC1S6","biogenesis of lysosomal organelles complex 1 subunit 6 [Ensembl NN prediction with score 99.98%]","+",36283695,36291043,FALSE,5757,5757,13105,"upstream","intergenic",FALSE,"intergenic"
"CM105785.1",52321908,5.161124798,2.45e-07,0.026558113,"CM105785.1",52321908,52321908,218567,"CM105785.1",52102669,52103340,"gene:ENSBOLG00010010971",NA,NA,"-",52103340,52102669,FALSE,218568,218568,219239,"upstream","intergenic",FALSE,"intergenic"
"CM105767.1",95311568,-5.160273695,2.47e-07,0.026568583,"CM105767.1",95311568,95311568,52872,"CM105767.1",95364441,95399022,"gene:ENSBOLG00010000409","SNX19","sorting nexin 19 [Ensembl NN prediction with score 100%]","-",95399022,95364441,FALSE,87454,87454,52873,"downstream","intergenic",FALSE,"intergenic"
"CM105771.1",35605122,5.159755748,2.47e-07,0.026568583,"CM105771.1",35605122,35605122,0,"CM105771.1",35232123,35647685,"gene:ENSBOLG00010005276","FSTL4","follistatin like 4 [Ensembl NN prediction with score 100%]","+",35232123,35647685,TRUE,372999,372999,42563,"overlapping","gene_body",FALSE,"intron"
"CM105789.1",21000221,5.159863654,2.47e-07,0.026568583,"CM105789.1",21000221,21000221,85532,"CM105789.1",21085754,21492273,"gene:ENSBOLG00010009449","PPFIA2","PTPRF interacting protein alpha 2 [Ensembl NN prediction with score 100%]","+",21085754,21492273,FALSE,85533,85533,492052,"upstream","intergenic",FALSE,"intergenic"
"CM105789.1",16574900,5.158760006,2.49e-07,0.026652057,"CM105789.1",16574900,16574900,316777,"CM105789.1",16235121,16258122,"gene:ENSBOLG00010009224","1700017N19Rik","RIKEN cDNA 1700017N19 gene [Ensembl NN prediction with score 99.99%]","+",16235121,16258122,FALSE,339779,339779,316778,"downstream","intergenic",FALSE,"intergenic"
"CM105769.1",47912036,-5.15283964,2.57e-07,0.027388343,"CM105769.1",47912036,47912036,145004,"CM105769.1",48057041,48218917,"gene:ENSBOLG00010000366","NEK10","NIMA related kinase 10 [Ensembl NN prediction with score 100%]","-",48218917,48057041,FALSE,306881,306881,145005,"downstream","intergenic",FALSE,"intergenic"
"CM105776.1",34239860,5.15308659,2.56e-07,0.027388343,"CM105776.1",34239860,34239860,202373,"CM105776.1",34442234,34446512,"gene:ENSBOLG00010012460",NA,NA,"-",34446512,34442234,FALSE,206652,206652,202374,"downstream","intergenic",FALSE,"intergenic"
"CM105783.1",54945065,-5.152424543,2.57e-07,0.027389641,"CM105783.1",54945065,54945065,0,"CM105783.1",54923859,55279776,"gene:ENSBOLG00010008891","PDZRN4","PDZ domain containing ring finger 4 [Ensembl NN prediction with score 100%]","+",54923859,55279776,TRUE,21206,21206,334711,"overlapping","gene_body",FALSE,"intron"
"CM105766.1",86855660,-5.150292136,2.6e-07,0.027643066,"CM105766.1",86855660,86855660,32540,"CM105766.1",86888201,86964241,"gene:ENSBOLG00010019104","plpp3","phospholipid phosphatase 3 [Ensembl NN prediction with score 100%]","-",86964241,86888201,FALSE,108581,108581,32541,"downstream","intergenic",FALSE,"intergenic"
"CM105770.1",28666535,-5.149624182,2.61e-07,0.027681899,"CM105770.1",28666535,28666535,0,"CM105770.1",28597282,28686195,"gene:ENSBOLG00010003705","IKZF1","IKAROS family zinc finger 1 [Ensembl NN prediction with score 100%]","-",28686195,28597282,TRUE,19660,19660,69253,"overlapping","gene_body",FALSE,"intron"
"CM105788.1",20747078,-5.147704234,2.64e-07,0.027906511,"CM105788.1",20747078,20747078,43853,"CM105788.1",20662275,20703224,"gene:ENSBOLG00010016284","FAM3C","FAM3 metabolism regulating signaling molecule C [Ensembl NN prediction with score 100%]","-",20703224,20662275,FALSE,43854,43854,84803,"upstream","intergenic",FALSE,"intergenic"
"CM105769.1",81606652,-5.146595399,2.65e-07,0.028011656,"CM105769.1",81606652,81606652,60234,"CM105769.1",81666887,81667508,"gene:ENSBOLG00010018660","rpl17","ribosomal protein L17 [Ensembl NN prediction with score 99.99%]","-",81667508,81666887,FALSE,60856,60856,60235,"downstream","intergenic",FALSE,"intergenic"
"CM105775.1",44105220,5.145674438,2.67e-07,0.028089166,"CM105775.1",44105220,44105220,0,"CM105775.1",43894981,44181413,"gene:ENSBOLG00010012239","KCNH5","potassium voltage-gated channel subfamily H member 5 [Ensembl NN prediction with score 99.99%]","+",43894981,44181413,TRUE,210239,210239,76193,"overlapping","gene_body",FALSE,"intron"
"CM105783.1",17575178,5.144306432,2.69e-07,0.028234146,"CM105783.1",17575178,17575178,0,"CM105783.1",17293268,17684510,"gene:ENSBOLG00010013580","SAMD12","sterile alpha motif domain containing 12 [Ensembl NN prediction with score 99.99%]","-",17684510,17293268,TRUE,109332,109332,281910,"overlapping","gene_body",FALSE,"intron"
"CM105779.1",59500756,-5.143609707,2.7e-07,0.028278684,"CM105779.1",59500756,59500756,0,"CM105779.1",59460378,59531388,"gene:ENSBOLG00010009842","TNFRSF21","TNF receptor superfamily member 21 [Ensembl NN prediction with score 99.78%]","+",59460378,59531388,TRUE,40378,40378,30632,"overlapping","gene_body",FALSE,"intron"
"CM105771.1",45992358,-5.143072843,2.7e-07,0.028299307,"CM105771.1",45992358,45992358,23488,"CM105771.1",45944069,45968869,"gene:ENSBOLG00010005024","PMP22","peripheral myelin protein 22 [Ensembl NN prediction with score 99.91%]","+",45944069,45968869,FALSE,48289,48289,23489,"downstream","intergenic",FALSE,"intergenic"
"CM105769.1",80562261,-5.139358153,2.76e-07,0.028742161,"CM105769.1",80562261,80562261,403080,"CM105769.1",80041363,80159180,"gene:ENSBOLG00010007564","CDC73","cell division cycle 73 [Ensembl NN prediction with score 100%]","+",80041363,80159180,FALSE,520898,520898,403081,"downstream","intergenic",FALSE,"intergenic"
"CM105771.1",49786358,5.139702853,2.75e-07,0.028742161,"CM105771.1",49786358,49786358,0,"CM105771.1",49777153,49789436,"gene:ENSBOLG00010004739","SCO1","synthesis of cytochrome C oxidase 1 [Ensembl NN prediction with score 100%]","+",49777153,49789436,TRUE,9205,9205,3078,"overlapping","gene_body",FALSE,"intron"
"CM105775.1",1538920,-5.138159722,2.77e-07,0.028837801,"CM105775.1",1538920,1538920,0,"CM105775.1",1375558,2106593,"gene:ENSBOLG00010021380","ptprn2","protein tyrosine phosphatase receptor type N2 [Ensembl NN prediction with score 100%]","-",2106593,1375558,TRUE,567673,567673,163362,"overlapping","gene_body",FALSE,"intron"
"CM105778.1",69466994,-5.137130707,2.79e-07,0.028837801,"CM105778.1",69466994,69466994,0,"CM105778.1",69027538,69569107,"gene:ENSBOLG00010005410","ADGRV1","adhesion G protein-coupled receptor V1 [Ensembl NN prediction with score 100%]","+",69027538,69569107,TRUE,439456,439456,102113,"overlapping","gene_body",FALSE,"intron"
"CM105780.1",29422737,-5.136753057,2.8e-07,0.028837801,"CM105780.1",29422737,29422737,41597,"CM105780.1",29376272,29381139,"gene:ENSBOLG00010012819","ALDH1B1","aldehyde dehydrogenase 1 family member B1 [Ensembl NN prediction with score 100%]","-",29381139,29376272,FALSE,41598,41598,46465,"upstream","intergenic",FALSE,"intergenic"
"CM105782.1",62792304,-5.13722639,2.79e-07,0.028837801,"CM105782.1",62792304,62792304,378776,"CM105782.1",62411473,62413527,"gene:ENSBOLG00010004176","FZD8","frizzled class receptor 8 [Ensembl NN prediction with score 99.96%]","-",62413527,62411473,FALSE,378777,378777,380831,"upstream","intergenic",FALSE,"intergenic"
"CM105787.1",45664389,5.137190842,2.79e-07,0.028837801,"CM105787.1",45664389,45664389,172135,"CM105787.1",45488499,45492253,"gene:ENSBOLG00010016496","MEX3B","mex-3 RNA binding family member B [Ensembl NN prediction with score 100%]","+",45488499,45492253,FALSE,175890,175890,172136,"downstream","intergenic",FALSE,"intergenic"
"CM105771.1",48427356,5.136123613,2.8e-07,0.028845115,"CM105771.1",48427356,48427356,43597,"CM105771.1",48470954,48565366,"gene:ENSBOLG00010005020","MAP2K4","mitogen-activated protein kinase kinase 4 [Ensembl NN prediction with score 99.79%]","-",48565366,48470954,FALSE,138010,138010,43598,"downstream","intergenic",FALSE,"intergenic"
"CM105775.1",1635576,-5.135918666,2.81e-07,0.028845115,"CM105775.1",1635576,1635576,0,"CM105775.1",1375558,2106593,"gene:ENSBOLG00010021380","ptprn2","protein tyrosine phosphatase receptor type N2 [Ensembl NN prediction with score 100%]","-",2106593,1375558,TRUE,471017,471017,260018,"overlapping","gene_body",FALSE,"intron"
"CM105771.1",40205885,5.135172182,2.82e-07,0.028899513,"CM105771.1",40205885,40205885,0,"CM105771.1",40090367,40230158,"gene:ENSBOLG00010005027","GALNT10","polypeptide N-acetylgalactosaminyltransferase 10 [Ensembl NN prediction with score 100%]","+",40090367,40230158,TRUE,115518,115518,24273,"overlapping","gene_body",FALSE,"intron"
"CM105767.1",8146348,5.133004094,2.85e-07,0.029173763,"CM105767.1",8146348,8146348,89783,"CM105767.1",8236132,8328592,"gene:ENSBOLG00010003462","TGFBR2","transforming growth factor beta receptor 2 [Ensembl NN prediction with score 100%]","+",8236132,8328592,FALSE,89784,89784,182244,"upstream","intergenic",FALSE,"intergenic"
"CM105774.1",66671724,-5.131474846,2.87e-07,0.029290043,"CM105774.1",66671724,66671724,0,"CM105774.1",66667262,66672068,"gene:ENSBOLG00010022876","IRF9","interferon regulatory factor 9 [Ensembl NN prediction with score 100%]","-",66672068,66667262,TRUE,344,344,4462,"overlapping","gene_body",FALSE,"intron"
"CM105780.1",40309414,5.131613848,2.87e-07,0.029290043,"CM105780.1",40309414,40309414,11062,"CM105780.1",40320477,40324746,"gene:ENSBOLG00010011656","PNRC1","proline rich nuclear receptor coactivator 1 [Ensembl NN prediction with score 88.47%]","+",40320477,40324746,FALSE,11063,11063,15332,"upstream","intergenic",FALSE,"intergenic"
"CM105764.1",62863040,5.126756363,2.95e-07,0.029708347,"CM105764.1",62863040,62863040,0,"CM105764.1",62753321,62907433,"gene:ENSBOLG00010003617","ABI3BP","ABI family member 3 binding protein [Ensembl NN prediction with score 99.46%]","+",62753321,62907433,TRUE,109719,109719,44393,"overlapping","gene_body",FALSE,"intron"
"CM105767.1",95160371,5.125871667,2.96e-07,0.029708347,"CM105767.1",95160371,95160371,204069,"CM105767.1",95364441,95399022,"gene:ENSBOLG00010000409","SNX19","sorting nexin 19 [Ensembl NN prediction with score 100%]","-",95399022,95364441,FALSE,238651,238651,204070,"downstream","intergenic",FALSE,"intergenic"
"CM105768.1",61193156,5.125801487,2.96e-07,0.029708347,"CM105768.1",61193156,61193156,599188,"CM105768.1",61792345,61815802,"gene:ENSBOLG00010000714","TRIB2","tribbles pseudokinase 2 [Ensembl NN prediction with score 100%]","-",61815802,61792345,FALSE,622646,622646,599189,"downstream","intergenic",FALSE,"intergenic"
"CM105769.1",93333722,-5.125711708,2.96e-07,0.029708347,"CM105769.1",93333722,93333722,29397,"CM105769.1",93363120,93389270,"gene:ENSBOLG00010015554","APOH","apolipoprotein H [Ensembl NN prediction with score 70.68%]","-",93389270,93363120,FALSE,55548,55548,29398,"downstream","intergenic",FALSE,"intergenic"
"CM105774.1",45318171,-5.127447451,2.94e-07,0.029708347,"CM105774.1",45318171,45318171,0,"CM105774.1",45257096,45441513,"gene:ENSBOLG00010007696","LRCH1","leucine rich repeats and calponin homology domain containing 1 [Ensembl NN prediction with score 100%]","+",45257096,45441513,TRUE,61075,61075,123342,"overlapping","gene_body",FALSE,"intron"
"CM105775.1",58718910,-5.126975985,2.94e-07,0.029708347,"CM105775.1",58718910,58718910,217593,"CM105775.1",58453436,58501316,"gene:ENSBOLG00010005793","SEC23A","SEC23 homolog A, COPII coat complex component [Ensembl NN prediction with score 100%]","+",58453436,58501316,FALSE,265474,265474,217594,"downstream","intergenic",FALSE,"intergenic"
"CM105776.1",59473585,-5.126744454,2.95e-07,0.029708347,"CM105776.1",59473585,59473585,685184,"CM105776.1",58768619,58788400,"gene:ENSBOLG00010014882","GATA3","GATA binding protein 3 [Ensembl NN prediction with score 100%]","+",58768619,58788400,FALSE,704966,704966,685185,"downstream","intergenic",FALSE,"intergenic"
"CM105782.1",47922364,-5.125935342,2.96e-07,0.029708347,"CM105782.1",47922364,47922364,0,"CM105782.1",47228083,48130182,"gene:ENSBOLG00010015910","WWOX","WW domain containing oxidoreductase [Ensembl NN prediction with score 100%]","+",47228083,48130182,TRUE,694281,694281,207818,"overlapping","gene_body",FALSE,"intron"
"CM105767.1",6040840,5.124482069,2.98e-07,0.029781561,"CM105767.1",6040840,6040840,153438,"CM105767.1",5880683,5887401,"gene:ENSBOLG00010003419","EOMES","eomesodermin [Ensembl NN prediction with score 100%]","-",5887401,5880683,FALSE,153439,153439,160157,"upstream","intergenic",FALSE,"intergenic"
"CM105776.1",46124741,-5.124835985,2.98e-07,0.029781561,"CM105776.1",46124741,46124741,162870,"CM105776.1",46287612,46288496,"gene:ENSBOLG00010008680","AW549877","expressed sequence AW549877 [Ensembl NN prediction with score 99.25%]","+",46287612,46288496,FALSE,162871,162871,163755,"upstream","intergenic",FALSE,"intergenic"
"CM105782.1",30166953,5.123844853,2.99e-07,0.029821947,"CM105782.1",30166953,30166953,189109,"CM105782.1",30356063,30356783,"gene:ENSBOLG00010016889",NA,NA,"-",30356783,30356063,FALSE,189830,189830,189110,"downstream","intergenic",FALSE,"intergenic"
"CM105779.1",443426,-5.120772465,3.04e-07,0.030250752,"CM105779.1",443426,443426,0,"CM105779.1",436366,480222,"gene:ENSBOLG00010021639","Olfr132","olfactory receptor 132 [Ensembl NN prediction with score 89.02%]","-",480222,436366,TRUE,36796,36796,7060,"overlapping","gene_body",FALSE,"intron"
"CM105768.1",5116041,-5.11893162,3.07e-07,0.03036435,"CM105768.1",5116041,5116041,0,"CM105768.1",4946801,5820396,"gene:ENSBOLG00010002792","DPP6","dipeptidyl peptidase like 6 [Ensembl NN prediction with score 100%]","-",5820396,4946801,TRUE,704355,704355,169240,"overlapping","gene_body",FALSE,"intron"
"CM105776.1",32189907,5.118926079,3.07e-07,0.03036435,"CM105776.1",32189907,32189907,54004,"CM105776.1",32243912,32249461,"gene:ENSBOLG00010012674","UQCRFS1","ubiquinol-cytochrome c reductase, Rieske iron-sulfur polypeptide 1 [Ensembl NN prediction with score 100%]","+",32243912,32249461,FALSE,54005,54005,59554,"upstream","intergenic",FALSE,"intergenic"
"CM105781.1",11055852,-5.119329626,3.07e-07,0.03036435,"CM105781.1",11055852,11055852,0,"CM105781.1",10933613,11071146,"gene:ENSBOLG00010011252","NOTCH2","notch receptor 2 [Ensembl NN prediction with score 100%]","+",10933613,11071146,TRUE,122239,122239,15294,"overlapping","gene_body",FALSE,"intron"
"CM105766.1",12120421,5.118423562,3.08e-07,0.030384336,"CM105766.1",12120421,12120421,62126,"CM105766.1",11899398,12058294,"gene:ENSBOLG00010002232","PLEKHA5","pleckstrin homology domain containing A5 [Ensembl NN prediction with score 100%]","-",12058294,11899398,FALSE,62127,62127,221023,"upstream","intergenic",FALSE,"intergenic"
"CM105767.1",44004228,5.11681082,3.11e-07,0.030567682,"CM105767.1",44004228,44004228,446525,"CM105767.1",44450754,44452036,"gene:ENSBOLG00010000814","RPL10A","ribosomal protein L10a [Ensembl NN prediction with score 100%]","+",44450754,44452036,FALSE,446526,446526,447808,"upstream","intergenic",FALSE,"intergenic"
"CM105768.1",41638892,-5.116533811,3.11e-07,0.030567682,"CM105768.1",41638892,41638892,0,"CM105768.1",41023647,42086700,"gene:ENSBOLG00010002412","NRXN1","neurexin 1 [Ensembl NN prediction with score 100%]","-",42086700,41023647,TRUE,447808,447808,615245,"overlapping","gene_body",FALSE,"intron"
"CM105776.1",20197369,-5.115971326,3.12e-07,0.030597855,"CM105776.1",20197369,20197369,17132,"CM105776.1",20157389,20180236,"gene:ENSBOLG00010015784","SIRT5","sirtuin 5 [Ensembl NN prediction with score 100%]","-",20180236,20157389,FALSE,17133,17133,39980,"upstream","intergenic",FALSE,"intergenic"
"CM105775.1",46652040,5.11533864,3.13e-07,0.030636885,"CM105775.1",46652040,46652040,0,"CM105775.1",46607815,46670089,"gene:ENSBOLG00010011233","LRRC9","leucine rich repeat containing 9 [Ensembl NN prediction with score 100%]","-",46670089,46607815,TRUE,18049,18049,44225,"overlapping","gene_body",FALSE,"intron"
"CM105778.1",30641309,-5.114980262,3.14e-07,0.030636885,"CM105778.1",30641309,30641309,0,"CM105778.1",30615629,30671120,"gene:ENSBOLG00010010196","MROH2B","maestro heat like repeat family member 2B [Ensembl NN prediction with score 100%]","-",30671120,30615629,TRUE,29811,29811,25680,"overlapping","gene_body",FALSE,"intron"
"CM105775.1",32074329,-5.114308545,3.15e-07,0.030685214,"CM105775.1",32074329,32074329,5372,"CM105775.1",32032145,32068956,"gene:ENSBOLG00010015827","TMEM63C","transmembrane protein 63C [Ensembl NN prediction with score 100%]","-",32068956,32032145,FALSE,5373,5373,42184,"upstream","intergenic",FALSE,"intergenic"
"CM105786.1",29510827,5.113525243,3.16e-07,0.030751896,"CM105786.1",29510827,29510827,0,"CM105786.1",29434647,29579860,"gene:ENSBOLG00010007406","TUSC3","tumor suppressor candidate 3 [Ensembl NN prediction with score 99.98%]","+",29434647,29579860,TRUE,76180,76180,69033,"overlapping","gene_body",FALSE,"intron"
"CM105765.1",8242877,5.111461074,3.2e-07,0.030938899,"CM105765.1",8242877,8242877,8835,"CM105765.1",8072724,8234041,"gene:ENSBOLG00010000459","ABCA12","ATP binding cassette subfamily A member 12 [Ensembl NN prediction with score 100%]","-",8234041,8072724,FALSE,8836,8836,170153,"upstream","intergenic",FALSE,"intergenic"
"CM105777.1",63817648,-5.111250256,3.2e-07,0.030938899,"CM105777.1",63817648,63817648,140478,"CM105777.1",63958127,64306060,"gene:ENSBOLG00010008027","NOL4","nucleolar protein 4 [Ensembl NN prediction with score 100%]","+",63958127,64306060,FALSE,140479,140479,488412,"upstream","intergenic",FALSE,"intergenic"
"CM105781.1",32661885,-5.110893255,3.21e-07,0.030938899,"CM105781.1",32661885,32661885,295179,"CM105781.1",32364985,32366705,"gene:ENSBOLG00010007567","pgk1","phosphoglycerate kinase 1 [Ensembl NN prediction with score 99.98%]","+",32364985,32366705,FALSE,296900,296900,295180,"downstream","intergenic",FALSE,"intergenic"
"CM105789.1",17808666,5.111967084,3.19e-07,0.030938899,"CM105789.1",17808666,17808666,13148,"CM105789.1",17821815,17830244,"gene:ENSBOLG00010009149","NTS","neurotensin [Ensembl NN prediction with score 99.63%]","-",17830244,17821815,FALSE,21578,21578,13149,"downstream","intergenic",FALSE,"intergenic"
"CM105765.1",65443668,5.109514775,3.23e-07,0.031104482,"CM105765.1",65443668,65443668,1188,"CM105765.1",65444857,65445744,"gene:ENSBOLG00010021289","Vmn1r87","vomeronasal 1 receptor 87 [Ensembl NN prediction with score 99.29%]","-",65445744,65444857,FALSE,2076,2076,1189,"downstream","downstream",FALSE,"downstream"
"CM105777.1",63772904,-5.108247537,3.25e-07,0.031237093,"CM105777.1",63772904,63772904,185222,"CM105777.1",63958127,64306060,"gene:ENSBOLG00010008027","NOL4","nucleolar protein 4 [Ensembl NN prediction with score 100%]","+",63958127,64306060,FALSE,185223,185223,533156,"upstream","intergenic",FALSE,"intergenic"
"CM105783.1",61026192,5.107972642,3.26e-07,0.031237093,"CM105783.1",61026192,61026192,4453,"CM105783.1",61030646,61031608,"gene:ENSBOLG00010009193","OR10AD1","olfactory receptor family 10 subfamily AD member 1 [Ensembl NN prediction with score 99.97%]","-",61031608,61030646,FALSE,5416,5416,4454,"downstream","intergenic",FALSE,"intergenic"
"CM105773.1",79954532,5.104911986,3.31e-07,0.031674746,"CM105773.1",79954532,79954532,37110,"CM105773.1",79832711,79917421,"gene:ENSBOLG00010016926","SULF2","sulfatase 2 [Ensembl NN prediction with score 100%]","-",79917421,79832711,FALSE,37111,37111,121821,"upstream","intergenic",FALSE,"intergenic"
"CM105782.1",52369152,-5.104606559,3.31e-07,0.031674746,"CM105782.1",52369152,52369152,5703,"CM105782.1",52349610,52363448,"gene:ENSBOLG00010018130","MEAK7","MTOR associated protein, eak-7 homolog [Ensembl NN prediction with score 95.62%]","-",52363448,52349610,FALSE,5704,5704,19542,"upstream","intergenic",FALSE,"intergenic"
"CM105768.1",115666931,5.10378103,3.33e-07,0.03175165,"CM105768.1",115666931,115666931,4957,"CM105768.1",115632413,115661973,"gene:ENSBOLG00010014410","H6PD","hexose-6-phosphate dehydrogenase/glucose 1-dehydrogenase [Ensembl NN prediction with score 100%]","-",115661973,115632413,FALSE,4958,4958,34518,"upstream","intergenic",FALSE,"intergenic"
"CM105768.1",9779715,5.102841304,3.35e-07,0.031848059,"CM105768.1",9779715,9779715,93334,"CM105768.1",9684874,9686380,"gene:ENSBOLG00010002294",NA,NA,"-",9686380,9684874,FALSE,93335,93335,94841,"upstream","intergenic",FALSE,"intergenic"
"CM105776.1",31648089,5.101893025,3.36e-07,0.031946297,"CM105776.1",31648089,31648089,138502,"CM105776.1",31786592,31977302,"gene:ENSBOLG00010012379","EXOC2","exocyst complex component 2 [Ensembl NN prediction with score 100%]","+",31786592,31977302,FALSE,138503,138503,329213,"upstream","intergenic",FALSE,"intergenic"
"CM105780.1",46811348,-5.10116141,3.38e-07,0.032008262,"CM105780.1",46811348,46811348,21356,"CM105780.1",46832705,46847744,"gene:ENSBOLG00010005138","MANEA","mannosidase endo-alpha [Ensembl NN prediction with score 100%]","+",46832705,46847744,FALSE,21357,21357,36396,"upstream","intergenic",FALSE,"intergenic"
"CM105773.1",63322895,5.099897093,3.4e-07,0.03209231,"CM105773.1",63322895,63322895,124660,"CM105773.1",63447556,63448479,"gene:ENSBOLG00010020461","LRRC59","leucine rich repeat containing 59 [Ensembl NN prediction with score 100%]","-",63448479,63447556,FALSE,125584,125584,124661,"downstream","intergenic",FALSE,"intergenic"
"CM105773.1",63672468,5.100266844,3.39e-07,0.03209231,"CM105773.1",63672468,63672468,66459,"CM105773.1",63738928,63742018,"gene:ENSBOLG00010018919","Cst10","cystatin 10 (chondrocytes) [Ensembl NN prediction with score 99.99%]","+",63738928,63742018,FALSE,66460,66460,69550,"upstream","intergenic",FALSE,"intergenic"
"CM105786.1",54415559,-5.099574232,3.4e-07,0.03209231,"CM105786.1",54415559,54415559,99017,"CM105786.1",54514577,54995045,"gene:ENSBOLG00010006750","MARCHF1","membrane associated ring-CH-type finger 1 [Ensembl NN prediction with score 100%]","+",54514577,54995045,FALSE,99018,99018,579486,"upstream","intergenic",FALSE,"intergenic"
"CM105779.1",16497407,5.097514531,3.44e-07,0.032381318,"CM105779.1",16497407,16497407,49946,"CM105779.1",16547354,16569741,"gene:ENSBOLG00010010145","SLC16A9","solute carrier family 16 member 9 [Ensembl NN prediction with score 100%]","-",16569741,16547354,FALSE,72334,72334,49947,"downstream","intergenic",FALSE,"intergenic"
"CM105778.1",69464806,-5.096593763,3.46e-07,0.032477043,"CM105778.1",69464806,69464806,0,"CM105778.1",69027538,69569107,"gene:ENSBOLG00010005410","ADGRV1","adhesion G protein-coupled receptor V1 [Ensembl NN prediction with score 100%]","+",69027538,69569107,TRUE,437268,437268,104301,"overlapping","gene_body",FALSE,"intron"
"CM105767.1",20933075,-5.095447224,3.48e-07,0.032552991,"CM105767.1",20933075,20933075,71606,"CM105767.1",21004682,21007505,"gene:ENSBOLG00010018450","SPESP1","sperm equatorial segment protein 1 [Ensembl NN prediction with score 93.82%]","-",21007505,21004682,FALSE,74430,74430,71607,"downstream","intergenic",FALSE,"intergenic"
"CM105771.1",39219620,5.094835261,3.49e-07,0.032552991,"CM105771.1",39219620,39219620,224716,"CM105771.1",39444337,39765241,"gene:ENSBOLG00010005330","GRIA1","glutamate ionotropic receptor AMPA type subunit 1 [Ensembl NN prediction with score 100%]","+",39444337,39765241,FALSE,224717,224717,545621,"upstream","intergenic",FALSE,"intergenic"
"CM105777.1",62316859,5.095407943,3.48e-07,0.032552991,"CM105777.1",62316859,62316859,1435,"CM105777.1",62266614,62315423,"gene:ENSBOLG00010007997","MOCOS","molybdenum cofactor sulfurase [Ensembl NN prediction with score 100%]","-",62315423,62266614,FALSE,1436,1436,50245,"upstream","promoter",FALSE,"promoter"
"CM105789.1",29071891,5.094710789,3.49e-07,0.032552991,"CM105789.1",29071891,29071891,143323,"CM105789.1",29215215,29314021,"gene:ENSBOLG00010009587","TPH2","tryptophan hydroxylase 2 [Ensembl NN prediction with score 100%]","-",29314021,29215215,FALSE,242130,242130,143324,"downstream","intergenic",FALSE,"intergenic"
"CM105774.1",26802394,-5.092733538,3.53e-07,0.032832256,"CM105774.1",26802394,26802394,138886,"CM105774.1",26663125,26663507,"gene:ENSBOLG00010003635","RPL22","ribosomal protein L22 [Ensembl NN prediction with score 99.94%]","-",26663507,26663125,FALSE,138887,138887,139269,"upstream","intergenic",FALSE,"intergenic"
"CM105775.1",73400448,-5.091495869,3.55e-07,0.032954378,"CM105775.1",73400448,73400448,0,"CM105775.1",73242318,74070706,"gene:ENSBOLG00010014657","IMMP2L","inner mitochondrial membrane peptidase subunit 2 [Ensembl NN prediction with score 71.67%]","-",74070706,73242318,TRUE,670258,670258,158130,"overlapping","gene_body",FALSE,"intron"
"CM105788.1",20415181,5.091314495,3.56e-07,0.032954378,"CM105788.1",20415181,20415181,0,"CM105788.1",20324694,20608906,"gene:ENSBOLG00010014991","CPED1","cadherin like and PC-esterase domain containing 1 [Ensembl NN prediction with score 100%]","+",20324694,20608906,TRUE,90487,90487,193725,"overlapping","gene_body",FALSE,"intron"
"CM105770.1",94397431,-5.09081587,3.57e-07,0.032979057,"CM105770.1",94397431,94397431,50194,"CM105770.1",94299802,94347236,"gene:ENSBOLG00010001540","BTC","betacellulin [Ensembl NN prediction with score 99.7%]","-",94347236,94299802,FALSE,50195,50195,97629,"upstream","intergenic",FALSE,"intergenic"
"CM105769.1",51157247,5.086309536,3.65e-07,0.033708605,"CM105769.1",51157247,51157247,72663,"CM105769.1",50417445,51084583,"gene:ENSBOLG00010000337","PTPRG","protein tyrosine phosphatase receptor type G [Ensembl NN prediction with score 100%]","-",51084583,50417445,FALSE,72664,72664,739802,"upstream","intergenic",FALSE,"intergenic"
"CM105770.1",9487211,-5.085252046,3.67e-07,0.033832799,"CM105770.1",9487211,9487211,1023,"CM105770.1",9488235,9548217,"gene:ENSBOLG00010022176","RFX2","regulatory factor X2 [Ensembl NN prediction with score 100%]","-",9548217,9488235,FALSE,61006,61006,1024,"downstream","downstream",FALSE,"downstream"
"CM105776.1",71685334,5.084546393,3.69e-07,0.033832799,"CM105776.1",71685334,71685334,130961,"CM105776.1",71553011,71554372,"gene:ENSBOLG00010014934","OTUD1","OTU deubiquitinase 1 [Ensembl NN prediction with score 100%]","+",71553011,71554372,FALSE,132323,132323,130962,"downstream","intergenic",FALSE,"intergenic"
"CM105779.1",12611457,5.084634799,3.68e-07,0.033832799,"CM105779.1",12611457,12611457,67079,"CM105779.1",12467204,12544377,"gene:ENSBOLG00010010330","RSPH14","radial spoke head 14 homolog [Ensembl NN prediction with score 100%]","+",12467204,12544377,FALSE,144253,144253,67080,"downstream","intergenic",FALSE,"intergenic"
"CM105775.1",43744344,5.084186033,3.69e-07,0.033833966,"CM105775.1",43744344,43744344,0,"CM105775.1",43706625,43786753,"gene:ENSBOLG00010012227","RHOJ","ras homolog family member J [Ensembl NN prediction with score 100%]","-",43786753,43706625,TRUE,42409,42409,37719,"overlapping","gene_body",FALSE,"intron"
"CM105783.1",17174477,5.083512202,3.71e-07,0.033891161,"CM105783.1",17174477,17174477,0,"CM105783.1",16910100,17184459,"gene:ENSBOLG00010013409","EXT1","exostosin glycosyltransferase 1 [Ensembl NN prediction with score 100%]","-",17184459,16910100,TRUE,9982,9982,264377,"overlapping","gene_body",FALSE,"intron"
"CM105773.1",63308866,5.082434091,3.73e-07,0.034020913,"CM105773.1",63308866,63308866,138689,"CM105773.1",63447556,63448479,"gene:ENSBOLG00010020461","LRRC59","leucine rich repeat containing 59 [Ensembl NN prediction with score 100%]","-",63448479,63447556,FALSE,139613,139613,138690,"downstream","intergenic",FALSE,"intergenic"
"CM105768.1",5080255,-5.080700691,3.76e-07,0.034269268,"CM105768.1",5080255,5080255,0,"CM105768.1",4946801,5820396,"gene:ENSBOLG00010002792","DPP6","dipeptidyl peptidase like 6 [Ensembl NN prediction with score 100%]","-",5820396,4946801,TRUE,740141,740141,133454,"overlapping","gene_body",FALSE,"intron"
"CM105779.1",1383095,5.080071173,3.77e-07,0.034319469,"CM105779.1",1383095,1383095,1273,"CM105779.1",1384369,1400227,"gene:ENSBOLG00010021968","TRIM31","tripartite motif containing 31 [Ensembl NN prediction with score 99.43%]","+",1384369,1400227,FALSE,1274,1274,17132,"upstream","promoter",FALSE,"promoter"
"CM105788.1",20770465,-5.079561162,3.78e-07,0.034348236,"CM105788.1",20770465,20770465,67240,"CM105788.1",20662275,20703224,"gene:ENSBOLG00010016284","FAM3C","FAM3 metabolism regulating signaling molecule C [Ensembl NN prediction with score 100%]","-",20703224,20662275,FALSE,67241,67241,108190,"upstream","intergenic",FALSE,"intergenic"
"CM105764.1",114762477,5.076408646,3.85e-07,0.034530175,"CM105764.1",114762477,114762477,66648,"CM105764.1",114657425,114695828,"gene:ENSBOLG00010003164","CASTOR2","cytosolic arginine sensor for mTORC1 subunit 2 [Ensembl NN prediction with score 90.25%]","-",114695828,114657425,FALSE,66649,66649,105052,"upstream","intergenic",FALSE,"intergenic"
"CM105764.1",116022264,5.077983543,3.81e-07,0.034530175,"CM105764.1",116022264,116022264,123926,"CM105764.1",116146191,117237516,"gene:ENSBOLG00010003108","AUTS2","activator of transcription and developmental regulator AUTS2 [Ensembl NN prediction with score 99.99%]","+",116146191,117237516,FALSE,123927,123927,1215252,"upstream","intergenic",FALSE,"intergenic"
"CM105765.1",83755690,-5.076953505,3.84e-07,0.034530175,"CM105765.1",83755690,83755690,4222,"CM105765.1",83718107,83751467,"gene:ENSBOLG00010015269","QRSL1","glutaminyl-tRNA amidotransferase subunit QRSL1 [Ensembl NN prediction with score 100%]","+",83718107,83751467,FALSE,37583,37583,4223,"downstream","intergenic",FALSE,"intergenic"
"CM105765.1",88820508,5.07691089,3.84e-07,0.034530175,"CM105765.1",88820508,88820508,224465,"CM105765.1",88454924,88596042,"gene:ENSBOLG00010015371","LAMA4","laminin subunit alpha 4 [Ensembl NN prediction with score 100%]","-",88596042,88454924,FALSE,224466,224466,365584,"upstream","intergenic",FALSE,"intergenic"
"CM105765.1",103435815,5.076118373,3.85e-07,0.034530175,"CM105765.1",103435815,103435815,0,"CM105765.1",103432334,103476487,"gene:ENSBOLG00010017205","Soga3","SOGA family member 3 [Ensembl NN prediction with score 100%]","-",103476487,103432334,TRUE,40672,40672,3481,"overlapping","gene_body",FALSE,"intron"
"CM105769.1",107613578,5.077521358,3.82e-07,0.034530175,"CM105769.1",107613578,107613578,742560,"CM105769.1",108356139,109294210,"gene:ENSBOLG00010003427","CNTNAP5","contactin associated protein family member 5 [Ensembl NN prediction with score 77.44%]","+",108356139,109294210,FALSE,742561,742561,1680632,"upstream","intergenic",FALSE,"intergenic"
"CM105775.1",38626360,5.076197206,3.85e-07,0.034530175,"CM105775.1",38626360,38626360,10373,"CM105775.1",38636734,38721395,"gene:ENSBOLG00010017554","GALNT16","polypeptide N-acetylgalactosaminyltransferase 16 [Ensembl NN prediction with score 100%]","-",38721395,38636734,FALSE,95035,95035,10374,"downstream","intergenic",FALSE,"intergenic"
"CM105779.1",22650408,-5.074158342,3.89e-07,0.034761326,"CM105779.1",22650408,22650408,0,"CM105779.1",21332882,22698282,"gene:ENSBOLG00010010257","CTNNA3","catenin alpha 3 [Ensembl NN prediction with score 100%]","-",22698282,21332882,TRUE,47874,47874,1317526,"overlapping","gene_body",FALSE,"intron"
"CM105783.1",50093724,5.074357764,3.89e-07,0.034761326,"CM105783.1",50093724,50093724,58961,"CM105783.1",49834296,50034762,"gene:ENSBOLG00010020960","TAFA5","TAFA chemokine like family member 5 [Ensembl NN prediction with score 98.49%]","+",49834296,50034762,FALSE,259428,259428,58962,"downstream","intergenic",FALSE,"intergenic"
"CM105776.1",32106392,5.072334741,3.93e-07,0.035032618,"CM105776.1",32106392,32106392,0,"CM105776.1",32066270,32118997,"gene:ENSBOLG00010012633","DUSP22","dual specificity phosphatase 22 [Ensembl NN prediction with score 100%]","-",32118997,32066270,TRUE,12605,12605,40122,"overlapping","gene_body",FALSE,"intron"
"CM105769.1",99610831,-5.07000143,3.98e-07,0.035400716,"CM105769.1",99610831,99610831,0,"CM105769.1",99340499,100821290,"gene:ENSBOLG00010015402","DPP10","dipeptidyl peptidase like 10 [Ensembl NN prediction with score 100%]","+",99340499,100821290,TRUE,270332,270332,1210459,"overlapping","gene_body",FALSE,"intron"
"CM105781.1",53036678,5.068647235,4.01e-07,0.035589112,"CM105781.1",53036678,53036678,124485,"CM105781.1",52874163,52912192,"gene:ENSBOLG00010006992","BMPR1B","bone morphogenetic protein receptor type 1B [Ensembl NN prediction with score 99.99%]","-",52912192,52874163,FALSE,124486,124486,162515,"upstream","intergenic",FALSE,"intergenic"
"CM105769.1",6676935,5.067786217,4.02e-07,0.035686013,"CM105769.1",6676935,6676935,345315,"CM105769.1",6291273,6331619,"gene:ENSBOLG00010006226","KCTD3","potassium channel tetramerization domain containing 3 [Ensembl NN prediction with score 100%]","+",6291273,6331619,FALSE,385662,385662,345316,"downstream","intergenic",FALSE,"intergenic"
"CM105769.1",79641069,5.063834435,4.11e-07,0.03585275,"CM105769.1",79641069,79641069,16310,"CM105769.1",79598436,79624758,"gene:ENSBOLG00010007580","RGS13","regulator of G protein signaling 13 [Ensembl NN prediction with score 99.81%]","+",79598436,79624758,FALSE,42633,42633,16311,"downstream","intergenic",FALSE,"intergenic"
"CM105770.1",46585282,5.063942184,4.11e-07,0.03585275,"CM105770.1",46585282,46585282,459766,"CM105770.1",46071880,46125515,"gene:ENSBOLG00010013514","Bod1l","biorientation of chromosomes in cell division 1-like [Ensembl NN prediction with score 100%]","-",46125515,46071880,FALSE,459767,459767,513402,"upstream","intergenic",FALSE,"intergenic"
"CM105772.1",15051158,5.064071887,4.1e-07,0.03585275,"CM105772.1",15051158,15051158,0,"CM105772.1",14969327,15096549,"gene:ENSBOLG00010018105","CNNM2","cyclin and CBS domain divalent metal cation transport mediator 2 [Ensembl NN prediction with score 100%]","-",15096549,14969327,TRUE,45391,45391,81831,"overlapping","gene_body",FALSE,"intron"
"CM105774.1",78813456,-5.065417835,4.08e-07,0.03585275,"CM105774.1",78813456,78813456,55137,"CM105774.1",78868594,78870761,"gene:ENSBOLG00010013352","COMTD1","catechol-O-methyltransferase domain containing 1 [Ensembl NN prediction with score 100%]","+",78868594,78870761,FALSE,55138,55138,57305,"upstream","intergenic",FALSE,"intergenic"
"CM105775.1",65945836,5.065391435,4.08e-07,0.03585275,"CM105775.1",65945836,65945836,170776,"CM105775.1",66116613,66419822,"gene:ENSBOLG00010008181","PRKD1","protein kinase D1 [Ensembl NN prediction with score 100%]","+",66116613,66419822,FALSE,170777,170777,473986,"upstream","intergenic",FALSE,"intergenic"
"CM105777.1",641136,-5.063856169,4.11e-07,0.03585275,"CM105777.1",641136,641136,0,"CM105777.1",329810,705735,"gene:ENSBOLG00010006397","DOK6","docking protein 6 [Ensembl NN prediction with score 100%]","+",329810,705735,TRUE,311326,311326,64599,"overlapping","gene_body",FALSE,"intron"
"CM105780.1",5290052,-5.06449048,4.09e-07,0.03585275,"CM105780.1",5290052,5290052,246752,"CM105780.1",5024298,5043299,"gene:ENSBOLG00010007277","TRIQK","triple QxxK/R motif containing [Ensembl NN prediction with score 100%]","-",5043299,5024298,FALSE,246753,246753,265754,"upstream","intergenic",FALSE,"intergenic"
"CM105788.1",35834501,-5.063838237,4.11e-07,0.03585275,"CM105788.1",35834501,35834501,12968,"CM105788.1",35364523,35821532,"gene:ENSBOLG00010016605","DGKI","diacylglycerol kinase iota [Ensembl NN prediction with score 100%]","-",35821532,35364523,FALSE,12969,12969,469978,"upstream","intergenic",FALSE,"intergenic"
"CM105789.1",28461924,-5.064399999,4.1e-07,0.03585275,"CM105789.1",28461924,28461924,71656,"CM105789.1",28533581,28926308,"gene:ENSBOLG00010009525","TRHDE","thyrotropin releasing hormone degrading enzyme [Ensembl NN prediction with score 99.99%]","-",28926308,28533581,FALSE,464384,464384,71657,"downstream","intergenic",FALSE,"intergenic"
"CM105774.1",17335162,5.06305446,4.13e-07,0.035936088,"CM105774.1",17335162,17335162,212512,"CM105774.1",17547675,17589180,"gene:ENSBOLG00010003975","NDFIP2","Nedd4 family interacting protein 2 [Ensembl NN prediction with score 99.99%]","-",17589180,17547675,FALSE,254018,254018,212513,"downstream","intergenic",FALSE,"intergenic"
"CM105771.1",77351860,5.062676148,4.13e-07,0.035943879,"CM105771.1",77351860,77351860,39507,"CM105771.1",77391368,77895060,"gene:ENSBOLG00010002096",NA,NA,"+",77391368,77895060,FALSE,39508,39508,543200,"upstream","intergenic",FALSE,"intergenic"
"CM105784.1",47031467,-5.060286345,4.19e-07,0.036333147,"CM105784.1",47031467,47031467,13386,"CM105784.1",47044854,47045795,"gene:ENSBOLG00010008028","SPRY1","sprouty RTK signaling antagonist 1 [Ensembl NN prediction with score 99.99%]","-",47045795,47044854,FALSE,14328,14328,13387,"downstream","intergenic",FALSE,"intergenic"
"CM105765.1",36085579,5.058944777,4.22e-07,0.03652525,"CM105765.1",36085579,36085579,1262278,"CM105765.1",34814456,34823300,"gene:ENSBOLG00010000073","NUDT12","nudix hydrolase 12 [Ensembl NN prediction with score 99.7%]","-",34823300,34814456,FALSE,1262279,1262279,1271123,"upstream","intergenic",FALSE,"intergenic"
"CM105775.1",42228687,-5.057997231,4.24e-07,0.036642649,"CM105775.1",42228687,42228687,0,"CM105775.1",42217876,42296524,"gene:ENSBOLG00010012413","fntb","farnesyltransferase, CAAX box, beta [Ensembl NN prediction with score 100%]","-",42296524,42217876,TRUE,67837,67837,10811,"overlapping","gene_body",FALSE,"intron"
"CM105772.1",73281723,-5.05679736,4.26e-07,0.036809159,"CM105772.1",73281723,73281723,20051,"CM105772.1",73301775,73364489,"gene:ENSBOLG00010011985","CSMD1","CUB and Sushi multiple domains 1 [Ensembl NN prediction with score 91.2%]","-",73364489,73301775,FALSE,82766,82766,20052,"downstream","intergenic",FALSE,"intergenic"
"CM105774.1",45022221,-5.055455621,4.29e-07,0.036987865,"CM105774.1",45022221,45022221,0,"CM105774.1",45001028,45050527,"gene:ENSBOLG00010007851","LCP1","lymphocyte cytosolic protein 1 [Ensembl NN prediction with score 100%]","-",45050527,45001028,TRUE,28306,28306,21193,"overlapping","gene_body",FALSE,"intron"
"CM105780.1",41838156,5.055204854,4.3e-07,0.036987865,"CM105780.1",41838156,41838156,216930,"CM105780.1",41560016,41621225,"gene:ENSBOLG00010005220","MAP3K7","mitogen-activated protein kinase kinase kinase 7 [Ensembl NN prediction with score 100%]","-",41621225,41560016,FALSE,216931,216931,278140,"upstream","intergenic",FALSE,"intergenic"
"CM105786.1",29438218,5.0526385,4.36e-07,0.037423074,"CM105786.1",29438218,29438218,0,"CM105786.1",29434647,29579860,"gene:ENSBOLG00010007406","TUSC3","tumor suppressor candidate 3 [Ensembl NN prediction with score 99.98%]","+",29434647,29579860,TRUE,3571,3571,141642,"overlapping","gene_body",FALSE,"intron"
"CM105764.1",42857360,5.051634549,4.38e-07,0.037554809,"CM105764.1",42857360,42857360,17750,"CM105764.1",42805470,42839609,"gene:ENSBOLG00010000727","tomm70a","translocase of outer mitochondrial membrane 70 homolog A (yeast) [Ensembl NN prediction with score 99.97%]","-",42839609,42805470,FALSE,17751,17751,51890,"upstream","intergenic",FALSE,"intergenic"
"CM105776.1",11752002,-5.048887166,4.44e-07,0.038032601,"CM105776.1",11752002,11752002,22412,"CM105776.1",11774415,11775014,"gene:ENSBOLG00010013976","DIRAS2","DIRAS family GTPase 2 [Ensembl NN prediction with score 100%]","+",11774415,11775014,FALSE,22413,22413,23012,"upstream","intergenic",FALSE,"intergenic"
"CM105778.1",35816153,5.048006246,4.46e-07,0.038142009,"CM105778.1",35816153,35816153,81513,"CM105778.1",35733740,35734639,"gene:ENSBOLG00010015555","HNRNPA1","heterogeneous nuclear ribonucleoprotein A1 [Ensembl NN prediction with score 95.16%]","+",35733740,35734639,FALSE,82413,82413,81514,"downstream","intergenic",FALSE,"intergenic"
"CM105767.1",51786788,-5.047024121,4.49e-07,0.038184817,"CM105767.1",51786788,51786788,562873,"CM105767.1",51157592,51223914,"gene:ENSBOLG00010000974","PLOD2","procollagen-lysine,2-oxoglutarate 5-dioxygenase 2 [Ensembl NN prediction with score 100%]","+",51157592,51223914,FALSE,629196,629196,562874,"downstream","intergenic",FALSE,"intergenic"
"CM105769.1",47818864,-5.046821465,4.49e-07,0.038184817,"CM105769.1",47818864,47818864,67521,"CM105769.1",47750563,47751342,"gene:ENSBOLG00010000381","LRRC3B","leucine rich repeat containing 3B [Ensembl NN prediction with score 100%]","+",47750563,47751342,FALSE,68301,68301,67522,"downstream","intergenic",FALSE,"intergenic"
"CM105769.1",87454518,5.046799045,4.49e-07,0.038184817,"CM105769.1",87454518,87454518,20550,"CM105769.1",87475069,87565401,"gene:ENSBOLG00010016692","CAMSAP2","calmodulin regulated spectrin associated protein family member 2 [Ensembl NN prediction with score 100%]","+",87475069,87565401,FALSE,20551,20551,110883,"upstream","intergenic",FALSE,"intergenic"
"CM105786.1",36209783,-5.046404721,4.5e-07,0.0381977,"CM105786.1",36209783,36209783,0,"CM105786.1",36193270,36213307,"gene:ENSBOLG00010006090","CASP3","caspase 3 [Ensembl NN prediction with score 100%]","+",36193270,36213307,TRUE,16513,16513,3524,"overlapping","gene_body",FALSE,"intron"
"CM105770.1",9420860,-5.045754887,4.52e-07,0.038261799,"CM105770.1",9420860,9420860,0,"CM105770.1",9375509,9422980,"gene:ENSBOLG00010022386","RANBP3","RAN binding protein 3 [Ensembl NN prediction with score 99.73%]","+",9375509,9422980,TRUE,45351,45351,2120,"overlapping","gene_body",FALSE,"intron"
"CM105782.1",28696582,-5.045168255,4.53e-07,0.038313437,"CM105782.1",28696582,28696582,58049,"CM105782.1",28637537,28638532,"gene:ENSBOLG00010018153","B3GALNT1","beta-1,3-N-acetylgalactosaminyltransferase 1 (globoside blood group) [Ensembl NN prediction with score 100%]","-",28638532,28637537,FALSE,58050,58050,59045,"upstream","intergenic",FALSE,"intergenic"
"CM105769.1",98259103,-5.044526705,4.55e-07,0.038340739,"CM105769.1",98259103,98259103,828,"CM105769.1",97471229,98258274,"gene:ENSBOLG00010015159",NA,NA,"+",97471229,98258274,FALSE,787874,787874,829,"downstream","downstream",FALSE,"downstream"
"CM105775.1",1533349,-5.044376091,4.55e-07,0.038340739,"CM105775.1",1533349,1533349,0,"CM105775.1",1375558,2106593,"gene:ENSBOLG00010021380","ptprn2","protein tyrosine phosphatase receptor type N2 [Ensembl NN prediction with score 100%]","-",2106593,1375558,TRUE,573244,573244,157791,"overlapping","gene_body",FALSE,"intron"
"CM105790.1",42757179,-5.041640223,4.62e-07,0.0388266,"CM105790.1",42757179,42757179,0,"CM105790.1",42702020,42807894,"gene:ENSBOLG00010010982",NA,NA,"+",42702020,42807894,TRUE,55159,55159,50715,"overlapping","gene_body",FALSE,"intron"
"CM105768.1",5118345,-5.04061884,4.64e-07,0.03884598,"CM105768.1",5118345,5118345,0,"CM105768.1",4946801,5820396,"gene:ENSBOLG00010002792","DPP6","dipeptidyl peptidase like 6 [Ensembl NN prediction with score 100%]","-",5820396,4946801,TRUE,702051,702051,171544,"overlapping","gene_body",FALSE,"intron"
"CM105768.1",18917636,-5.040774419,4.64e-07,0.03884598,"CM105768.1",18917636,18917636,0,"CM105768.1",18862463,18955678,"gene:ENSBOLG00010016693","NCOA1","nuclear receptor coactivator 1 [Ensembl NN prediction with score 100%]","+",18862463,18955678,TRUE,55173,55173,38042,"overlapping","gene_body",FALSE,"intron"
"CM105778.1",69252820,-5.040566012,4.64e-07,0.03884598,"CM105778.1",69252820,69252820,0,"CM105778.1",69027538,69569107,"gene:ENSBOLG00010005410","ADGRV1","adhesion G protein-coupled receptor V1 [Ensembl NN prediction with score 100%]","+",69027538,69569107,TRUE,225282,225282,316287,"overlapping","gene_body",FALSE,"intron"
"CM105784.1",9213240,5.037982433,4.7e-07,0.039307026,"CM105784.1",9213240,9213240,0,"CM105784.1",9117539,9323305,"gene:ENSBOLG00010006084","DCHS2","dachsous cadherin-related 2 [Ensembl NN prediction with score 100%]","-",9323305,9117539,TRUE,110065,110065,95701,"overlapping","gene_body",FALSE,"intron"
"CM105767.1",5414492,5.035510858,4.77e-07,0.03975015,"CM105767.1",5414492,5414492,11595,"CM105767.1",5426088,5730755,"gene:ENSBOLG00010003378","ITGA9","integrin subunit alpha 9 [Ensembl NN prediction with score 100%]","-",5730755,5426088,FALSE,316263,316263,11596,"downstream","intergenic",FALSE,"intergenic"
"CM105768.1",4996670,-5.034218487,4.8e-07,0.039951516,"CM105768.1",4996670,4996670,0,"CM105768.1",4946801,5820396,"gene:ENSBOLG00010002792","DPP6","dipeptidyl peptidase like 6 [Ensembl NN prediction with score 100%]","-",5820396,4946801,TRUE,823726,823726,49869,"overlapping","gene_body",FALSE,"intron"
"CM105773.1",60301117,-5.032524798,4.84e-07,0.040238129,"CM105773.1",60301117,60301117,64536,"CM105773.1",59972419,60236580,"gene:ENSBOLG00010008089","RALGAPA2","Ral GTPase activating protein catalytic subunit alpha 2 [Ensembl NN prediction with score 100%]","-",60236580,59972419,FALSE,64537,64537,328698,"upstream","intergenic",FALSE,"intergenic"
"CM105774.1",66518278,5.031706498,4.86e-07,0.040342149,"CM105774.1",66518278,66518278,0,"CM105774.1",66506051,66521868,"gene:ENSBOLG00010022539","ADCY4","adenylate cyclase 4 [Ensembl NN prediction with score 100%]","+",66506051,66521868,TRUE,12227,12227,3590,"overlapping","gene_body",FALSE,"intron"
"CM105772.1",35354799,5.031237456,4.87e-07,0.040349408,"CM105772.1",35354799,35354799,0,"CM105772.1",35302628,35467314,"gene:ENSBOLG00010005673","SMARCA2","SWI/SNF related, matrix associated, actin dependent regulator of chromatin, subfamily a, member 2 [Ensembl NN prediction with score 100%]","-",35467314,35302628,TRUE,112515,112515,52171,"overlapping","gene_body",FALSE,"intron"
"CM105788.1",12716895,-5.0310266,4.88e-07,0.040349408,"CM105788.1",12716895,12716895,58588,"CM105788.1",12658127,12658306,"gene:ENSBOLG00010009539","2610001J05Rik","RIKEN cDNA 2610001J05 gene [Ensembl NN prediction with score 99.32%]","-",12658306,12658127,FALSE,58589,58589,58768,"upstream","intergenic",FALSE,"intergenic"
"CM105776.1",76081740,-5.03062941,4.89e-07,0.040365252,"CM105776.1",76081740,76081740,95634,"CM105776.1",76177375,76260823,"gene:ENSBOLG00010012357","SVIL","supervillin [Ensembl NN prediction with score 99.99%]","+",76177375,76260823,FALSE,95635,95635,179083,"upstream","intergenic",FALSE,"intergenic"
"CM105788.1",25997233,-5.027648768,4.97e-07,0.040928884,"CM105788.1",25997233,25997233,0,"CM105788.1",25760430,26587417,"gene:ENSBOLG00010016078","GRM8","glutamate metabotropic receptor 8 [Ensembl NN prediction with score 100%]","-",26587417,25760430,TRUE,590184,590184,236803,"overlapping","gene_body",FALSE,"intron"
"CM105790.1",23475679,-5.025436383,5.02e-07,0.041334344,"CM105790.1",23475679,23475679,73990,"CM105790.1",23549670,23550572,"gene:ENSBOLG00010004888","LRRC30","leucine rich repeat containing 30 [Ensembl NN prediction with score 100%]","-",23550572,23549670,FALSE,74893,74893,73991,"downstream","intergenic",FALSE,"intergenic"
"CM105768.1",43024050,5.024460873,5.05e-07,0.041475626,"CM105768.1",43024050,43024050,937349,"CM105768.1",41023647,42086700,"gene:ENSBOLG00010002412","NRXN1","neurexin 1 [Ensembl NN prediction with score 100%]","-",42086700,41023647,FALSE,937350,937350,2000403,"upstream","intergenic",FALSE,"intergenic"
"CM105790.1",33995085,-5.021891267,5.12e-07,0.041964447,"CM105790.1",33995085,33995085,0,"CM105790.1",33922578,34087731,"gene:ENSBOLG00010010009","MYO1B","myosin IB [Ensembl NN prediction with score 100%]","+",33922578,34087731,TRUE,72507,72507,92646,"overlapping","gene_body",FALSE,"intron"
"CM105765.1",46784782,-5.021143657,5.14e-07,0.042045101,"CM105765.1",46784782,46784782,413974,"CM105765.1",46296875,46370807,"gene:ENSBOLG00010008358","TSHZ3","teashirt zinc finger homeobox 3 [Ensembl NN prediction with score 100%]","-",46370807,46296875,FALSE,413975,413975,487907,"upstream","intergenic",FALSE,"intergenic"
"CM105768.1",64114836,-5.017718361,5.23e-07,0.042045101,"CM105768.1",64114836,64114836,54734,"CM105768.1",63995168,64060101,"gene:ENSBOLG00010000669","TAF1B","TATA-box binding protein associated factor, RNA polymerase I subunit B [Ensembl NN prediction with score 100%]","-",64060101,63995168,FALSE,54735,54735,119668,"upstream","intergenic",FALSE,"intergenic"
"CM105769.1",47251159,5.018387931,5.21e-07,0.042045101,"CM105769.1",47251159,47251159,229899,"CM105769.1",47018323,47021259,"gene:ENSBOLG00010000347","OXSM","3-oxoacyl-ACP synthase, mitochondrial [Ensembl NN prediction with score 100%]","+",47018323,47021259,FALSE,232836,232836,229900,"downstream","intergenic",FALSE,"intergenic"
"CM105770.1",53712814,-5.020443482,5.16e-07,0.042045101,"CM105770.1",53712814,53712814,22442,"CM105770.1",53735257,53834179,"gene:ENSBOLG00010001295","ADGRA3","adhesion G protein-coupled receptor A3 [Ensembl NN prediction with score 100%]","-",53834179,53735257,FALSE,121365,121365,22443,"downstream","intergenic",FALSE,"intergenic"
"CM105771.1",11335274,5.018672136,5.2e-07,0.042045101,"CM105771.1",11335274,11335274,0,"CM105771.1",11327759,11337363,"gene:ENSBOLG00010017950","amdhd2","amidohydrolase domain containing 2 [Ensembl NN prediction with score 100%]","-",11337363,11327759,TRUE,2089,2089,7515,"overlapping","gene_body",FALSE,"intron"
"CM105771.1",34489586,-5.018001129,5.22e-07,0.042045101,"CM105771.1",34489586,34489586,28406,"CM105771.1",34517993,34526492,"gene:ENSBOLG00010004951",NA,NA,"+",34517993,34526492,FALSE,28407,28407,36906,"upstream","intergenic",FALSE,"intergenic"
"CM105775.1",22355700,5.020015855,5.17e-07,0.042045101,"CM105775.1",22355700,22355700,302611,"CM105775.1",22005459,22053088,"gene:ENSBOLG00010013163","GALC","galactosylceramidase [Ensembl NN prediction with score 100%]","+",22005459,22053088,FALSE,350241,350241,302612,"downstream","intergenic",FALSE,"intergenic"
"CM105776.1",10284305,5.017735747,5.23e-07,0.042045101,"CM105776.1",10284305,10284305,64953,"CM105776.1",10218011,10219351,"gene:ENSBOLG00010013971","DRD1","dopamine receptor D1 [Ensembl NN prediction with score 99.42%]","+",10218011,10219351,FALSE,66294,66294,64954,"downstream","intergenic",FALSE,"intergenic"
"CM105777.1",65151520,5.020067725,5.17e-07,0.042045101,"CM105777.1",65151520,65151520,44233,"CM105777.1",64748893,65107286,"gene:ENSBOLG00010007925","CCDC178","coiled-coil domain containing 178 [Ensembl NN prediction with score 100%]","+",64748893,65107286,FALSE,402627,402627,44234,"downstream","intergenic",FALSE,"intergenic"
"CM105778.1",39638903,-5.018468613,5.21e-07,0.042045101,"CM105778.1",39638903,39638903,244692,"CM105778.1",39883596,39946268,"gene:ENSBOLG00010015326","MAP3K1","mitogen-activated protein kinase kinase kinase 1 [Ensembl NN prediction with score 99.93%]","+",39883596,39946268,FALSE,244693,244693,307365,"upstream","intergenic",FALSE,"intergenic"
"CM105778.1",59380450,5.017767672,5.23e-07,0.042045101,"CM105778.1",59380450,59380450,0,"CM105778.1",59324947,59478935,"gene:ENSBOLG00010008896","MSH3","mutS homolog 3 [Ensembl NN prediction with score 100%]","+",59324947,59478935,TRUE,55503,55503,98485,"overlapping","gene_body",FALSE,"intron"
"CM105787.1",47953575,5.01830039,5.21e-07,0.042045101,"CM105787.1",47953575,47953575,17511,"CM105787.1",47971087,47972088,"gene:ENSBOLG00010017489","GAPDH","glyceraldehyde-3-phosphate dehydrogenase [Ensembl NN prediction with score 99.99%]","+",47971087,47972088,FALSE,17512,17512,18513,"upstream","intergenic",FALSE,"intergenic"
"CM105768.1",14798254,-5.01726814,5.24e-07,0.042074965,"CM105768.1",14798254,14798254,0,"CM105768.1",14784636,14848439,"gene:ENSBOLG00010016673","SCRN1","secernin 1 [Ensembl NN prediction with score 100%]","-",14848439,14784636,TRUE,50185,50185,13618,"overlapping","gene_body",FALSE,"intron"
"CM105776.1",26015624,5.016123589,5.27e-07,0.042257321,"CM105776.1",26015624,26015624,108262,"CM105776.1",26123887,26124336,"gene:ENSBOLG00010016208","rpl35a","ribosomal protein L35a [Ensembl NN prediction with score 100%]","-",26124336,26123887,FALSE,108712,108712,108263,"downstream","intergenic",FALSE,"intergenic"
"CM105774.1",52616951,5.015370311,5.29e-07,0.042354244,"CM105774.1",52616951,52616951,0,"CM105774.1",52483118,52676576,"gene:ENSBOLG00010008124","EBF2","EBF transcription factor 2 [Ensembl NN prediction with score 100%]","-",52676576,52483118,TRUE,59625,59625,133833,"overlapping","gene_body",FALSE,"intron"
"CM105768.1",5147744,-5.015006071,5.3e-07,0.042365672,"CM105768.1",5147744,5147744,0,"CM105768.1",4946801,5820396,"gene:ENSBOLG00010002792","DPP6","dipeptidyl peptidase like 6 [Ensembl NN prediction with score 100%]","-",5820396,4946801,TRUE,672652,672652,200943,"overlapping","gene_body",FALSE,"intron"
"CM105774.1",38363976,-5.014654034,5.31e-07,0.042374521,"CM105774.1",38363976,38363976,1821860,"CM105774.1",40185837,40206964,"gene:ENSBOLG00010011783","OLFM4","olfactomedin 4 [Ensembl NN prediction with score 99.99%]","-",40206964,40185837,FALSE,1842988,1842988,1821861,"downstream","intergenic",FALSE,"intergenic"
"CM105765.1",45862919,5.014102769,5.33e-07,0.042390118,"CM105765.1",45862919,45862919,255685,"CM105765.1",45516460,45607233,"gene:ENSBOLG00010007994","Zfp536","zinc finger protein 536 [Ensembl NN prediction with score 99.99%]","+",45516460,45607233,FALSE,346459,346459,255686,"downstream","intergenic",FALSE,"intergenic"
"CM105785.1",51064559,-5.013960953,5.33e-07,0.042390118,"CM105785.1",51064559,51064559,908,"CM105785.1",51060406,51063650,"gene:ENSBOLG00010010821","Atp5g3","ATP synthase, H+ transporting, mitochondrial F0 complex, subunit C3 (subunit 9) [Ensembl NN prediction with score 98.86%]","-",51063650,51060406,FALSE,909,909,4153,"upstream","promoter",FALSE,"promoter"
"CM105764.1",11724059,-5.011045406,5.41e-07,0.042511824,"CM105764.1",11724059,11724059,0,"CM105764.1",11594859,11986954,"gene:ENSBOLG00010005632","GRIK1","glutamate ionotropic receptor kainate type subunit 1 [Ensembl NN prediction with score 100%]","+",11594859,11986954,TRUE,129200,129200,262895,"overlapping","gene_body",FALSE,"intron"
"CM105767.1",72997934,5.01092004,5.42e-07,0.042511824,"CM105767.1",72997934,72997934,0,"CM105767.1",72985279,73001227,"gene:ENSBOLG00010004047","VPS11","VPS11 core subunit of CORVET and HOPS complexes [Ensembl NN prediction with score 100%]","-",73001227,72985279,TRUE,3293,3293,12655,"overlapping","gene_body",FALSE,"intron"
"CM105768.1",9838083,5.010532816,5.43e-07,0.042511824,"CM105768.1",9838083,9838083,151702,"CM105768.1",9684874,9686380,"gene:ENSBOLG00010002294",NA,NA,"-",9686380,9684874,FALSE,151703,151703,153209,"upstream","intergenic",FALSE,"intergenic"
"CM105768.1",34880664,5.010858021,5.42e-07,0.042511824,"CM105768.1",34880664,34880664,70867,"CM105768.1",34951532,34954749,"gene:ENSBOLG00010002219","ZFP36L2","ZFP36 ring finger protein like 2 [Ensembl NN prediction with score 100%]","-",34954749,34951532,FALSE,74085,74085,70868,"downstream","intergenic",FALSE,"intergenic"
"CM105773.1",79930387,5.011901337,5.39e-07,0.042511824,"CM105773.1",79930387,79930387,12965,"CM105773.1",79832711,79917421,"gene:ENSBOLG00010016926","SULF2","sulfatase 2 [Ensembl NN prediction with score 100%]","-",79917421,79832711,FALSE,12966,12966,97676,"upstream","intergenic",FALSE,"intergenic"
"CM105775.1",20846746,5.01285577,5.36e-07,0.042511824,"CM105775.1",20846746,20846746,0,"CM105775.1",20758790,21022212,"gene:ENSBOLG00010013086","FOXN3","forkhead box N3 [Ensembl NN prediction with score 100%]","+",20758790,21022212,TRUE,87956,87956,175466,"overlapping","gene_body",FALSE,"intron"
"CM105776.1",65601255,5.010079007,5.44e-07,0.042511824,"CM105776.1",65601255,65601255,6586,"CM105776.1",65607842,65680193,"gene:ENSBOLG00010014609","MINDY3","MINDY lysine 48 deubiquitinase 3 [Ensembl NN prediction with score 99.13%]","-",65680193,65607842,FALSE,78938,78938,6587,"downstream","intergenic",FALSE,"intergenic"
"CM105780.1",61087927,-5.010300001,5.43e-07,0.042511824,"CM105780.1",61087927,61087927,0,"CM105780.1",60947759,61329732,"gene:ENSBOLG00010007907","KCNB2","potassium voltage-gated channel subfamily B member 2 [Ensembl NN prediction with score 100%]","+",60947759,61329732,TRUE,140168,140168,241805,"overlapping","gene_body",FALSE,"intron"
"CM105786.1",20604037,5.010624019,5.43e-07,0.042511824,"CM105786.1",20604037,20604037,0,"CM105786.1",20267983,20788094,"gene:ENSBOLG00010010559","UNC5D","unc-5 netrin receptor D [Ensembl NN prediction with score 100%]","-",20788094,20267983,TRUE,184057,184057,336054,"overlapping","gene_body",FALSE,"intron"
"CM105787.1",2641082,-5.010271329,5.44e-07,0.042511824,"CM105787.1",2641082,2641082,1918596,"CM105787.1",4559679,4560759,"gene:ENSBOLG00010010202","Atp5c1","ATP synthase, H+ transporting, mitochondrial F1 complex, gamma polypeptide 1 [Ensembl NN prediction with score 86.06%]","-",4560759,4559679,FALSE,1919677,1919677,1918597,"downstream","intergenic",FALSE,"intergenic"
"CM105789.1",33316192,5.010020761,5.44e-07,0.042511824,"CM105789.1",33316192,33316192,1638,"CM105789.1",33317831,33321045,"gene:ENSBOLG00010006729","RPS26","ribosomal protein S26 [Ensembl NN prediction with score 100%]","+",33317831,33321045,FALSE,1639,1639,4853,"upstream","promoter",FALSE,"promoter"
"CM105765.1",45020654,5.008788549,5.48e-07,0.042514925,"CM105765.1",45020654,45020654,9192,"CM105765.1",45010964,45011461,"gene:ENSBOLG00010008820","rps12","ribosomal protein S12 [Ensembl NN prediction with score 100%]","-",45011461,45010964,FALSE,9193,9193,9690,"upstream","intergenic",FALSE,"intergenic"
"CM105768.1",112016341,-5.009139867,5.47e-07,0.042514925,"CM105768.1",112016341,112016341,4638,"CM105768.1",112020980,112024447,"gene:ENSBOLG00010014656",NA,NA,"+",112020980,112024447,FALSE,4639,4639,8106,"upstream","intergenic",FALSE,"intergenic"
"CM105784.1",7095068,-5.009474056,5.46e-07,0.042514925,"CM105784.1",7095068,7095068,0,"CM105784.1",7046941,7125910,"gene:ENSBOLG00010006045","GATB","glutamyl-tRNA amidotransferase subunit B [Ensembl NN prediction with score 99.99%]","-",7125910,7046941,TRUE,30842,30842,48127,"overlapping","gene_body",FALSE,"intron"
"CM105789.1",16110072,-5.009024493,5.47e-07,0.042514925,"CM105789.1",16110072,16110072,0,"CM105789.1",16102371,16133995,"gene:ENSBOLG00010009199","TMTC3","transmembrane O-mannosyltransferase targeting cadherins 3 [Ensembl NN prediction with score 100%]","-",16133995,16102371,TRUE,23923,23923,7701,"overlapping","gene_body",FALSE,"intron"
"CM105766.1",122420760,5.007442543,5.52e-07,0.042544794,"CM105766.1",122420760,122420760,483940,"CM105766.1",121802668,121936819,"gene:ENSBOLG00010000268","BRINP1","BMP/retinoic acid inducible neural specific 1 [Ensembl NN prediction with score 100%]","+",121802668,121936819,FALSE,618092,618092,483941,"downstream","intergenic",FALSE,"intergenic"
"CM105768.1",5109723,-5.007621247,5.51e-07,0.042544794,"CM105768.1",5109723,5109723,0,"CM105768.1",4946801,5820396,"gene:ENSBOLG00010002792","DPP6","dipeptidyl peptidase like 6 [Ensembl NN prediction with score 100%]","-",5820396,4946801,TRUE,710673,710673,162922,"overlapping","gene_body",FALSE,"intron"
"CM105775.1",55341587,-5.007698083,5.51e-07,0.042544794,"CM105775.1",55341587,55341587,508804,"CM105775.1",54830996,54832782,"gene:ENSBOLG00010005718","EIF4A1","eukaryotic translation initiation factor 4A1 [Ensembl NN prediction with score 99.88%]","+",54830996,54832782,FALSE,510591,510591,508805,"downstream","intergenic",FALSE,"intergenic"
"CM105789.1",39824911,5.008113594,5.5e-07,0.042544794,"CM105789.1",39824911,39824911,113868,"CM105789.1",39938780,39962991,"gene:ENSBOLG00010006447","RXYLT1","ribitol xylosyltransferase 1 [Ensembl NN prediction with score 99.99%]","+",39938780,39962991,FALSE,113869,113869,138080,"upstream","intergenic",FALSE,"intergenic"
"CM105764.1",50766531,-5.006203279,5.55e-07,0.042726397,"CM105764.1",50766531,50766531,80215,"CM105764.1",50846747,50859225,"gene:ENSBOLG00010000764","NEPRO","nucleolus and neural progenitor protein [Ensembl NN prediction with score 99.98%]","+",50846747,50859225,FALSE,80216,80216,92694,"upstream","intergenic",FALSE,"intergenic"
"CM105766.1",95602343,5.005837392,5.56e-07,0.042726397,"CM105766.1",95602343,95602343,36826,"CM105766.1",95639170,95662081,"gene:ENSBOLG00010012329","Cyp2j13","cytochrome P450, family 2, subfamily j, polypeptide 13 [Ensembl NN prediction with score 98.8%]","+",95639170,95662081,FALSE,36827,36827,59738,"upstream","intergenic",FALSE,"intergenic"
"CM105769.1",51149753,5.005418662,5.57e-07,0.042726397,"CM105769.1",51149753,51149753,65169,"CM105769.1",50417445,51084583,"gene:ENSBOLG00010000337","PTPRG","protein tyrosine phosphatase receptor type G [Ensembl NN prediction with score 100%]","-",51084583,50417445,FALSE,65170,65170,732308,"upstream","intergenic",FALSE,"intergenic"
"CM105777.1",23818855,5.005566236,5.57e-07,0.042726397,"CM105777.1",23818855,23818855,0,"CM105777.1",23817232,23833774,"gene:ENSBOLG00010017944","Nars","asparaginyl-tRNA synthetase [Ensembl NN prediction with score 98.52%]","+",23817232,23833774,TRUE,1623,1623,14919,"overlapping","gene_body",FALSE,"intron"
"CM105768.1",9811271,5.004602217,5.6e-07,0.042778811,"CM105768.1",9811271,9811271,124890,"CM105768.1",9684874,9686380,"gene:ENSBOLG00010002294",NA,NA,"-",9686380,9684874,FALSE,124891,124891,126397,"upstream","intergenic",FALSE,"intergenic"
"CM105778.1",52159998,-5.004583349,5.6e-07,0.042778811,"CM105778.1",52159998,52159998,67037,"CM105778.1",52227036,52227407,"gene:ENSBOLG00010016773","H2bl1","H2B.L histone variant 1 [Ensembl NN prediction with score 94%]","+",52227036,52227407,FALSE,67038,67038,67409,"upstream","intergenic",FALSE,"intergenic"
"CM105786.1",49751641,-5.003756086,5.62e-07,0.042896286,"CM105786.1",49751641,49751641,0,"CM105786.1",49624943,49781628,"gene:ENSBOLG00010006026","SH3RF1","SH3 domain containing ring finger 1 [Ensembl NN prediction with score 100%]","+",49624943,49781628,TRUE,126698,126698,29987,"overlapping","gene_body",TRUE,"exon"
"CM105775.1",20153012,5.003346297,5.63e-07,0.04292107,"CM105775.1",20153012,20153012,3191,"CM105775.1",20156204,20266713,"gene:ENSBOLG00010011447","KCNK13","potassium two pore domain channel subfamily K member 13 [Ensembl NN prediction with score 100%]","-",20266713,20156204,FALSE,113701,113701,3192,"downstream","intergenic",FALSE,"intergenic"
"CM105767.1",33979404,-5.000885238,5.71e-07,0.043232476,"CM105767.1",33979404,33979404,0,"CM105767.1",33960335,34036782,"gene:ENSBOLG00010002246","MYO5C","myosin VC [Ensembl NN prediction with score 100%]","+",33960335,34036782,TRUE,19069,19069,57378,"overlapping","gene_body",FALSE,"intron"
"CM105785.1",43338024,-5.001181431,5.7e-07,0.043232476,"CM105785.1",43338024,43338024,0,"CM105785.1",43279805,43356602,"gene:ENSBOLG00010010568","SCN3A","sodium voltage-gated channel alpha subunit 3 [Ensembl NN prediction with score 100%]","-",43356602,43279805,TRUE,18578,18578,58219,"overlapping","gene_body",FALSE,"intron"
"CM105786.1",29444451,5.001410163,5.69e-07,0.043232476,"CM105786.1",29444451,29444451,0,"CM105786.1",29434647,29579860,"gene:ENSBOLG00010007406","TUSC3","tumor suppressor candidate 3 [Ensembl NN prediction with score 99.98%]","+",29434647,29579860,TRUE,9804,9804,135409,"overlapping","gene_body",FALSE,"intron"
"CM105787.1",16704629,-5.000763274,5.71e-07,0.043232476,"CM105787.1",16704629,16704629,0,"CM105787.1",16284101,16922943,"gene:ENSBOLG00010013829","NAV2","neuron navigator 2 [Ensembl NN prediction with score 100%]","-",16922943,16284101,TRUE,218314,218314,420528,"overlapping","gene_body",FALSE,"intron"
"CM105773.1",54471506,-4.999431741,5.75e-07,0.043465209,"CM105773.1",54471506,54471506,0,"CM105773.1",54277614,56179034,"gene:ENSBOLG00010008243","MACROD2","mono-ADP ribosylhydrolase 2 [Ensembl NN prediction with score 100%]","+",54277614,56179034,TRUE,193892,193892,1707528,"overlapping","gene_body",FALSE,"intron"
"CM105789.1",41178395,-4.998221261,5.79e-07,0.043604926,"CM105789.1",41178395,41178395,13673,"CM105789.1",41192069,41236179,"gene:ENSBOLG00010012032","LEMD3","LEM domain containing 3 [Ensembl NN prediction with score 99.96%]","+",41192069,41236179,FALSE,13674,13674,57784,"upstream","intergenic",FALSE,"intergenic"
"JBCDMM020000051.1",84668,4.998316434,5.78e-07,0.043604926,"JBCDMM020000051.1",84668,84668,0,"JBCDMM020000051.1",75089,97273,"gene:ENSBOLG00010004604","WDR12","WD repeat domain 12 [Ensembl NN prediction with score 100%]","-",97273,75089,TRUE,12605,12605,9579,"overlapping","gene_body",FALSE,"intron"
"CM105785.1",49194374,4.997666923,5.8e-07,0.043663559,"CM105785.1",49194374,49194374,0,"CM105785.1",49189124,49449584,"gene:ENSBOLG00010010886","RAPGEF4","Rap guanine nucleotide exchange factor 4 [Ensembl NN prediction with score 100%]","+",49189124,49449584,TRUE,5250,5250,255210,"overlapping","gene_body",FALSE,"intron"
"CM105786.1",11358166,4.996341787,5.84e-07,0.043897395,"CM105786.1",11358166,11358166,0,"CM105786.1",10866301,12345207,"gene:ENSBOLG00010009999","CSMD1","CUB and Sushi multiple domains 1 [Ensembl NN prediction with score 100%]","-",12345207,10866301,TRUE,987041,987041,491865,"overlapping","gene_body",FALSE,"intron"
"CM105764.1",42692765,4.995274106,5.88e-07,0.043900236,"CM105764.1",42692765,42692765,0,"CM105764.1",42676235,42697189,"gene:ENSBOLG00010000769","tmem30c","transmembrane protein 30C [Ensembl NN prediction with score 100%]","+",42676235,42697189,TRUE,16530,16530,4424,"overlapping","gene_body",FALSE,"intron"
"CM105768.1",52354613,-4.995787066,5.86e-07,0.043900236,"CM105768.1",52354613,52354613,142630,"CM105768.1",52081994,52211982,"gene:ENSBOLG00010000303","KLHL29","kelch like family member 29 [Ensembl NN prediction with score 100%]","-",52211982,52081994,FALSE,142631,142631,272619,"upstream","intergenic",FALSE,"intergenic"
"CM105774.1",8551058,-4.995154494,5.88e-07,0.043900236,"CM105774.1",8551058,8551058,0,"CM105774.1",7608742,8864559,"gene:ENSBOLG00010007541","GPC5","glypican 5 [Ensembl NN prediction with score 100%]","-",8864559,7608742,TRUE,313501,313501,942316,"overlapping","gene_body",FALSE,"intron"
"CM105774.1",76682312,4.995648781,5.86e-07,0.043900236,"CM105774.1",76682312,76682312,61570,"CM105774.1",76512866,76620741,"gene:ENSBOLG00010013057","DLG5","discs large MAGUK scaffold protein 5 [Ensembl NN prediction with score 100%]","+",76512866,76620741,FALSE,169446,169446,61571,"downstream","intergenic",FALSE,"intergenic"
"CM105769.1",53985905,-4.993977768,5.91e-07,0.044028004,"CM105769.1",53985905,53985905,0,"CM105769.1",53969578,53997318,"gene:ENSBOLG00010001571","ACOX2","acyl-CoA oxidase 2 [Ensembl NN prediction with score 100%]","+",53969578,53997318,TRUE,16327,16327,11413,"overlapping","gene_body",FALSE,"intron"
"CM105770.1",17474579,-4.993735105,5.92e-07,0.044028004,"CM105770.1",17474579,17474579,80656,"CM105770.1",17555236,17587018,"gene:ENSBOLG00010000468","PAPOLG","poly(A) polymerase gamma [Ensembl NN prediction with score 100%]","+",17555236,17587018,FALSE,80657,80657,112439,"upstream","intergenic",FALSE,"intergenic"
"CM105775.1",71333763,-4.993716925,5.92e-07,0.044028004,"CM105775.1",71333763,71333763,554,"CM105775.1",71334318,71380564,"gene:ENSBOLG00010008068","PNPLA8","patatin like phospholipase domain containing 8 [Ensembl NN prediction with score 100%]","-",71380564,71334318,FALSE,46801,46801,555,"downstream","downstream",FALSE,"downstream"
"CM105765.1",27317511,-4.992409019,5.96e-07,0.044193777,"CM105765.1",27317511,27317511,0,"CM105765.1",27256155,27385673,"gene:ENSBOLG00010005033","LRRFIP1","LRR binding FLII interacting protein 1 [Ensembl NN prediction with score 99.88%]","+",27256155,27385673,TRUE,61356,61356,68162,"overlapping","gene_body",FALSE,"intron"
"CM105771.1",74321009,-4.992515871,5.96e-07,0.044193777,"CM105771.1",74321009,74321009,9309,"CM105771.1",74330319,74333104,"gene:ENSBOLG00010001915","TMEM100","transmembrane protein 100 [Ensembl NN prediction with score 100%]","+",74330319,74333104,FALSE,9310,9310,12095,"upstream","intergenic",FALSE,"intergenic"
"CM105764.1",32262884,-4.990591222,6.02e-07,0.044504358,"CM105764.1",32262884,32262884,451153,"CM105764.1",32714038,33007498,"gene:ENSBOLG00010001294","CADM2","cell adhesion molecule 2 [Ensembl NN prediction with score 99.99%]","+",32714038,33007498,FALSE,451154,451154,744614,"upstream","intergenic",FALSE,"intergenic"
"CM105787.1",42456940,4.990475798,6.02e-07,0.044504358,"CM105787.1",42456940,42456940,0,"CM105787.1",42453117,42495381,"gene:ENSBOLG00010003908","ANPEP","alanyl aminopeptidase, membrane [Ensembl NN prediction with score 100%]","-",42495381,42453117,TRUE,38441,38441,3823,"overlapping","gene_body",FALSE,"intron"
"CM105771.1",70649925,-4.990144679,6.03e-07,0.044513877,"CM105771.1",70649925,70649925,12905,"CM105771.1",70547462,70637019,"gene:ENSBOLG00010021067","MED13","mediator complex subunit 13 [Ensembl NN prediction with score 100%]","-",70637019,70547462,FALSE,12906,12906,102463,"upstream","intergenic",FALSE,"intergenic"
"CM105764.1",76360033,4.987664443,6.11e-07,0.044589392,"CM105764.1",76360033,76360033,74374,"CM105764.1",76434408,76434872,"gene:ENSBOLG00010001857","CHCHD2","coiled-coil-helix-coiled-coil-helix domain containing 2 [Ensembl NN prediction with score 100%]","+",76434408,76434872,FALSE,74375,74375,74839,"upstream","intergenic",FALSE,"intergenic"
"CM105770.1",64535511,4.988026686,6.1e-07,0.044589392,"CM105770.1",64535511,64535511,882275,"CM105770.1",65417787,65592987,"gene:ENSBOLG00010004785","ARAP2","ArfGAP with RhoGAP domain, ankyrin repeat and PH domain 2 [Ensembl NN prediction with score 100%]","-",65592987,65417787,FALSE,1057476,1057476,882276,"downstream","intergenic",FALSE,"intergenic"
"CM105771.1",79289268,-4.987227504,6.13e-07,0.044589392,"CM105771.1",79289268,79289268,4941,"CM105771.1",79294210,79297608,"gene:ENSBOLG00010001532","DLX3","distal-less homeobox 3 [Ensembl NN prediction with score 100%]","+",79294210,79297608,FALSE,4942,4942,8340,"upstream","intergenic",FALSE,"intergenic"
"CM105772.1",93936260,4.987358023,6.12e-07,0.044589392,"CM105772.1",93936260,93936260,0,"CM105772.1",93928038,93973854,"gene:ENSBOLG00010018351","AMPD3","adenosine monophosphate deaminase 3 [Ensembl NN prediction with score 99.99%]","-",93973854,93928038,TRUE,37594,37594,8222,"overlapping","gene_body",FALSE,"intron"
"CM105773.1",63757632,4.988252006,6.09e-07,0.044589392,"CM105773.1",63757632,63757632,15613,"CM105773.1",63738928,63742018,"gene:ENSBOLG00010018919","Cst10","cystatin 10 (chondrocytes) [Ensembl NN prediction with score 99.99%]","+",63738928,63742018,FALSE,18704,18704,15614,"downstream","intergenic",FALSE,"intergenic"
"CM105773.1",75452217,-4.987875795,6.1e-07,0.044589392,"CM105773.1",75452217,75452217,0,"CM105773.1",75261013,76362084,"gene:ENSBOLG00010017152","PTPRT","protein tyrosine phosphatase receptor type T [Ensembl NN prediction with score 100%]","-",76362084,75261013,TRUE,909867,909867,191204,"overlapping","gene_body",FALSE,"intron"
"CM105776.1",41877213,4.987281106,6.12e-07,0.044589392,"CM105776.1",41877213,41877213,0,"CM105776.1",41864648,41909031,"gene:ENSBOLG00010008365","NME8","NME/NM23 family member 8 [Ensembl NN prediction with score 100%]","+",41864648,41909031,TRUE,12565,12565,31818,"overlapping","gene_body",FALSE,"intron"
"CM105776.1",62713263,-4.989313572,6.06e-07,0.044589392,"CM105776.1",62713263,62713263,0,"CM105776.1",62665922,63084130,"gene:ENSBOLG00010014821","CAMK1D","calcium/calmodulin dependent protein kinase ID [Ensembl NN prediction with score 100%]","+",62665922,63084130,TRUE,47341,47341,370867,"overlapping","gene_body",FALSE,"intron"
"CM105778.1",67227549,4.987646731,6.11e-07,0.044589392,"CM105778.1",67227549,67227549,33502,"CM105778.1",67052670,67194046,"gene:ENSBOLG00010005604","MEF2C","myocyte enhancer factor 2C [Ensembl NN prediction with score 100%]","-",67194046,67052670,FALSE,33503,33503,174879,"upstream","intergenic",FALSE,"intergenic"
"CM105768.1",5108788,-4.986812291,6.14e-07,0.044619281,"CM105768.1",5108788,5108788,0,"CM105768.1",4946801,5820396,"gene:ENSBOLG00010002792","DPP6","dipeptidyl peptidase like 6 [Ensembl NN prediction with score 100%]","-",5820396,4946801,TRUE,711608,711608,161987,"overlapping","gene_body",FALSE,"intron"
"CM105771.1",84520609,4.985427523,6.18e-07,0.044873776,"CM105771.1",84520609,84520609,12306,"CM105771.1",84504690,84508302,"gene:ENSBOLG00010021539","KRT31","keratin 31 [Ensembl NN prediction with score 99.43%]","-",84508302,84504690,FALSE,12307,12307,15919,"upstream","intergenic",FALSE,"intergenic"
"CM105774.1",51523960,4.984775048,6.2e-07,0.044959154,"CM105774.1",51523960,51523960,88371,"CM105774.1",51400015,51435588,"gene:ENSBOLG00010007869","ADAM7","ADAM metallopeptidase domain 7 [Ensembl NN prediction with score 100%]","+",51400015,51435588,FALSE,123945,123945,88372,"downstream","intergenic",FALSE,"intergenic"
"CM105768.1",4980012,-4.982864714,6.26e-07,0.045338691,"CM105768.1",4980012,4980012,0,"CM105768.1",4946801,5820396,"gene:ENSBOLG00010002792","DPP6","dipeptidyl peptidase like 6 [Ensembl NN prediction with score 100%]","-",5820396,4946801,TRUE,840384,840384,33211,"overlapping","gene_body",FALSE,"intron"
"CM105764.1",67254999,-4.981618571,6.31e-07,0.045564686,"CM105764.1",67254999,67254999,25173,"CM105764.1",67122146,67229825,"gene:ENSBOLG00010003349","ITGB5","integrin subunit beta 5 [Ensembl NN prediction with score 100%]","-",67229825,67122146,FALSE,25174,25174,132853,"upstream","intergenic",FALSE,"intergenic"
"CM105776.1",32189100,4.979919787,6.36e-07,0.045899067,"CM105776.1",32189100,32189100,54811,"CM105776.1",32243912,32249461,"gene:ENSBOLG00010012674","UQCRFS1","ubiquinol-cytochrome c reductase, Rieske iron-sulfur polypeptide 1 [Ensembl NN prediction with score 100%]","+",32243912,32249461,FALSE,54812,54812,60361,"upstream","intergenic",FALSE,"intergenic"
"CM105775.1",46086788,-4.979176071,6.39e-07,0.046008316,"CM105775.1",46086788,46086788,49862,"CM105775.1",46136651,46138367,"gene:ENSBOLG00010012257","SIX6","SIX homeobox 6 [Ensembl NN prediction with score 99.98%]","-",46138367,46136651,FALSE,51579,51579,49863,"downstream","intergenic",FALSE,"intergenic"
"CM105765.1",103430491,4.977665106,6.44e-07,0.046166041,"CM105765.1",103430491,103430491,1842,"CM105765.1",103432334,103476487,"gene:ENSBOLG00010017205","Soga3","SOGA family member 3 [Ensembl NN prediction with score 100%]","-",103476487,103432334,FALSE,45996,45996,1843,"downstream","downstream",FALSE,"downstream"
"CM105774.1",23628876,4.978116286,6.42e-07,0.046166041,"CM105774.1",23628876,23628876,210128,"CM105774.1",23405670,23418747,"gene:ENSBOLG00010003630","MZT1","mitotic spindle organizing protein 1 [Ensembl NN prediction with score 99.98%]","+",23405670,23418747,FALSE,223206,223206,210129,"downstream","intergenic",FALSE,"intergenic"
"CM105775.1",7692472,4.977766452,6.43e-07,0.046166041,"CM105775.1",7692472,7692472,0,"CM105775.1",7688687,7712006,"gene:ENSBOLG00010020921","INF2","inverted formin 2 [Ensembl NN prediction with score 100%]","-",7712006,7688687,TRUE,19534,19534,3785,"overlapping","gene_body",FALSE,"intron"
"CM105765.1",109006956,-4.976957491,6.46e-07,0.046195902,"CM105765.1",109006956,109006956,121696,"CM105765.1",109128653,109349057,"gene:ENSBOLG00010016633","EYA4","EYA transcriptional coactivator and phosphatase 4 [Ensembl NN prediction with score 100%]","+",109128653,109349057,FALSE,121697,121697,342101,"upstream","intergenic",FALSE,"intergenic"
"CM105774.1",16475359,-4.977203588,6.45e-07,0.046195902,"CM105774.1",16475359,16475359,500742,"CM105774.1",16976102,16981999,"gene:ENSBOLG00010004005","SPRY2","sprouty RTK signaling antagonist 2 [Ensembl NN prediction with score 99.98%]","+",16976102,16981999,FALSE,500743,500743,506640,"upstream","intergenic",FALSE,"intergenic"
"CM105780.1",49637274,4.976694962,6.47e-07,0.046195902,"CM105780.1",49637274,49637274,527889,"CM105780.1",50165164,50166498,"gene:ENSBOLG00010005242","POU3F2","POU class 3 homeobox 2 [Ensembl NN prediction with score 99.99%]","+",50165164,50166498,FALSE,527890,527890,529224,"upstream","intergenic",FALSE,"intergenic"
"CM105766.1",121381161,4.976161218,6.49e-07,0.046256262,"CM105766.1",121381161,121381161,421506,"CM105766.1",121802668,121936819,"gene:ENSBOLG00010000268","BRINP1","BMP/retinoic acid inducible neural specific 1 [Ensembl NN prediction with score 100%]","+",121802668,121936819,FALSE,421507,421507,555658,"upstream","intergenic",FALSE,"intergenic"
"CM105764.1",52669228,-4.974697753,6.53e-07,0.046539626,"CM105764.1",52669228,52669228,0,"CM105764.1",52597511,52676400,"gene:ENSBOLG00010000143","CD96","CD96 molecule [Ensembl NN prediction with score 100%]","-",52676400,52597511,TRUE,7172,7172,71717,"overlapping","gene_body",FALSE,"intron"
"CM105764.1",29753896,4.973979257,6.56e-07,0.046645042,"CM105764.1",29753896,29753896,4155,"CM105764.1",29758052,29759041,"gene:ENSBOLG00010000111","PRKAG1","protein kinase AMP-activated non-catalytic subunit gamma 1 [Ensembl NN prediction with score 99.97%]","-",29759041,29758052,FALSE,5145,5145,4156,"downstream","intergenic",FALSE,"intergenic"
"CM105779.1",32549110,-4.972766837,6.6e-07,0.046870083,"CM105779.1",32549110,32549110,46569,"CM105779.1",32595680,32652580,"gene:ENSBOLG00010009043","NCK2","NCK adaptor protein 2 [Ensembl NN prediction with score 100%]","-",32652580,32595680,FALSE,103470,103470,46570,"downstream","intergenic",FALSE,"intergenic"
"CM105784.1",36471063,-4.972316277,6.62e-07,0.046911484,"CM105784.1",36471063,36471063,227660,"CM105784.1",36173950,36243402,"gene:ENSBOLG00010006204","SLC7A11","solute carrier family 7 member 11 [Ensembl NN prediction with score 99.91%]","+",36173950,36243402,FALSE,297113,297113,227661,"downstream","intergenic",FALSE,"intergenic"
"CM105768.1",5163987,-4.971212949,6.65e-07,0.046972522,"CM105768.1",5163987,5163987,0,"CM105768.1",4946801,5820396,"gene:ENSBOLG00010002792","DPP6","dipeptidyl peptidase like 6 [Ensembl NN prediction with score 100%]","-",5820396,4946801,TRUE,656409,656409,217186,"overlapping","gene_body",FALSE,"intron"
"CM105772.1",72529952,-4.97070068,6.67e-07,0.046972522,"CM105772.1",72529952,72529952,52189,"CM105772.1",72458535,72477762,"gene:ENSBOLG00010012192","GPR26","G protein-coupled receptor 26 [Ensembl NN prediction with score 100%]","-",72477762,72458535,FALSE,52190,52190,71417,"upstream","intergenic",FALSE,"intergenic"
"CM105774.1",22584134,4.971186385,6.65e-07,0.046972522,"CM105774.1",22584134,22584134,0,"CM105774.1",22340506,22610357,"gene:ENSBOLG00010003623","KLF12","Kruppel like factor 12 [Ensembl NN prediction with score 100%]","+",22340506,22610357,TRUE,243628,243628,26223,"overlapping","gene_body",FALSE,"intron"
"CM105776.1",71685748,4.970395546,6.68e-07,0.046972522,"CM105776.1",71685748,71685748,131375,"CM105776.1",71553011,71554372,"gene:ENSBOLG00010014934","OTUD1","OTU deubiquitinase 1 [Ensembl NN prediction with score 100%]","+",71553011,71554372,FALSE,132737,132737,131376,"downstream","intergenic",FALSE,"intergenic"
"CM105783.1",22846645,4.970627516,6.67e-07,0.046972522,"CM105783.1",22846645,22846645,0,"CM105783.1",22666177,22877826,"gene:ENSBOLG00010006909","NSMCE2","NSE2 (MMS21) homolog, SMC5-SMC6 complex SUMO ligase [Ensembl NN prediction with score 100%]","+",22666177,22877826,TRUE,180468,180468,31181,"overlapping","gene_body",FALSE,"intron"
"CM105786.1",35011975,-4.971547733,6.64e-07,0.046972522,"CM105786.1",35011975,35011975,0,"CM105786.1",35005343,35048176,"gene:ENSBOLG00010006173","FAM149A","family with sequence similarity 149 member A [Ensembl NN prediction with score 99.99%]","-",35048176,35005343,TRUE,36201,36201,6632,"overlapping","gene_body",FALSE,"intron"
"CM105764.1",141531913,-4.968893058,6.73e-07,0.047111754,"CM105764.1",141531913,141531913,44646,"CM105764.1",141576560,141595292,"gene:ENSBOLG00010021679","SPRING1","SREBF pathway regulator in golgi 1 [Ensembl NN prediction with score 99.43%]","-",141595292,141576560,FALSE,63379,63379,44647,"downstream","intergenic",FALSE,"intergenic"
"CM105765.1",105933256,4.96925237,6.72e-07,0.047111754,"CM105765.1",105933256,105933256,152846,"CM105765.1",106086103,106193022,"gene:ENSBOLG00010016713","L3MBTL3","L3MBTL histone methyl-lysine binding protein 3 [Ensembl NN prediction with score 99.12%]","+",106086103,106193022,FALSE,152847,152847,259766,"upstream","intergenic",FALSE,"intergenic"
"CM105769.1",35328977,-4.968857792,6.73e-07,0.047111754,"CM105769.1",35328977,35328977,100584,"CM105769.1",35429562,35441218,"gene:ENSBOLG00010002062","GDF10","growth differentiation factor 10 [Ensembl NN prediction with score 99.99%]","+",35429562,35441218,FALSE,100585,100585,112241,"upstream","intergenic",FALSE,"intergenic"
"CM105777.1",69686843,4.968716729,6.74e-07,0.047111754,"CM105777.1",69686843,69686843,107480,"CM105777.1",69794324,69794728,"gene:ENSBOLG00010008235","rpl35a","ribosomal protein L35a [Ensembl NN prediction with score 90.67%]","+",69794324,69794728,FALSE,107481,107481,107885,"upstream","intergenic",FALSE,"intergenic"
"CM105789.1",114114,-4.968338148,6.75e-07,0.04713685,"CM105789.1",114114,114114,101139,"CM105789.1",12048,12974,"gene:ENSBOLG00010007697","Olfr1249","olfactory receptor 1249 [Ensembl NN prediction with score 95.92%]","-",12974,12048,FALSE,101140,101140,102066,"upstream","intergenic",FALSE,"intergenic"
"CM105765.1",97678189,4.966855013,6.8e-07,0.047297365,"CM105765.1",97678189,97678189,0,"CM105765.1",97503939,97709023,"gene:ENSBOLG00010011582","TBC1D32","TBC1 domain family member 32 [Ensembl NN prediction with score 100%]","-",97709023,97503939,TRUE,30834,30834,174250,"overlapping","gene_body",FALSE,"intron"
"CM105771.1",71578801,-4.967298911,6.79e-07,0.047297365,"CM105771.1",71578801,71578801,0,"CM105771.1",71526445,71666727,"gene:ENSBOLG00010001393","PPM1E","protein phosphatase, Mg2+/Mn2+ dependent 1E [Ensembl NN prediction with score 100%]","-",71666727,71526445,TRUE,87926,87926,52356,"overlapping","gene_body",FALSE,"intron"
"CM105772.1",33748927,-4.966900757,6.8e-07,0.047297365,"CM105772.1",33748927,33748927,0,"CM105772.1",33468194,33882402,"gene:ENSBOLG00010006001","GLIS3","GLIS family zinc finger 3 [Ensembl NN prediction with score 99.99%]","+",33468194,33882402,TRUE,280733,280733,133475,"overlapping","gene_body",FALSE,"intron"
"CM105768.1",82209327,-4.965014724,6.87e-07,0.047546601,"CM105768.1",82209327,82209327,0,"CM105768.1",82175950,82240388,"gene:ENSBOLG00010021663","RMND5A","required for meiotic nuclear division 5 homolog A [Ensembl NN prediction with score 100%]","-",82240388,82175950,TRUE,31061,31061,33377,"overlapping","gene_body",FALSE,"intron"
"CM105774.1",46381639,-4.965361869,6.86e-07,0.047546601,"CM105774.1",46381639,46381639,14573,"CM105774.1",46396213,46402911,"gene:ENSBOLG00010007854","CBY2","chibby family member 2 [Ensembl NN prediction with score 99.96%]","-",46402911,46396213,FALSE,21272,21272,14574,"downstream","intergenic",FALSE,"intergenic"
"CM105775.1",28436903,4.96513188,6.87e-07,0.047546601,"CM105775.1",28436903,28436903,0,"CM105775.1",28379774,28493362,"gene:ENSBOLG00010013215","STON2","stonin 2 [Ensembl NN prediction with score 100%]","+",28379774,28493362,TRUE,57129,57129,56459,"overlapping","gene_body",FALSE,"intron"
"CM105780.1",35195628,-4.963025819,6.94e-07,0.047968813,"CM105780.1",35195628,35195628,516973,"CM105780.1",34678004,34678654,"gene:ENSBOLG00010011785","1700009N14Rik","RIKEN cDNA 1700009N14 gene [Ensembl NN prediction with score 96.73%]","-",34678654,34678004,FALSE,516974,516974,517624,"upstream","intergenic",FALSE,"intergenic"
"CM105774.1",25122147,-4.961778469,6.99e-07,0.048181172,"CM105774.1",25122147,25122147,542576,"CM105774.1",24209575,24579570,"gene:ENSBOLG00010003608","DACH1","dachshund family transcription factor 1 [Ensembl NN prediction with score 100%]","+",24209575,24579570,FALSE,912572,912572,542577,"downstream","intergenic",FALSE,"intergenic"
"CM105786.1",19084139,4.961623448,6.99e-07,0.048181172,"CM105786.1",19084139,19084139,946,"CM105786.1",19085086,19089605,"gene:ENSBOLG00010010661","F8a","factor 8-associated gene A [Ensembl NN prediction with score 97.27%]","-",19089605,19085086,FALSE,5466,5466,947,"downstream","downstream",FALSE,"downstream"
"CM105765.1",103024370,4.961205003,7.01e-07,0.048217566,"CM105765.1",103024370,103024370,92910,"CM105765.1",103117281,103200329,"gene:ENSBOLG00010016450","RSPO3","R-spondin 3 [Ensembl NN prediction with score 100%]","+",103117281,103200329,FALSE,92911,92911,175959,"upstream","intergenic",FALSE,"intergenic"
"CM105766.1",42897982,4.959445397,7.07e-07,0.048588382,"CM105766.1",42897982,42897982,50985,"CM105766.1",42801290,42846996,"gene:ENSBOLG00010000223","ARL8B","ADP ribosylation factor like GTPase 8B [Ensembl NN prediction with score 99.93%]","-",42846996,42801290,FALSE,50986,50986,96692,"upstream","intergenic",FALSE,"intergenic"
"CM105764.1",120131535,-4.957546134,7.14e-07,0.048619745,"CM105764.1",120131535,120131535,39493,"CM105764.1",120171029,120172777,"gene:ENSBOLG00010003374","FZD10","frizzled class receptor 10 [Ensembl NN prediction with score 100%]","-",120172777,120171029,FALSE,41242,41242,39494,"downstream","intergenic",FALSE,"intergenic"
"CM105765.1",104399128,4.95845001,7.11e-07,0.048619745,"CM105765.1",104399128,104399128,0,"CM105765.1",103932609,104457962,"gene:ENSBOLG00010016820","PTPRK","protein tyrosine phosphatase receptor type K [Ensembl NN prediction with score 100%]","-",104457962,103932609,TRUE,58834,58834,466519,"overlapping","gene_body",FALSE,"intron"
"CM105766.1",1956835,-4.957296709,7.15e-07,0.048619745,"CM105766.1",1956835,1956835,0,"CM105766.1",1956410,1957381,"gene:ENSBOLG00010003324","Olfr1123","olfactory receptor 1123 [Ensembl NN prediction with score 99.92%]","-",1957381,1956410,TRUE,546,546,425,"overlapping","gene_body",TRUE,"exon"
"CM105768.1",108727745,-4.957741596,7.13e-07,0.048619745,"CM105768.1",108727745,108727745,11737,"CM105768.1",108739483,108762146,"gene:ENSBOLG00010014320","RCC2","regulator of chromosome condensation 2 [Ensembl NN prediction with score 100%]","+",108739483,108762146,FALSE,11738,11738,34401,"upstream","intergenic",FALSE,"intergenic"
"CM105773.1",73687767,-4.957160888,7.15e-07,0.048619745,"CM105773.1",73687767,73687767,379004,"CM105773.1",74066772,74070146,"gene:ENSBOLG00010017658","MAFB","MAF bZIP transcription factor B [Ensembl NN prediction with score 100%]","-",74070146,74066772,FALSE,382379,382379,379005,"downstream","intergenic",FALSE,"intergenic"
"CM105777.1",63770262,-4.958144189,7.12e-07,0.048619745,"CM105777.1",63770262,63770262,187864,"CM105777.1",63958127,64306060,"gene:ENSBOLG00010008027","NOL4","nucleolar protein 4 [Ensembl NN prediction with score 100%]","+",63958127,64306060,FALSE,187865,187865,535798,"upstream","intergenic",FALSE,"intergenic"
"CM105781.1",7711103,4.958011831,7.12e-07,0.048619745,"CM105781.1",7711103,7711103,4919,"CM105781.1",7696971,7706183,"gene:ENSBOLG00010020822","SELENBP1","selenium binding protein 1 [Ensembl NN prediction with score 100%]","+",7696971,7706183,FALSE,14132,14132,4920,"downstream","intergenic",FALSE,"intergenic"
"CM105789.1",17249527,4.958810816,7.09e-07,0.048619745,"CM105789.1",17249527,17249527,507307,"CM105789.1",17756835,17766382,"gene:ENSBOLG00010009140","mgat4c","MGAT4 family member C [Ensembl NN prediction with score 100%]","+",17756835,17766382,FALSE,507308,507308,516855,"upstream","intergenic",FALSE,"intergenic"
"CM105768.1",80179923,-4.955637488,7.21e-07,0.048800059,"CM105768.1",80179923,80179923,0,"CM105768.1",80142832,80336334,"gene:ENSBOLG00010021015",NA,NA,"+",80142832,80336334,TRUE,37091,37091,156411,"overlapping","gene_body",FALSE,"intron"
"CM105772.1",48404495,-4.95611192,7.19e-07,0.048800059,"CM105772.1",48404495,48404495,256,"CM105772.1",48403288,48404238,"gene:ENSBOLG00010015400","OR9I1","olfactory receptor family 9 subfamily I member 1 [Ensembl NN prediction with score 97.41%]","-",48404238,48403288,FALSE,257,257,1207,"upstream","promoter",FALSE,"promoter"
"CM105773.1",76461759,4.955649702,7.21e-07,0.048800059,"CM105773.1",76461759,76461759,99674,"CM105773.1",75261013,76362084,"gene:ENSBOLG00010017152","PTPRT","protein tyrosine phosphatase receptor type T [Ensembl NN prediction with score 100%]","-",76362084,75261013,FALSE,99675,99675,1200746,"upstream","intergenic",FALSE,"intergenic"
"CM105776.1",33724375,4.954847972,7.24e-07,0.048931317,"CM105776.1",33724375,33724375,61435,"CM105776.1",33785811,33790726,"gene:ENSBOLG00010012836","SOX4","SRY-box transcription factor 4 [Ensembl NN prediction with score 100%]","+",33785811,33790726,FALSE,61436,61436,66351,"upstream","intergenic",FALSE,"intergenic"
"CM105778.1",61063392,4.954184903,7.26e-07,0.049031099,"CM105778.1",61063392,61063392,63386,"CM105778.1",60999550,61000005,"gene:ENSBOLG00010009303","MYL6","myosin light chain 6 [Ensembl NN prediction with score 99.97%]","-",61000005,60999550,FALSE,63387,63387,63842,"upstream","intergenic",FALSE,"intergenic"
"CM105780.1",65385746,-4.953368323,7.29e-07,0.049169112,"CM105780.1",65385746,65385746,285775,"CM105780.1",65085376,65099970,"gene:ENSBOLG00010013220","PEX2","peroxisomal biogenesis factor 2 [Ensembl NN prediction with score 100%]","-",65099970,65085376,FALSE,285776,285776,300370,"upstream","intergenic",FALSE,"intergenic"
"CM105782.1",37762542,4.953105376,7.3e-07,0.049169112,"CM105782.1",37762542,37762542,0,"CM105782.1",37715781,37875348,"gene:ENSBOLG00010008418","TANGO6","transport and golgi organization 6 homolog [Ensembl NN prediction with score 100%]","-",37875348,37715781,TRUE,112806,112806,46761,"overlapping","gene_body",FALSE,"intron"
"CM105776.1",22106992,-4.952134862,7.34e-07,0.049347528,"CM105776.1",22106992,22106992,0,"CM105776.1",22045751,22213806,"gene:ENSBOLG00010015978","NEDD9","neural precursor cell expressed, developmentally down-regulated 9 [Ensembl NN prediction with score 99.69%]","+",22045751,22213806,TRUE,61241,61241,106814,"overlapping","gene_body",FALSE,"intron"
"CM105778.1",69214653,-4.951375928,7.37e-07,0.049472814,"CM105778.1",69214653,69214653,0,"CM105778.1",69027538,69569107,"gene:ENSBOLG00010005410","ADGRV1","adhesion G protein-coupled receptor V1 [Ensembl NN prediction with score 100%]","+",69027538,69569107,TRUE,187115,187115,354454,"overlapping","gene_body",FALSE,"intron"
"CM105773.1",61538155,4.950902118,7.39e-07,0.049525862,"CM105773.1",61538155,61538155,204466,"CM105773.1",61742622,61744001,"gene:ENSBOLG00010018841",NA,NA,"+",61742622,61744001,FALSE,204467,204467,205846,"upstream","intergenic",FALSE,"intergenic"
"CM105765.1",19148911,-4.950262274,7.41e-07,0.049578172,"CM105765.1",19148911,19148911,0,"CM105765.1",19147623,19159513,"gene:ENSBOLG00010001129","Krtap28-13","keratin associated protein 28-13 [Ensembl NN prediction with score 83.21%]","-",19159513,19147623,TRUE,10602,10602,1288,"overlapping","gene_body",FALSE,"intron"
"CM105781.1",26497496,-4.950167151,7.41e-07,0.049578172,"CM105781.1",26497496,26497496,4776,"CM105781.1",26502273,26520237,"gene:ENSBOLG00010008702","RNPC3","RNA binding region (RNP1, RRM) containing 3 [Ensembl NN prediction with score 100%]","-",26520237,26502273,FALSE,22741,22741,4777,"downstream","intergenic",FALSE,"intergenic"
"CM105772.1",37272450,4.949205517,7.45e-07,0.049688707,"CM105772.1",37272450,37272450,0,"CM105772.1",37138262,37303567,"gene:ENSBOLG00010005701","PGM5","phosphoglucomutase 5 [Ensembl NN prediction with score 100%]","+",37138262,37303567,TRUE,134188,134188,31117,"overlapping","gene_body",FALSE,"intron"
"CM105775.1",62968222,-4.949314714,7.45e-07,0.049688707,"CM105775.1",62968222,62968222,0,"CM105775.1",62922823,63751507,"gene:ENSBOLG00010008123","NPAS3","neuronal PAS domain protein 3 [Ensembl NN prediction with score 100%]","-",63751507,62922823,TRUE,783285,783285,45399,"overlapping","gene_body",FALSE,"intron"
"CM105764.1",7319684,4.947942739,7.5e-07,0.049742459,"CM105764.1",7319684,7319684,23019,"CM105764.1",7342704,7383723,"gene:ENSBOLG00010002037",NA,NA,"-",7383723,7342704,FALSE,64039,64039,23020,"downstream","intergenic",FALSE,"intergenic"
"CM105774.1",5895540,-4.948098984,7.49e-07,0.049742459,"CM105774.1",5895540,5895540,101682,"CM105774.1",5574863,5793857,"gene:ENSBOLG00010007102","ABCC4","ATP binding cassette subfamily C member 4 [Ensembl NN prediction with score 100%]","+",5574863,5793857,FALSE,320677,320677,101683,"downstream","intergenic",FALSE,"intergenic"
"CM105774.1",75809621,-4.94850154,7.48e-07,0.049742459,"CM105774.1",75809621,75809621,31599,"CM105774.1",75841221,75935396,"gene:ENSBOLG00010013736","ARMH4","armadillo like helical domain containing 4 [Ensembl NN prediction with score 94.34%]","-",75935396,75841221,FALSE,125775,125775,31600,"downstream","intergenic",FALSE,"intergenic"
"CM105787.1",26105076,4.948253743,7.49e-07,0.049742459,"CM105787.1",26105076,26105076,0,"CM105787.1",25982327,26150541,"gene:ENSBOLG00010009869","HERC2","HECT and RLD domain containing E3 ubiquitin protein ligase 2 [Ensembl NN prediction with score 100%]","-",26150541,25982327,TRUE,45465,45465,122749,"overlapping","gene_body",FALSE,"intron"
"CM105769.1",58315039,4.947131292,7.53e-07,0.049882961,"CM105769.1",58315039,58315039,0,"CM105769.1",58301316,58373808,"gene:ENSBOLG00010001548","CD247","CD247 molecule [Ensembl NN prediction with score 100%]","-",58373808,58301316,TRUE,58769,58769,13723,"overlapping","gene_body",FALSE,"intron"
"CM105769.1",79284761,-4.946242647,7.57e-07,0.049955245,"CM105769.1",79284761,79284761,0,"CM105769.1",79281303,79305898,"gene:ENSBOLG00010007552","RGS21","regulator of G protein signaling 21 [Ensembl NN prediction with score 100%]","+",79281303,79305898,TRUE,3458,3458,21137,"overlapping","gene_body",FALSE,"intron"
"CM105777.1",14696078,4.946064548,7.57e-07,0.049955245,"CM105777.1",14696078,14696078,25806,"CM105777.1",14721885,14770421,"gene:ENSBOLG00010014553","ME2","malic enzyme 2 [Ensembl NN prediction with score 100%]","+",14721885,14770421,FALSE,25807,25807,74343,"upstream","intergenic",FALSE,"intergenic"
"CM105785.1",51209514,4.946428773,7.56e-07,0.049955245,"CM105785.1",51209514,51209514,145863,"CM105785.1",51060406,51063650,"gene:ENSBOLG00010010821","Atp5g3","ATP synthase, H+ transporting, mitochondrial F0 complex, subunit C3 (subunit 9) [Ensembl NN prediction with score 98.86%]","-",51063650,51060406,FALSE,145864,145864,149108,"upstream","intergenic",FALSE,"intergenic"
