"chr","pos","stat","pvals","fdrs","DML_chr","DML_start","DML_end","distance","gene_chr","gene_start","gene_end","gene_id","gene_name","gene_desc","gene_strand","TSS","TES","overlaps_gene","distance_bp","dist_to_TSS","dist_to_TES","direction","feature_strand","exon_overlap","refined_feature"
"CM105765.1",113924276,7.515600925,5.67e-14,1.9e-06,"CM105765.1",113924276,113924276,0,"CM105765.1",113894267,113968228,"gene:ENSBOLG00010004362","REPS1","RALBP1 associated Eps domain containing 1 [Ensembl NN prediction with score 100%]","-",113968228,113894267,TRUE,43952,43952,30009,"overlapping","gene_body",FALSE,"intron"
"CM105775.1",45214842,7.475263493,7.7e-14,1.9e-06,"CM105775.1",45214842,45214842,61859,"CM105775.1",45112489,45152982,"gene:ENSBOLG00010012250","HIF1A","hypoxia inducible factor 1 subunit alpha [Ensembl NN prediction with score 100%]","-",45152982,45112489,FALSE,61860,61860,102353,"upstream","intergenic",FALSE,"intergenic"
"CM105767.1",35306361,-7.142598841,9.16e-13,9.41e-06,"CM105767.1",35306361,35306361,10732,"CM105767.1",35243458,35295628,"gene:ENSBOLG00010002185","FAM83B","family with sequence similarity 83 member B [Ensembl NN prediction with score 100%]","-",35295628,35243458,FALSE,10733,10733,62903,"upstream","intergenic",FALSE,"intergenic"
"CM105774.1",40596411,7.136735258,9.56e-13,9.41e-06,"CM105774.1",40596411,40596411,3472,"CM105774.1",40599884,40635301,"gene:ENSBOLG00010011669","ELF1","E74 like ETS transcription factor 1 [Ensembl NN prediction with score 100%]","-",40635301,40599884,FALSE,38890,38890,3473,"downstream","intergenic",FALSE,"intergenic"
"CM105776.1",32181600,7.163369024,7.87e-13,9.41e-06,"CM105776.1",32181600,32181600,62311,"CM105776.1",32243912,32249461,"gene:ENSBOLG00010012674","UQCRFS1","ubiquinol-cytochrome c reductase, Rieske iron-sulfur polypeptide 1 [Ensembl NN prediction with score 100%]","+",32243912,32249461,FALSE,62312,62312,67861,"upstream","intergenic",FALSE,"intergenic"
"CM105776.1",32179890,7.007968241,2.42e-12,1.98e-05,"CM105776.1",32179890,32179890,60892,"CM105776.1",32066270,32118997,"gene:ENSBOLG00010012633","DUSP22","dual specificity phosphatase 22 [Ensembl NN prediction with score 100%]","-",32118997,32066270,FALSE,60893,60893,113620,"upstream","intergenic",FALSE,"intergenic"
"CM105780.1",5973465,-6.964539903,3.29e-12,2.32e-05,"CM105780.1",5973465,5973465,3182,"CM105780.1",5976648,6019911,"gene:ENSBOLG00010006829","CDH17","cadherin 17 [Ensembl NN prediction with score 100%]","-",6019911,5976648,FALSE,46446,46446,3183,"downstream","intergenic",FALSE,"intergenic"
"CM105766.1",109620561,-6.893398546,5.45e-12,3.35e-05,"CM105766.1",109620561,109620561,109510,"CM105766.1",109730072,109857048,"gene:ENSBOLG00010008431","MPDZ","multiple PDZ domain crumbs cell polarity complex component [Ensembl NN prediction with score 100%]","+",109730072,109857048,FALSE,109511,109511,236487,"upstream","intergenic",FALSE,"intergenic"
"CM105770.1",105314150,-6.845595555,7.62e-12,4.16e-05,"CM105770.1",105314150,105314150,0,"CM105770.1",105284307,105335883,"gene:ENSBOLG00010000632",NA,NA,"-",105335883,105284307,TRUE,21733,21733,29843,"overlapping","gene_body",FALSE,"intron"
"CM105764.1",22381126,-6.723855212,1.77e-11,7.34e-05,"CM105764.1",22381126,22381126,360387,"CM105764.1",22741514,22849557,"gene:ENSBOLG00010000097","USP25","ubiquitin specific peptidase 25 [Ensembl NN prediction with score 100%]","-",22849557,22741514,FALSE,468431,468431,360388,"downstream","intergenic",FALSE,"intergenic"
"CM105788.1",24531364,-6.722157756,1.79e-11,7.34e-05,"CM105788.1",24531364,24531364,209576,"CM105788.1",24258485,24321787,"gene:ENSBOLG00010015984","POT1","protection of telomeres 1 [Ensembl NN prediction with score 95.96%]","-",24321787,24258485,FALSE,209577,209577,272879,"upstream","intergenic",FALSE,"intergenic"
"CM105789.1",16408382,-6.743435526,1.55e-11,7.34e-05,"CM105789.1",16408382,16408382,150259,"CM105789.1",16235121,16258122,"gene:ENSBOLG00010009224","1700017N19Rik","RIKEN cDNA 1700017N19 gene [Ensembl NN prediction with score 99.99%]","+",16235121,16258122,FALSE,173261,173261,150260,"downstream","intergenic",FALSE,"intergenic"
"CM105779.1",14933660,6.708172135,1.97e-11,7.46e-05,"CM105779.1",14933660,14933660,459399,"CM105779.1",14471692,14474260,"gene:ENSBOLG00010010245","ZWINT","ZW10 interacting kinetochore protein [Ensembl NN prediction with score 99.94%]","-",14474260,14471692,FALSE,459400,459400,461968,"upstream","intergenic",FALSE,"intergenic"
"CM105766.1",12120421,6.69568501,2.15e-11,7.55e-05,"CM105766.1",12120421,12120421,62126,"CM105766.1",11899398,12058294,"gene:ENSBOLG00010002232","PLEKHA5","pleckstrin homology domain containing A5 [Ensembl NN prediction with score 100%]","-",12058294,11899398,FALSE,62127,62127,221023,"upstream","intergenic",FALSE,"intergenic"
"CM105769.1",24778079,6.667659132,2.6e-11,7.99e-05,"CM105769.1",24778079,24778079,27306,"CM105769.1",24714216,24750772,"gene:ENSBOLG00010021244","UAP1","UDP-N-acetylglucosamine pyrophosphorylase 1 [Ensembl NN prediction with score 100%]","+",24714216,24750772,FALSE,63863,63863,27307,"downstream","intergenic",FALSE,"intergenic"
"CM105776.1",32731801,6.670374368,2.55e-11,7.99e-05,"CM105776.1",32731801,32731801,54752,"CM105776.1",32786554,32866299,"gene:ENSBOLG00010012650","E2F3","E2F transcription factor 3 [Ensembl NN prediction with score 100%]","+",32786554,32866299,FALSE,54753,54753,134498,"upstream","intergenic",FALSE,"intergenic"
"CM105783.1",44840927,-6.654728357,2.84e-11,8.22e-05,"CM105783.1",44840927,44840927,0,"CM105783.1",44838577,44842592,"gene:ENSBOLG00010020427","CYP2D6","cytochrome P450 family 2 subfamily D member 6 [Ensembl NN prediction with score 95.46%]","-",44842592,44838577,TRUE,1665,1665,2350,"overlapping","gene_body",TRUE,"exon"
"CM105766.1",24398431,6.60640409,3.94e-11,0.000107653,"CM105766.1",24398431,24398431,18786,"CM105766.1",24417218,24462981,"gene:ENSBOLG00010007076","TEAD4","TEA domain transcription factor 4 [Ensembl NN prediction with score 99.97%]","+",24417218,24462981,FALSE,18787,18787,64550,"upstream","intergenic",FALSE,"intergenic"
"CM105764.1",33218050,6.580561981,4.69e-11,0.000121388,"CM105764.1",33218050,33218050,210551,"CM105764.1",32714038,33007498,"gene:ENSBOLG00010001294","CADM2","cell adhesion molecule 2 [Ensembl NN prediction with score 99.99%]","+",32714038,33007498,FALSE,504012,504012,210552,"downstream","intergenic",FALSE,"intergenic"
"CM105769.1",76157969,6.567988382,5.1e-11,0.000125486,"CM105769.1",76157969,76157969,707034,"CM105769.1",76865004,76865544,"gene:ENSBOLG00010007525","SNRPD2","small nuclear ribonucleoprotein D2 polypeptide [Ensembl NN prediction with score 86.96%]","-",76865544,76865004,FALSE,707575,707575,707035,"downstream","intergenic",FALSE,"intergenic"
"CM105770.1",94647151,-6.542089698,6.07e-11,0.00014216,"CM105770.1",94647151,94647151,87283,"CM105770.1",94464471,94559867,"gene:ENSBOLG00010001579","PARM1","prostate androgen-regulated mucin-like protein 1 [Ensembl NN prediction with score 100%]","+",94464471,94559867,FALSE,182680,182680,87284,"downstream","intergenic",FALSE,"intergenic"
"CM105787.1",37988827,6.53109156,6.53e-11,0.000146048,"CM105787.1",37988827,37988827,171782,"CM105787.1",37816043,37817044,"gene:ENSBOLG00010003929","GAPDH","glyceraldehyde-3-phosphate dehydrogenase [Ensembl NN prediction with score 100%]","+",37816043,37817044,FALSE,172784,172784,171783,"downstream","intergenic",FALSE,"intergenic"
"CM105776.1",61238853,-6.514605462,7.29e-11,0.000155935,"CM105776.1",61238853,61238853,58563,"CM105776.1",61297417,61813575,"gene:ENSBOLG00010014961","CELF2","CUGBP Elav-like family member 2 [Ensembl NN prediction with score 100%]","+",61297417,61813575,FALSE,58564,58564,574722,"upstream","intergenic",FALSE,"intergenic"
"CM105785.1",50283902,-6.501474266,7.95e-11,0.000163085,"CM105785.1",50283902,50283902,0,"CM105785.1",50263177,50386399,"gene:ENSBOLG00010010748","OLA1","Obg like ATPase 1 [Ensembl NN prediction with score 100%]","-",50386399,50263177,TRUE,102497,102497,20725,"overlapping","gene_body",FALSE,"intron"
"CM105766.1",91909343,6.495228581,8.29e-11,0.000163197,"CM105766.1",91909343,91909343,38066,"CM105766.1",91947410,92004307,"gene:ENSBOLG00010012399","PGM1","phosphoglucomutase 1 [Ensembl NN prediction with score 99.7%]","-",92004307,91947410,FALSE,94964,94964,38067,"downstream","intergenic",FALSE,"intergenic"
"CM105786.1",55146546,6.468403893,9.9e-11,0.000187461,"CM105786.1",55146546,55146546,4224,"CM105786.1",55140921,55142321,"gene:ENSBOLG00010007034","NPY5R","neuropeptide Y receptor Y5 [Ensembl NN prediction with score 100%]","-",55142321,55140921,FALSE,4225,4225,5625,"upstream","intergenic",FALSE,"intergenic"
"CM105765.1",52760689,-6.449984789,1.12e-10,0.00020388,"CM105765.1",52760689,52760689,0,"CM105765.1",52747051,52783678,"gene:ENSBOLG00010023156","9530053A07Rik","RIKEN cDNA 9530053A07 gene [Ensembl NN prediction with score 100%]","-",52783678,52747051,TRUE,22989,22989,13638,"overlapping","gene_body",FALSE,"intron"
"CM105769.1",86963944,-6.437009157,1.22e-10,0.000209912,"CM105769.1",86963944,86963944,9356,"CM105769.1",86830402,86954587,"gene:ENSBOLG00010018621","NR5A2","nuclear receptor subfamily 5 group A member 2 [Ensembl NN prediction with score 100%]","+",86830402,86954587,FALSE,133542,133542,9357,"downstream","intergenic",FALSE,"intergenic"
"CM105773.1",73375501,6.434718878,1.24e-10,0.000209912,"CM105773.1",73375501,73375501,691270,"CM105773.1",74066772,74070146,"gene:ENSBOLG00010017658","MAFB","MAF bZIP transcription factor B [Ensembl NN prediction with score 100%]","-",74070146,74066772,FALSE,694645,694645,691271,"downstream","intergenic",FALSE,"intergenic"
"CM105782.1",25522405,-6.408557828,1.47e-10,0.000240972,"CM105782.1",25522405,25522405,0,"CM105782.1",25520941,25556899,"gene:ENSBOLG00010017876",NA,NA,"-",25556899,25520941,TRUE,34494,34494,1464,"overlapping","gene_body",TRUE,"exon"
"CM105777.1",5716166,-6.401685681,1.54e-10,0.000243943,"CM105777.1",5716166,5716166,445510,"CM105777.1",5199401,5270655,"gene:ENSBOLG00010006469","TSHZ1","teashirt zinc finger homeobox 1 [Ensembl NN prediction with score 100%]","+",5199401,5270655,FALSE,516765,516765,445511,"downstream","intergenic",FALSE,"intergenic"
"CM105787.1",58194246,6.385515578,1.71e-10,0.000262694,"CM105787.1",58194246,58194246,47877,"CM105787.1",58242124,58256904,"gene:ENSBOLG00010009426","WNT11","Wnt family member 11 [Ensembl NN prediction with score 100%]","+",58242124,58256904,FALSE,47878,47878,62658,"upstream","intergenic",FALSE,"intergenic"
"CM105764.1",29948155,6.361082772,2e-10,0.000298748,"CM105764.1",29948155,29948155,189113,"CM105764.1",29758052,29759041,"gene:ENSBOLG00010000111","PRKAG1","protein kinase AMP-activated non-catalytic subunit gamma 1 [Ensembl NN prediction with score 99.97%]","-",29759041,29758052,FALSE,189114,189114,190103,"upstream","intergenic",FALSE,"intergenic"
"CM105766.1",104843259,-6.346220886,2.21e-10,0.000313322,"CM105766.1",104843259,104843259,0,"CM105766.1",104747405,105121653,"gene:ENSBOLG00010008467","ADAMTSL1","ADAMTS like 1 [Ensembl NN prediction with score 100%]","-",105121653,104747405,TRUE,278394,278394,95854,"overlapping","gene_body",FALSE,"intron"
"CM105769.1",5430857,6.344710559,2.23e-10,0.000313322,"CM105769.1",5430857,5430857,0,"CM105769.1",5397642,5439896,"gene:ENSBOLG00010006174","SMYD2","SET and MYND domain containing 2 [Ensembl NN prediction with score 100%]","+",5397642,5439896,TRUE,33215,33215,9039,"overlapping","gene_body",FALSE,"intron"
"CM105777.1",69458270,6.315910736,2.69e-10,0.000366214,"CM105777.1",69458270,69458270,207759,"CM105777.1",69249968,69250510,"gene:ENSBOLG00010008223","NIP7","nucleolar pre-rRNA processing protein NIP7 [Ensembl NN prediction with score 100%]","-",69250510,69249968,FALSE,207760,207760,208302,"upstream","intergenic",FALSE,"intergenic"
"CM105785.1",51209559,6.312059795,2.75e-10,0.000366214,"CM105785.1",51209559,51209559,145908,"CM105785.1",51060406,51063650,"gene:ENSBOLG00010010821","Atp5g3","ATP synthase, H+ transporting, mitochondrial F0 complex, subunit C3 (subunit 9) [Ensembl NN prediction with score 98.86%]","-",51063650,51060406,FALSE,145909,145909,149153,"upstream","intergenic",FALSE,"intergenic"
"CM105789.1",21689083,-6.297848251,3.02e-10,0.000390843,"CM105789.1",21689083,21689083,31758,"CM105789.1",21499302,21657324,"gene:ENSBOLG00010009568","ACSS3","acyl-CoA synthetase short chain family member 3 [Ensembl NN prediction with score 100%]","-",21657324,21499302,FALSE,31759,31759,189781,"upstream","intergenic",FALSE,"intergenic"
"CM105783.1",12552555,6.283876035,3.3e-10,0.000416693,"CM105783.1",12552555,12552555,0,"CM105783.1",12312135,13381689,"gene:ENSBOLG00010013435","CSMD3","CUB and Sushi multiple domains 3 [Ensembl NN prediction with score 100%]","-",13381689,12312135,TRUE,829134,829134,240420,"overlapping","gene_body",FALSE,"intron"
"CM105765.1",45862919,6.264489224,3.74e-10,0.000428685,"CM105765.1",45862919,45862919,255685,"CM105765.1",45516460,45607233,"gene:ENSBOLG00010007994","Zfp536","zinc finger protein 536 [Ensembl NN prediction with score 99.99%]","+",45516460,45607233,FALSE,346459,346459,255686,"downstream","intergenic",FALSE,"intergenic"
"CM105765.1",114275880,6.264267079,3.75e-10,0.000428685,"CM105765.1",114275880,114275880,23700,"CM105765.1",114299581,114302423,"gene:ENSBOLG00010004286","CITED2","Cbp/p300 interacting transactivator with Glu/Asp rich carboxy-terminal domain 2 [Ensembl NN prediction with score 100%]","-",114302423,114299581,FALSE,26543,26543,23701,"downstream","intergenic",FALSE,"intergenic"
"CM105766.1",73976843,-6.272071633,3.56e-10,0.000428685,"CM105766.1",73976843,73976843,0,"CM105766.1",73916242,74001348,"gene:ENSBOLG00010022225",NA,NA,"+",73916242,74001348,TRUE,60601,60601,24505,"overlapping","gene_body",FALSE,"intron"
"CM105769.1",79133529,6.270694888,3.59e-10,0.000428685,"CM105769.1",79133529,79133529,39188,"CM105769.1",79067257,79094340,"gene:ENSBOLG00010007522","RGS18","regulator of G protein signaling 18 [Ensembl NN prediction with score 100%]","+",79067257,79094340,FALSE,66272,66272,39189,"downstream","intergenic",FALSE,"intergenic"
"CM105777.1",49777781,-6.227388814,4.74e-10,0.000530438,"CM105777.1",49777781,49777781,133,"CM105777.1",49777915,49780302,"gene:ENSBOLG00010011056","PCDHB13","protocadherin beta 13 [Ensembl NN prediction with score 93.69%]","-",49780302,49777915,FALSE,2521,2521,134,"downstream","downstream",FALSE,"downstream"
"CM105766.1",104854052,-6.211688722,5.24e-10,0.00056469,"CM105766.1",104854052,104854052,0,"CM105766.1",104747405,105121653,"gene:ENSBOLG00010008467","ADAMTSL1","ADAMTS like 1 [Ensembl NN prediction with score 100%]","-",105121653,104747405,TRUE,267601,267601,106647,"overlapping","gene_body",FALSE,"intron"
"CM105786.1",20365363,6.210593602,5.28e-10,0.00056469,"CM105786.1",20365363,20365363,0,"CM105786.1",20267983,20788094,"gene:ENSBOLG00010010559","UNC5D","unc-5 netrin receptor D [Ensembl NN prediction with score 100%]","-",20788094,20267983,TRUE,422731,422731,97380,"overlapping","gene_body",FALSE,"intron"
"CM105783.1",57670801,6.204785669,5.48e-10,0.000573476,"CM105783.1",57670801,57670801,0,"CM105783.1",57613177,58072934,"gene:ENSBOLG00010009071","NELL2","neural EGFL like 2 [Ensembl NN prediction with score 100%]","-",58072934,57613177,TRUE,402133,402133,57624,"overlapping","gene_body",FALSE,"intron"
"CM105782.1",65436373,-6.198898733,5.69e-10,0.000582936,"CM105782.1",65436373,65436373,235994,"CM105782.1",65672368,65673182,"gene:ENSBOLG00010004177","NACA2","nascent polypeptide associated complex subunit alpha 2 [Ensembl NN prediction with score 98.96%]","+",65672368,65673182,FALSE,235995,235995,236809,"upstream","intergenic",FALSE,"intergenic"
"CM105786.1",38002845,6.177803381,6.5e-10,0.000652789,"CM105786.1",38002845,38002845,0,"CM105786.1",37823814,38270143,"gene:ENSBOLG00010006012","TENM3","teneurin transmembrane protein 3 [Ensembl NN prediction with score 100%]","-",38270143,37823814,TRUE,267298,267298,179031,"overlapping","gene_body",FALSE,"intron"
"CM105770.1",83838112,6.162261832,7.17e-10,0.000705809,"CM105770.1",83838112,83838112,0,"CM105770.1",83511131,83961361,"gene:ENSBOLG00010001303","ADGRL3","adhesion G protein-coupled receptor L3 [Ensembl NN prediction with score 100%]","+",83511131,83961361,TRUE,326981,326981,123249,"overlapping","gene_body",FALSE,"intron"
"CM105776.1",53878870,-6.141291787,8.19e-10,0.000778423,"CM105776.1",53878870,53878870,213998,"CM105776.1",53658059,53664871,"gene:ENSBOLG00010015136","KLF6","Kruppel like factor 6 [Ensembl NN prediction with score 100%]","-",53664871,53658059,FALSE,213999,213999,220811,"upstream","intergenic",FALSE,"intergenic"
"CM105778.1",4090363,-6.137488146,8.38e-10,0.000778423,"CM105778.1",4090363,4090363,54440,"CM105778.1",4144804,4150910,"gene:ENSBOLG00010007109","MED10","mediator complex subunit 10 [Ensembl NN prediction with score 100%]","-",4150910,4144804,FALSE,60547,60547,54441,"downstream","intergenic",FALSE,"intergenic"
"CM105785.1",30438188,-6.138513988,8.33e-10,0.000778423,"CM105785.1",30438188,30438188,73913,"CM105785.1",30346756,30364274,"gene:ENSBOLG00010004197","RND3","Rho family GTPase 3 [Ensembl NN prediction with score 100%]","-",30364274,30346756,FALSE,73914,73914,91432,"upstream","intergenic",FALSE,"intergenic"
"CM105767.1",93083705,-6.133747962,8.58e-10,0.000782197,"CM105767.1",93083705,93083705,398,"CM105767.1",93084104,93144880,"gene:ENSBOLG00010005142","ETS1","ETS proto-oncogene 1, transcription factor [Ensembl NN prediction with score 100%]","-",93144880,93084104,FALSE,61175,61175,399,"downstream","downstream",FALSE,"downstream"
"CM105777.1",15831709,-6.127759218,8.91e-10,0.000783198,"CM105777.1",15831709,15831709,225133,"CM105777.1",16056843,17130023,"gene:ENSBOLG00010014476","DCC","DCC netrin 1 receptor [Ensembl NN prediction with score 100%]","+",16056843,17130023,FALSE,225134,225134,1298314,"upstream","intergenic",FALSE,"intergenic"
"CM105782.1",67053822,6.130399702,8.77e-10,0.000783198,"CM105782.1",67053822,67053822,267243,"CM105782.1",65905479,66786578,"gene:ENSBOLG00010004168","CNTNAP5","contactin associated protein family member 5 [Ensembl NN prediction with score 80.51%]","-",66786578,65905479,FALSE,267244,267244,1148343,"upstream","intergenic",FALSE,"intergenic"
"CM105767.1",31979120,6.114943861,9.66e-10,0.000833912,"CM105767.1",31979120,31979120,0,"CM105767.1",31966274,31985564,"gene:ENSBOLG00010001873","RAB27A","RAB27A, member RAS oncogene family [Ensembl NN prediction with score 100%]","+",31966274,31985564,TRUE,12846,12846,6444,"overlapping","gene_body",FALSE,"intron"
"CM105765.1",52764666,-6.081533436,1.19e-09,0.000976326,"CM105765.1",52764666,52764666,0,"CM105765.1",52747051,52783678,"gene:ENSBOLG00010023156","9530053A07Rik","RIKEN cDNA 9530053A07 gene [Ensembl NN prediction with score 100%]","-",52783678,52747051,TRUE,19012,19012,17615,"overlapping","gene_body",TRUE,"exon"
"CM105768.1",92491667,6.08257718,1.18e-09,0.000976326,"CM105768.1",92491667,92491667,344325,"CM105768.1",92835993,92870464,"gene:ENSBOLG00010000970","GCFC2","GC-rich sequence DNA-binding factor 2 [Ensembl NN prediction with score 100%]","+",92835993,92870464,FALSE,344326,344326,378797,"upstream","intergenic",FALSE,"intergenic"
"CM105776.1",32187260,6.085802932,1.16e-09,0.000976326,"CM105776.1",32187260,32187260,56651,"CM105776.1",32243912,32249461,"gene:ENSBOLG00010012674","UQCRFS1","ubiquinol-cytochrome c reductase, Rieske iron-sulfur polypeptide 1 [Ensembl NN prediction with score 100%]","+",32243912,32249461,FALSE,56652,56652,62201,"upstream","intergenic",FALSE,"intergenic"
"CM105774.1",45615852,6.077224387,1.22e-09,0.000986475,"CM105774.1",45615852,45615852,62091,"CM105774.1",45495826,45553760,"gene:ENSBOLG00010007819","HTR2A","5-hydroxytryptamine receptor 2A [Ensembl NN prediction with score 100%]","-",45553760,45495826,FALSE,62092,62092,120026,"upstream","intergenic",FALSE,"intergenic"
"CM105765.1",114293678,6.07053095,1.27e-09,0.001011897,"CM105765.1",114293678,114293678,5902,"CM105765.1",114299581,114302423,"gene:ENSBOLG00010004286","CITED2","Cbp/p300 interacting transactivator with Glu/Asp rich carboxy-terminal domain 2 [Ensembl NN prediction with score 100%]","-",114302423,114299581,FALSE,8745,8745,5903,"downstream","intergenic",FALSE,"intergenic"
"CM105769.1",44109633,6.066209599,1.31e-09,0.001022924,"CM105769.1",44109633,44109633,526722,"CM105769.1",44636356,44636992,"gene:ENSBOLG00010000378","rpl29","ribosomal protein L29 [Ensembl NN prediction with score 98%]","+",44636356,44636992,FALSE,526723,526723,527359,"upstream","intergenic",FALSE,"intergenic"
"CM105777.1",15821134,-6.063688489,1.33e-09,0.001022924,"CM105777.1",15821134,15821134,235708,"CM105777.1",16056843,17130023,"gene:ENSBOLG00010014476","DCC","DCC netrin 1 receptor [Ensembl NN prediction with score 100%]","+",16056843,17130023,FALSE,235709,235709,1308889,"upstream","intergenic",FALSE,"intergenic"
"CM105783.1",22370382,-6.057256901,1.38e-09,0.001048279,"CM105783.1",22370382,22370382,0,"CM105783.1",22242089,22380543,"gene:ENSBOLG00010006769","MTSS1","MTSS I-BAR domain containing 1 [Ensembl NN prediction with score 100%]","-",22380543,22242089,TRUE,10161,10161,128293,"overlapping","gene_body",FALSE,"intron"
"CM105786.1",36472115,6.036184172,1.58e-09,0.001176589,"CM105786.1",36472115,36472115,47068,"CM105786.1",36318982,36425046,"gene:ENSBOLG00010006096","IRF2","interferon regulatory factor 2 [Ensembl NN prediction with score 100%]","+",36318982,36425046,FALSE,153133,153133,47069,"downstream","intergenic",FALSE,"intergenic"
"CM105769.1",16495008,6.028352026,1.66e-09,0.001216603,"CM105769.1",16495008,16495008,0,"CM105769.1",16493078,16907916,"gene:ENSBOLG00010018469","KIF26B","kinesin family member 26B [Ensembl NN prediction with score 100%]","-",16907916,16493078,TRUE,412908,412908,1930,"overlapping","gene_body",FALSE,"intron"
"CM105769.1",53985905,-6.024765239,1.69e-09,0.001225599,"CM105769.1",53985905,53985905,0,"CM105769.1",53969578,53997318,"gene:ENSBOLG00010001571","ACOX2","acyl-CoA oxidase 2 [Ensembl NN prediction with score 100%]","+",53969578,53997318,TRUE,16327,16327,11413,"overlapping","gene_body",FALSE,"intron"
"CM105766.1",99830655,6.016105141,1.79e-09,0.001274223,"CM105766.1",99830655,99830655,83266,"CM105766.1",99913922,100065925,"gene:ENSBOLG00010012320","ELAVL2","ELAV like RNA binding protein 2 [Ensembl NN prediction with score 100%]","+",99913922,100065925,FALSE,83267,83267,235270,"upstream","intergenic",FALSE,"intergenic"
"CM105765.1",99967987,-6.005615166,1.91e-09,0.001333235,"CM105765.1",99967987,99967987,93608,"CM105765.1",100061596,101110036,"gene:ENSBOLG00010011670","NKAIN2","sodium/potassium transporting ATPase interacting 2 [Ensembl NN prediction with score 100%]","+",100061596,101110036,FALSE,93609,93609,1142049,"upstream","intergenic",FALSE,"intergenic"
"CM105786.1",10421129,6.004133499,1.92e-09,0.001333235,"CM105786.1",10421129,10421129,7362,"CM105786.1",10412555,10413766,"gene:ENSBOLG00010010667","TRIM59","tripartite motif containing 59 [Ensembl NN prediction with score 100%]","-",10413766,10412555,FALSE,7363,7363,8574,"upstream","intergenic",FALSE,"intergenic"
"CM105773.1",84877237,-6.000478894,1.97e-09,0.001344655,"CM105773.1",84877237,84877237,122279,"CM105773.1",84605556,84754957,"gene:ENSBOLG00010010780","DOK5","docking protein 5 [Ensembl NN prediction with score 99.99%]","+",84605556,84754957,FALSE,271681,271681,122280,"downstream","intergenic",FALSE,"intergenic"
"CM105770.1",103141855,5.992900776,2.06e-09,0.001370895,"CM105770.1",103141855,103141855,0,"CM105770.1",102847236,103257131,"gene:ENSBOLG00010001805","ARHGAP24","Rho GTPase activating protein 24 [Ensembl NN prediction with score 100%]","+",102847236,103257131,TRUE,294619,294619,115276,"overlapping","gene_body",FALSE,"intron"
"CM105776.1",46300773,5.992887757,2.06e-09,0.001370895,"CM105776.1",46300773,46300773,12276,"CM105776.1",46287612,46288496,"gene:ENSBOLG00010008680","AW549877","expressed sequence AW549877 [Ensembl NN prediction with score 99.25%]","+",46287612,46288496,FALSE,13161,13161,12277,"downstream","intergenic",FALSE,"intergenic"
"CM105790.1",20185033,-5.963705137,2.47e-09,0.001617923,"CM105790.1",20185033,20185033,280909,"CM105790.1",20465943,20519194,"gene:ENSBOLG00010015206","AKAIN1","A-kinase anchor inhibitor 1 [Ensembl NN prediction with score 100%]","-",20519194,20465943,FALSE,334161,334161,280910,"downstream","intergenic",FALSE,"intergenic"
"CM105764.1",45909100,5.957280077,2.56e-09,0.00162332,"CM105764.1",45909100,45909100,321030,"CM105764.1",46230131,46507170,"gene:ENSBOLG00010000766","Gm10076","predicted gene 10076 [Ensembl NN prediction with score 80.75%]","+",46230131,46507170,FALSE,321031,321031,598070,"upstream","intergenic",FALSE,"intergenic"
"CM105766.1",39302913,-5.959726244,2.53e-09,0.00162332,"CM105766.1",39302913,39302913,21797,"CM105766.1",39324711,39346596,"gene:ENSBOLG00010019210","Ssu2","ssu-2 homolog (C. elegans) [Ensembl NN prediction with score 92.24%]","+",39324711,39346596,FALSE,21798,21798,43683,"upstream","intergenic",FALSE,"intergenic"
"CM105767.1",35307943,-5.956752021,2.57e-09,0.00162332,"CM105767.1",35307943,35307943,12314,"CM105767.1",35243458,35295628,"gene:ENSBOLG00010002185","FAM83B","family with sequence similarity 83 member B [Ensembl NN prediction with score 100%]","-",35295628,35243458,FALSE,12315,12315,64485,"upstream","intergenic",FALSE,"intergenic"
"CM105765.1",128983328,-5.943741778,2.79e-09,0.001735379,"CM105765.1",128983328,128983328,40802,"CM105765.1",128881622,128942525,"gene:ENSBOLG00010003254","NOX3","NADPH oxidase 3 [Ensembl NN prediction with score 100%]","-",128942525,128881622,FALSE,40803,40803,101706,"upstream","intergenic",FALSE,"intergenic"
"CM105770.1",60884548,-5.939346998,2.86e-09,0.001745397,"CM105770.1",60884548,60884548,52318,"CM105770.1",60936867,60937408,"gene:ENSBOLG00010001324","NME2","NME/NM23 nucleoside diphosphate kinase 2 [Ensembl NN prediction with score 99.29%]","+",60936867,60937408,FALSE,52319,52319,52860,"upstream","intergenic",FALSE,"intergenic"
"CM105772.1",37399858,-5.938700547,2.87e-09,0.001745397,"CM105772.1",37399858,37399858,85985,"CM105772.1",37310759,37313872,"gene:ENSBOLG00010006000","TMEM252","transmembrane protein 252 [Ensembl NN prediction with score 99.98%]","-",37313872,37310759,FALSE,85986,85986,89099,"upstream","intergenic",FALSE,"intergenic"
"CM105776.1",33210512,-5.93166904,3e-09,0.001799611,"CM105776.1",33210512,33210512,0,"CM105776.1",32915035,33442773,"gene:ENSBOLG00010012671","CDKAL1","CDK5 regulatory subunit associated protein 1 like 1 [Ensembl NN prediction with score 100%]","+",32915035,33442773,TRUE,295477,295477,232261,"overlapping","gene_body",FALSE,"intron"
"CM105786.1",48868712,-5.928933258,3.05e-09,0.001807801,"CM105786.1",48868712,48868712,121662,"CM105786.1",48990375,49015770,"gene:ENSBOLG00010006030","AADAT","aminoadipate aminotransferase [Ensembl NN prediction with score 100%]","+",48990375,49015770,FALSE,121663,121663,147058,"upstream","intergenic",FALSE,"intergenic"
"CM105779.1",17598664,-5.923308993,3.16e-09,0.001848485,"CM105779.1",17598664,17598664,51916,"CM105779.1",17504569,17546747,"gene:ENSBOLG00010009863","RHOBTB1","Rho related BTB domain containing 1 [Ensembl NN prediction with score 100%]","-",17546747,17504569,FALSE,51917,51917,94095,"upstream","intergenic",FALSE,"intergenic"
"CM105776.1",38121353,5.915060683,3.32e-09,0.001920679,"CM105776.1",38121353,38121353,0,"CM105776.1",37864567,38139948,"gene:ENSBOLG00010012692",NA,NA,"+",37864567,38139948,TRUE,256786,256786,18595,"overlapping","gene_body",FALSE,"intron"
"CM105780.1",30055100,-5.907374316,3.48e-09,0.001989042,"CM105780.1",30055100,30055100,58437,"CM105780.1",30113538,30116423,"gene:ENSBOLG00010012710","tomm5","translocase of outer mitochondrial membrane 5 [Ensembl NN prediction with score 100%]","+",30113538,30116423,FALSE,58438,58438,61323,"upstream","intergenic",FALSE,"intergenic"
"CM105774.1",5895540,-5.896932481,3.7e-09,0.002094681,"CM105774.1",5895540,5895540,101682,"CM105774.1",5574863,5793857,"gene:ENSBOLG00010007102","ABCC4","ATP binding cassette subfamily C member 4 [Ensembl NN prediction with score 100%]","+",5574863,5793857,FALSE,320677,320677,101683,"downstream","intergenic",FALSE,"intergenic"
"CM105767.1",35308636,-5.891656481,3.82e-09,0.002138107,"CM105767.1",35308636,35308636,13007,"CM105767.1",35243458,35295628,"gene:ENSBOLG00010002185","FAM83B","family with sequence similarity 83 member B [Ensembl NN prediction with score 100%]","-",35295628,35243458,FALSE,13008,13008,65178,"upstream","intergenic",FALSE,"intergenic"
"CM105772.1",47494735,5.886556419,3.94e-09,0.002180334,"CM105772.1",47494735,47494735,244696,"CM105772.1",47739432,47869013,"gene:ENSBOLG00010015169","TLE4","TLE family member 4, transcriptional corepressor [Ensembl NN prediction with score 99.98%]","+",47739432,47869013,FALSE,244697,244697,374278,"upstream","intergenic",FALSE,"intergenic"
"CM105786.1",52655014,-5.882116068,4.05e-09,0.002214772,"CM105786.1",52655014,52655014,0,"CM105786.1",52636507,52814026,"gene:ENSBOLG00010006089","TLL1","tolloid like 1 [Ensembl NN prediction with score 100%]","-",52814026,52636507,TRUE,159012,159012,18507,"overlapping","gene_body",FALSE,"intron"
"CM105767.1",103662396,-5.879995173,4.1e-09,0.002218686,"CM105767.1",103662396,103662396,3227,"CM105767.1",103591897,103659168,"gene:ENSBOLG00010001663","ANLN","anillin actin binding protein [Ensembl NN prediction with score 100%]","+",103591897,103659168,FALSE,70499,70499,3228,"downstream","intergenic",FALSE,"intergenic"
"CM105786.1",49144864,5.871387594,4.32e-09,0.002311627,"CM105786.1",49144864,49144864,46949,"CM105786.1",49083594,49097914,"gene:ENSBOLG00010006066","MFAP3L","microfibril associated protein 3 like [Ensembl NN prediction with score 100%]","+",49083594,49097914,FALSE,61270,61270,46950,"downstream","intergenic",FALSE,"intergenic"
"CM105769.1",81606652,-5.851192162,4.88e-09,0.002501856,"CM105769.1",81606652,81606652,60234,"CM105769.1",81666887,81667508,"gene:ENSBOLG00010018660","rpl17","ribosomal protein L17 [Ensembl NN prediction with score 99.99%]","-",81667508,81666887,FALSE,60856,60856,60235,"downstream","intergenic",FALSE,"intergenic"
"CM105777.1",62127769,-5.852102352,4.85e-09,0.002501856,"CM105777.1",62127769,62127769,0,"CM105777.1",61839519,62258456,"gene:ENSBOLG00010007853","FHOD3","formin homology 2 domain containing 3 [Ensembl NN prediction with score 99.94%]","-",62258456,61839519,TRUE,130687,130687,288250,"overlapping","gene_body",FALSE,"intron"
"CM105780.1",54872460,-5.856151589,4.74e-09,0.002501856,"CM105780.1",54872460,54872460,271714,"CM105780.1",55144175,55170248,"gene:ENSBOLG00010007966","ARMC1","armadillo repeat containing 1 [Ensembl NN prediction with score 100%]","-",55170248,55144175,FALSE,297788,297788,271715,"downstream","intergenic",FALSE,"intergenic"
"CM105784.1",22184027,-5.85450844,4.78e-09,0.002501856,"CM105784.1",22184027,22184027,40297,"CM105784.1",22135772,22143729,"gene:ENSBOLG00010014175","SHOX2","short stature homeobox 2 [Ensembl NN prediction with score 100%]","+",22135772,22143729,FALSE,48255,48255,40298,"downstream","intergenic",FALSE,"intergenic"
"CM105776.1",76165071,-5.844854111,5.07e-09,0.002572204,"CM105776.1",76165071,76165071,12303,"CM105776.1",76177375,76260823,"gene:ENSBOLG00010012357","SVIL","supervillin [Ensembl NN prediction with score 99.99%]","+",76177375,76260823,FALSE,12304,12304,95752,"upstream","intergenic",FALSE,"intergenic"
"CM105771.1",22950144,-5.837881424,5.29e-09,0.002649365,"CM105771.1",22950144,22950144,133535,"CM105771.1",23083680,23100192,"gene:ENSBOLG00010013095","MAT2B","methionine adenosyltransferase 2B [Ensembl NN prediction with score 100%]","-",23100192,23083680,FALSE,150048,150048,133536,"downstream","intergenic",FALSE,"intergenic"
"CM105786.1",51816492,-5.836530777,5.33e-09,0.002649365,"CM105786.1",51816492,51816492,0,"CM105786.1",51660794,52016014,"gene:ENSBOLG00010006033","SPOCK3","SPARC (osteonectin), cwcv and kazal like domains proteoglycan 3 [Ensembl NN prediction with score 100%]","+",51660794,52016014,TRUE,155698,155698,199522,"overlapping","gene_body",FALSE,"intron"
"CM105770.1",44205140,5.822171816,5.81e-09,0.002858534,"CM105770.1",44205140,44205140,200818,"CM105770.1",43974775,44004321,"gene:ENSBOLG00010013999","HS3ST1","heparan sulfate-glucosamine 3-sulfotransferase 1 [Ensembl NN prediction with score 100%]","-",44004321,43974775,FALSE,200819,200819,230365,"upstream","intergenic",FALSE,"intergenic"
"CM105772.1",42992368,-5.818100855,5.95e-09,0.002871582,"CM105772.1",42992368,42992368,222500,"CM105772.1",43214869,43392385,"gene:ENSBOLG00010015045","RORB","RAR related orphan receptor B [Ensembl NN prediction with score 100%]","+",43214869,43392385,FALSE,222501,222501,400017,"upstream","intergenic",FALSE,"intergenic"
"CM105789.1",26338930,-5.819738904,5.89e-09,0.002871582,"CM105789.1",26338930,26338930,5334,"CM105789.1",26344265,26351234,"gene:ENSBOLG00010009542","GLIPR1L2","GLIPR1 like 2 [Ensembl NN prediction with score 99.87%]","-",26351234,26344265,FALSE,12304,12304,5335,"downstream","intergenic",FALSE,"intergenic"
"CM105769.1",93302250,-5.805405736,6.42e-09,0.003057546,"CM105769.1",93302250,93302250,20724,"CM105769.1",93244421,93281525,"gene:ENSBOLG00010015598","Zp3r","zona pellucida 3 receptor [Ensembl NN prediction with score 99.98%]","+",93244421,93281525,FALSE,57829,57829,20725,"downstream","intergenic",FALSE,"intergenic"
"CM105786.1",22652990,5.804347472,6.46e-09,0.003057546,"CM105786.1",22652990,22652990,132271,"CM105786.1",22455467,22520718,"gene:ENSBOLG00010007421","FUT10","fucosyltransferase 10 [Ensembl NN prediction with score 100%]","+",22455467,22520718,FALSE,197523,197523,132272,"downstream","intergenic",FALSE,"intergenic"
"CM105776.1",47249407,-5.798034202,6.71e-09,0.003144639,"CM105776.1",47249407,47249407,0,"CM105776.1",47242748,47322689,"gene:ENSBOLG00010008645","NID1","nidogen 1 [Ensembl NN prediction with score 100%]","-",47322689,47242748,TRUE,73282,73282,6659,"overlapping","gene_body",FALSE,"intron"
"CM105764.1",124457495,-5.792370187,6.94e-09,0.003201676,"CM105764.1",124457495,124457495,441864,"CM105764.1",124014953,124015630,"gene:ENSBOLG00010003227","CT55","cancer/testis antigen 55 [Ensembl NN prediction with score 83.38%]","+",124014953,124015630,FALSE,442542,442542,441865,"downstream","intergenic",FALSE,"intergenic"
"CM105786.1",33306562,-5.791850828,6.96e-09,0.003201676,"CM105786.1",33306562,33306562,49831,"CM105786.1",33255783,33256730,"gene:ENSBOLG00010006170","ZFP42","ZFP42 zinc finger protein [Ensembl NN prediction with score 100%]","-",33256730,33255783,FALSE,49832,49832,50779,"upstream","intergenic",FALSE,"intergenic"
"CM105777.1",21215158,5.78923387,7.07e-09,0.003221844,"CM105777.1",21215158,21215158,0,"CM105777.1",21185545,21308225,"gene:ENSBOLG00010017551","GNAL","G protein subunit alpha L [Ensembl NN prediction with score 100%]","-",21308225,21185545,TRUE,93067,93067,29613,"overlapping","gene_body",FALSE,"intron"
"CM105765.1",114293718,5.783566438,7.31e-09,0.003243959,"CM105765.1",114293718,114293718,5862,"CM105765.1",114299581,114302423,"gene:ENSBOLG00010004286","CITED2","Cbp/p300 interacting transactivator with Glu/Asp rich carboxy-terminal domain 2 [Ensembl NN prediction with score 100%]","-",114302423,114299581,FALSE,8705,8705,5863,"downstream","intergenic",FALSE,"intergenic"
"CM105767.1",52461212,-5.786336215,7.19e-09,0.003243959,"CM105767.1",52461212,52461212,587391,"CM105767.1",53048604,53065607,"gene:ENSBOLG00010001094","1190002N15Rik","RIKEN cDNA 1190002N15 gene [Ensembl NN prediction with score 95.43%]","-",53065607,53048604,FALSE,604395,604395,587392,"downstream","intergenic",FALSE,"intergenic"
"CM105767.1",66469292,5.783479404,7.32e-09,0.003243959,"CM105767.1",66469292,66469292,29978,"CM105767.1",66499271,66500209,"gene:ENSBOLG00010003930","Olfr150","olfactory receptor 150 [Ensembl NN prediction with score 97.41%]","-",66500209,66499271,FALSE,30917,30917,29979,"downstream","intergenic",FALSE,"intergenic"
"CM105769.1",5230125,5.773488226,7.76e-09,0.003322657,"CM105769.1",5230125,5230125,41630,"CM105769.1",5149751,5188494,"gene:ENSBOLG00010006316","PROX1","prospero homeobox 1 [Ensembl NN prediction with score 100%]","+",5149751,5188494,FALSE,80374,80374,41631,"downstream","intergenic",FALSE,"intergenic"
"CM105775.1",34650763,-5.774641175,7.71e-09,0.003322657,"CM105775.1",34650763,34650763,0,"CM105775.1",34584211,34667116,"gene:ENSBOLG00010016191","LIN52","lin-52 DREAM MuvB core complex component [Ensembl NN prediction with score 96.95%]","-",34667116,34584211,TRUE,16353,16353,66552,"overlapping","gene_body",FALSE,"intron"
"CM105775.1",44105220,5.774392396,7.72e-09,0.003322657,"CM105775.1",44105220,44105220,0,"CM105775.1",43894981,44181413,"gene:ENSBOLG00010012239","KCNH5","potassium voltage-gated channel subfamily H member 5 [Ensembl NN prediction with score 99.99%]","+",43894981,44181413,TRUE,210239,210239,76193,"overlapping","gene_body",FALSE,"intron"
"CM105782.1",65372894,-5.777019103,7.6e-09,0.003322657,"CM105782.1",65372894,65372894,299473,"CM105782.1",65672368,65673182,"gene:ENSBOLG00010004177","NACA2","nascent polypeptide associated complex subunit alpha 2 [Ensembl NN prediction with score 98.96%]","+",65672368,65673182,FALSE,299474,299474,300288,"upstream","intergenic",FALSE,"intergenic"
"CM105780.1",25478688,5.770909943,7.88e-09,0.003344818,"CM105780.1",25478688,25478688,117919,"CM105780.1",25596608,25786637,"gene:ENSBOLG00010012609","GRIN3A","glutamate ionotropic receptor NMDA type subunit 3A [Ensembl NN prediction with score 100%]","+",25596608,25786637,FALSE,117920,117920,307949,"upstream","intergenic",FALSE,"intergenic"
"CM105769.1",24803915,5.763214026,8.25e-09,0.003441698,"CM105769.1",24803915,24803915,53142,"CM105769.1",24714216,24750772,"gene:ENSBOLG00010021244","UAP1","UDP-N-acetylglucosamine pyrophosphorylase 1 [Ensembl NN prediction with score 100%]","+",24714216,24750772,FALSE,89699,89699,53143,"downstream","intergenic",FALSE,"intergenic"
"CM105770.1",23644166,-5.763313094,8.25e-09,0.003441698,"CM105770.1",23644166,23644166,151574,"CM105770.1",23795741,23801032,"gene:ENSBOLG00010003636","C1D","C1D nuclear receptor corepressor [Ensembl NN prediction with score 100%]","-",23801032,23795741,FALSE,156866,156866,151575,"downstream","intergenic",FALSE,"intergenic"
"CM105770.1",60877699,-5.759377671,8.44e-09,0.003444016,"CM105770.1",60877699,60877699,59167,"CM105770.1",60936867,60937408,"gene:ENSBOLG00010001324","NME2","NME/NM23 nucleoside diphosphate kinase 2 [Ensembl NN prediction with score 99.29%]","+",60936867,60937408,FALSE,59168,59168,59709,"upstream","intergenic",FALSE,"intergenic"
"CM105785.1",51227699,5.758863442,8.47e-09,0.003444016,"CM105785.1",51227699,51227699,164048,"CM105785.1",51060406,51063650,"gene:ENSBOLG00010010821","Atp5g3","ATP synthase, H+ transporting, mitochondrial F0 complex, subunit C3 (subunit 9) [Ensembl NN prediction with score 98.86%]","-",51063650,51060406,FALSE,164049,164049,167293,"upstream","intergenic",FALSE,"intergenic"
"CM105787.1",55327475,-5.760802395,8.37e-09,0.003444016,"CM105787.1",55327475,55327475,791041,"CM105787.1",56118517,56588174,"gene:ENSBOLG00010009467","TENM4","teneurin transmembrane protein 4 [Ensembl NN prediction with score 100%]","+",56118517,56588174,FALSE,791042,791042,1260699,"upstream","intergenic",FALSE,"intergenic"
"CM105765.1",65401438,5.75641017,8.59e-09,0.003465775,"CM105765.1",65401438,65401438,0,"CM105765.1",65381710,65416659,"gene:ENSBOLG00010019706","LIG1","DNA ligase 1 [Ensembl NN prediction with score 99.99%]","-",65416659,65381710,TRUE,15221,15221,19728,"overlapping","gene_body",FALSE,"intron"
"CM105767.1",84235131,5.754188269,8.71e-09,0.003483113,"CM105767.1",84235131,84235131,2378,"CM105767.1",84175396,84232752,"gene:ENSBOLG00010005180","ETFA","electron transfer flavoprotein subunit alpha [Ensembl NN prediction with score 100%]","-",84232752,84175396,FALSE,2379,2379,59735,"upstream","intergenic",FALSE,"intergenic"
"CM105782.1",37776847,5.747075375,9.08e-09,0.003603495,"CM105782.1",37776847,37776847,0,"CM105782.1",37715781,37875348,"gene:ENSBOLG00010008418","TANGO6","transport and golgi organization 6 homolog [Ensembl NN prediction with score 100%]","-",37875348,37715781,TRUE,98501,98501,61066,"overlapping","gene_body",FALSE,"intron"
"CM105772.1",55576737,-5.745007197,9.19e-09,0.003605446,"CM105772.1",55576737,55576737,28428,"CM105772.1",55605166,55617042,"gene:ENSBOLG00010023516","SLC22A11","solute carrier family 22 member 11 [Ensembl NN prediction with score 99.79%]","+",55605166,55617042,FALSE,28429,28429,40305,"upstream","intergenic",FALSE,"intergenic"
"CM105773.1",29755324,-5.743490399,9.27e-09,0.003605446,"CM105773.1",29755324,29755324,80320,"CM105773.1",29674589,29675003,"gene:ENSBOLG00010019730","rpl35a","ribosomal protein L35a [Ensembl NN prediction with score 99.99%]","+",29674589,29675003,FALSE,80735,80735,80321,"downstream","intergenic",FALSE,"intergenic"
"CM105786.1",37988472,5.742938761,9.3e-09,0.003605446,"CM105786.1",37988472,37988472,0,"CM105786.1",37823814,38270143,"gene:ENSBOLG00010006012","TENM3","teneurin transmembrane protein 3 [Ensembl NN prediction with score 100%]","-",38270143,37823814,TRUE,281671,281671,164658,"overlapping","gene_body",FALSE,"intron"
"CM105765.1",72237749,-5.739239981,9.51e-09,0.003627941,"CM105765.1",72237749,72237749,0,"CM105765.1",72237483,72242994,"gene:ENSBOLG00010013843","TARM1","T cell-interacting, activating receptor on myeloid cells 1 [Ensembl NN prediction with score 93.85%]","+",72237483,72242994,TRUE,266,266,5245,"overlapping","gene_body",TRUE,"exon"
"CM105772.1",70910770,5.740069623,9.46e-09,0.003627941,"CM105772.1",70910770,70910770,137544,"CM105772.1",70737421,70773225,"gene:ENSBOLG00010018930","EDRF1","erythroid differentiation regulatory factor 1 [Ensembl NN prediction with score 100%]","-",70773225,70737421,FALSE,137545,137545,173349,"upstream","intergenic",FALSE,"intergenic"
"CM105777.1",15845393,-5.737811492,9.59e-09,0.003630521,"CM105777.1",15845393,15845393,211449,"CM105777.1",16056843,17130023,"gene:ENSBOLG00010014476","DCC","DCC netrin 1 receptor [Ensembl NN prediction with score 100%]","+",16056843,17130023,FALSE,211450,211450,1284630,"upstream","intergenic",FALSE,"intergenic"
"CM105774.1",68165614,5.733033148,9.87e-09,0.003664461,"CM105774.1",68165614,68165614,14289,"CM105774.1",68179904,68179969,"gene:ENSBOLG00010021861",NA,NA,"-",68179969,68179904,FALSE,14355,14355,14290,"downstream","intergenic",TRUE,"exon"
"CM105778.1",22856319,-5.730375304,1e-08,0.003664461,"CM105778.1",22856319,22856319,78481,"CM105778.1",22934801,22935151,"gene:ENSBOLG00010010915","EIF4EBP1","eukaryotic translation initiation factor 4E binding protein 1 [Ensembl NN prediction with score 99.99%]","-",22935151,22934801,FALSE,78832,78832,78482,"downstream","intergenic",FALSE,"intergenic"
"CM105780.1",66687606,-5.7298363,1.01e-08,0.003664461,"CM105780.1",66687606,66687606,10730,"CM105780.1",66698337,66733587,"gene:ENSBOLG00010013231","ZC2HC1A","zinc finger C2HC-type containing 1A [Ensembl NN prediction with score 100%]","+",66698337,66733587,FALSE,10731,10731,45981,"upstream","intergenic",FALSE,"intergenic"
"CM105785.1",31118806,5.732437886,9.9e-09,0.003664461,"CM105785.1",31118806,31118806,0,"CM105785.1",31118123,31129033,"gene:ENSBOLG00010004137","RBM43","RNA binding motif protein 43 [Ensembl NN prediction with score 84.7%]","-",31129033,31118123,TRUE,10227,10227,683,"overlapping","gene_body",TRUE,"exon"
"CM105785.1",51209480,5.73055338,1e-08,0.003664461,"CM105785.1",51209480,51209480,145829,"CM105785.1",51060406,51063650,"gene:ENSBOLG00010010821","Atp5g3","ATP synthase, H+ transporting, mitochondrial F0 complex, subunit C3 (subunit 9) [Ensembl NN prediction with score 98.86%]","-",51063650,51060406,FALSE,145830,145830,149074,"upstream","intergenic",FALSE,"intergenic"
"CM105764.1",116700322,5.727399287,1.02e-08,0.00369014,"CM105764.1",116700322,116700322,0,"CM105764.1",116146191,117237516,"gene:ENSBOLG00010003108","AUTS2","activator of transcription and developmental regulator AUTS2 [Ensembl NN prediction with score 99.99%]","+",116146191,117237516,TRUE,554131,554131,537194,"overlapping","gene_body",FALSE,"intron"
"CM105774.1",76953581,5.710708219,1.13e-08,0.004011982,"CM105774.1",76953581,76953581,0,"CM105774.1",76746187,77459488,"gene:ENSBOLG00010013141","KCNMA1","potassium calcium-activated channel subfamily M alpha 1 [Ensembl NN prediction with score 100%]","+",76746187,77459488,TRUE,207394,207394,505907,"overlapping","gene_body",FALSE,"intron"
"CM105776.1",24945377,5.711348832,1.12e-08,0.004011982,"CM105776.1",24945377,24945377,15924,"CM105776.1",24876786,24929452,"gene:ENSBOLG00010016129","bloc1s5","biogenesis of lysosomal organelles complex 1 subunit 5 [Ensembl NN prediction with score 99.59%]","+",24876786,24929452,FALSE,68591,68591,15925,"downstream","intergenic",FALSE,"intergenic"
"CM105772.1",82669978,5.699805329,1.2e-08,0.004246424,"CM105772.1",82669978,82669978,41697,"CM105772.1",82711676,82712563,"gene:ENSBOLG00010005981","H2AFZ","H2A histone family, member Z [Ensembl NN prediction with score 97.2%]","-",82712563,82711676,FALSE,42585,42585,41698,"downstream","intergenic",FALSE,"intergenic"
"CM105764.1",125311089,-5.696429357,1.22e-08,0.004252086,"CM105764.1",125311089,125311089,163314,"CM105764.1",125474404,125475081,"gene:ENSBOLG00010003232","CT55","cancer/testis antigen 55 [Ensembl NN prediction with score 77.12%]","+",125474404,125475081,FALSE,163315,163315,163992,"upstream","intergenic",FALSE,"intergenic"
"CM105766.1",122512323,-5.696999209,1.22e-08,0.004252086,"CM105766.1",122512323,122512323,575503,"CM105766.1",121802668,121936819,"gene:ENSBOLG00010000268","BRINP1","BMP/retinoic acid inducible neural specific 1 [Ensembl NN prediction with score 100%]","+",121802668,121936819,FALSE,709655,709655,575504,"downstream","intergenic",FALSE,"intergenic"
"CM105786.1",50861226,-5.695936686,1.23e-08,0.004252086,"CM105786.1",50861226,50861226,0,"CM105786.1",50819615,50883616,"gene:ENSBOLG00010006219","ANXA10","annexin A10 [Ensembl NN prediction with score 100%]","-",50883616,50819615,TRUE,22390,22390,41611,"overlapping","gene_body",FALSE,"intron"
"CM105776.1",10763017,5.691271448,1.26e-08,0.004309236,"CM105776.1",10763017,10763017,33739,"CM105776.1",10796757,10801337,"gene:ENSBOLG00010013561","MSX2","msh homeobox 2 [Ensembl NN prediction with score 99.98%]","+",10796757,10801337,FALSE,33740,33740,38320,"upstream","intergenic",FALSE,"intergenic"
"CM105779.1",36757872,5.691508164,1.26e-08,0.004309236,"CM105779.1",36757872,36757872,0,"CM105779.1",36688952,36796053,"gene:ENSBOLG00010012223","TBC1D8","TBC1 domain family member 8 [Ensembl NN prediction with score 100%]","+",36688952,36796053,TRUE,68920,68920,38181,"overlapping","gene_body",FALSE,"intron"
"CM105775.1",32074376,-5.689770378,1.27e-08,0.004317306,"CM105775.1",32074376,32074376,5419,"CM105775.1",32032145,32068956,"gene:ENSBOLG00010015827","TMEM63C","transmembrane protein 63C [Ensembl NN prediction with score 100%]","-",32068956,32032145,FALSE,5420,5420,42231,"upstream","intergenic",FALSE,"intergenic"
"CM105764.1",99775194,-5.683552053,1.32e-08,0.004339757,"CM105764.1",99775194,99775194,5562,"CM105764.1",99780757,99847022,"gene:ENSBOLG00010004599","MED15","mediator complex subunit 15 [Ensembl NN prediction with score 100%]","+",99780757,99847022,FALSE,5563,5563,71828,"upstream","intergenic",FALSE,"intergenic"
"CM105768.1",13818981,5.679705521,1.35e-08,0.004339757,"CM105768.1",13818981,13818981,0,"CM105768.1",13573931,13962993,"gene:ENSBOLG00010016509","CREB5","cAMP responsive element binding protein 5 [Ensembl NN prediction with score 99.87%]","+",13573931,13962993,TRUE,245050,245050,144012,"overlapping","gene_body",FALSE,"intron"
"CM105769.1",79077771,-5.68390094,1.32e-08,0.004339757,"CM105769.1",79077771,79077771,0,"CM105769.1",79067257,79094340,"gene:ENSBOLG00010007522","RGS18","regulator of G protein signaling 18 [Ensembl NN prediction with score 100%]","+",79067257,79094340,TRUE,10514,10514,16569,"overlapping","gene_body",FALSE,"intron"
"CM105774.1",49791200,5.687686083,1.29e-08,0.004339757,"CM105774.1",49791200,49791200,1760,"CM105774.1",49737912,49789439,"gene:ENSBOLG00010007757","PIWIL2","piwi like RNA-mediated gene silencing 2 [Ensembl NN prediction with score 100%]","+",49737912,49789439,FALSE,53288,53288,1761,"downstream","downstream",FALSE,"downstream"
"CM105776.1",32180998,5.679764976,1.35e-08,0.004339757,"CM105776.1",32180998,32180998,62000,"CM105776.1",32066270,32118997,"gene:ENSBOLG00010012633","DUSP22","dual specificity phosphatase 22 [Ensembl NN prediction with score 100%]","-",32118997,32066270,FALSE,62001,62001,114728,"upstream","intergenic",FALSE,"intergenic"
"CM105779.1",679568,-5.681519271,1.34e-08,0.004339757,"CM105779.1",679568,679568,0,"CM105779.1",679225,682181,"gene:ENSBOLG00010023028","H2-M2","histocompatibility 2, M region locus 2 [Ensembl NN prediction with score 100%]","+",679225,682181,TRUE,343,343,2613,"overlapping","gene_body",TRUE,"exon"
"CM105785.1",37479823,5.683045357,1.32e-08,0.004339757,"CM105785.1",37479823,37479823,0,"CM105785.1",37389573,37528663,"gene:ENSBOLG00010003803","PKP4","plakophilin 4 [Ensembl NN prediction with score 100%]","+",37389573,37528663,TRUE,90250,90250,48840,"overlapping","gene_body",FALSE,"intron"
"CM105786.1",23763727,5.683004882,1.32e-08,0.004339757,"CM105786.1",23763727,23763727,536520,"CM105786.1",24300248,24387519,"gene:ENSBOLG00010007649","WRN","WRN RecQ like helicase [Ensembl NN prediction with score 100%]","-",24387519,24300248,FALSE,623792,623792,536521,"downstream","intergenic",FALSE,"intergenic"
"CM105785.1",50381005,-5.676347751,1.38e-08,0.004390508,"CM105785.1",50381005,50381005,0,"CM105785.1",50263177,50386399,"gene:ENSBOLG00010010748","OLA1","Obg like ATPase 1 [Ensembl NN prediction with score 100%]","-",50386399,50263177,TRUE,5394,5394,117828,"overlapping","gene_body",FALSE,"intron"
"CM105786.1",55150437,5.675493845,1.38e-08,0.004390508,"CM105786.1",55150437,55150437,8115,"CM105786.1",55140921,55142321,"gene:ENSBOLG00010007034","NPY5R","neuropeptide Y receptor Y5 [Ensembl NN prediction with score 100%]","-",55142321,55140921,FALSE,8116,8116,9516,"upstream","intergenic",FALSE,"intergenic"
"CM105772.1",36088224,5.671570353,1.41e-08,0.004463478,"CM105772.1",36088224,36088224,246056,"CM105772.1",36334281,36339069,"gene:ENSBOLG00010005654","DMRT2","doublesex and mab-3 related transcription factor 2 [Ensembl NN prediction with score 100%]","-",36339069,36334281,FALSE,250845,250845,246057,"downstream","intergenic",FALSE,"intergenic"
"CM105767.1",40620954,-5.667972851,1.44e-08,0.004464342,"CM105767.1",40620954,40620954,125003,"CM105767.1",40745958,40746218,"gene:ENSBOLG00010002509","cox6b1","cytochrome c oxidase subunit 6B1 [Ensembl NN prediction with score 99.37%]","+",40745958,40746218,FALSE,125004,125004,125264,"upstream","intergenic",FALSE,"intergenic"
"CM105772.1",50807432,5.669392654,1.43e-08,0.004464342,"CM105772.1",50807432,50807432,22394,"CM105772.1",50784099,50785037,"gene:ENSBOLG00010015491","Olfr262","olfactory receptor 262 [Ensembl NN prediction with score 99.98%]","+",50784099,50785037,FALSE,23333,23333,22395,"downstream","intergenic",FALSE,"intergenic"
"CM105781.1",3544138,-5.669185656,1.43e-08,0.004464342,"CM105781.1",3544138,3544138,5055,"CM105781.1",3527520,3539082,"gene:ENSBOLG00010018742",NA,NA,"+",3527520,3539082,FALSE,16618,16618,5056,"downstream","intergenic",FALSE,"intergenic"
"CM105782.1",10939326,-5.66719911,1.45e-08,0.004464342,"CM105782.1",10939326,10939326,194520,"CM105782.1",10554331,10744805,"gene:ENSBOLG00010015774","TTC29","tetratricopeptide repeat domain 29 [Ensembl NN prediction with score 100%]","-",10744805,10554331,FALSE,194521,194521,384995,"upstream","intergenic",FALSE,"intergenic"
"CM105789.1",12613899,5.666079852,1.46e-08,0.004465676,"CM105789.1",12613899,12613899,116303,"CM105789.1",12730203,12732538,"gene:ENSBOLG00010009161",NA,NA,"+",12730203,12732538,FALSE,116304,116304,118639,"upstream","intergenic",FALSE,"intergenic"
"CM105764.1",22377418,-5.660440507,1.51e-08,0.004503064,"CM105764.1",22377418,22377418,364095,"CM105764.1",22741514,22849557,"gene:ENSBOLG00010000097","USP25","ubiquitin specific peptidase 25 [Ensembl NN prediction with score 100%]","-",22849557,22741514,FALSE,472139,472139,364096,"downstream","intergenic",FALSE,"intergenic"
"CM105764.1",123709787,-5.661166346,1.5e-08,0.004503064,"CM105764.1",123709787,123709787,305165,"CM105764.1",124014953,124015630,"gene:ENSBOLG00010003227","CT55","cancer/testis antigen 55 [Ensembl NN prediction with score 83.38%]","+",124014953,124015630,FALSE,305166,305166,305843,"upstream","intergenic",FALSE,"intergenic"
"CM105764.1",138952050,-5.661801245,1.5e-08,0.004503064,"CM105764.1",138952050,138952050,0,"CM105764.1",138944875,138961832,"gene:ENSBOLG00010021037","OAS2","2'-5'-oligoadenylate synthetase 2 [Ensembl NN prediction with score 99.97%]","+",138944875,138961832,TRUE,7175,7175,9782,"overlapping","gene_body",FALSE,"intron"
"CM105766.1",91909342,5.662102249,1.5e-08,0.004503064,"CM105766.1",91909342,91909342,38067,"CM105766.1",91947410,92004307,"gene:ENSBOLG00010012399","PGM1","phosphoglucomutase 1 [Ensembl NN prediction with score 99.7%]","-",92004307,91947410,FALSE,94965,94965,38068,"downstream","intergenic",FALSE,"intergenic"
"CM105785.1",31118062,5.652359083,1.58e-08,0.004691622,"CM105785.1",31118062,31118062,60,"CM105785.1",31118123,31129033,"gene:ENSBOLG00010004137","RBM43","RNA binding motif protein 43 [Ensembl NN prediction with score 84.7%]","-",31129033,31118123,FALSE,10971,10971,61,"downstream","downstream",FALSE,"downstream"
"CM105764.1",87902838,-5.649098404,1.61e-08,0.004752844,"CM105764.1",87902838,87902838,116513,"CM105764.1",87743633,87786324,"gene:ENSBOLG00010013177","UBL3","ubiquitin like 3 [Ensembl NN prediction with score 99.82%]","-",87786324,87743633,FALSE,116514,116514,159205,"upstream","intergenic",FALSE,"intergenic"
"CM105780.1",35160027,-5.647290398,1.63e-08,0.004774492,"CM105780.1",35160027,35160027,481372,"CM105780.1",34678004,34678654,"gene:ENSBOLG00010011785","1700009N14Rik","RIKEN cDNA 1700009N14 gene [Ensembl NN prediction with score 96.73%]","-",34678654,34678004,FALSE,481373,481373,482023,"upstream","intergenic",FALSE,"intergenic"
"CM105767.1",52433664,-5.645436347,1.65e-08,0.004797677,"CM105767.1",52433664,52433664,614939,"CM105767.1",53048604,53065607,"gene:ENSBOLG00010001094","1190002N15Rik","RIKEN cDNA 1190002N15 gene [Ensembl NN prediction with score 95.43%]","-",53065607,53048604,FALSE,631943,631943,614940,"downstream","intergenic",FALSE,"intergenic"
"CM105774.1",76678844,5.639473898,1.71e-08,0.004853551,"CM105774.1",76678844,76678844,58102,"CM105774.1",76512866,76620741,"gene:ENSBOLG00010013057","DLG5","discs large MAGUK scaffold protein 5 [Ensembl NN prediction with score 100%]","+",76512866,76620741,FALSE,165978,165978,58103,"downstream","intergenic",FALSE,"intergenic"
"CM105775.1",44897985,5.639417093,1.71e-08,0.004853551,"CM105775.1",44897985,44897985,0,"CM105775.1",44808335,45056049,"gene:ENSBOLG00010012342","SYT16","synaptotagmin 16 [Ensembl NN prediction with score 100%]","-",45056049,44808335,TRUE,158064,158064,89650,"overlapping","gene_body",FALSE,"intron"
"CM105783.1",59570218,-5.640456998,1.7e-08,0.004853551,"CM105783.1",59570218,59570218,64066,"CM105783.1",59634285,59658752,"gene:ENSBOLG00010008885","SLC38A4","solute carrier family 38 member 4 [Ensembl NN prediction with score 100%]","-",59658752,59634285,FALSE,88534,88534,64067,"downstream","intergenic",FALSE,"intergenic"
"CM105784.1",27757522,-5.639671223,1.7e-08,0.004853551,"CM105784.1",27757522,27757522,38826,"CM105784.1",27796349,27819619,"gene:ENSBOLG00010013920","IGSF10","immunoglobulin superfamily member 10 [Ensembl NN prediction with score 100%]","+",27796349,27819619,FALSE,38827,38827,62097,"upstream","intergenic",FALSE,"intergenic"
"CM105766.1",85916730,-5.637926914,1.72e-08,0.004867592,"CM105766.1",85916730,85916730,110052,"CM105766.1",85666656,85806677,"gene:ENSBOLG00010018386","USP24","ubiquitin specific peptidase 24 [Ensembl NN prediction with score 100%]","-",85806677,85666656,FALSE,110053,110053,250074,"upstream","intergenic",FALSE,"intergenic"
"CM105790.1",17731494,-5.635032506,1.75e-08,0.00492177,"CM105790.1",17731494,17731494,13114,"CM105790.1",17717684,17718379,"gene:ENSBOLG00010015223","FABP5","fatty acid binding protein 5 [Ensembl NN prediction with score 100%]","-",17718379,17717684,FALSE,13115,13115,13810,"upstream","intergenic",FALSE,"intergenic"
"CM105766.1",91921587,5.632694058,1.77e-08,0.004960651,"CM105766.1",91921587,91921587,25822,"CM105766.1",91947410,92004307,"gene:ENSBOLG00010012399","PGM1","phosphoglucomutase 1 [Ensembl NN prediction with score 99.7%]","-",92004307,91947410,FALSE,82720,82720,25823,"downstream","intergenic",FALSE,"intergenic"
"CM105775.1",35940214,-5.631031421,1.79e-08,0.004980419,"CM105775.1",35940214,35940214,0,"CM105775.1",35712162,35975635,"gene:ENSBOLG00010016308","DPF3","double PHD fingers 3 [Ensembl NN prediction with score 100%]","+",35712162,35975635,TRUE,228052,228052,35421,"overlapping","gene_body",FALSE,"intron"
"CM105776.1",46124741,-5.62622238,1.84e-08,0.005092434,"CM105776.1",46124741,46124741,162870,"CM105776.1",46287612,46288496,"gene:ENSBOLG00010008680","AW549877","expressed sequence AW549877 [Ensembl NN prediction with score 99.25%]","+",46287612,46288496,FALSE,162871,162871,163755,"upstream","intergenic",FALSE,"intergenic"
"CM105784.1",44404607,5.620603674,1.9e-08,0.005202416,"CM105784.1",44404607,44404607,44026,"CM105784.1",44297181,44360580,"gene:ENSBOLG00010007821","INTU","inturned planar cell polarity protein [Ensembl NN prediction with score 100%]","-",44360580,44297181,FALSE,44027,44027,107426,"upstream","intergenic",FALSE,"intergenic"
"CM105785.1",25052938,5.6214051,1.89e-08,0.005202416,"CM105785.1",25052938,25052938,243955,"CM105785.1",24683370,24808982,"gene:ENSBOLG00010004189","ZEB2","zinc finger E-box binding homeobox 2 [Ensembl NN prediction with score 99.89%]","-",24808982,24683370,FALSE,243956,243956,369568,"upstream","intergenic",FALSE,"intergenic"
"CM105768.1",41788743,-5.618206259,1.93e-08,0.005228123,"CM105768.1",41788743,41788743,0,"CM105768.1",41023647,42086700,"gene:ENSBOLG00010002412","NRXN1","neurexin 1 [Ensembl NN prediction with score 100%]","-",42086700,41023647,TRUE,297957,297957,765096,"overlapping","gene_body",FALSE,"intron"
"CM105769.1",6676935,5.617787692,1.93e-08,0.005228123,"CM105769.1",6676935,6676935,345315,"CM105769.1",6291273,6331619,"gene:ENSBOLG00010006226","KCTD3","potassium channel tetramerization domain containing 3 [Ensembl NN prediction with score 100%]","+",6291273,6331619,FALSE,385662,385662,345316,"downstream","intergenic",FALSE,"intergenic"
"CM105775.1",44128019,5.61689558,1.94e-08,0.005228123,"CM105775.1",44128019,44128019,0,"CM105775.1",43894981,44181413,"gene:ENSBOLG00010012239","KCNH5","potassium voltage-gated channel subfamily H member 5 [Ensembl NN prediction with score 99.99%]","+",43894981,44181413,TRUE,233038,233038,53394,"overlapping","gene_body",FALSE,"intron"
"CM105790.1",8253863,-5.615599277,1.96e-08,0.005238845,"CM105790.1",8253863,8253863,217272,"CM105790.1",7939963,8036590,"gene:ENSBOLG00010004628","GRM3","glutamate metabotropic receptor 3 [Ensembl NN prediction with score 100%]","-",8036590,7939963,FALSE,217273,217273,313900,"upstream","intergenic",FALSE,"intergenic"
"CM105782.1",65394758,-5.613951795,1.98e-08,0.005260407,"CM105782.1",65394758,65394758,277609,"CM105782.1",65672368,65673182,"gene:ENSBOLG00010004177","NACA2","nascent polypeptide associated complex subunit alpha 2 [Ensembl NN prediction with score 98.96%]","+",65672368,65673182,FALSE,277610,277610,278424,"upstream","intergenic",FALSE,"intergenic"
"CM105768.1",37152999,-5.61247274,1.99e-08,0.005277058,"CM105768.1",37152999,37152999,0,"CM105768.1",37041357,37545969,"gene:ENSBOLG00010002203","PRKCE","protein kinase C epsilon [Ensembl NN prediction with score 100%]","+",37041357,37545969,TRUE,111642,111642,392970,"overlapping","gene_body",FALSE,"intron"
"CM105775.1",35956010,-5.611431276,2.01e-08,0.005280532,"CM105775.1",35956010,35956010,0,"CM105775.1",35712162,35975635,"gene:ENSBOLG00010016308","DPF3","double PHD fingers 3 [Ensembl NN prediction with score 100%]","+",35712162,35975635,TRUE,243848,243848,19625,"overlapping","gene_body",FALSE,"intron"
"CM105767.1",40218567,5.608107112,2.05e-08,0.005354306,"CM105767.1",40218567,40218567,527390,"CM105767.1",40745958,40746218,"gene:ENSBOLG00010002509","cox6b1","cytochrome c oxidase subunit 6B1 [Ensembl NN prediction with score 99.37%]","+",40745958,40746218,FALSE,527391,527391,527651,"upstream","intergenic",FALSE,"intergenic"
"CM105766.1",30470180,5.598826096,2.16e-08,0.005619071,"CM105766.1",30470180,30470180,0,"CM105766.1",30459547,30512462,"gene:ENSBOLG00010019089","DEK","DEK proto-oncogene [Ensembl NN prediction with score 95.3%]","-",30512462,30459547,TRUE,42282,42282,10633,"overlapping","gene_body",FALSE,"intron"
"CM105766.1",85920619,-5.59603187,2.19e-08,0.005650545,"CM105766.1",85920619,85920619,113941,"CM105766.1",85666656,85806677,"gene:ENSBOLG00010018386","USP24","ubiquitin specific peptidase 24 [Ensembl NN prediction with score 100%]","-",85806677,85666656,FALSE,113942,113942,253963,"upstream","intergenic",FALSE,"intergenic"
"CM105769.1",44141877,5.5961412,2.19e-08,0.005650545,"CM105769.1",44141877,44141877,494478,"CM105769.1",44636356,44636992,"gene:ENSBOLG00010000378","rpl29","ribosomal protein L29 [Ensembl NN prediction with score 98%]","+",44636356,44636992,FALSE,494479,494479,495115,"upstream","intergenic",FALSE,"intergenic"
"CM105765.1",17580174,5.593860685,2.22e-08,0.005675062,"CM105765.1",17580174,17580174,0,"CM105765.1",17540378,17775847,"gene:ENSBOLG00010001217","NYAP2","neuronal tyrosine-phosphorylated phosphoinositide-3-kinase adaptor 2 [Ensembl NN prediction with score 100%]","+",17540378,17775847,TRUE,39796,39796,195673,"overlapping","gene_body",FALSE,"intron"
"CM105769.1",16463541,-5.593473349,2.23e-08,0.005675062,"CM105769.1",16463541,16463541,0,"CM105769.1",15909325,16464504,"gene:ENSBOLG00010018327","SMYD3","SET and MYND domain containing 3 [Ensembl NN prediction with score 100%]","+",15909325,16464504,TRUE,554216,554216,963,"overlapping","gene_body",TRUE,"exon"
"CM105774.1",90814,-5.586657946,2.31e-08,0.005841701,"CM105774.1",90814,90814,427232,"CM105774.1",518047,701421,"gene:ENSBOLG00010007237","FGF14","fibroblast growth factor 14 [Ensembl NN prediction with score 100%]","+",518047,701421,FALSE,427233,427233,610607,"upstream","intergenic",FALSE,"intergenic"
"CM105786.1",10421135,5.58672828,2.31e-08,0.005841701,"CM105786.1",10421135,10421135,7368,"CM105786.1",10412555,10413766,"gene:ENSBOLG00010010667","TRIM59","tripartite motif containing 59 [Ensembl NN prediction with score 100%]","-",10413766,10412555,FALSE,7369,7369,8580,"upstream","intergenic",FALSE,"intergenic"
"CM105781.1",32511338,-5.583588721,2.36e-08,0.005915451,"CM105781.1",32511338,32511338,144632,"CM105781.1",32364985,32366705,"gene:ENSBOLG00010007567","pgk1","phosphoglycerate kinase 1 [Ensembl NN prediction with score 99.98%]","+",32364985,32366705,FALSE,146353,146353,144633,"downstream","intergenic",FALSE,"intergenic"
"CM105766.1",73986955,-5.574856873,2.48e-08,0.006124108,"CM105766.1",73986955,73986955,0,"CM105766.1",73916242,74001348,"gene:ENSBOLG00010022225",NA,NA,"+",73916242,74001348,TRUE,70713,70713,14393,"overlapping","gene_body",FALSE,"intron"
"CM105768.1",14039339,5.57412414,2.49e-08,0.006124108,"CM105768.1",14039339,14039339,41498,"CM105768.1",14080838,14083270,"gene:ENSBOLG00010017832","TRIL","TLR4 interactor with leucine rich repeats [Ensembl NN prediction with score 100%]","-",14083270,14080838,FALSE,43931,43931,41499,"downstream","intergenic",FALSE,"intergenic"
"CM105774.1",34502391,5.57511952,2.47e-08,0.006124108,"CM105774.1",34502391,34502391,37146,"CM105774.1",34464708,34465244,"gene:ENSBOLG00010011877","rpl11","ribosomal protein L11 [Ensembl NN prediction with score 99.87%]","+",34464708,34465244,FALSE,37683,37683,37147,"downstream","intergenic",FALSE,"intergenic"
"CM105777.1",26006678,5.574043212,2.49e-08,0.006124108,"CM105777.1",26006678,26006678,47851,"CM105777.1",26054530,26056723,"gene:ENSBOLG00010017963","ADRB2","adrenoceptor beta 2 [Ensembl NN prediction with score 100%]","+",26054530,26056723,FALSE,47852,47852,50045,"upstream","intergenic",FALSE,"intergenic"
"CM105765.1",127626184,-5.570635958,2.54e-08,0.006183265,"CM105765.1",127626184,127626184,239675,"CM105765.1",127865860,127923534,"gene:ENSBOLG00010003361","OPRM1","opioid receptor mu 1 [Ensembl NN prediction with score 100%]","+",127865860,127923534,FALSE,239676,239676,297350,"upstream","intergenic",FALSE,"intergenic"
"CM105769.1",6996622,5.571067951,2.53e-08,0.006183265,"CM105769.1",6996622,6996622,80928,"CM105769.1",7077551,7289359,"gene:ENSBOLG00010006258","ESRRG","estrogen related receptor gamma [Ensembl NN prediction with score 100%]","-",7289359,7077551,FALSE,292737,292737,80929,"downstream","intergenic",FALSE,"intergenic"
"CM105770.1",75714253,-5.568722069,2.57e-08,0.006220761,"CM105770.1",75714253,75714253,6847,"CM105770.1",75690266,75707405,"gene:ENSBOLG00010001250","OCIAD2","OCIA domain containing 2 [Ensembl NN prediction with score 99.71%]","-",75707405,75690266,FALSE,6848,6848,23987,"upstream","intergenic",FALSE,"intergenic"
"CM105777.1",72125754,5.56636989,2.6e-08,0.006274369,"CM105777.1",72125754,72125754,57342,"CM105777.1",72013707,72068411,"gene:ENSBOLG00010005551","SS18","SS18 subunit of BAF chromatin remodeling complex [Ensembl NN prediction with score 100%]","+",72013707,72068411,FALSE,112047,112047,57343,"downstream","intergenic",FALSE,"intergenic"
"CM105774.1",7652877,-5.56394901,2.64e-08,0.006300317,"CM105774.1",7652877,7652877,0,"CM105774.1",7608742,8864559,"gene:ENSBOLG00010007541","GPC5","glypican 5 [Ensembl NN prediction with score 100%]","-",8864559,7608742,TRUE,1211682,1211682,44135,"overlapping","gene_body",FALSE,"intron"
"CM105786.1",27814837,-5.564145894,2.63e-08,0.006300317,"CM105786.1",27814837,27814837,44085,"CM105786.1",27769873,27770751,"gene:ENSBOLG00010007730","AI429214","expressed sequence AI429214 [Ensembl NN prediction with score 91.73%]","+",27769873,27770751,FALSE,44964,44964,44086,"downstream","intergenic",FALSE,"intergenic"
"CM105789.1",21010317,-5.562887797,2.65e-08,0.006308143,"CM105789.1",21010317,21010317,75436,"CM105789.1",21085754,21492273,"gene:ENSBOLG00010009449","PPFIA2","PTPRF interacting protein alpha 2 [Ensembl NN prediction with score 100%]","+",21085754,21492273,FALSE,75437,75437,481956,"upstream","intergenic",FALSE,"intergenic"
"CM105770.1",15891304,5.560740187,2.69e-08,0.006355567,"CM105770.1",15891304,15891304,651579,"CM105770.1",15239407,15239724,"gene:ENSBOLG00010000507","Rpl36-ps3","ribosomal protein L36, pseudogene 3 [Ensembl NN prediction with score 86.04%]","-",15239724,15239407,FALSE,651580,651580,651897,"upstream","intergenic",FALSE,"intergenic"
"CM105786.1",51831392,-5.557833252,2.73e-08,0.006431379,"CM105786.1",51831392,51831392,0,"CM105786.1",51660794,52016014,"gene:ENSBOLG00010006033","SPOCK3","SPARC (osteonectin), cwcv and kazal like domains proteoglycan 3 [Ensembl NN prediction with score 100%]","+",51660794,52016014,TRUE,170598,170598,184622,"overlapping","gene_body",FALSE,"intron"
"CM105782.1",24476142,-5.552799375,2.81e-08,0.006587907,"CM105782.1",24476142,24476142,278113,"CM105782.1",24754256,24756933,"gene:ENSBOLG00010017080","IRX5","iroquois homeobox 5 [Ensembl NN prediction with score 99.91%]","+",24754256,24756933,FALSE,278114,278114,280791,"upstream","intergenic",FALSE,"intergenic"
"CM105788.1",15560845,-5.538718667,3.05e-08,0.00710621,"CM105788.1",15560845,15560845,72862,"CM105788.1",15426125,15487982,"gene:ENSBOLG00010009490","TFEC","transcription factor EC [Ensembl NN prediction with score 99.94%]","-",15487982,15426125,FALSE,72863,72863,134720,"upstream","intergenic",FALSE,"intergenic"
"CM105769.1",6168005,-5.534021174,3.13e-08,0.007236267,"CM105769.1",6168005,6168005,81126,"CM105769.1",5904592,6086878,"gene:ENSBOLG00010006282","KCNK2","potassium two pore domain channel subfamily K member 2 [Ensembl NN prediction with score 100%]","+",5904592,6086878,FALSE,263413,263413,81127,"downstream","intergenic",FALSE,"intergenic"
"CM105782.1",65290125,-5.532390221,3.16e-08,0.007236267,"CM105782.1",65290125,65290125,382242,"CM105782.1",65672368,65673182,"gene:ENSBOLG00010004177","NACA2","nascent polypeptide associated complex subunit alpha 2 [Ensembl NN prediction with score 98.96%]","+",65672368,65673182,FALSE,382243,382243,383057,"upstream","intergenic",FALSE,"intergenic"
"CM105784.1",18209094,5.532248838,3.16e-08,0.007236267,"CM105784.1",18209094,18209094,958807,"CM105784.1",17186162,17250286,"gene:ENSBOLG00010013404",NA,NA,"+",17186162,17250286,FALSE,1022932,1022932,958808,"downstream","intergenic",FALSE,"intergenic"
"CM105788.1",44548714,-5.532361966,3.16e-08,0.007236267,"CM105788.1",44548714,44548714,0,"CM105788.1",43343393,45374859,"gene:ENSBOLG00010004388","CNTNAP2","contactin associated protein 2 [Ensembl NN prediction with score 100%]","+",43343393,45374859,TRUE,1205321,1205321,826145,"overlapping","gene_body",FALSE,"intron"
"CM105764.1",72067181,5.524731074,3.3e-08,0.007464068,"CM105764.1",72067181,72067181,87035,"CM105764.1",72154217,72255301,"gene:ENSBOLG00010001407","MB21D2","Mab-21 domain containing 2 [Ensembl NN prediction with score 100%]","+",72154217,72255301,FALSE,87036,87036,188120,"upstream","intergenic",FALSE,"intergenic"
"CM105784.1",26758741,5.524378576,3.31e-08,0.007464068,"CM105784.1",26758741,26758741,0,"CM105784.1",26746873,26858946,"gene:ENSBOLG00010013923","MBNL1","muscleblind like splicing regulator 1 [Ensembl NN prediction with score 100%]","-",26858946,26746873,TRUE,100205,100205,11868,"overlapping","gene_body",FALSE,"intron"
"CM105790.1",38206703,-5.525358676,3.29e-08,0.007464068,"CM105790.1",38206703,38206703,23544,"CM105790.1",38230248,38309332,"gene:ENSBOLG00010009893","CCDC150","coiled-coil domain containing 150 [Ensembl NN prediction with score 100%]","+",38230248,38309332,FALSE,23545,23545,102629,"upstream","intergenic",FALSE,"intergenic"
"CM105776.1",38117472,5.522282271,3.35e-08,0.007519205,"CM105776.1",38117472,38117472,0,"CM105776.1",37864567,38139948,"gene:ENSBOLG00010012692",NA,NA,"+",37864567,38139948,TRUE,252905,252905,22476,"overlapping","gene_body",FALSE,"intron"
"CM105784.1",40519846,-5.519920453,3.39e-08,0.00758633,"CM105784.1",40519846,40519846,158602,"CM105784.1",40307548,40361243,"gene:ENSBOLG00010006196","PCDH10","protocadherin 10 [Ensembl NN prediction with score 100%]","-",40361243,40307548,FALSE,158603,158603,212298,"upstream","intergenic",FALSE,"intergenic"
"CM105778.1",23173970,5.518881623,3.41e-08,0.007596776,"CM105778.1",23173970,23173970,185948,"CM105778.1",23359919,23417372,"gene:ENSBOLG00010010899","CDH6","cadherin 6 [Ensembl NN prediction with score 100%]","+",23359919,23417372,FALSE,185949,185949,243402,"upstream","intergenic",FALSE,"intergenic"
"CM105769.1",12498250,5.511801213,3.55e-08,0.007873249,"CM105769.1",12498250,12498250,27428,"CM105769.1",12342438,12470821,"gene:ENSBOLG00010018302","SUSD4","sushi domain containing 4 [Ensembl NN prediction with score 100%]","-",12470821,12342438,FALSE,27429,27429,155812,"upstream","intergenic",FALSE,"intergenic"
"CM105766.1",34071711,-5.510449629,3.58e-08,0.00789837,"CM105766.1",34071711,34071711,289668,"CM105766.1",34361380,34372400,"gene:ENSBOLG00010017331","CXCL12","C-X-C motif chemokine ligand 12 [Ensembl NN prediction with score 100%]","-",34372400,34361380,FALSE,300689,300689,289669,"downstream","intergenic",FALSE,"intergenic"
"CM105777.1",69503655,5.508972537,3.61e-08,0.007929367,"CM105777.1",69503655,69503655,253144,"CM105777.1",69249968,69250510,"gene:ENSBOLG00010008223","NIP7","nucleolar pre-rRNA processing protein NIP7 [Ensembl NN prediction with score 100%]","-",69250510,69249968,FALSE,253145,253145,253687,"upstream","intergenic",FALSE,"intergenic"
"CM105766.1",57734023,-5.503130286,3.73e-08,0.008127524,"CM105766.1",57734023,57734023,0,"CM105766.1",57263550,57871986,"gene:ENSBOLG00010000937","MAGI1","membrane associated guanylate kinase, WW and PDZ domain containing 1 [Ensembl NN prediction with score 100%]","+",57263550,57871986,TRUE,470473,470473,137963,"overlapping","gene_body",FALSE,"intron"
"CM105766.1",69524851,-5.501314028,3.77e-08,0.008127524,"CM105766.1",69524851,69524851,169925,"CM105766.1",69694777,69703630,"gene:ENSBOLG00010008971","ZC3H12A","zinc finger CCCH-type containing 12A [Ensembl NN prediction with score 100%]","+",69694777,69703630,FALSE,169926,169926,178779,"upstream","intergenic",FALSE,"intergenic"
"CM105768.1",11896833,5.500181484,3.79e-08,0.008127524,"CM105768.1",11896833,11896833,71343,"CM105768.1",11778021,11825489,"gene:ENSBOLG00010017042","SNX10","sorting nexin 10 [Ensembl NN prediction with score 100%]","+",11778021,11825489,FALSE,118812,118812,71344,"downstream","intergenic",FALSE,"intergenic"
"CM105773.1",29755255,-5.500559223,3.79e-08,0.008127524,"CM105773.1",29755255,29755255,80251,"CM105773.1",29674589,29675003,"gene:ENSBOLG00010019730","rpl35a","ribosomal protein L35a [Ensembl NN prediction with score 99.99%]","+",29674589,29675003,FALSE,80666,80666,80252,"downstream","intergenic",FALSE,"intergenic"
"CM105788.1",7736065,5.499966456,3.8e-08,0.008127524,"CM105788.1",7736065,7736065,0,"CM105788.1",7618283,7769117,"gene:ENSBOLG00010012867","UMAD1","UBAP1-MVB12-associated (UMA) domain containing 1 [Ensembl NN prediction with score 97.81%]","+",7618283,7769117,TRUE,117782,117782,33052,"overlapping","gene_body",FALSE,"intron"
"CM105789.1",17559031,-5.502563134,3.74e-08,0.008127524,"CM105789.1",17559031,17559031,197803,"CM105789.1",17756835,17766382,"gene:ENSBOLG00010009140","mgat4c","MGAT4 family member C [Ensembl NN prediction with score 100%]","+",17756835,17766382,FALSE,197804,197804,207351,"upstream","intergenic",FALSE,"intergenic"
"CM105773.1",15322872,5.49674631,3.87e-08,0.00820592,"CM105773.1",15322872,15322872,521047,"CM105773.1",15843920,15844520,"gene:ENSBOLG00010005494","SNU13","small nuclear ribonucleoprotein 13 [Ensembl NN prediction with score 99.96%]","-",15844520,15843920,FALSE,521648,521648,521048,"downstream","intergenic",FALSE,"intergenic"
"CM105773.1",83725031,-5.496895899,3.87e-08,0.00820592,"CM105773.1",83725031,83725031,0,"CM105773.1",83471732,83731770,"gene:ENSBOLG00010011210","TSHZ2","teashirt zinc finger homeobox 2 [Ensembl NN prediction with score 100%]","+",83471732,83731770,TRUE,253299,253299,6739,"overlapping","gene_body",FALSE,"intron"
"CM105781.1",9467954,-5.489010236,4.04e-08,0.00853671,"CM105781.1",9467954,9467954,0,"CM105781.1",9457414,9478041,"gene:ENSBOLG00010021152","LIX1L","limb and CNS expressed 1 like [Ensembl NN prediction with score 100%]","+",9457414,9478041,TRUE,10540,10540,10087,"overlapping","gene_body",FALSE,"intron"
"CM105775.1",20147419,-5.487684255,4.07e-08,0.008564264,"CM105775.1",20147419,20147419,8784,"CM105775.1",20156204,20266713,"gene:ENSBOLG00010011447","KCNK13","potassium two pore domain channel subfamily K member 13 [Ensembl NN prediction with score 100%]","-",20266713,20156204,FALSE,119294,119294,8785,"downstream","intergenic",FALSE,"intergenic"
"CM105782.1",20728410,-5.485853026,4.11e-08,0.008616646,"CM105782.1",20728410,20728410,50990,"CM105782.1",20643798,20677419,"gene:ENSBOLG00010017897","BRD7","bromodomain containing 7 [Ensembl NN prediction with score 99.98%]","-",20677419,20643798,FALSE,50991,50991,84612,"upstream","intergenic",FALSE,"intergenic"
"CM105780.1",12992022,-5.483622699,4.17e-08,0.008689067,"CM105780.1",12992022,12992022,0,"CM105780.1",12708701,13065963,"gene:ENSBOLG00010014895","XKR4","XK related 4 [Ensembl NN prediction with score 100%]","-",13065963,12708701,TRUE,73941,73941,283321,"overlapping","gene_body",FALSE,"intron"
"CM105778.1",22832975,-5.482336334,4.2e-08,0.008715574,"CM105778.1",22832975,22832975,101825,"CM105778.1",22934801,22935151,"gene:ENSBOLG00010010915","EIF4EBP1","eukaryotic translation initiation factor 4E binding protein 1 [Ensembl NN prediction with score 99.99%]","-",22935151,22934801,FALSE,102176,102176,101826,"downstream","intergenic",FALSE,"intergenic"
"CM105768.1",92204549,5.47745991,4.31e-08,0.00892148,"CM105768.1",92204549,92204549,481502,"CM105768.1",90910838,91723046,"gene:ENSBOLG00010000964","LRRTM4","leucine rich repeat transmembrane neuronal 4 [Ensembl NN prediction with score 100%]","+",90910838,91723046,FALSE,1293711,1293711,481503,"downstream","intergenic",FALSE,"intergenic"
"CM105776.1",34239860,5.473858769,4.4e-08,0.008991449,"CM105776.1",34239860,34239860,202373,"CM105776.1",34442234,34446512,"gene:ENSBOLG00010012460",NA,NA,"-",34446512,34442234,FALSE,206652,206652,202374,"downstream","intergenic",FALSE,"intergenic"
"CM105778.1",35298359,5.475045838,4.37e-08,0.008991449,"CM105778.1",35298359,35298359,233070,"CM105778.1",35531430,35541164,"gene:ENSBOLG00010014979","ISL1","ISL LIM homeobox 1 [Ensembl NN prediction with score 100%]","+",35531430,35541164,FALSE,233071,233071,242805,"upstream","intergenic",FALSE,"intergenic"
"CM105790.1",1744679,5.474477142,4.39e-08,0.008991449,"CM105790.1",1744679,1744679,0,"CM105790.1",1483393,1931051,"gene:ENSBOLG00010004600","RELN","reelin [Ensembl NN prediction with score 100%]","+",1483393,1931051,TRUE,261286,261286,186372,"overlapping","gene_body",FALSE,"intron"
"CM105780.1",45799030,5.472665229,4.43e-08,0.009014832,"CM105780.1",45799030,45799030,910077,"CM105780.1",46709108,46709608,"gene:ENSBOLG00010005253","cfl1","cofilin 1 [Ensembl NN prediction with score 99.92%]","+",46709108,46709608,FALSE,910078,910078,910578,"upstream","intergenic",FALSE,"intergenic"
"CM105789.1",29266445,-5.471917641,4.45e-08,0.009015698,"CM105789.1",29266445,29266445,0,"CM105789.1",29215215,29314021,"gene:ENSBOLG00010009587","TPH2","tryptophan hydroxylase 2 [Ensembl NN prediction with score 100%]","-",29314021,29215215,TRUE,47576,47576,51230,"overlapping","gene_body",FALSE,"intron"
"CM105766.1",69060427,-5.458304693,4.81e-08,0.009552104,"CM105766.1",69060427,69060427,36471,"CM105766.1",69096899,69316114,"gene:ENSBOLG00010008798","GRIK3","glutamate ionotropic receptor kainate type subunit 3 [Ensembl NN prediction with score 100%]","-",69316114,69096899,FALSE,255687,255687,36472,"downstream","intergenic",FALSE,"intergenic"
"CM105766.1",130564076,5.457726472,4.82e-08,0.009552104,"CM105766.1",130564076,130564076,1534368,"CM105766.1",129029187,129029707,"gene:ENSBOLG00010000198","RPL31","ribosomal protein L31 [Ensembl NN prediction with score 100%]","-",129029707,129029187,FALSE,1534369,1534369,1534889,"upstream","intergenic",FALSE,"intergenic"
"CM105768.1",99989193,-5.457338029,4.83e-08,0.009552104,"CM105768.1",99989193,99989193,34997,"CM105768.1",99944374,99954195,"gene:ENSBOLG00010013112","TPRA1","transmembrane protein adipocyte associated 1 [Ensembl NN prediction with score 100%]","+",99944374,99954195,FALSE,44819,44819,34998,"downstream","intergenic",FALSE,"intergenic"
"CM105786.1",57468704,-5.458708918,4.8e-08,0.009552104,"CM105786.1",57468704,57468704,65323,"CM105786.1",57534028,57537598,"gene:ENSBOLG00010006416",NA,NA,"+",57534028,57537598,FALSE,65324,65324,68894,"upstream","intergenic",FALSE,"intergenic"
"CM105788.1",6978202,5.457820064,4.82e-08,0.009552104,"CM105788.1",6978202,6978202,67310,"CM105788.1",6892298,6910891,"gene:ENSBOLG00010012911","ASNS","asparagine synthetase (glutamine-hydrolyzing) [Ensembl NN prediction with score 100%]","-",6910891,6892298,FALSE,67311,67311,85904,"upstream","intergenic",FALSE,"intergenic"
"CM105789.1",36159934,-5.459590186,4.77e-08,0.009552104,"CM105789.1",36159934,36159934,131373,"CM105789.1",35980379,36028560,"gene:ENSBOLG00010006376","LRIG3","leucine rich repeats and immunoglobulin like domains 3 [Ensembl NN prediction with score 100%]","-",36028560,35980379,FALSE,131374,131374,179555,"upstream","intergenic",FALSE,"intergenic"
"CM105766.1",89747955,5.454889306,4.9e-08,0.009645936,"CM105766.1",89747955,89747955,0,"CM105766.1",89440585,89880003,"gene:ENSBOLG00010018204","PDE4B","phosphodiesterase 4B [Ensembl NN prediction with score 99.96%]","-",89880003,89440585,TRUE,132048,132048,307370,"overlapping","gene_body",FALSE,"intron"
"CM105779.1",726755,-5.453329299,4.94e-08,0.00965375,"CM105779.1",726755,726755,7090,"CM105779.1",733846,736551,"gene:ENSBOLG00010023178",NA,NA,"-",736551,733846,FALSE,9796,9796,7091,"downstream","intergenic",FALSE,"intergenic"
"CM105787.1",16009770,5.453818015,4.93e-08,0.00965375,"CM105787.1",16009770,16009770,14480,"CM105787.1",16024251,16100497,"gene:ENSBOLG00010013901","PRMT3","protein arginine methyltransferase 3 [Ensembl NN prediction with score 100%]","-",16100497,16024251,FALSE,90727,90727,14481,"downstream","intergenic",FALSE,"intergenic"
"CM105774.1",33972071,5.44616782,5.15e-08,0.010010674,"CM105774.1",33972071,33972071,0,"CM105774.1",33902242,34363988,"gene:ENSBOLG00010011834","DIAPH3","diaphanous related formin 3 [Ensembl NN prediction with score 100%]","+",33902242,34363988,TRUE,69829,69829,391917,"overlapping","gene_body",FALSE,"intron"
"CM105765.1",105349832,5.444874783,5.18e-08,0.010043966,"CM105765.1",105349832,105349832,0,"CM105765.1",104877314,105471754,"gene:ENSBOLG00010017279","LAMA2","laminin subunit alpha 2 [Ensembl NN prediction with score 99.98%]","+",104877314,105471754,TRUE,472518,472518,121922,"overlapping","gene_body",FALSE,"intron"
"CM105765.1",122194726,-5.442450882,5.26e-08,0.01006279,"CM105765.1",122194726,122194726,205792,"CM105765.1",122400519,122561732,"gene:ENSBOLG00010004289","SASH1","SAM and SH3 domain containing 1 [Ensembl NN prediction with score 100%]","+",122400519,122561732,FALSE,205793,205793,367006,"upstream","intergenic",FALSE,"intergenic"
"CM105776.1",45460956,-5.442860981,5.24e-08,0.01006279,"CM105776.1",45460956,45460956,0,"CM105776.1",45437720,45683181,"gene:ENSBOLG00010008632","GLI3","GLI family zinc finger 3 [Ensembl NN prediction with score 100%]","-",45683181,45437720,TRUE,222225,222225,23236,"overlapping","gene_body",FALSE,"intron"
"CM105784.1",16584687,-5.442650337,5.25e-08,0.01006279,"CM105784.1",16584687,16584687,3978,"CM105784.1",16588666,16647122,"gene:ENSBOLG00010013373","BCHE","butyrylcholinesterase [Ensembl NN prediction with score 100%]","+",16588666,16647122,FALSE,3979,3979,62435,"upstream","intergenic",FALSE,"intergenic"
"CM105768.1",92797095,5.441145371,5.29e-08,0.010097435,"CM105768.1",92797095,92797095,38897,"CM105768.1",92835993,92870464,"gene:ENSBOLG00010000970","GCFC2","GC-rich sequence DNA-binding factor 2 [Ensembl NN prediction with score 100%]","+",92835993,92870464,FALSE,38898,38898,73369,"upstream","intergenic",FALSE,"intergenic"
"CM105781.1",60361532,-5.440458008,5.31e-08,0.010097435,"CM105781.1",60361532,60361532,46208,"CM105781.1",60176337,60315323,"gene:ENSBOLG00010007095","ADGRL2","adhesion G protein-coupled receptor L2 [Ensembl NN prediction with score 100%]","-",60315323,60176337,FALSE,46209,46209,185195,"upstream","intergenic",FALSE,"intergenic"
"CM105767.1",67978555,-5.438490889,5.37e-08,0.010170268,"CM105767.1",67978555,67978555,29205,"CM105767.1",68007761,68008696,"gene:ENSBOLG00010003961","Olfr959","olfactory receptor 959 [Ensembl NN prediction with score 99.84%]","-",68008696,68007761,FALSE,30141,30141,29206,"downstream","intergenic",FALSE,"intergenic"
"CM105780.1",66197890,5.437542046,5.4e-08,0.010185385,"CM105780.1",66197890,66197890,373229,"CM105780.1",66571120,66655018,"gene:ENSBOLG00010013236","PKIA","cAMP-dependent protein kinase inhibitor alpha [Ensembl NN prediction with score 100%]","+",66571120,66655018,FALSE,373230,373230,457128,"upstream","intergenic",FALSE,"intergenic"
"CM105786.1",27547603,5.435536029,5.46e-08,0.010261335,"CM105786.1",27547603,27547603,0,"CM105786.1",27359313,27706436,"gene:ENSBOLG00010007608","DLC1","DLC1 Rho GTPase activating protein [Ensembl NN prediction with score 100%]","-",27706436,27359313,TRUE,158833,158833,188290,"overlapping","gene_body",FALSE,"intron"
"CM105765.1",29999874,-5.43303205,5.54e-08,0.010288624,"CM105765.1",29999874,29999874,0,"CM105765.1",29971613,30058076,"gene:ENSBOLG00010005441","FARP2","FERM, ARH/RhoGEF and pleckstrin domain protein 2 [Ensembl NN prediction with score 100%]","+",29971613,30058076,TRUE,28261,28261,58202,"overlapping","gene_body",FALSE,"intron"
"CM105776.1",79195863,-5.433463457,5.53e-08,0.010288624,"CM105776.1",79195863,79195863,320269,"CM105776.1",78805861,78875593,"gene:ENSBOLG00010012347","WAC","WW domain containing adaptor with coiled-coil [Ensembl NN prediction with score 100%]","+",78805861,78875593,FALSE,390002,390002,320270,"downstream","intergenic",FALSE,"intergenic"
"CM105783.1",30065114,5.433492746,5.53e-08,0.010288624,"CM105783.1",30065114,30065114,387819,"CM105783.1",29668926,29677294,"gene:ENSBOLG00010006988","ST3GAL1","ST3 beta-galactoside alpha-2,3-sialyltransferase 1 [Ensembl NN prediction with score 99.99%]","-",29677294,29668926,FALSE,387820,387820,396188,"upstream","intergenic",FALSE,"intergenic"
"CM105787.1",57221589,5.430505609,5.62e-08,0.010396127,"CM105787.1",57221589,57221589,0,"CM105787.1",57219386,57236096,"gene:ENSBOLG00010009771","CLNS1A","chloride nucleotide-sensitive channel 1A [Ensembl NN prediction with score 100%]","+",57219386,57236096,TRUE,2203,2203,14507,"overlapping","gene_body",FALSE,"intron"
"CM105764.1",123709945,-5.428809407,5.67e-08,0.01041199,"CM105764.1",123709945,123709945,305007,"CM105764.1",124014953,124015630,"gene:ENSBOLG00010003227","CT55","cancer/testis antigen 55 [Ensembl NN prediction with score 83.38%]","+",124014953,124015630,FALSE,305008,305008,305685,"upstream","intergenic",FALSE,"intergenic"
"CM105765.1",112347405,5.428231779,5.69e-08,0.01041199,"CM105765.1",112347405,112347405,0,"CM105765.1",112338687,112350994,"gene:ENSBOLG00010016283","IL22RA2","interleukin 22 receptor subunit alpha 2 [Ensembl NN prediction with score 99.95%]","-",112350994,112338687,TRUE,3589,3589,8718,"overlapping","gene_body",FALSE,"intron"
"CM105786.1",9210193,-5.428622077,5.68e-08,0.01041199,"CM105786.1",9210193,9210193,0,"CM105786.1",9168422,9229050,"gene:ENSBOLG00010012255","ERICH1","glutamate rich 1 [Ensembl NN prediction with score 99.71%]","-",9229050,9168422,TRUE,18857,18857,41771,"overlapping","gene_body",FALSE,"intron"
"CM105767.1",28434623,5.425090053,5.79e-08,0.010557553,"CM105767.1",28434623,28434623,108474,"CM105767.1",28283061,28326148,"gene:ENSBOLG00010018319","ANXA2","annexin A2 [Ensembl NN prediction with score 100%]","+",28283061,28326148,FALSE,151562,151562,108475,"downstream","intergenic",FALSE,"intergenic"
"CM105769.1",6865400,5.423071691,5.86e-08,0.010638108,"CM105769.1",6865400,6865400,212150,"CM105769.1",7077551,7289359,"gene:ENSBOLG00010006258","ESRRG","estrogen related receptor gamma [Ensembl NN prediction with score 100%]","-",7289359,7077551,FALSE,423959,423959,212151,"downstream","intergenic",FALSE,"intergenic"
"CM105771.1",81945888,-5.418201017,6.02e-08,0.010891769,"CM105771.1",81945888,81945888,3520,"CM105771.1",81941246,81942367,"gene:ENSBOLG00010022730","EPOP","elongin BC and polycomb repressive complex 2 associated protein [Ensembl NN prediction with score 99.73%]","-",81942367,81941246,FALSE,3521,3521,4642,"upstream","intergenic",FALSE,"intergenic"
"CM105784.1",39522340,-5.414804457,6.14e-08,0.011059893,"CM105784.1",39522340,39522340,59327,"CM105784.1",39461900,39463012,"gene:ENSBOLG00010006296","PABPC4L","poly(A) binding protein cytoplasmic 4 like [Ensembl NN prediction with score 100%]","+",39461900,39463012,FALSE,60440,60440,59328,"downstream","intergenic",FALSE,"intergenic"
"CM105770.1",75765615,-5.413518992,6.18e-08,0.011085702,"CM105770.1",75765615,75765615,11642,"CM105770.1",75777258,75823981,"gene:ENSBOLG00010001161","CWH43","cell wall biogenesis 43 C-terminal homolog [Ensembl NN prediction with score 100%]","+",75777258,75823981,FALSE,11643,11643,58366,"upstream","intergenic",FALSE,"intergenic"
"CM105775.1",35988721,-5.412458646,6.22e-08,0.011085702,"CM105775.1",35988721,35988721,13085,"CM105775.1",35712162,35975635,"gene:ENSBOLG00010016308","DPF3","double PHD fingers 3 [Ensembl NN prediction with score 100%]","+",35712162,35975635,FALSE,276559,276559,13086,"downstream","intergenic",FALSE,"intergenic"
"CM105781.1",28448687,-5.412431304,6.22e-08,0.011085702,"CM105781.1",28448687,28448687,42384,"CM105781.1",28491072,28519181,"gene:ENSBOLG00010008521","DPH5","diphthamide biosynthesis 5 [Ensembl NN prediction with score 99.99%]","+",28491072,28519181,FALSE,42385,42385,70494,"upstream","intergenic",FALSE,"intergenic"
"CM105787.1",34104875,5.405687264,6.46e-08,0.011469505,"CM105787.1",34104875,34104875,446016,"CM105787.1",33646716,33658858,"gene:ENSBOLG00010003809","NR2F2","nuclear receptor subfamily 2 group F member 2 [Ensembl NN prediction with score 99.86%]","-",33658858,33646716,FALSE,446017,446017,458159,"upstream","intergenic",FALSE,"intergenic"
"CM105764.1",33674737,-5.404921496,6.48e-08,0.01147718,"CM105764.1",33674737,33674737,146465,"CM105764.1",33821203,33860506,"gene:ENSBOLG00010001301","VGLL3","vestigial like family member 3 [Ensembl NN prediction with score 100%]","-",33860506,33821203,FALSE,185769,185769,146466,"downstream","intergenic",FALSE,"intergenic"
"CM105777.1",5713846,-5.402551892,6.57e-08,0.011548544,"CM105777.1",5713846,5713846,443190,"CM105777.1",5199401,5270655,"gene:ENSBOLG00010006469","TSHZ1","teashirt zinc finger homeobox 1 [Ensembl NN prediction with score 100%]","+",5199401,5270655,FALSE,514445,514445,443191,"downstream","intergenic",FALSE,"intergenic"
"CM105782.1",65271987,-5.402525027,6.57e-08,0.011548544,"CM105782.1",65271987,65271987,400380,"CM105782.1",65672368,65673182,"gene:ENSBOLG00010004177","NACA2","nascent polypeptide associated complex subunit alpha 2 [Ensembl NN prediction with score 98.96%]","+",65672368,65673182,FALSE,400381,400381,401195,"upstream","intergenic",FALSE,"intergenic"
"CM105787.1",27247670,-5.400795306,6.63e-08,0.011618968,"CM105787.1",27247670,27247670,0,"CM105787.1",27224418,27268196,"gene:ENSBOLG00010009591","KLF13","Kruppel like factor 13 [Ensembl NN prediction with score 100%]","-",27268196,27224418,TRUE,20526,20526,23252,"overlapping","gene_body",FALSE,"intron"
"CM105784.1",39665485,5.394596847,6.87e-08,0.011984623,"CM105784.1",39665485,39665485,202472,"CM105784.1",39461900,39463012,"gene:ENSBOLG00010006296","PABPC4L","poly(A) binding protein cytoplasmic 4 like [Ensembl NN prediction with score 100%]","+",39461900,39463012,FALSE,203585,203585,202473,"downstream","intergenic",FALSE,"intergenic"
"CM105779.1",57830818,-5.393074186,6.93e-08,0.012043958,"CM105779.1",57830818,57830818,0,"CM105779.1",57806739,57833866,"gene:ENSBOLG00010010030","MMUT","methylmalonyl-CoA mutase [Ensembl NN prediction with score 94.3%]","+",57806739,57833866,TRUE,24079,24079,3048,"overlapping","gene_body",FALSE,"intron"
"CM105767.1",73870318,5.3912528,7e-08,0.012123852,"CM105767.1",73870318,73870318,0,"CM105767.1",73848814,73902444,"gene:ENSBOLG00010004411","BC049352","cDNA sequence BC049352 [Ensembl NN prediction with score 99.42%]","+",73848814,73902444,TRUE,21504,21504,32126,"overlapping","gene_body",FALSE,"intron"
"CM105775.1",59417173,-5.387386278,7.15e-08,0.012344031,"CM105775.1",59417173,59417173,164980,"CM105775.1",59582154,59615705,"gene:ENSBOLG00010005686","TTC6","tetratricopeptide repeat domain 6 [Ensembl NN prediction with score 100%]","-",59615705,59582154,FALSE,198532,198532,164981,"downstream","intergenic",FALSE,"intergenic"
"CM105786.1",49144863,5.384811318,7.25e-08,0.01247827,"CM105786.1",49144863,49144863,46948,"CM105786.1",49083594,49097914,"gene:ENSBOLG00010006066","MFAP3L","microfibril associated protein 3 like [Ensembl NN prediction with score 100%]","+",49083594,49097914,FALSE,61269,61269,46949,"downstream","intergenic",FALSE,"intergenic"
"CM105780.1",35195628,-5.379226715,7.48e-08,0.012826723,"CM105780.1",35195628,35195628,516973,"CM105780.1",34678004,34678654,"gene:ENSBOLG00010011785","1700009N14Rik","RIKEN cDNA 1700009N14 gene [Ensembl NN prediction with score 96.73%]","-",34678654,34678004,FALSE,516974,516974,517624,"upstream","intergenic",FALSE,"intergenic"
"CM105771.1",28801954,5.376369529,7.6e-08,0.012986592,"CM105771.1",28801954,28801954,33185,"CM105771.1",28835140,28854641,"gene:ENSBOLG00010013021","HAVCR1","hepatitis A virus cellular receptor 1 [Ensembl NN prediction with score 100%]","+",28835140,28854641,FALSE,33186,33186,52687,"upstream","intergenic",FALSE,"intergenic"
"CM105774.1",45585447,5.375171577,7.65e-08,0.013027998,"CM105774.1",45585447,45585447,31686,"CM105774.1",45495826,45553760,"gene:ENSBOLG00010007819","HTR2A","5-hydroxytryptamine receptor 2A [Ensembl NN prediction with score 100%]","-",45553760,45495826,FALSE,31687,31687,89621,"upstream","intergenic",FALSE,"intergenic"
"CM105786.1",7563500,-5.37445172,7.68e-08,0.013035046,"CM105786.1",7563500,7563500,50208,"CM105786.1",7613709,7614884,"gene:ENSBOLG00010012280","SOX1","SRY-box transcription factor 1 [Ensembl NN prediction with score 100%]","+",7613709,7614884,FALSE,50209,50209,51384,"upstream","intergenic",FALSE,"intergenic"
"CM105766.1",23557393,5.372561145,7.76e-08,0.013114859,"CM105766.1",23557393,23557393,0,"CM105766.1",23553349,23598660,"gene:ENSBOLG00010007193","CLEC7A","C-type lectin domain containing 7A [Ensembl NN prediction with score 76.79%]","-",23598660,23553349,TRUE,41267,41267,4044,"overlapping","gene_body",FALSE,"intron"
"CM105786.1",52562964,-5.372112771,7.78e-08,0.013114859,"CM105786.1",52562964,52562964,73542,"CM105786.1",52636507,52814026,"gene:ENSBOLG00010006089","TLL1","tolloid like 1 [Ensembl NN prediction with score 100%]","-",52814026,52636507,FALSE,251062,251062,73543,"downstream","intergenic",FALSE,"intergenic"
"CM105775.1",58718910,-5.37068799,7.84e-08,0.013173794,"CM105775.1",58718910,58718910,217593,"CM105775.1",58453436,58501316,"gene:ENSBOLG00010005793","SEC23A","SEC23 homolog A, COPII coat complex component [Ensembl NN prediction with score 100%]","+",58453436,58501316,FALSE,265474,265474,217594,"downstream","intergenic",FALSE,"intergenic"
"CM105783.1",30065110,5.369798697,7.88e-08,0.01319389,"CM105783.1",30065110,30065110,387815,"CM105783.1",29668926,29677294,"gene:ENSBOLG00010006988","ST3GAL1","ST3 beta-galactoside alpha-2,3-sialyltransferase 1 [Ensembl NN prediction with score 99.99%]","-",29677294,29668926,FALSE,387816,387816,396184,"upstream","intergenic",FALSE,"intergenic"
"CM105769.1",90997402,-5.368543874,7.94e-08,0.013203543,"CM105769.1",90997402,90997402,66797,"CM105769.1",90928466,90930604,"gene:ENSBOLG00010018647","LRRN2","leucine rich repeat neuronal 2 [Ensembl NN prediction with score 100%]","-",90930604,90928466,FALSE,66798,66798,68936,"upstream","intergenic",FALSE,"intergenic"
"CM105784.1",15571212,-5.368443954,7.94e-08,0.013203543,"CM105784.1",15571212,15571212,27246,"CM105784.1",15521172,15543965,"gene:ENSBOLG00010013375","SERPINI2","serpin family I member 2 [Ensembl NN prediction with score 100%]","+",15521172,15543965,FALSE,50040,50040,27247,"downstream","intergenic",FALSE,"intergenic"
"CM105765.1",84259697,-5.366585604,8.02e-08,0.013206397,"CM105765.1",84259697,84259697,0,"CM105765.1",84186439,84421040,"gene:ENSBOLG00010015953","PDSS2","decaprenyl diphosphate synthase subunit 2 [Ensembl NN prediction with score 99.98%]","-",84421040,84186439,TRUE,161343,161343,73258,"overlapping","gene_body",FALSE,"intron"
"CM105770.1",33911180,-5.366897499,8.01e-08,0.013206397,"CM105770.1",33911180,33911180,0,"CM105770.1",33882724,33969951,"gene:ENSBOLG00010014610","CAMK2B","calcium/calmodulin dependent protein kinase II beta [Ensembl NN prediction with score 99.97%]","+",33882724,33969951,TRUE,28456,28456,58771,"overlapping","gene_body",FALSE,"intron"
"CM105785.1",18087642,-5.367275054,7.99e-08,0.013206397,"CM105785.1",18087642,18087642,8162,"CM105785.1",18075995,18079479,"gene:ENSBOLG00010011034",NA,NA,"+",18075995,18079479,FALSE,11647,11647,8163,"downstream","intergenic",FALSE,"intergenic"
"CM105778.1",23221048,5.363889311,8.14e-08,0.013360481,"CM105778.1",23221048,23221048,138870,"CM105778.1",23359919,23417372,"gene:ENSBOLG00010010899","CDH6","cadherin 6 [Ensembl NN prediction with score 100%]","+",23359919,23417372,FALSE,138871,138871,196324,"upstream","intergenic",FALSE,"intergenic"
"CM105776.1",32189100,5.36260068,8.2e-08,0.013411473,"CM105776.1",32189100,32189100,54811,"CM105776.1",32243912,32249461,"gene:ENSBOLG00010012674","UQCRFS1","ubiquinol-cytochrome c reductase, Rieske iron-sulfur polypeptide 1 [Ensembl NN prediction with score 100%]","+",32243912,32249461,FALSE,54812,54812,60361,"upstream","intergenic",FALSE,"intergenic"
"CM105767.1",28432327,5.360014525,8.32e-08,0.013535024,"CM105767.1",28432327,28432327,106178,"CM105767.1",28283061,28326148,"gene:ENSBOLG00010018319","ANXA2","annexin A2 [Ensembl NN prediction with score 100%]","+",28283061,28326148,FALSE,149266,149266,106179,"downstream","intergenic",FALSE,"intergenic"
"CM105788.1",40084350,-5.359748233,8.33e-08,0.013535024,"CM105788.1",40084350,40084350,2283,"CM105788.1",40086634,40087478,"gene:ENSBOLG00010015567","TRBV29-1","T cell receptor beta variable 29-1 [Ensembl NN prediction with score 100%]","+",40086634,40087478,FALSE,2284,2284,3128,"upstream","intergenic",FALSE,"intergenic"
"CM105768.1",64388540,-5.356659639,8.48e-08,0.013723051,"CM105768.1",64388540,64388540,0,"CM105768.1",64382724,64537948,"gene:ENSBOLG00010000757","ASAP2","ArfGAP with SH3 domain, ankyrin repeat and PH domain 2 [Ensembl NN prediction with score 100%]","-",64537948,64382724,TRUE,149408,149408,5816,"overlapping","gene_body",FALSE,"intron"
"CM105769.1",73550199,-5.355852523,8.52e-08,0.013739264,"CM105769.1",73550199,73550199,0,"CM105769.1",73129985,73561288,"gene:ENSBOLG00010007374","HMCN1","hemicentin 1 [Ensembl NN prediction with score 100%]","+",73129985,73561288,TRUE,420214,420214,11089,"overlapping","gene_body",FALSE,"intron"
"CM105771.1",95853666,5.351646281,8.72e-08,0.014016596,"CM105771.1",95853666,95853666,332509,"CM105771.1",95519873,95521156,"gene:ENSBOLG00010001595","KCNJ2","potassium inwardly rectifying channel subfamily J member 2 [Ensembl NN prediction with score 99.94%]","+",95519873,95521156,FALSE,333793,333793,332510,"downstream","intergenic",FALSE,"intergenic"
"CM105764.1",60559183,5.348538598,8.87e-08,0.014025121,"CM105764.1",60559183,60559183,928561,"CM105764.1",61487745,61532059,"gene:ENSBOLG00010000150","ZPLD1","zona pellucida like domain containing 1 [Ensembl NN prediction with score 100%]","-",61532059,61487745,FALSE,972876,972876,928562,"downstream","intergenic",FALSE,"intergenic"
"CM105766.1",113894106,-5.348021998,8.89e-08,0.014025121,"CM105766.1",113894106,113894106,701861,"CM105766.1",114595968,114941059,"gene:ENSBOLG00010000248","PTPRD","protein tyrosine phosphatase receptor type D [Ensembl NN prediction with score 100%]","+",114595968,114941059,FALSE,701862,701862,1046953,"upstream","intergenic",FALSE,"intergenic"
"CM105770.1",11849588,5.348600911,8.86e-08,0.014025121,"CM105770.1",11849588,11849588,0,"CM105770.1",11824755,11853596,"gene:ENSBOLG00010000481","CLHC1","clathrin heavy chain linker domain containing 1 [Ensembl NN prediction with score 100%]","-",11853596,11824755,TRUE,4008,4008,24833,"overlapping","gene_body",FALSE,"intron"
"CM105776.1",38123951,5.348552168,8.87e-08,0.014025121,"CM105776.1",38123951,38123951,0,"CM105776.1",37864567,38139948,"gene:ENSBOLG00010012692",NA,NA,"+",37864567,38139948,TRUE,259384,259384,15997,"overlapping","gene_body",TRUE,"exon"
"CM105780.1",61779410,5.349475068,8.82e-08,0.014025121,"CM105780.1",61779410,61779410,7405,"CM105780.1",61786816,62080587,"gene:ENSBOLG00010013190","STAU2","staufen double-stranded RNA binding protein 2 [Ensembl NN prediction with score 99.78%]","-",62080587,61786816,FALSE,301177,301177,7406,"downstream","intergenic",FALSE,"intergenic"
"CM105785.1",52396717,5.350379533,8.78e-08,0.014025121,"CM105785.1",52396717,52396717,293376,"CM105785.1",52102669,52103340,"gene:ENSBOLG00010010971",NA,NA,"-",52103340,52102669,FALSE,293377,293377,294048,"upstream","intergenic",FALSE,"intergenic"
"CM105766.1",58033768,-5.346535089,8.97e-08,0.014064959,"CM105766.1",58033768,58033768,161781,"CM105766.1",57263550,57871986,"gene:ENSBOLG00010000937","MAGI1","membrane associated guanylate kinase, WW and PDZ domain containing 1 [Ensembl NN prediction with score 100%]","+",57263550,57871986,FALSE,770218,770218,161782,"downstream","intergenic",FALSE,"intergenic"
"CM105772.1",43753963,5.345794598,9e-08,0.014064959,"CM105772.1",43753963,43753963,14734,"CM105772.1",43686720,43739228,"gene:ENSBOLG00010014855","OSTF1","osteoclast stimulating factor 1 [Ensembl NN prediction with score 100%]","+",43686720,43739228,FALSE,67243,67243,14735,"downstream","intergenic",FALSE,"intergenic"
"CM105772.1",79779678,-5.345243515,9.03e-08,0.014064959,"CM105772.1",79779678,79779678,348329,"CM105772.1",80128008,80544410,"gene:ENSBOLG00010011727","hs3st4","heparan sulfate-glucosamine 3-sulfotransferase 4 [Ensembl NN prediction with score 99.99%]","-",80544410,80128008,FALSE,764732,764732,348330,"downstream","intergenic",FALSE,"intergenic"
"CM105785.1",51209514,5.345201571,9.03e-08,0.014064959,"CM105785.1",51209514,51209514,145863,"CM105785.1",51060406,51063650,"gene:ENSBOLG00010010821","Atp5g3","ATP synthase, H+ transporting, mitochondrial F0 complex, subunit C3 (subunit 9) [Ensembl NN prediction with score 98.86%]","-",51063650,51060406,FALSE,145864,145864,149108,"upstream","intergenic",FALSE,"intergenic"
"CM105766.1",44614436,-5.344200786,9.08e-08,0.014093813,"CM105766.1",44614436,44614436,116424,"CM105766.1",44730861,44731757,"gene:ENSBOLG00010000235","SLC25A5","solute carrier family 25 member 5 [Ensembl NN prediction with score 99.91%]","+",44730861,44731757,FALSE,116425,116425,117321,"upstream","intergenic",FALSE,"intergenic"
"CM105787.1",6722445,-5.34368742,9.11e-08,0.014093813,"CM105787.1",6722445,6722445,2995,"CM105787.1",6725441,6726175,"gene:ENSBOLG00010010191","EMG1","EMG1 N1-specific pseudouridine methyltransferase [Ensembl NN prediction with score 100%]","-",6726175,6725441,FALSE,3730,3730,2996,"downstream","intergenic",FALSE,"intergenic"
"CM105765.1",84262238,-5.340331513,9.28e-08,0.014224075,"CM105765.1",84262238,84262238,0,"CM105765.1",84186439,84421040,"gene:ENSBOLG00010015953","PDSS2","decaprenyl diphosphate synthase subunit 2 [Ensembl NN prediction with score 99.98%]","-",84421040,84186439,TRUE,158802,158802,75799,"overlapping","gene_body",FALSE,"intron"
"CM105780.1",21379456,5.340627726,9.26e-08,0.014224075,"CM105780.1",21379456,21379456,28766,"CM105780.1",21350187,21350689,"gene:ENSBOLG00010012967","RPS25","ribosomal protein S25 [Ensembl NN prediction with score 100%]","-",21350689,21350187,FALSE,28767,28767,29269,"upstream","intergenic",FALSE,"intergenic"
"CM105784.1",51913765,-5.340318439,9.28e-08,0.014224075,"CM105784.1",51913765,51913765,6999,"CM105784.1",51707303,51906765,"gene:ENSBOLG00010007956","PEX5L","peroxisomal biogenesis factor 5 like [Ensembl NN prediction with score 100%]","-",51906765,51707303,FALSE,7000,7000,206462,"upstream","intergenic",FALSE,"intergenic"
"CM105767.1",96376721,-5.339622466,9.31e-08,0.014234442,"CM105767.1",96376721,96376721,0,"CM105767.1",95894806,96871320,"gene:ENSBOLG00010000410","NTM","neurotrimin [Ensembl NN prediction with score 100%]","+",95894806,96871320,TRUE,481915,481915,494599,"overlapping","gene_body",FALSE,"intron"
"CM105767.1",107818097,5.337200717,9.44e-08,0.01438115,"CM105767.1",107818097,107818097,144541,"CM105767.1",107651808,107673555,"gene:ENSBOLG00010002024","CHORDC1","cysteine and histidine rich domain containing 1 [Ensembl NN prediction with score 99.98%]","-",107673555,107651808,FALSE,144542,144542,166289,"upstream","intergenic",FALSE,"intergenic"
"CM105786.1",52615292,-5.335990724,9.5e-08,0.014432714,"CM105786.1",52615292,52615292,21214,"CM105786.1",52636507,52814026,"gene:ENSBOLG00010006089","TLL1","tolloid like 1 [Ensembl NN prediction with score 100%]","-",52814026,52636507,FALSE,198734,198734,21215,"downstream","intergenic",FALSE,"intergenic"
"CM105768.1",115192735,5.334092042,9.6e-08,0.014495055,"CM105768.1",115192735,115192735,299,"CM105768.1",115144221,115192435,"gene:ENSBOLG00010016331","CTNNBIP1","catenin beta interacting protein 1 [Ensembl NN prediction with score 99.99%]","+",115144221,115192435,FALSE,48514,48514,300,"downstream","downstream",FALSE,"downstream"
"CM105783.1",31221381,5.334520747,9.58e-08,0.014495055,"CM105783.1",31221381,31221381,18761,"CM105783.1",31201948,31202619,"gene:ENSBOLG00010012971","UBE2S","ubiquitin conjugating enzyme E2 S [Ensembl NN prediction with score 100%]","+",31201948,31202619,FALSE,19433,19433,18762,"downstream","intergenic",FALSE,"intergenic"
"CM105782.1",15474907,5.332895433,9.67e-08,0.014546314,"CM105782.1",15474907,15474907,2037,"CM105782.1",15476945,15489776,"gene:ENSBOLG00010016945","GIPC1","GIPC PDZ domain containing family member 1 [Ensembl NN prediction with score 100%]","+",15476945,15489776,FALSE,2038,2038,14869,"upstream","intergenic",FALSE,"intergenic"
"CM105765.1",60499432,-5.331969021,9.72e-08,0.014576162,"CM105765.1",60499432,60499432,8099,"CM105765.1",60479221,60491332,"gene:ENSBOLG00010023245","ERCC1","ERCC excision repair 1, endonuclease non-catalytic subunit [Ensembl NN prediction with score 100%]","-",60491332,60479221,FALSE,8100,8100,20211,"upstream","intergenic",FALSE,"intergenic"
"CM105764.1",117946922,5.330244923,9.81e-08,0.014581855,"CM105764.1",117946922,117946922,0,"CM105764.1",117838180,118255842,"gene:ENSBOLG00010002967","CALN1","calneuron 1 [Ensembl NN prediction with score 100%]","-",118255842,117838180,TRUE,308920,308920,108742,"overlapping","gene_body",FALSE,"intron"
"CM105765.1",27534592,-5.330427002,9.8e-08,0.014581855,"CM105765.1",27534592,27534592,0,"CM105765.1",27493297,27539981,"gene:ENSBOLG00010005289","ube2f","ubiquitin conjugating enzyme E2 F (putative) [Ensembl NN prediction with score 99.99%]","+",27493297,27539981,TRUE,41295,41295,5389,"overlapping","gene_body",FALSE,"intron"
"CM105772.1",28385385,5.330453914,9.8e-08,0.014581855,"CM105772.1",28385385,28385385,0,"CM105772.1",28372688,28390554,"gene:ENSBOLG00010011413","LIPM","lipase family member M [Ensembl NN prediction with score 100%]","-",28390554,28372688,TRUE,5169,5169,12697,"overlapping","gene_body",FALSE,"intron"
"CM105766.1",47805224,5.328609558,9.9e-08,0.014669422,"CM105766.1",47805224,47805224,0,"CM105766.1",47802345,47805677,"gene:ENSBOLG00010000216","SPR","sepiapterin reductase [Ensembl NN prediction with score 99.83%]","+",47802345,47805677,TRUE,2879,2879,453,"overlapping","gene_body",TRUE,"exon"
"CM105765.1",135411823,-5.327596331,9.95e-08,0.014701443,"CM105765.1",135411823,135411823,278226,"CM105765.1",135690050,135691990,"gene:ENSBOLG00010003508","Pabpc6","poly(A) binding protein, cytoplasmic 6 [Ensembl NN prediction with score 100%]","+",135690050,135691990,FALSE,278227,278227,280167,"upstream","intergenic",FALSE,"intergenic"
"CM105770.1",75703799,-5.327122241,9.98e-08,0.014701443,"CM105770.1",75703799,75703799,0,"CM105770.1",75690266,75707405,"gene:ENSBOLG00010001250","OCIAD2","OCIA domain containing 2 [Ensembl NN prediction with score 99.71%]","-",75707405,75690266,TRUE,3606,3606,13533,"overlapping","gene_body",FALSE,"intron"
"CM105789.1",119168,-5.32181087,1.03e-07,0.015092131,"CM105789.1",119168,119168,106193,"CM105789.1",12048,12974,"gene:ENSBOLG00010007697","Olfr1249","olfactory receptor 1249 [Ensembl NN prediction with score 95.92%]","-",12974,12048,FALSE,106194,106194,107120,"upstream","intergenic",FALSE,"intergenic"
"CM105766.1",52436510,-5.320736759,1.03e-07,0.015136334,"CM105766.1",52436510,52436510,0,"CM105766.1",52223372,52563266,"gene:ENSBOLG00010001016","FOXP1","forkhead box P1 [Ensembl NN prediction with score 100%]","+",52223372,52563266,TRUE,213138,213138,126756,"overlapping","gene_body",FALSE,"intron"
"CM105780.1",15370312,-5.31901722,1.04e-07,0.01523473,"CM105780.1",15370312,15370312,51665,"CM105780.1",15421978,15492596,"gene:ENSBOLG00010014503","PCMTD1","protein-L-isoaspartate (D-aspartate) O-methyltransferase domain containing 1 [Ensembl NN prediction with score 100%]","+",15421978,15492596,FALSE,51666,51666,122284,"upstream","intergenic",FALSE,"intergenic"
"CM105775.1",4566846,5.318330626,1.05e-07,0.015247076,"CM105775.1",4566846,4566846,13708,"CM105775.1",4580555,4581158,"gene:ENSBOLG00010020480",NA,NA,"+",4580555,4581158,FALSE,13709,13709,14312,"upstream","intergenic",FALSE,"intergenic"
"CM105772.1",21414498,5.316408259,1.06e-07,0.015363507,"CM105772.1",21414498,21414498,0,"CM105772.1",21373381,21468318,"gene:ENSBOLG00010018559","CC2D2B","coiled-coil and C2 domain containing 2B [Ensembl NN prediction with score 99.93%]","-",21468318,21373381,TRUE,53820,53820,41117,"overlapping","gene_body",FALSE,"intron"
"CM105776.1",45454284,-5.313752494,1.07e-07,0.015543374,"CM105776.1",45454284,45454284,0,"CM105776.1",45437720,45683181,"gene:ENSBOLG00010008632","GLI3","GLI family zinc finger 3 [Ensembl NN prediction with score 100%]","-",45683181,45437720,TRUE,228897,228897,16564,"overlapping","gene_body",FALSE,"intron"
"CM105783.1",16793007,-5.312394137,1.08e-07,0.015613794,"CM105783.1",16793007,16793007,117092,"CM105783.1",16910100,17184459,"gene:ENSBOLG00010013409","EXT1","exostosin glycosyltransferase 1 [Ensembl NN prediction with score 100%]","-",17184459,16910100,FALSE,391452,391452,117093,"downstream","intergenic",FALSE,"intergenic"
"CM105766.1",74066455,-5.310652402,1.09e-07,0.015646138,"CM105766.1",74066455,74066455,2061,"CM105766.1",74059467,74064393,"gene:ENSBOLG00010021475","CLDN19","claudin 19 [Ensembl NN prediction with score 100%]","-",74064393,74059467,FALSE,2062,2062,6988,"upstream","intergenic",FALSE,"intergenic"
"CM105766.1",104854630,-5.310762494,1.09e-07,0.015646138,"CM105766.1",104854630,104854630,0,"CM105766.1",104747405,105121653,"gene:ENSBOLG00010008467","ADAMTSL1","ADAMTS like 1 [Ensembl NN prediction with score 100%]","-",105121653,104747405,TRUE,267023,267023,107225,"overlapping","gene_body",FALSE,"intron"
"CM105767.1",79402379,5.310421087,1.09e-07,0.015646138,"CM105767.1",79402379,79402379,0,"CM105767.1",79398725,79412013,"gene:ENSBOLG00010004453","IL18","interleukin 18 [Ensembl NN prediction with score 99.99%]","+",79398725,79412013,TRUE,3654,3654,9634,"overlapping","gene_body",FALSE,"intron"
"CM105785.1",50382551,-5.309106264,1.1e-07,0.015713737,"CM105785.1",50382551,50382551,0,"CM105785.1",50263177,50386399,"gene:ENSBOLG00010010748","OLA1","Obg like ATPase 1 [Ensembl NN prediction with score 100%]","-",50386399,50263177,TRUE,3848,3848,119374,"overlapping","gene_body",FALSE,"intron"
"CM105790.1",38683765,5.308408164,1.11e-07,0.015728439,"CM105790.1",38683765,38683765,0,"CM105790.1",38519428,38755920,"gene:ENSBOLG00010010053","ANKRD44","ankyrin repeat domain 44 [Ensembl NN prediction with score 100%]","-",38755920,38519428,TRUE,72155,72155,164337,"overlapping","gene_body",FALSE,"intron"
"CM105764.1",5761078,-5.305957801,1.12e-07,0.015786427,"CM105764.1",5761078,5761078,28867,"CM105764.1",5691565,5732210,"gene:ENSBOLG00010001509","SIM2","SIM bHLH transcription factor 2 [Ensembl NN prediction with score 100%]","-",5732210,5691565,FALSE,28868,28868,69513,"upstream","intergenic",FALSE,"intergenic"
"CM105776.1",76003455,-5.305657529,1.12e-07,0.015786427,"CM105776.1",76003455,76003455,173919,"CM105776.1",76177375,76260823,"gene:ENSBOLG00010012357","SVIL","supervillin [Ensembl NN prediction with score 99.99%]","+",76177375,76260823,FALSE,173920,173920,257368,"upstream","intergenic",FALSE,"intergenic"
"CM105784.1",46179556,5.306723897,1.12e-07,0.015786427,"CM105784.1",46179556,46179556,70866,"CM105784.1",46250423,46279862,"gene:ENSBOLG00010007795",NA,NA,"+",46250423,46279862,FALSE,70867,70867,100306,"upstream","intergenic",FALSE,"intergenic"
"CM105786.1",55150464,5.305641125,1.12e-07,0.015786427,"CM105786.1",55150464,55150464,8142,"CM105786.1",55140921,55142321,"gene:ENSBOLG00010007034","NPY5R","neuropeptide Y receptor Y5 [Ensembl NN prediction with score 100%]","-",55142321,55140921,FALSE,8143,8143,9543,"upstream","intergenic",FALSE,"intergenic"
"CM105768.1",13851986,5.304139797,1.13e-07,0.01587154,"CM105768.1",13851986,13851986,0,"CM105768.1",13573931,13962993,"gene:ENSBOLG00010016509","CREB5","cAMP responsive element binding protein 5 [Ensembl NN prediction with score 99.87%]","+",13573931,13962993,TRUE,278055,278055,111007,"overlapping","gene_body",FALSE,"intron"
"CM105773.1",15298731,5.303205712,1.14e-07,0.015907681,"CM105773.1",15298731,15298731,545188,"CM105773.1",15843920,15844520,"gene:ENSBOLG00010005494","SNU13","small nuclear ribonucleoprotein 13 [Ensembl NN prediction with score 99.96%]","-",15844520,15843920,FALSE,545789,545789,545189,"downstream","intergenic",FALSE,"intergenic"
"CM105773.1",58315381,5.302001621,1.15e-07,0.015967625,"CM105773.1",58315381,58315381,0,"CM105773.1",58274607,58317419,"gene:ENSBOLG00010007998","SEC23B","SEC23 homolog B, COPII coat complex component [Ensembl NN prediction with score 100%]","+",58274607,58317419,TRUE,40774,40774,2038,"overlapping","gene_body",FALSE,"intron"
"CM105786.1",38788312,5.301122834,1.15e-07,0.015999364,"CM105786.1",38788312,38788312,518168,"CM105786.1",37823814,38270143,"gene:ENSBOLG00010006012","TENM3","teneurin transmembrane protein 3 [Ensembl NN prediction with score 100%]","-",38270143,37823814,FALSE,518169,518169,964498,"upstream","intergenic",FALSE,"intergenic"
"CM105767.1",28457549,5.299686909,1.16e-07,0.016080276,"CM105767.1",28457549,28457549,131400,"CM105767.1",28283061,28326148,"gene:ENSBOLG00010018319","ANXA2","annexin A2 [Ensembl NN prediction with score 100%]","+",28283061,28326148,FALSE,174488,174488,131401,"downstream","intergenic",FALSE,"intergenic"
"CM105778.1",37845612,-5.298097011,1.17e-07,0.016175325,"CM105778.1",37845612,37845612,0,"CM105778.1",37563149,37924516,"gene:ENSBOLG00010015461","ARL15","ADP ribosylation factor like GTPase 15 [Ensembl NN prediction with score 100%]","-",37924516,37563149,TRUE,78904,78904,282463,"overlapping","gene_body",FALSE,"intron"
"CM105764.1",108998642,5.296646574,1.18e-07,0.016213192,"CM105764.1",108998642,108998642,6689,"CM105764.1",109005332,109038222,"gene:ENSBOLG00010009961",NA,NA,"+",109005332,109038222,FALSE,6690,6690,39580,"upstream","intergenic",FALSE,"intergenic"
"CM105768.1",58995996,-5.296739742,1.18e-07,0.016213192,"CM105768.1",58995996,58995996,120077,"CM105768.1",58875195,58875918,"gene:ENSBOLG00010000779","RPL31","ribosomal protein L31 [Ensembl NN prediction with score 100%]","-",58875918,58875195,FALSE,120078,120078,120801,"upstream","intergenic",FALSE,"intergenic"
"CM105770.1",103684386,5.295631849,1.19e-07,0.016258077,"CM105770.1",103684386,103684386,124963,"CM105770.1",103809350,103950047,"gene:ENSBOLG00010002120","PTPN13","protein tyrosine phosphatase non-receptor type 13 [Ensembl NN prediction with score 100%]","+",103809350,103950047,FALSE,124964,124964,265661,"upstream","intergenic",FALSE,"intergenic"
"CM105767.1",8566413,-5.294697036,1.19e-07,0.01629607,"CM105767.1",8566413,8566413,38296,"CM105767.1",8353803,8528116,"gene:ENSBOLG00010003046","GADL1","glutamate decarboxylase like 1 [Ensembl NN prediction with score 99.99%]","-",8528116,8353803,FALSE,38297,38297,212610,"upstream","intergenic",FALSE,"intergenic"
"CM105776.1",46187978,-5.293985633,1.2e-07,0.016314309,"CM105776.1",46187978,46187978,99633,"CM105776.1",46287612,46288496,"gene:ENSBOLG00010008680","AW549877","expressed sequence AW549877 [Ensembl NN prediction with score 99.25%]","+",46287612,46288496,FALSE,99634,99634,100518,"upstream","intergenic",FALSE,"intergenic"
"CM105780.1",64441067,5.29213551,1.21e-07,0.016434738,"CM105780.1",64441067,64441067,360408,"CM105780.1",64801476,64958823,"gene:ENSBOLG00010013209","ZFHX4","zinc finger homeobox 4 [Ensembl NN prediction with score 100%]","+",64801476,64958823,FALSE,360409,360409,517756,"upstream","intergenic",FALSE,"intergenic"
"CM105770.1",56189072,5.289789292,1.22e-07,0.016601096,"CM105770.1",56189072,56189072,29761,"CM105770.1",56071916,56159310,"gene:ENSBOLG00010001236","CCDC149","coiled-coil domain containing 149 [Ensembl NN prediction with score 99.99%]","-",56159310,56071916,FALSE,29762,29762,117156,"upstream","intergenic",FALSE,"intergenic"
"CM105772.1",9872153,-5.288534592,1.23e-07,0.016669433,"CM105772.1",9872153,9872153,1070361,"CM105772.1",10942515,11454302,"gene:ENSBOLG00010015622","SORCS1","sortilin related VPS10 domain containing receptor 1 [Ensembl NN prediction with score 99.98%]","+",10942515,11454302,FALSE,1070362,1070362,1582149,"upstream","intergenic",FALSE,"intergenic"
"CM105777.1",15821195,-5.286617819,1.25e-07,0.016798818,"CM105777.1",15821195,15821195,235647,"CM105777.1",16056843,17130023,"gene:ENSBOLG00010014476","DCC","DCC netrin 1 receptor [Ensembl NN prediction with score 100%]","+",16056843,17130023,FALSE,235648,235648,1308828,"upstream","intergenic",FALSE,"intergenic"
"CM105767.1",98275022,-5.283956133,1.26e-07,0.016998295,"CM105767.1",98275022,98275022,167051,"CM105767.1",98442074,98446240,"gene:ENSBOLG00010000416","SPATA19","spermatogenesis associated 19 [Ensembl NN prediction with score 100%]","-",98446240,98442074,FALSE,171218,171218,167052,"downstream","intergenic",FALSE,"intergenic"
"CM105777.1",69430197,5.281717495,1.28e-07,0.017160473,"CM105777.1",69430197,69430197,179686,"CM105777.1",69249968,69250510,"gene:ENSBOLG00010008223","NIP7","nucleolar pre-rRNA processing protein NIP7 [Ensembl NN prediction with score 100%]","-",69250510,69249968,FALSE,179687,179687,180229,"upstream","intergenic",FALSE,"intergenic"
"CM105782.1",11705993,5.280841254,1.29e-07,0.017195899,"CM105782.1",11705993,11705993,15932,"CM105782.1",11673281,11690060,"gene:ENSBOLG00010014835",NA,NA,"-",11690060,11673281,FALSE,15933,15933,32712,"upstream","intergenic",FALSE,"intergenic"
"CM105765.1",114267950,5.279056935,1.3e-07,0.017317119,"CM105765.1",114267950,114267950,31630,"CM105765.1",114299581,114302423,"gene:ENSBOLG00010004286","CITED2","Cbp/p300 interacting transactivator with Glu/Asp rich carboxy-terminal domain 2 [Ensembl NN prediction with score 100%]","-",114302423,114299581,FALSE,34473,34473,31631,"downstream","intergenic",FALSE,"intergenic"
"CM105783.1",44633809,5.278488714,1.3e-07,0.017323946,"CM105783.1",44633809,44633809,13919,"CM105783.1",44599700,44619889,"gene:ENSBOLG00010020400","SEPTIN3","septin 3 [Ensembl NN prediction with score 99.8%]","+",44599700,44619889,FALSE,34109,34109,13920,"downstream","intergenic",FALSE,"intergenic"
"CM105786.1",20600213,5.277629715,1.31e-07,0.017358412,"CM105786.1",20600213,20600213,0,"CM105786.1",20267983,20788094,"gene:ENSBOLG00010010559","UNC5D","unc-5 netrin receptor D [Ensembl NN prediction with score 100%]","-",20788094,20267983,TRUE,187881,187881,332230,"overlapping","gene_body",FALSE,"intron"
"CM105767.1",79415031,5.276529343,1.32e-07,0.017385874,"CM105767.1",79415031,79415031,3017,"CM105767.1",79398725,79412013,"gene:ENSBOLG00010004453","IL18","interleukin 18 [Ensembl NN prediction with score 99.99%]","+",79398725,79412013,FALSE,16306,16306,3018,"downstream","intergenic",FALSE,"intergenic"
"CM105783.1",57668419,5.276354307,1.32e-07,0.017385874,"CM105783.1",57668419,57668419,0,"CM105783.1",57613177,58072934,"gene:ENSBOLG00010009071","NELL2","neural EGFL like 2 [Ensembl NN prediction with score 100%]","-",58072934,57613177,TRUE,404515,404515,55242,"overlapping","gene_body",FALSE,"intron"
"CM105772.1",7140187,-5.275508411,1.32e-07,0.017386846,"CM105772.1",7140187,7140187,441511,"CM105772.1",7581699,7583090,"gene:ENSBOLG00010017402","ADRA2A","adrenoceptor alpha 2A [Ensembl NN prediction with score 100%]","-",7583090,7581699,FALSE,442903,442903,441512,"downstream","intergenic",FALSE,"intergenic"
"CM105774.1",5848350,-5.275363509,1.32e-07,0.017386846,"CM105774.1",5848350,5848350,54492,"CM105774.1",5574863,5793857,"gene:ENSBOLG00010007102","ABCC4","ATP binding cassette subfamily C member 4 [Ensembl NN prediction with score 100%]","+",5574863,5793857,FALSE,273487,273487,54493,"downstream","intergenic",FALSE,"intergenic"
"CM105790.1",15206427,-5.274028684,1.33e-07,0.017467275,"CM105790.1",15206427,15206427,7835,"CM105790.1",15214263,15218483,"gene:ENSBOLG00010015211","FZD1","frizzled class receptor 1 [Ensembl NN prediction with score 100%]","+",15214263,15218483,FALSE,7836,7836,12056,"upstream","intergenic",FALSE,"intergenic"
"CM105768.1",59269421,5.273026097,1.34e-07,0.017516419,"CM105768.1",59269421,59269421,84883,"CM105768.1",59181036,59184537,"gene:ENSBOLG00010000659","mycn","MYCN proto-oncogene, bHLH transcription factor [Ensembl NN prediction with score 100%]","-",59184537,59181036,FALSE,84884,84884,88385,"upstream","intergenic",FALSE,"intergenic"
"CM105765.1",122030938,-5.272414008,1.35e-07,0.017528462,"CM105765.1",122030938,122030938,351622,"CM105765.1",121629085,121679315,"gene:ENSBOLG00010004281","SAMD5","sterile alpha motif domain containing 5 [Ensembl NN prediction with score 100%]","+",121629085,121679315,FALSE,401853,401853,351623,"downstream","intergenic",FALSE,"intergenic"
"CM105787.1",1692824,-5.270382007,1.36e-07,0.017676873,"CM105787.1",1692824,1692824,1389971,"CM105787.1",301954,302852,"gene:ENSBOLG00010009491",NA,NA,"-",302852,301954,FALSE,1389972,1389972,1390870,"upstream","intergenic",FALSE,"intergenic"
"CM105767.1",48753263,5.268968486,1.37e-07,0.01772001,"CM105767.1",48753263,48753263,0,"CM105767.1",48722943,48832294,"gene:ENSBOLG00010000808","RASGRF1","Ras protein specific guanine nucleotide releasing factor 1 [Ensembl NN prediction with score 99.99%]","+",48722943,48832294,TRUE,30320,30320,79031,"overlapping","gene_body",FALSE,"intron"
"CM105775.1",58763095,-5.269266925,1.37e-07,0.01772001,"CM105775.1",58763095,58763095,261778,"CM105775.1",58453436,58501316,"gene:ENSBOLG00010005793","SEC23A","SEC23 homolog A, COPII coat complex component [Ensembl NN prediction with score 100%]","+",58453436,58501316,FALSE,309659,309659,261779,"downstream","intergenic",FALSE,"intergenic"
"CM105786.1",7666142,-5.265746281,1.4e-07,0.017986469,"CM105786.1",7666142,7666142,51257,"CM105786.1",7613709,7614884,"gene:ENSBOLG00010012280","SOX1","SRY-box transcription factor 1 [Ensembl NN prediction with score 100%]","+",7613709,7614884,FALSE,52433,52433,51258,"downstream","intergenic",FALSE,"intergenic"
"CM105764.1",20936497,-5.265169151,1.4e-07,0.017995956,"CM105764.1",20936497,20936497,102445,"CM105764.1",20814923,20834051,"gene:ENSBOLG00010000104","CHODL","chondrolectin [Ensembl NN prediction with score 100%]","-",20834051,20814923,FALSE,102446,102446,121574,"upstream","intergenic",FALSE,"intergenic"
"CM105764.1",52148210,5.263612961,1.41e-07,0.018101761,"CM105764.1",52148210,52148210,0,"CM105764.1",52138578,52169207,"gene:ENSBOLG00010000134","BC016579","cDNA sequence, BC016579 [Ensembl NN prediction with score 99.31%]","-",52169207,52138578,TRUE,20997,20997,9632,"overlapping","gene_body",FALSE,"intron"
"CM105770.1",93264953,5.262874789,1.42e-07,0.018127411,"CM105770.1",93264953,93264953,44396,"CM105770.1",93077098,93220556,"gene:ENSBOLG00010006357","ANKRD17","ankyrin repeat domain 17 [Ensembl NN prediction with score 100%]","-",93220556,93077098,FALSE,44397,44397,187855,"upstream","intergenic",FALSE,"intergenic"
"CM105775.1",20418463,5.261234684,1.43e-07,0.018242498,"CM105775.1",20418463,20418463,43401,"CM105775.1",20347909,20375061,"gene:ENSBOLG00010013107","EFCAB11","EF-hand calcium binding domain 11 [Ensembl NN prediction with score 100%]","+",20347909,20375061,FALSE,70554,70554,43402,"downstream","intergenic",FALSE,"intergenic"
"CM105783.1",16796522,-5.259703069,1.44e-07,0.018347563,"CM105783.1",16796522,16796522,113577,"CM105783.1",16910100,17184459,"gene:ENSBOLG00010013409","EXT1","exostosin glycosyltransferase 1 [Ensembl NN prediction with score 100%]","-",17184459,16910100,FALSE,387937,387937,113578,"downstream","intergenic",FALSE,"intergenic"
"CM105769.1",39595737,5.257414753,1.46e-07,0.01852938,"CM105769.1",39595737,39595737,0,"CM105769.1",39423917,40440427,"gene:ENSBOLG00010002302","NRG3","neuregulin 3 [Ensembl NN prediction with score 99.71%]","-",40440427,39423917,TRUE,844690,844690,171820,"overlapping","gene_body",FALSE,"intron"
"CM105765.1",35968306,5.25372783,1.49e-07,0.018759313,"CM105765.1",35968306,35968306,1145005,"CM105765.1",34814456,34823300,"gene:ENSBOLG00010000073","NUDT12","nudix hydrolase 12 [Ensembl NN prediction with score 99.7%]","-",34823300,34814456,FALSE,1145006,1145006,1153850,"upstream","intergenic",FALSE,"intergenic"
"CM105774.1",64166668,5.254162349,1.49e-07,0.018759313,"CM105774.1",64166668,64166668,0,"CM105774.1",64124544,64253590,"gene:ENSBOLG00010022253","RNF17","ring finger protein 17 [Ensembl NN prediction with score 99.92%]","-",64253590,64124544,TRUE,86922,86922,42124,"overlapping","gene_body",FALSE,"intron"
"CM105782.1",37767927,5.254451012,1.48e-07,0.018759313,"CM105782.1",37767927,37767927,0,"CM105782.1",37715781,37875348,"gene:ENSBOLG00010008418","TANGO6","transport and golgi organization 6 homolog [Ensembl NN prediction with score 100%]","-",37875348,37715781,TRUE,107421,107421,52146,"overlapping","gene_body",FALSE,"intron"
"CM105767.1",28423461,5.25243152,1.5e-07,0.018843672,"CM105767.1",28423461,28423461,97312,"CM105767.1",28283061,28326148,"gene:ENSBOLG00010018319","ANXA2","annexin A2 [Ensembl NN prediction with score 100%]","+",28283061,28326148,FALSE,140400,140400,97313,"downstream","intergenic",FALSE,"intergenic"
"CM105766.1",122352446,5.251076642,1.51e-07,0.018934522,"CM105766.1",122352446,122352446,415626,"CM105766.1",121802668,121936819,"gene:ENSBOLG00010000268","BRINP1","BMP/retinoic acid inducible neural specific 1 [Ensembl NN prediction with score 100%]","+",121802668,121936819,FALSE,549778,549778,415627,"downstream","intergenic",FALSE,"intergenic"
"CM105786.1",42252487,5.247879585,1.54e-07,0.019217083,"CM105786.1",42252487,42252487,408904,"CM105786.1",42661392,42673245,"gene:ENSBOLG00010006086","AGA","aspartylglucosaminidase [Ensembl NN prediction with score 100%]","+",42661392,42673245,FALSE,408905,408905,420758,"upstream","intergenic",FALSE,"intergenic"
"CM105789.1",12482102,-5.24659269,1.55e-07,0.019302748,"CM105789.1",12482102,12482102,228561,"CM105789.1",12151972,12253540,"gene:ENSBOLG00010009067","EEA1","early endosome antigen 1 [Ensembl NN prediction with score 100%]","+",12151972,12253540,FALSE,330130,330130,228562,"downstream","intergenic",FALSE,"intergenic"
"CM105766.1",80149933,-5.245642748,1.56e-07,0.019353482,"CM105766.1",80149933,80149933,0,"CM105766.1",80148242,80170376,"gene:ENSBOLG00010022542",NA,NA,"-",80170376,80148242,TRUE,20443,20443,1691,"overlapping","gene_body",FALSE,"intron"
"CM105783.1",17201338,-5.244653593,1.57e-07,0.019408583,"CM105783.1",17201338,17201338,16878,"CM105783.1",16910100,17184459,"gene:ENSBOLG00010013409","EXT1","exostosin glycosyltransferase 1 [Ensembl NN prediction with score 100%]","-",17184459,16910100,FALSE,16879,16879,291238,"upstream","intergenic",FALSE,"intergenic"
"CM105766.1",91892869,5.243748752,1.57e-07,0.019455049,"CM105766.1",91892869,91892869,43056,"CM105766.1",91493735,91849812,"gene:ENSBOLG00010018616","ROR1","receptor tyrosine kinase like orphan receptor 1 [Ensembl NN prediction with score 100%]","-",91849812,91493735,FALSE,43057,43057,399134,"upstream","intergenic",FALSE,"intergenic"
"CM105766.1",91909209,5.243165926,1.58e-07,0.019467716,"CM105766.1",91909209,91909209,38200,"CM105766.1",91947410,92004307,"gene:ENSBOLG00010012399","PGM1","phosphoglucomutase 1 [Ensembl NN prediction with score 99.7%]","-",92004307,91947410,FALSE,95098,95098,38201,"downstream","intergenic",FALSE,"intergenic"
"CM105765.1",103428060,5.238702725,1.62e-07,0.019841066,"CM105765.1",103428060,103428060,4273,"CM105765.1",103432334,103476487,"gene:ENSBOLG00010017205","Soga3","SOGA family member 3 [Ensembl NN prediction with score 100%]","-",103476487,103432334,FALSE,48427,48427,4274,"downstream","intergenic",FALSE,"intergenic"
"CM105769.1",71550627,-5.238278717,1.62e-07,0.019841066,"CM105769.1",71550627,71550627,0,"CM105769.1",71423453,71578633,"gene:ENSBOLG00010007298","RGL1","ral guanine nucleotide dissociation stimulator like 1 [Ensembl NN prediction with score 100%]","+",71423453,71578633,TRUE,127174,127174,28006,"overlapping","gene_body",FALSE,"intron"
"CM105775.1",56925014,-5.238572948,1.62e-07,0.019841066,"CM105775.1",56925014,56925014,746199,"CM105775.1",56157996,56178814,"gene:ENSBOLG00010005799","LRFN5","leucine rich repeat and fibronectin type III domain containing 5 [Ensembl NN prediction with score 100%]","-",56178814,56157996,FALSE,746200,746200,767018,"upstream","intergenic",FALSE,"intergenic"
"CM105767.1",15534546,-5.236897257,1.63e-07,0.019940487,"CM105767.1",15534546,15534546,0,"CM105767.1",15515592,15556108,"gene:ENSBOLG00010022947","IP6K1","inositol hexakisphosphate kinase 1 [Ensembl NN prediction with score 100%]","-",15556108,15515592,TRUE,21562,21562,18954,"overlapping","gene_body",FALSE,"intron"
"CM105766.1",36380133,-5.234949584,1.65e-07,0.02005239,"CM105766.1",36380133,36380133,0,"CM105766.1",36332373,36489653,"gene:ENSBOLG00010019033","SYN2","synapsin II [Ensembl NN prediction with score 99.99%]","-",36489653,36332373,TRUE,109520,109520,47760,"overlapping","gene_body",FALSE,"intron"
"CM105776.1",34096410,-5.235368377,1.65e-07,0.02005239,"CM105776.1",34096410,34096410,305683,"CM105776.1",33785811,33790726,"gene:ENSBOLG00010012836","SOX4","SRY-box transcription factor 4 [Ensembl NN prediction with score 100%]","+",33785811,33790726,FALSE,310599,310599,305684,"downstream","intergenic",FALSE,"intergenic"
"CM105773.1",82847136,-5.234058316,1.66e-07,0.020099747,"CM105773.1",82847136,82847136,81558,"CM105773.1",82706372,82765577,"gene:ENSBOLG00010011097","ZFP64","ZFP64 zinc finger protein [Ensembl NN prediction with score 100%]","-",82765577,82706372,FALSE,81559,81559,140764,"upstream","intergenic",FALSE,"intergenic"
"CM105782.1",1801691,5.233273793,1.67e-07,0.020135687,"CM105782.1",1801691,1801691,463774,"CM105782.1",1335004,1337916,"gene:ENSBOLG00010004931","PTPN11","protein tyrosine phosphatase non-receptor type 11 [Ensembl NN prediction with score 99.92%]","-",1337916,1335004,FALSE,463775,463775,466687,"upstream","intergenic",FALSE,"intergenic"
"CM105766.1",58444181,-5.231373689,1.68e-07,0.020194942,"CM105766.1",58444181,58444181,154599,"CM105766.1",58598781,58760158,"gene:ENSBOLG00010000914","ADAMTS9","ADAM metallopeptidase with thrombospondin type 1 motif 9 [Ensembl NN prediction with score 100%]","+",58598781,58760158,FALSE,154600,154600,315977,"upstream","intergenic",FALSE,"intergenic"
"CM105772.1",19620691,5.23137531,1.68e-07,0.020194942,"CM105772.1",19620691,19620691,0,"CM105772.1",19575382,19660242,"gene:ENSBOLG00010018813","R3HCC1L","R3H domain and coiled-coil containing 1 like [Ensembl NN prediction with score 99.99%]","-",19660242,19575382,TRUE,39551,39551,45309,"overlapping","gene_body",FALSE,"intron"
"CM105787.1",44629233,5.231803052,1.68e-07,0.020194942,"CM105787.1",44629233,44629233,0,"CM105787.1",44615086,44639919,"gene:ENSBOLG00010015957","TM6SF1","transmembrane 6 superfamily member 1 [Ensembl NN prediction with score 100%]","+",44615086,44639919,TRUE,14147,14147,10686,"overlapping","gene_body",FALSE,"intron"
"CM105783.1",57648859,5.229657032,1.7e-07,0.020333765,"CM105783.1",57648859,57648859,0,"CM105783.1",57613177,58072934,"gene:ENSBOLG00010009071","NELL2","neural EGFL like 2 [Ensembl NN prediction with score 100%]","-",58072934,57613177,TRUE,424075,424075,35682,"overlapping","gene_body",FALSE,"intron"
"CM105772.1",73874570,-5.228653853,1.71e-07,0.020346077,"CM105772.1",73874570,73874570,0,"CM105772.1",73737466,73923320,"gene:ENSBOLG00010011899","PCLO","piccolo presynaptic cytomatrix protein [Ensembl NN prediction with score 83.89%]","-",73923320,73737466,TRUE,48750,48750,137104,"overlapping","gene_body",FALSE,"intron"
"CM105784.1",2389012,5.228647557,1.71e-07,0.020346077,"CM105784.1",2389012,2389012,101144,"CM105784.1",1553695,2287867,"gene:ENSBOLG00010006088","CNTNAP5","contactin associated protein family member 5 [Ensembl NN prediction with score 98.41%]","+",1553695,2287867,FALSE,835317,835317,101145,"downstream","intergenic",FALSE,"intergenic"
"CM105765.1",2112188,-5.227170842,1.72e-07,0.020349346,"CM105765.1",2112188,2112188,1241,"CM105765.1",2113430,2114977,"gene:ENSBOLG00010000551","PARM1","prostate androgen-regulated mucin-like protein 1 [Ensembl NN prediction with score 90.86%]","-",2114977,2113430,FALSE,2789,2789,1242,"downstream","downstream",FALSE,"downstream"
"CM105769.1",12504536,5.228082877,1.71e-07,0.020349346,"CM105769.1",12504536,12504536,33714,"CM105769.1",12342438,12470821,"gene:ENSBOLG00010018302","SUSD4","sushi domain containing 4 [Ensembl NN prediction with score 100%]","-",12470821,12342438,FALSE,33715,33715,162098,"upstream","intergenic",FALSE,"intergenic"
"CM105769.1",38846107,5.226835244,1.72e-07,0.020349346,"CM105769.1",38846107,38846107,349345,"CM105769.1",38484187,38496761,"gene:ENSBOLG00010002233","GHITM","growth hormone inducible transmembrane protein [Ensembl NN prediction with score 100%]","-",38496761,38484187,FALSE,349346,349346,361920,"upstream","intergenic",FALSE,"intergenic"
"CM105776.1",49461369,5.227010753,1.72e-07,0.020349346,"CM105776.1",49461369,49461369,483660,"CM105776.1",48975842,48977708,"gene:ENSBOLG00010008665","YWHAQ","tyrosine 3-monooxygenase/tryptophan 5-monooxygenase activation protein theta [Ensembl NN prediction with score 100%]","-",48977708,48975842,FALSE,483661,483661,485527,"upstream","intergenic",FALSE,"intergenic"
"CM105766.1",59053252,5.219910711,1.79e-07,0.02107454,"CM105766.1",59053252,59053252,0,"CM105766.1",58849060,59181050,"gene:ENSBOLG00010000911","PRICKLE2","prickle planar cell polarity protein 2 [Ensembl NN prediction with score 100%]","+",58849060,59181050,TRUE,204192,204192,127798,"overlapping","gene_body",FALSE,"intron"
"CM105766.1",96340333,-5.218022093,1.81e-07,0.021239699,"CM105766.1",96340333,96340333,25674,"CM105766.1",96313530,96314658,"gene:ENSBOLG00010012581","taf9","TATA-box binding protein associated factor 9 [Ensembl NN prediction with score 99.82%]","+",96313530,96314658,FALSE,26803,26803,25675,"downstream","intergenic",FALSE,"intergenic"
"CM105765.1",25878770,5.217318578,1.82e-07,0.021263693,"CM105765.1",25878770,25878770,0,"CM105765.1",25690649,26132760,"gene:ENSBOLG00010004894","AGAP1","ArfGAP with GTPase domain, ankyrin repeat and PH domain 1 [Ensembl NN prediction with score 99.93%]","+",25690649,26132760,TRUE,188121,188121,253990,"overlapping","gene_body",FALSE,"intron"
"CM105774.1",50201726,5.216930594,1.82e-07,0.021263693,"CM105774.1",50201726,50201726,129875,"CM105774.1",50068326,50071850,"gene:ENSBOLG00010007922",NA,NA,"-",50071850,50068326,FALSE,129876,129876,133400,"upstream","intergenic",FALSE,"intergenic"
"CM105785.1",12863043,-5.215650145,1.83e-07,0.021360381,"CM105785.1",12863043,12863043,0,"CM105785.1",12838524,12910254,"gene:ENSBOLG00010011532","DDX31","DEAD-box helicase 31 [Ensembl NN prediction with score 99.99%]","-",12910254,12838524,TRUE,47211,47211,24519,"overlapping","gene_body",FALSE,"intron"
"CM105782.1",9647559,-5.214712434,1.84e-07,0.02141796,"CM105782.1",9647559,9647559,13591,"CM105782.1",9661151,9688402,"gene:ENSBOLG00010004968","MMAA","metabolism of cobalamin associated A [Ensembl NN prediction with score 100%]","+",9661151,9688402,FALSE,13592,13592,40843,"upstream","intergenic",FALSE,"intergenic"
"CM105772.1",47695025,5.211772934,1.87e-07,0.021708878,"CM105772.1",47695025,47695025,44406,"CM105772.1",47739432,47869013,"gene:ENSBOLG00010015169","TLE4","TLE family member 4, transcriptional corepressor [Ensembl NN prediction with score 99.98%]","+",47739432,47869013,FALSE,44407,44407,173988,"upstream","intergenic",FALSE,"intergenic"
"CM105789.1",25584497,5.211303773,1.88e-07,0.021712649,"CM105789.1",25584497,25584497,0,"CM105789.1",25466290,25594785,"gene:ENSBOLG00010009425","OSBPL8","oxysterol binding protein like 8 [Ensembl NN prediction with score 100%]","+",25466290,25594785,TRUE,118207,118207,10288,"overlapping","gene_body",FALSE,"intron"
"CM105770.1",75765656,-5.210498653,1.88e-07,0.021755901,"CM105770.1",75765656,75765656,11601,"CM105770.1",75777258,75823981,"gene:ENSBOLG00010001161","CWH43","cell wall biogenesis 43 C-terminal homolog [Ensembl NN prediction with score 100%]","+",75777258,75823981,FALSE,11602,11602,58325,"upstream","intergenic",FALSE,"intergenic"
"CM105769.1",5433744,5.209841346,1.89e-07,0.021759262,"CM105769.1",5433744,5433744,0,"CM105769.1",5397642,5439896,"gene:ENSBOLG00010006174","SMYD2","SET and MYND domain containing 2 [Ensembl NN prediction with score 100%]","+",5397642,5439896,TRUE,36102,36102,6152,"overlapping","gene_body",FALSE,"intron"
"CM105785.1",50358698,-5.209600986,1.89e-07,0.021759262,"CM105785.1",50358698,50358698,0,"CM105785.1",50263177,50386399,"gene:ENSBOLG00010010748","OLA1","Obg like ATPase 1 [Ensembl NN prediction with score 100%]","-",50386399,50263177,TRUE,27701,27701,95521,"overlapping","gene_body",FALSE,"intron"
"CM105770.1",75705234,-5.207852374,1.91e-07,0.02181237,"CM105770.1",75705234,75705234,0,"CM105770.1",75690266,75707405,"gene:ENSBOLG00010001250","OCIAD2","OCIA domain containing 2 [Ensembl NN prediction with score 99.71%]","-",75707405,75690266,TRUE,2171,2171,14968,"overlapping","gene_body",FALSE,"intron"
"CM105778.1",64570083,-5.208155639,1.91e-07,0.02181237,"CM105778.1",64570083,64570083,423058,"CM105778.1",64993142,64994295,"gene:ENSBOLG00010005532","COX7C","cytochrome c oxidase subunit 7C [Ensembl NN prediction with score 100%]","+",64993142,64994295,FALSE,423059,423059,424212,"upstream","intergenic",FALSE,"intergenic"
"CM105779.1",55303178,-5.208267797,1.91e-07,0.02181237,"CM105779.1",55303178,55303178,0,"CM105779.1",55300468,55741217,"gene:ENSBOLG00010010008","PKHD1","PKHD1 ciliary IPT domain containing fibrocystin/polyductin [Ensembl NN prediction with score 100%]","+",55300468,55741217,TRUE,2710,2710,438039,"overlapping","gene_body",FALSE,"intron"
"CM105786.1",21392314,-5.207181104,1.92e-07,0.021840722,"CM105786.1",21392314,21392314,604219,"CM105786.1",20267983,20788094,"gene:ENSBOLG00010010559","UNC5D","unc-5 netrin receptor D [Ensembl NN prediction with score 100%]","-",20788094,20267983,FALSE,604220,604220,1124331,"upstream","intergenic",FALSE,"intergenic"
"CM105766.1",74027395,-5.206742664,1.92e-07,0.021841807,"CM105766.1",74027395,74027395,2283,"CM105766.1",74029679,74043854,"gene:ENSBOLG00010021346","ybx1","Y-box binding protein 1 [Ensembl NN prediction with score 100%]","+",74029679,74043854,FALSE,2284,2284,16459,"upstream","intergenic",FALSE,"intergenic"
"CM105779.1",32221466,5.20425849,1.95e-07,0.022084978,"CM105779.1",32221466,32221466,127648,"CM105779.1",32349115,32424195,"gene:ENSBOLG00010009601","UXS1","UDP-glucuronate decarboxylase 1 [Ensembl NN prediction with score 100%]","+",32349115,32424195,FALSE,127649,127649,202729,"upstream","intergenic",FALSE,"intergenic"
"CM105773.1",79548973,5.203240738,1.96e-07,0.022133402,"CM105773.1",79548973,79548973,0,"CM105773.1",79546798,79641315,"gene:ENSBOLG00010016219","ZMYND8","zinc finger MYND-type containing 8 [Ensembl NN prediction with score 100%]","-",79641315,79546798,TRUE,92342,92342,2175,"overlapping","gene_body",FALSE,"intron"
"CM105786.1",52755044,-5.202997659,1.96e-07,0.022133402,"CM105786.1",52755044,52755044,0,"CM105786.1",52636507,52814026,"gene:ENSBOLG00010006089","TLL1","tolloid like 1 [Ensembl NN prediction with score 100%]","-",52814026,52636507,TRUE,58982,58982,118537,"overlapping","gene_body",FALSE,"intron"
"CM105783.1",43465803,-5.202536148,1.97e-07,0.02213768,"CM105783.1",43465803,43465803,63891,"CM105783.1",43398462,43401911,"gene:ENSBOLG00010021001","Apol8","apolipoprotein L 8 [Ensembl NN prediction with score 100%]","+",43398462,43401911,FALSE,67341,67341,63892,"downstream","intergenic",FALSE,"intergenic"
"CM105789.1",503976,-5.201713474,1.97e-07,0.022185152,"CM105789.1",503976,503976,16129,"CM105789.1",486929,487846,"gene:ENSBOLG00010007680","Olfr142","olfactory receptor 142 [Ensembl NN prediction with score 96.3%]","+",486929,487846,FALSE,17047,17047,16130,"downstream","intergenic",FALSE,"intergenic"
"CM105789.1",293096,-5.200715906,1.99e-07,0.022253761,"CM105789.1",293096,293096,9453,"CM105789.1",302550,303476,"gene:ENSBOLG00010007685","Olfr1264","olfactory receptor 1264 [Ensembl NN prediction with score 97.98%]","-",303476,302550,FALSE,10380,10380,9454,"downstream","intergenic",FALSE,"intergenic"
"CM105783.1",24841329,5.200224565,1.99e-07,0.022261961,"CM105783.1",24841329,24841329,135631,"CM105783.1",24976961,24981645,"gene:ENSBOLG00010006972","MYC","MYC proto-oncogene, bHLH transcription factor [Ensembl NN prediction with score 100%]","+",24976961,24981645,FALSE,135632,135632,140316,"upstream","intergenic",FALSE,"intergenic"
"CM105767.1",46244757,5.199777973,2e-07,0.022264913,"CM105767.1",46244757,46244757,11122,"CM105767.1",46172710,46233634,"gene:ENSBOLG00010000735","CYB5R4","cytochrome b5 reductase 4 [Ensembl NN prediction with score 100%]","+",46172710,46233634,FALSE,72047,72047,11123,"downstream","intergenic",FALSE,"intergenic"
"CM105770.1",60857308,-5.199347664,2e-07,0.022266025,"CM105770.1",60857308,60857308,79558,"CM105770.1",60936867,60937408,"gene:ENSBOLG00010001324","NME2","NME/NM23 nucleoside diphosphate kinase 2 [Ensembl NN prediction with score 99.29%]","+",60936867,60937408,FALSE,79559,79559,80100,"upstream","intergenic",FALSE,"intergenic"
"CM105776.1",48071235,5.198385416,2.01e-07,0.02233105,"CM105776.1",48071235,48071235,0,"CM105776.1",47935906,48498166,"gene:ENSBOLG00010008456","RYR2","ryanodine receptor 2 [Ensembl NN prediction with score 100%]","+",47935906,48498166,TRUE,135329,135329,426931,"overlapping","gene_body",FALSE,"intron"
"CM105769.1",12491017,5.197575331,2.02e-07,0.022339726,"CM105769.1",12491017,12491017,20195,"CM105769.1",12342438,12470821,"gene:ENSBOLG00010018302","SUSD4","sushi domain containing 4 [Ensembl NN prediction with score 100%]","-",12470821,12342438,FALSE,20196,20196,148579,"upstream","intergenic",TRUE,"exon"
"CM105769.1",81558158,-5.197475639,2.02e-07,0.022339726,"CM105769.1",81558158,81558158,108728,"CM105769.1",81666887,81667508,"gene:ENSBOLG00010018660","rpl17","ribosomal protein L17 [Ensembl NN prediction with score 99.99%]","-",81667508,81666887,FALSE,109350,109350,108729,"downstream","intergenic",FALSE,"intergenic"
"CM105786.1",52885836,-5.196405847,2.03e-07,0.022418227,"CM105786.1",52885836,52885836,71809,"CM105786.1",52636507,52814026,"gene:ENSBOLG00010006089","TLL1","tolloid like 1 [Ensembl NN prediction with score 100%]","-",52814026,52636507,FALSE,71810,71810,249329,"upstream","intergenic",FALSE,"intergenic"
"CM105787.1",6753769,-5.195788368,2.04e-07,0.022442455,"CM105787.1",6753769,6753769,27593,"CM105787.1",6725441,6726175,"gene:ENSBOLG00010010191","EMG1","EMG1 N1-specific pseudouridine methyltransferase [Ensembl NN prediction with score 100%]","-",6726175,6725441,FALSE,27594,27594,28328,"upstream","intergenic",FALSE,"intergenic"
"CM105780.1",27240013,5.194580621,2.05e-07,0.022538211,"CM105780.1",27240013,27240013,72691,"CM105780.1",27134862,27167321,"gene:ENSBOLG00010012900","NR4A3","nuclear receptor subfamily 4 group A member 3 [Ensembl NN prediction with score 100%]","-",27167321,27134862,FALSE,72692,72692,105151,"upstream","intergenic",FALSE,"intergenic"
"CM105764.1",102150532,5.194113078,2.06e-07,0.022544595,"CM105764.1",102150532,102150532,7710,"CM105764.1",102158243,102184379,"gene:ENSBOLG00010010771","KPNA7","karyopherin subunit alpha 7 [Ensembl NN prediction with score 100%]","+",102158243,102184379,FALSE,7711,7711,33847,"upstream","intergenic",FALSE,"intergenic"
"CM105775.1",43220569,5.193557583,2.06e-07,0.02256175,"CM105775.1",43220569,43220569,7034,"CM105775.1",42977601,43213534,"gene:ENSBOLG00010011454",NA,NA,"-",43213534,42977601,FALSE,7035,7035,242968,"upstream","intergenic",FALSE,"intergenic"
"CM105765.1",98751037,-5.184906021,2.16e-07,0.023582216,"CM105765.1",98751037,98751037,15058,"CM105765.1",98766096,98790789,"gene:ENSBOLG00010011552","HSF2","heat shock transcription factor 2 [Ensembl NN prediction with score 100%]","+",98766096,98790789,FALSE,15059,15059,39752,"upstream","intergenic",FALSE,"intergenic"
"CM105773.1",31775419,-5.184120058,2.17e-07,0.023629474,"CM105773.1",31775419,31775419,0,"CM105773.1",31678477,31778242,"gene:ENSBOLG00010020198","GPR176","G protein-coupled receptor 176 [Ensembl NN prediction with score 100%]","-",31778242,31678477,TRUE,2823,2823,96942,"overlapping","gene_body",FALSE,"intron"
"CM105785.1",30438189,-5.181640202,2.2e-07,0.023893007,"CM105785.1",30438189,30438189,73914,"CM105785.1",30346756,30364274,"gene:ENSBOLG00010004197","RND3","Rho family GTPase 3 [Ensembl NN prediction with score 100%]","-",30364274,30346756,FALSE,73915,73915,91433,"upstream","intergenic",FALSE,"intergenic"
"CM105764.1",36521842,5.1793728,2.23e-07,0.023952935,"CM105764.1",36521842,36521842,0,"CM105764.1",36493584,36565738,"gene:ENSBOLG00010001251","PROS1","protein S [Ensembl NN prediction with score 100%]","-",36565738,36493584,TRUE,43896,43896,28258,"overlapping","gene_body",FALSE,"intron"
"CM105765.1",84423783,-5.179868471,2.22e-07,0.023952935,"CM105765.1",84423783,84423783,2742,"CM105765.1",84186439,84421040,"gene:ENSBOLG00010015953","PDSS2","decaprenyl diphosphate synthase subunit 2 [Ensembl NN prediction with score 99.98%]","-",84421040,84186439,FALSE,2743,2743,237344,"upstream","intergenic",FALSE,"intergenic"
"CM105766.1",14731517,-5.18066531,2.21e-07,0.023952935,"CM105766.1",14731517,14731517,0,"CM105766.1",14697472,14784165,"gene:ENSBOLG00010002459","DERA","deoxyribose-phosphate aldolase [Ensembl NN prediction with score 97.02%]","-",14784165,14697472,TRUE,52648,52648,34045,"overlapping","gene_body",FALSE,"intron"
"CM105773.1",65278470,5.178585041,2.24e-07,0.023952935,"CM105773.1",65278470,65278470,20148,"CM105773.1",65249112,65258321,"gene:ENSBOLG00010020112","SNPH","syntaphilin [Ensembl NN prediction with score 100%]","-",65258321,65249112,FALSE,20149,20149,29358,"upstream","intergenic",FALSE,"intergenic"
"CM105779.1",36032848,5.180304336,2.22e-07,0.023952935,"CM105779.1",36032848,36032848,28925,"CM105779.1",36061774,36205429,"gene:ENSBOLG00010012168","MAP4K4","mitogen-activated protein kinase kinase kinase kinase 4 [Ensembl NN prediction with score 100%]","-",36205429,36061774,FALSE,172581,172581,28926,"downstream","intergenic",FALSE,"intergenic"
"CM105789.1",12488281,-5.178623514,2.24e-07,0.023952935,"CM105789.1",12488281,12488281,234740,"CM105789.1",12151972,12253540,"gene:ENSBOLG00010009067","EEA1","early endosome antigen 1 [Ensembl NN prediction with score 100%]","+",12151972,12253540,FALSE,336309,336309,234741,"downstream","intergenic",FALSE,"intergenic"
"CM105790.1",5506089,-5.178312427,2.24e-07,0.023952935,"CM105790.1",5506089,5506089,10180,"CM105790.1",5516270,5663055,"gene:ENSBOLG00010004759","SEMA3C","semaphorin 3C [Ensembl NN prediction with score 100%]","-",5663055,5516270,FALSE,156966,156966,10181,"downstream","intergenic",FALSE,"intergenic"
"CM105789.1",12486679,-5.176651384,2.26e-07,0.024114655,"CM105789.1",12486679,12486679,233138,"CM105789.1",12151972,12253540,"gene:ENSBOLG00010009067","EEA1","early endosome antigen 1 [Ensembl NN prediction with score 100%]","+",12151972,12253540,FALSE,334707,334707,233139,"downstream","intergenic",FALSE,"intergenic"
"CM105769.1",84376010,-5.175413943,2.27e-07,0.024222497,"CM105769.1",84376010,84376010,0,"CM105769.1",84320723,84475293,"gene:ENSBOLG00010018254","CRB1","crumbs cell polarity complex component 1 [Ensembl NN prediction with score 100%]","+",84320723,84475293,TRUE,55287,55287,99283,"overlapping","gene_body",FALSE,"intron"
"CM105773.1",31770645,-5.174113286,2.29e-07,0.024234452,"CM105773.1",31770645,31770645,0,"CM105773.1",31678477,31778242,"gene:ENSBOLG00010020198","GPR176","G protein-coupled receptor 176 [Ensembl NN prediction with score 100%]","-",31778242,31678477,TRUE,7597,7597,92168,"overlapping","gene_body",FALSE,"intron"
"CM105781.1",36346792,5.174250483,2.29e-07,0.024234452,"CM105781.1",36346792,36346792,138823,"CM105781.1",36485616,36486707,"gene:ENSBOLG00010007563","TRAM1L1","translocation associated membrane protein 1 like 1 [Ensembl NN prediction with score 99.46%]","+",36485616,36486707,FALSE,138824,138824,139915,"upstream","intergenic",FALSE,"intergenic"
"CM105783.1",5722509,-5.174194463,2.29e-07,0.024234452,"CM105783.1",5722509,5722509,0,"CM105783.1",5622896,6037639,"gene:ENSBOLG00010006850","RIMS2","regulating synaptic membrane exocytosis 2 [Ensembl NN prediction with score 100%]","+",5622896,6037639,TRUE,99613,99613,315130,"overlapping","gene_body",FALSE,"intron"
"CM105768.1",26032673,5.172695355,2.31e-07,0.024366742,"CM105768.1",26032673,26032673,0,"CM105768.1",26008563,26396199,"gene:ENSBOLG00010003224","LTBP1","latent transforming growth factor beta binding protein 1 [Ensembl NN prediction with score 100%]","+",26008563,26396199,TRUE,24110,24110,363526,"overlapping","gene_body",FALSE,"intron"
"CM105783.1",23867838,5.172218072,2.31e-07,0.024376771,"CM105783.1",23867838,23867838,483,"CM105783.1",23863845,23867354,"gene:ENSBOLG00010007415","IL6R","interleukin 6 receptor [Ensembl NN prediction with score 84.57%]","+",23863845,23867354,FALSE,3993,3993,484,"downstream","downstream",FALSE,"downstream"
"CM105764.1",51814093,-5.17169141,2.32e-07,0.024393357,"CM105764.1",51814093,51814093,0,"CM105764.1",51714817,51888691,"gene:ENSBOLG00010000122","Gm609","predicted gene 609 [Ensembl NN prediction with score 99.03%]","-",51888691,51714817,TRUE,74598,74598,99276,"overlapping","gene_body",FALSE,"intron"
"CM105791.1",2744237,5.171154774,2.33e-07,0.024411363,"CM105791.1",2744237,2744237,54824,"CM105791.1",2685463,2689412,"gene:ENSBOLG00010009231",NA,NA,"-",2689412,2685463,FALSE,54825,54825,58774,"upstream","intergenic",FALSE,"intergenic"
"CM105767.1",103698025,-5.166412821,2.39e-07,0.024932258,"CM105767.1",103698025,103698025,0,"CM105767.1",103686778,103729379,"gene:ENSBOLG00010001683","Zfp810","zinc finger protein 810 [Ensembl NN prediction with score 100%]","+",103686778,103729379,TRUE,11247,11247,31354,"overlapping","gene_body",FALSE,"intron"
"CM105776.1",38109854,5.16663592,2.38e-07,0.024932258,"CM105776.1",38109854,38109854,0,"CM105776.1",37864567,38139948,"gene:ENSBOLG00010012692",NA,NA,"+",37864567,38139948,TRUE,245287,245287,30094,"overlapping","gene_body",FALSE,"intron"
"CM105780.1",53845192,-5.165484552,2.4e-07,0.025003234,"CM105780.1",53845192,53845192,298749,"CM105780.1",54143942,54145027,"gene:ENSBOLG00010008200","BHLHE22","basic helix-loop-helix family member e22 [Ensembl NN prediction with score 100%]","+",54143942,54145027,FALSE,298750,298750,299835,"upstream","intergenic",FALSE,"intergenic"
"CM105766.1",12126664,5.164252977,2.41e-07,0.025071905,"CM105766.1",12126664,12126664,68369,"CM105766.1",11899398,12058294,"gene:ENSBOLG00010002232","PLEKHA5","pleckstrin homology domain containing A5 [Ensembl NN prediction with score 100%]","-",12058294,11899398,FALSE,68370,68370,227266,"upstream","intergenic",FALSE,"intergenic"
"CM105776.1",46124670,-5.164180596,2.41e-07,0.025071905,"CM105776.1",46124670,46124670,162941,"CM105776.1",46287612,46288496,"gene:ENSBOLG00010008680","AW549877","expressed sequence AW549877 [Ensembl NN prediction with score 99.25%]","+",46287612,46288496,FALSE,162942,162942,163826,"upstream","intergenic",FALSE,"intergenic"
"CM105764.1",34099875,5.162910787,2.43e-07,0.025189503,"CM105764.1",34099875,34099875,17450,"CM105764.1",34117326,34142314,"gene:ENSBOLG00010001306","CHMP2B","charged multivesicular body protein 2B [Ensembl NN prediction with score 99.97%]","+",34117326,34142314,FALSE,17451,17451,42439,"upstream","intergenic",FALSE,"intergenic"
"CM105769.1",61260405,5.162328867,2.44e-07,0.025214874,"CM105769.1",61260405,61260405,0,"CM105769.1",61248190,61265848,"gene:ENSBOLG00010003053","FMO4","flavin containing dimethylaniline monoxygenase 4 [Ensembl NN prediction with score 99.93%]","+",61248190,61265848,TRUE,12215,12215,5443,"overlapping","gene_body",FALSE,"intron"
"CM105773.1",84904118,-5.161590348,2.45e-07,0.025261502,"CM105773.1",84904118,84904118,149160,"CM105773.1",84605556,84754957,"gene:ENSBOLG00010010780","DOK5","docking protein 5 [Ensembl NN prediction with score 99.99%]","+",84605556,84754957,FALSE,298562,298562,149161,"downstream","intergenic",FALSE,"intergenic"
"CM105769.1",32213327,-5.157578743,2.5e-07,0.025487991,"CM105769.1",32213327,32213327,0,"CM105769.1",32161914,32318545,"gene:ENSBOLG00010001900","ZMIZ1","zinc finger MIZ-type containing 1 [Ensembl NN prediction with score 100%]","+",32161914,32318545,TRUE,51413,51413,105218,"overlapping","gene_body",FALSE,"intron"
"CM105769.1",35764618,5.158111425,2.49e-07,0.025487991,"CM105769.1",35764618,35764618,1806,"CM105769.1",35766425,35844385,"gene:ENSBOLG00010002030","SHLD2","shieldin complex subunit 2 [Ensembl NN prediction with score 97.6%]","-",35844385,35766425,FALSE,79767,79767,1807,"downstream","downstream",FALSE,"downstream"
"CM105770.1",94435390,-5.158547607,2.49e-07,0.025487991,"CM105770.1",94435390,94435390,29080,"CM105770.1",94464471,94559867,"gene:ENSBOLG00010001579","PARM1","prostate androgen-regulated mucin-like protein 1 [Ensembl NN prediction with score 100%]","+",94464471,94559867,FALSE,29081,29081,124477,"upstream","intergenic",FALSE,"intergenic"
"CM105777.1",43144069,-5.159080681,2.48e-07,0.025487991,"CM105777.1",43144069,43144069,26090,"CM105777.1",43103757,43117978,"gene:ENSBOLG00010010948","MYOT","myotilin [Ensembl NN prediction with score 100%]","-",43117978,43103757,FALSE,26091,26091,40312,"upstream","intergenic",FALSE,"intergenic"
"CM105781.1",12359321,5.157915544,2.5e-07,0.025487991,"CM105781.1",12359321,12359321,0,"CM105781.1",12137275,12361116,"gene:ENSBOLG00010011264","SPAG17","sperm associated antigen 17 [Ensembl NN prediction with score 100%]","+",12137275,12361116,TRUE,222046,222046,1795,"overlapping","gene_body",FALSE,"intron"
"CM105786.1",48861454,-5.158950537,2.48e-07,0.025487991,"CM105786.1",48861454,48861454,128920,"CM105786.1",48990375,49015770,"gene:ENSBOLG00010006030","AADAT","aminoadipate aminotransferase [Ensembl NN prediction with score 100%]","+",48990375,49015770,FALSE,128921,128921,154316,"upstream","intergenic",FALSE,"intergenic"
"CM105786.1",11229146,-5.155359874,2.53e-07,0.025738384,"CM105786.1",11229146,11229146,0,"CM105786.1",10866301,12345207,"gene:ENSBOLG00010009999","CSMD1","CUB and Sushi multiple domains 1 [Ensembl NN prediction with score 100%]","-",12345207,10866301,TRUE,1116061,1116061,362845,"overlapping","gene_body",FALSE,"intron"
"CM105787.1",38507661,-5.153632984,2.55e-07,0.025923095,"CM105787.1",38507661,38507661,19572,"CM105787.1",38527234,38795636,"gene:ENSBOLG00010003794","AKAP13","A-kinase anchoring protein 13 [Ensembl NN prediction with score 100%]","+",38527234,38795636,FALSE,19573,19573,287975,"upstream","intergenic",FALSE,"intergenic"
"CM105781.1",7732203,5.152191304,2.57e-07,0.026015948,"CM105781.1",7732203,7732203,0,"CM105781.1",7726243,7732777,"gene:ENSBOLG00010020838","RFX5","regulatory factor X5 [Ensembl NN prediction with score 100%]","+",7726243,7732777,TRUE,5960,5960,574,"overlapping","gene_body",TRUE,"exon"
"CM105784.1",66003235,-5.152528171,2.57e-07,0.026015948,"CM105784.1",66003235,66003235,360731,"CM105784.1",65600903,65642503,"gene:ENSBOLG00010003793","TUBGCP5","tubulin gamma complex associated protein 5 [Ensembl NN prediction with score 100%]","+",65600903,65642503,FALSE,402332,402332,360732,"downstream","intergenic",FALSE,"intergenic"
"CM105774.1",5876622,-5.150907177,2.59e-07,0.026087595,"CM105774.1",5876622,5876622,82764,"CM105774.1",5574863,5793857,"gene:ENSBOLG00010007102","ABCC4","ATP binding cassette subfamily C member 4 [Ensembl NN prediction with score 100%]","+",5574863,5793857,FALSE,301759,301759,82765,"downstream","intergenic",FALSE,"intergenic"
"CM105787.1",8111929,5.151233455,2.59e-07,0.026087595,"CM105787.1",8111929,8111929,0,"CM105787.1",8108578,8115798,"gene:ENSBOLG00010009477",NA,NA,"+",8108578,8115798,TRUE,3351,3351,3869,"overlapping","gene_body",FALSE,"intron"
"CM105786.1",10412715,5.146020425,2.66e-07,0.026721394,"CM105786.1",10412715,10412715,0,"CM105786.1",10412555,10413766,"gene:ENSBOLG00010010667","TRIM59","tripartite motif containing 59 [Ensembl NN prediction with score 100%]","-",10413766,10412555,TRUE,1051,1051,160,"overlapping","gene_body",TRUE,"exon"
"CM105767.1",72523684,5.143627047,2.69e-07,0.02700912,"CM105767.1",72523684,72523684,54145,"CM105767.1",72382674,72469538,"gene:ENSBOLG00010004339","NECTIN1","nectin cell adhesion molecule 1 [Ensembl NN prediction with score 100%]","+",72382674,72469538,FALSE,141010,141010,54146,"downstream","intergenic",FALSE,"intergenic"
"CM105767.1",63640433,-5.14247031,2.71e-07,0.027120763,"CM105767.1",63640433,63640433,0,"CM105767.1",63357483,63710037,"gene:ENSBOLG00010003606","CPNE4","copine 4 [Ensembl NN prediction with score 99.99%]","+",63357483,63710037,TRUE,282950,282950,69604,"overlapping","gene_body",FALSE,"intron"
"CM105764.1",76360033,5.141682041,2.72e-07,0.027179579,"CM105764.1",76360033,76360033,74374,"CM105764.1",76434408,76434872,"gene:ENSBOLG00010001857","CHCHD2","coiled-coil-helix-coiled-coil-helix domain containing 2 [Ensembl NN prediction with score 100%]","+",76434408,76434872,FALSE,74375,74375,74839,"upstream","intergenic",FALSE,"intergenic"
"CM105764.1",86869980,5.139624727,2.75e-07,0.027312639,"CM105764.1",86869980,86869980,0,"CM105764.1",86838680,86993638,"gene:ENSBOLG00010013682","FLT1","fms related receptor tyrosine kinase 1 [Ensembl NN prediction with score 100%]","-",86993638,86838680,TRUE,123658,123658,31300,"overlapping","gene_body",FALSE,"intron"
"CM105767.1",32543305,-5.140021073,2.75e-07,0.027312639,"CM105767.1",32543305,32543305,0,"CM105767.1",32300773,32710886,"gene:ENSBOLG00010001779","UNC13C","unc-13 homolog C [Ensembl NN prediction with score 100%]","-",32710886,32300773,TRUE,167581,167581,242532,"overlapping","gene_body",FALSE,"intron"
"CM105781.1",55553400,-5.1399465,2.75e-07,0.027312639,"CM105781.1",55553400,55553400,197303,"CM105781.1",55750704,55767092,"gene:ENSBOLG00010006446","LMO4","LIM domain only 4 [Ensembl NN prediction with score 99.94%]","-",55767092,55750704,FALSE,213692,213692,197304,"downstream","intergenic",FALSE,"intergenic"
"CM105775.1",44111055,5.138784425,2.77e-07,0.027379839,"CM105775.1",44111055,44111055,0,"CM105775.1",43894981,44181413,"gene:ENSBOLG00010012239","KCNH5","potassium voltage-gated channel subfamily H member 5 [Ensembl NN prediction with score 99.99%]","+",43894981,44181413,TRUE,216074,216074,70358,"overlapping","gene_body",FALSE,"intron"
"CM105770.1",103480232,-5.137476582,2.78e-07,0.027396604,"CM105770.1",103480232,103480232,79056,"CM105770.1",103274425,103401175,"gene:ENSBOLG00010001855","MAPK10","mitogen-activated protein kinase 10 [Ensembl NN prediction with score 100%]","-",103401175,103274425,FALSE,79057,79057,205807,"upstream","intergenic",FALSE,"intergenic"
"CM105777.1",5762236,-5.137813781,2.78e-07,0.027396604,"CM105777.1",5762236,5762236,468720,"CM105777.1",6230957,6266644,"gene:ENSBOLG00010006401","Zfp516","zinc finger protein 516 [Ensembl NN prediction with score 100%]","-",6266644,6230957,FALSE,504408,504408,468721,"downstream","intergenic",FALSE,"intergenic"
"CM105778.1",73175682,5.1371626,2.79e-07,0.027396604,"CM105778.1",73175682,73175682,23644,"CM105778.1",73199327,73256858,"gene:ENSBOLG00010005399","SLF1","SMC5-SMC6 complex localization factor 1 [Ensembl NN prediction with score 99.94%]","+",73199327,73256858,FALSE,23645,23645,81176,"upstream","intergenic",FALSE,"intergenic"
"CM105779.1",64303259,5.137571645,2.78e-07,0.027396604,"CM105779.1",64303259,64303259,2511,"CM105779.1",64305771,64312272,"gene:ENSBOLG00010014034","GUCA1B","guanylate cyclase activator 1B [Ensembl NN prediction with score 100%]","+",64305771,64312272,FALSE,2512,2512,9013,"upstream","intergenic",FALSE,"intergenic"
"CM105774.1",43626477,5.135329533,2.82e-07,0.02760989,"CM105774.1",43626477,43626477,0,"CM105774.1",43606093,43707266,"gene:ENSBOLG00010008026","TSC22D1","TSC22 domain family member 1 [Ensembl NN prediction with score 100%]","-",43707266,43606093,TRUE,80789,80789,20384,"overlapping","gene_body",FALSE,"intron"
"CM105790.1",40917776,-5.134399347,2.83e-07,0.02769162,"CM105790.1",40917776,40917776,101698,"CM105790.1",40807833,40816077,"gene:ENSBOLG00010010119","MAIP1","matrix AAA peptidase interacting protein 1 [Ensembl NN prediction with score 99.94%]","+",40807833,40816077,FALSE,109943,109943,101699,"downstream","intergenic",FALSE,"intergenic"
"CM105770.1",45699742,-5.133322672,2.85e-07,0.027715881,"CM105770.1",45699742,45699742,172110,"CM105770.1",45871853,45983518,"gene:ENSBOLG00010013495","RAB28","RAB28, member RAS oncogene family [Ensembl NN prediction with score 100%]","-",45983518,45871853,FALSE,283776,283776,172111,"downstream","intergenic",FALSE,"intergenic"
"CM105784.1",39845671,-5.132744547,2.86e-07,0.027715881,"CM105784.1",39845671,39845671,382658,"CM105784.1",39461900,39463012,"gene:ENSBOLG00010006296","PABPC4L","poly(A) binding protein cytoplasmic 4 like [Ensembl NN prediction with score 100%]","+",39461900,39463012,FALSE,383771,383771,382659,"downstream","intergenic",FALSE,"intergenic"
"CM105786.1",57531979,-5.133171315,2.85e-07,0.027715881,"CM105786.1",57531979,57531979,2048,"CM105786.1",57534028,57537598,"gene:ENSBOLG00010006416",NA,NA,"+",57534028,57537598,FALSE,2049,2049,5619,"upstream","intergenic",FALSE,"intergenic"
"CM105789.1",9628380,-5.132845908,2.85e-07,0.027715881,"CM105789.1",9628380,9628380,0,"CM105789.1",9572993,9641361,"gene:ENSBOLG00010006828","ELK3","ETS transcription factor ELK3 [Ensembl NN prediction with score 100%]","-",9641361,9572993,TRUE,12981,12981,55387,"overlapping","gene_body",FALSE,"intron"
"CM105774.1",64166717,5.130734573,2.89e-07,0.027934504,"CM105774.1",64166717,64166717,0,"CM105774.1",64124544,64253590,"gene:ENSBOLG00010022253","RNF17","ring finger protein 17 [Ensembl NN prediction with score 99.92%]","-",64253590,64124544,TRUE,86873,86873,42173,"overlapping","gene_body",FALSE,"intron"
"CM105783.1",39265330,5.130525088,2.89e-07,0.027934504,"CM105783.1",39265330,39265330,4780,"CM105783.1",39270111,39276931,"gene:ENSBOLG00010012613",NA,NA,"-",39276931,39270111,FALSE,11601,11601,4781,"downstream","intergenic",FALSE,"intergenic"
"CM105768.1",106443882,-5.129339138,2.91e-07,0.028001026,"CM105768.1",106443882,106443882,44637,"CM105768.1",106488520,106489362,"gene:ENSBOLG00010013516","UBXN10","UBX domain protein 10 [Ensembl NN prediction with score 100%]","-",106489362,106488520,FALSE,45480,45480,44638,"downstream","intergenic",FALSE,"intergenic"
"CM105778.1",48234576,-5.129457656,2.91e-07,0.028001026,"CM105778.1",48234576,48234576,0,"CM105778.1",47996141,48580351,"gene:ENSBOLG00010015667","MAST4","microtubule associated serine/threonine kinase family member 4 [Ensembl NN prediction with score 99.88%]","+",47996141,48580351,TRUE,238435,238435,345775,"overlapping","gene_body",FALSE,"intron"
"CM105773.1",46827938,5.127546511,2.94e-07,0.028213665,"CM105773.1",46827938,46827938,0,"CM105773.1",46798215,46871213,"gene:ENSBOLG00010016541",NA,NA,"+",46798215,46871213,TRUE,29723,29723,43275,"overlapping","gene_body",FALSE,"intron"
"CM105775.1",46654847,5.125557072,2.97e-07,0.028457654,"CM105775.1",46654847,46654847,0,"CM105775.1",46607815,46670089,"gene:ENSBOLG00010011233","LRRC9","leucine rich repeat containing 9 [Ensembl NN prediction with score 100%]","-",46670089,46607815,TRUE,15242,15242,47032,"overlapping","gene_body",FALSE,"intron"
"CM105769.1",48471280,-5.123732357,3e-07,0.028678674,"CM105769.1",48471280,48471280,48860,"CM105769.1",48520141,48521109,"gene:ENSBOLG00010000383","Olfr721-ps1","olfactory receptor 721, pseudogene 1 [Ensembl NN prediction with score 97.88%]","+",48520141,48521109,FALSE,48861,48861,49829,"upstream","intergenic",FALSE,"intergenic"
"CM105774.1",68424099,5.122987863,3.01e-07,0.028736278,"CM105774.1",68424099,68424099,18564,"CM105774.1",68404503,68405534,"gene:ENSBOLG00010022213",NA,NA,"-",68405534,68404503,FALSE,18565,18565,19596,"upstream","intergenic",FALSE,"intergenic"
"CM105790.1",38985876,5.122395926,3.02e-07,0.028770797,"CM105790.1",38985876,38985876,0,"CM105790.1",38952729,39001051,"gene:ENSBOLG00010010028","RFTN2","raftlin family member 2 [Ensembl NN prediction with score 99.92%]","-",39001051,38952729,TRUE,15175,15175,33147,"overlapping","gene_body",FALSE,"intron"
"CM105785.1",44903305,-5.121408464,3.03e-07,0.028865952,"CM105785.1",44903305,44903305,0,"CM105785.1",44773605,45087386,"gene:ENSBOLG00010010741","GPATCH8","G-patch domain containing 8 [Ensembl NN prediction with score 77.7%]","+",44773605,45087386,TRUE,129700,129700,184081,"overlapping","gene_body",FALSE,"intron"
"CM105773.1",12772491,5.120586128,3.05e-07,0.028936153,"CM105773.1",12772491,12772491,109,"CM105773.1",12769256,12772381,"gene:ENSBOLG00010005464","RAG1","recombination activating 1 [Ensembl NN prediction with score 100%]","+",12769256,12772381,FALSE,3235,3235,110,"downstream","downstream",FALSE,"downstream"
"CM105776.1",65514739,5.120021453,3.06e-07,0.028967009,"CM105776.1",65514739,65514739,0,"CM105776.1",65389111,65557825,"gene:ENSBOLG00010014298","ITGA8","integrin subunit alpha 8 [Ensembl NN prediction with score 100%]","-",65557825,65389111,TRUE,43086,43086,125628,"overlapping","gene_body",FALSE,"intron"
"CM105767.1",28161147,5.118444853,3.08e-07,0.029044517,"CM105767.1",28161147,28161147,0,"CM105767.1",27474459,28197686,"gene:ENSBOLG00010018250","RORA","RAR related orphan receptor A [Ensembl NN prediction with score 99.96%]","+",27474459,28197686,TRUE,686688,686688,36539,"overlapping","gene_body",FALSE,"intron"
"CM105773.1",15384870,5.118763849,3.08e-07,0.029044517,"CM105773.1",15384870,15384870,459049,"CM105773.1",15843920,15844520,"gene:ENSBOLG00010005494","SNU13","small nuclear ribonucleoprotein 13 [Ensembl NN prediction with score 99.96%]","-",15844520,15843920,FALSE,459650,459650,459050,"downstream","intergenic",FALSE,"intergenic"
"CM105790.1",8508637,-5.118430356,3.08e-07,0.029044517,"CM105790.1",8508637,8508637,472046,"CM105790.1",7939963,8036590,"gene:ENSBOLG00010004628","GRM3","glutamate metabotropic receptor 3 [Ensembl NN prediction with score 100%]","-",8036590,7939963,FALSE,472047,472047,568674,"upstream","intergenic",FALSE,"intergenic"
"CM105767.1",72523774,5.116683329,3.11e-07,0.029096788,"CM105767.1",72523774,72523774,54235,"CM105767.1",72382674,72469538,"gene:ENSBOLG00010004339","NECTIN1","nectin cell adhesion molecule 1 [Ensembl NN prediction with score 100%]","+",72382674,72469538,FALSE,141100,141100,54236,"downstream","intergenic",FALSE,"intergenic"
"CM105770.1",10957195,5.117452975,3.1e-07,0.029096788,"CM105770.1",10957195,10957195,0,"CM105770.1",10816822,10962675,"gene:ENSBOLG00010000444","ACYP2","acylphosphatase 2 [Ensembl NN prediction with score 97.85%]","+",10816822,10962675,TRUE,140373,140373,5480,"overlapping","gene_body",FALSE,"intron"
"CM105776.1",47264135,5.116650885,3.11e-07,0.029096788,"CM105776.1",47264135,47264135,0,"CM105776.1",47242748,47322689,"gene:ENSBOLG00010008645","NID1","nidogen 1 [Ensembl NN prediction with score 100%]","-",47322689,47242748,TRUE,58554,58554,21387,"overlapping","gene_body",FALSE,"intron"
"CM105781.1",10121414,-5.116851021,3.11e-07,0.029096788,"CM105781.1",10121414,10121414,59204,"CM105781.1",10049179,10062209,"gene:ENSBOLG00010011543","BCL9","BCL9 transcription coactivator [Ensembl NN prediction with score 100%]","-",10062209,10049179,FALSE,59205,59205,72235,"upstream","intergenic",FALSE,"intergenic"
"CM105765.1",18005139,5.115695689,3.13e-07,0.029188943,"CM105765.1",18005139,18005139,229291,"CM105765.1",17540378,17775847,"gene:ENSBOLG00010001217","NYAP2","neuronal tyrosine-phosphorylated phosphoinositide-3-kinase adaptor 2 [Ensembl NN prediction with score 100%]","+",17540378,17775847,FALSE,464761,464761,229292,"downstream","intergenic",FALSE,"intergenic"
"CM105768.1",92481747,5.114841277,3.14e-07,0.02926584,"CM105768.1",92481747,92481747,354245,"CM105768.1",92835993,92870464,"gene:ENSBOLG00010000970","GCFC2","GC-rich sequence DNA-binding factor 2 [Ensembl NN prediction with score 100%]","+",92835993,92870464,FALSE,354246,354246,388717,"upstream","intergenic",FALSE,"intergenic"
"CM105776.1",45475087,-5.11396672,3.15e-07,0.029346156,"CM105776.1",45475087,45475087,0,"CM105776.1",45437720,45683181,"gene:ENSBOLG00010008632","GLI3","GLI family zinc finger 3 [Ensembl NN prediction with score 100%]","-",45683181,45437720,TRUE,208094,208094,37367,"overlapping","gene_body",FALSE,"intron"
"CM105766.1",36805934,5.112680877,3.18e-07,0.029490939,"CM105766.1",36805934,36805934,0,"CM105766.1",36762416,36973778,"gene:ENSBOLG00010019274","ATG7","autophagy related 7 [Ensembl NN prediction with score 100%]","-",36973778,36762416,TRUE,167844,167844,43518,"overlapping","gene_body",FALSE,"intron"
"CM105782.1",37784452,5.111809808,3.19e-07,0.029571483,"CM105782.1",37784452,37784452,0,"CM105782.1",37715781,37875348,"gene:ENSBOLG00010008418","TANGO6","transport and golgi organization 6 homolog [Ensembl NN prediction with score 100%]","-",37875348,37715781,TRUE,90896,90896,68671,"overlapping","gene_body",FALSE,"intron"
"CM105766.1",46542948,5.110884215,3.21e-07,0.029605242,"CM105766.1",46542948,46542948,140181,"CM105766.1",46683130,46972808,"gene:ENSBOLG00010000210","CNTN6","contactin 6 [Ensembl NN prediction with score 100%]","-",46972808,46683130,FALSE,429860,429860,140182,"downstream","intergenic",FALSE,"intergenic"
"CM105769.1",59029536,-5.110959019,3.21e-07,0.029605242,"CM105769.1",59029536,59029536,44283,"CM105769.1",58965056,58985252,"gene:ENSBOLG00010001692","TBX19","T-box transcription factor 19 [Ensembl NN prediction with score 100%]","+",58965056,58985252,FALSE,64480,64480,44284,"downstream","intergenic",FALSE,"intergenic"
"CM105775.1",20153012,5.110061963,3.22e-07,0.029623224,"CM105775.1",20153012,20153012,3191,"CM105775.1",20156204,20266713,"gene:ENSBOLG00010011447","KCNK13","potassium two pore domain channel subfamily K member 13 [Ensembl NN prediction with score 100%]","-",20266713,20156204,FALSE,113701,113701,3192,"downstream","intergenic",FALSE,"intergenic"
"CM105787.1",38506816,-5.110336825,3.22e-07,0.029623224,"CM105787.1",38506816,38506816,20417,"CM105787.1",38527234,38795636,"gene:ENSBOLG00010003794","AKAP13","A-kinase anchoring protein 13 [Ensembl NN prediction with score 100%]","+",38527234,38795636,FALSE,20418,20418,288820,"upstream","intergenic",FALSE,"intergenic"
"CM105773.1",54982198,-5.109372814,3.23e-07,0.029676001,"CM105773.1",54982198,54982198,0,"CM105773.1",54277614,56179034,"gene:ENSBOLG00010008243","MACROD2","mono-ADP ribosylhydrolase 2 [Ensembl NN prediction with score 100%]","+",54277614,56179034,TRUE,704584,704584,1196836,"overlapping","gene_body",FALSE,"intron"
"CM105767.1",46315213,5.108423932,3.25e-07,0.029714516,"CM105767.1",46315213,46315213,2868,"CM105767.1",46318082,46333308,"gene:ENSBOLG00010000792","MRAP2","melanocortin 2 receptor accessory protein 2 [Ensembl NN prediction with score 100%]","+",46318082,46333308,FALSE,2869,2869,18095,"upstream","intergenic",FALSE,"intergenic"
"CM105768.1",92500125,5.108445334,3.25e-07,0.029714516,"CM105768.1",92500125,92500125,335867,"CM105768.1",92835993,92870464,"gene:ENSBOLG00010000970","GCFC2","GC-rich sequence DNA-binding factor 2 [Ensembl NN prediction with score 100%]","+",92835993,92870464,FALSE,335868,335868,370339,"upstream","intergenic",FALSE,"intergenic"
"CM105767.1",101770769,5.107254883,3.27e-07,0.029843407,"CM105767.1",101770769,101770769,20720,"CM105767.1",101791490,101979042,"gene:ENSBOLG00010000408","NPSR1","neuropeptide S receptor 1 [Ensembl NN prediction with score 100%]","-",101979042,101791490,FALSE,208273,208273,20721,"downstream","intergenic",FALSE,"intergenic"
"CM105769.1",6979055,5.105370056,3.3e-07,0.029873573,"CM105769.1",6979055,6979055,98495,"CM105769.1",7077551,7289359,"gene:ENSBOLG00010006258","ESRRG","estrogen related receptor gamma [Ensembl NN prediction with score 100%]","-",7289359,7077551,FALSE,310304,310304,98496,"downstream","intergenic",FALSE,"intergenic"
"CM105775.1",26840509,-5.105318179,3.3e-07,0.029873573,"CM105775.1",26840509,26840509,536839,"CM105775.1",26303105,26303669,"gene:ENSBOLG00010013219","COX4I1","cytochrome c oxidase subunit 4I1 [Ensembl NN prediction with score 100%]","+",26303105,26303669,FALSE,537404,537404,536840,"downstream","intergenic",FALSE,"intergenic"
"CM105781.1",10237621,5.105385111,3.3e-07,0.029873573,"CM105781.1",10237621,10237621,28473,"CM105781.1",10266095,10267673,"gene:ENSBOLG00010011286",NA,NA,"-",10267673,10266095,FALSE,30052,30052,28474,"downstream","intergenic",FALSE,"intergenic"
"CM105781.1",63800923,-5.105387714,3.3e-07,0.029873573,"CM105781.1",63800923,63800923,8646,"CM105781.1",63619937,63792276,"gene:ENSBOLG00010005788","AK5","adenylate kinase 5 [Ensembl NN prediction with score 100%]","-",63792276,63619937,FALSE,8647,8647,180986,"upstream","intergenic",FALSE,"intergenic"
"CM105789.1",17249527,5.105817038,3.29e-07,0.029873573,"CM105789.1",17249527,17249527,507307,"CM105789.1",17756835,17766382,"gene:ENSBOLG00010009140","mgat4c","MGAT4 family member C [Ensembl NN prediction with score 100%]","+",17756835,17766382,FALSE,507308,507308,516855,"upstream","intergenic",FALSE,"intergenic"
"CM105769.1",108835271,5.104714027,3.31e-07,0.029914178,"CM105769.1",108835271,108835271,0,"CM105769.1",108356139,109294210,"gene:ENSBOLG00010003427","CNTNAP5","contactin associated protein family member 5 [Ensembl NN prediction with score 77.44%]","+",108356139,109294210,TRUE,479132,479132,458939,"overlapping","gene_body",FALSE,"intron"
"CM105784.1",11263072,-5.102751204,3.35e-07,0.030170861,"CM105784.1",11263072,11263072,0,"CM105784.1",11221309,11334615,"gene:ENSBOLG00010013317","GRIA2","glutamate ionotropic receptor AMPA type subunit 2 [Ensembl NN prediction with score 99.93%]","+",11221309,11334615,TRUE,41763,41763,71543,"overlapping","gene_body",FALSE,"intron"
"CM105766.1",98864391,5.102253308,3.36e-07,0.030182701,"CM105766.1",98864391,98864391,398349,"CM105766.1",99262741,99265039,"gene:ENSBOLG00010012308","IZUMO3","IZUMO family member 3 [Ensembl NN prediction with score 100%]","+",99262741,99265039,FALSE,398350,398350,400648,"upstream","intergenic",FALSE,"intergenic"
"CM105767.1",28774572,-5.101985221,3.36e-07,0.030182701,"CM105767.1",28774572,28774572,67463,"CM105767.1",28842036,28860256,"gene:ENSBOLG00010018432","BNIP2","BCL2 interacting protein 2 [Ensembl NN prediction with score 100%]","+",28842036,28860256,FALSE,67464,67464,85684,"upstream","intergenic",FALSE,"intergenic"
"CM105780.1",71201253,5.099101168,3.41e-07,0.03059035,"CM105780.1",71201253,71201253,1246446,"CM105780.1",72447700,72881718,"gene:ENSBOLG00010013199","RALYL","RALY RNA binding protein like [Ensembl NN prediction with score 100%]","+",72447700,72881718,FALSE,1246447,1246447,1680465,"upstream","intergenic",FALSE,"intergenic"
"CM105787.1",5304072,-5.098711821,3.42e-07,0.030597594,"CM105787.1",5304072,5304072,285410,"CM105787.1",5589483,5592207,"gene:ENSBOLG00010010013","ASMT","acetylserotonin O-methyltransferase [Ensembl NN prediction with score 99.61%]","-",5592207,5589483,FALSE,288135,288135,285411,"downstream","intergenic",FALSE,"intergenic"
"CM105764.1",33215661,5.096838292,3.45e-07,0.030830327,"CM105764.1",33215661,33215661,208162,"CM105764.1",32714038,33007498,"gene:ENSBOLG00010001294","CADM2","cell adhesion molecule 2 [Ensembl NN prediction with score 99.99%]","+",32714038,33007498,FALSE,501623,501623,208163,"downstream","intergenic",FALSE,"intergenic"
"CM105768.1",24697227,5.096557,3.46e-07,0.030830327,"CM105768.1",24697227,24697227,0,"CM105768.1",24524685,24739241,"gene:ENSBOLG00010002601","GALNT14","polypeptide N-acetylgalactosaminyltransferase 14 [Ensembl NN prediction with score 100%]","-",24739241,24524685,TRUE,42014,42014,172542,"overlapping","gene_body",FALSE,"intron"
"CM105770.1",11438735,-5.096246843,3.46e-07,0.030830327,"CM105770.1",11438735,11438735,0,"CM105770.1",11385095,11636865,"gene:ENSBOLG00010000486","EML6","EMAP like 6 [Ensembl NN prediction with score 100%]","+",11385095,11636865,TRUE,53640,53640,198130,"overlapping","gene_body",FALSE,"intron"
"CM105773.1",15355105,5.095881055,3.47e-07,0.030834165,"CM105773.1",15355105,15355105,488814,"CM105773.1",15843920,15844520,"gene:ENSBOLG00010005494","SNU13","small nuclear ribonucleoprotein 13 [Ensembl NN prediction with score 99.96%]","-",15844520,15843920,FALSE,489415,489415,488815,"downstream","intergenic",FALSE,"intergenic"
"CM105765.1",52753450,-5.095021012,3.49e-07,0.030863053,"CM105765.1",52753450,52753450,0,"CM105765.1",52747051,52783678,"gene:ENSBOLG00010023156","9530053A07Rik","RIKEN cDNA 9530053A07 gene [Ensembl NN prediction with score 100%]","-",52783678,52747051,TRUE,30228,30228,6399,"overlapping","gene_body",FALSE,"intron"
"CM105786.1",54164065,5.095146853,3.48e-07,0.030863053,"CM105786.1",54164065,54164065,293962,"CM105786.1",53869659,53870102,"gene:ENSBOLG00010007020","ube2v1","ubiquitin conjugating enzyme E2 V1 [Ensembl NN prediction with score 92.72%]","+",53869659,53870102,FALSE,294406,294406,293963,"downstream","intergenic",FALSE,"intergenic"
"CM105773.1",61542200,5.092034888,3.54e-07,0.031296951,"CM105773.1",61542200,61542200,200421,"CM105773.1",61742622,61744001,"gene:ENSBOLG00010018841",NA,NA,"+",61742622,61744001,FALSE,200422,200422,201801,"upstream","intergenic",FALSE,"intergenic"
"CM105780.1",30055403,-5.09111773,3.56e-07,0.031392376,"CM105780.1",30055403,30055403,58134,"CM105780.1",30113538,30116423,"gene:ENSBOLG00010012710","tomm5","translocase of outer mitochondrial membrane 5 [Ensembl NN prediction with score 100%]","+",30113538,30116423,FALSE,58135,58135,61020,"upstream","intergenic",FALSE,"intergenic"
"CM105782.1",19836045,-5.090604434,3.57e-07,0.031421171,"CM105782.1",19836045,19836045,15099,"CM105782.1",19851145,19875404,"gene:ENSBOLG00010016222","4933402J07Rik","RIKEN cDNA 4933402J07 gene [Ensembl NN prediction with score 75.95%]","+",19851145,19875404,FALSE,15100,15100,39359,"upstream","intergenic",FALSE,"intergenic"
"CM105764.1",78345869,-5.086263296,3.65e-07,0.031977334,"CM105764.1",78345869,78345869,0,"CM105764.1",78254695,78413083,"gene:ENSBOLG00010001425","DGKG","diacylglycerol kinase gamma [Ensembl NN prediction with score 100%]","+",78254695,78413083,TRUE,91174,91174,67214,"overlapping","gene_body",FALSE,"intron"
"CM105765.1",13880258,-5.085951393,3.66e-07,0.031977334,"CM105765.1",13880258,13880258,120537,"CM105765.1",14000796,14139161,"gene:ENSBOLG00010001074","EPHA4","EPH receptor A4 [Ensembl NN prediction with score 100%]","-",14139161,14000796,FALSE,258903,258903,120538,"downstream","intergenic",FALSE,"intergenic"
"CM105766.1",26546772,5.085923871,3.66e-07,0.031977334,"CM105766.1",26546772,26546772,89017,"CM105766.1",26635790,26702487,"gene:ENSBOLG00010007188","NTF3","neurotrophin 3 [Ensembl NN prediction with score 100%]","+",26635790,26702487,FALSE,89018,89018,155715,"upstream","intergenic",FALSE,"intergenic"
"CM105785.1",42730897,-5.086350233,3.65e-07,0.031977334,"CM105785.1",42730897,42730897,0,"CM105785.1",42730254,42837191,"gene:ENSBOLG00010003776","GRB14","growth factor receptor bound protein 14 [Ensembl NN prediction with score 99.96%]","-",42837191,42730254,TRUE,106294,106294,643,"overlapping","gene_body",FALSE,"intron"
"CM105765.1",35962749,5.08498309,3.68e-07,0.031980467,"CM105765.1",35962749,35962749,1139448,"CM105765.1",34814456,34823300,"gene:ENSBOLG00010000073","NUDT12","nudix hydrolase 12 [Ensembl NN prediction with score 99.7%]","-",34823300,34814456,FALSE,1139449,1139449,1148293,"upstream","intergenic",FALSE,"intergenic"
"CM105766.1",91922053,5.083917298,3.7e-07,0.031980467,"CM105766.1",91922053,91922053,25356,"CM105766.1",91947410,92004307,"gene:ENSBOLG00010012399","PGM1","phosphoglucomutase 1 [Ensembl NN prediction with score 99.7%]","-",92004307,91947410,FALSE,82254,82254,25357,"downstream","intergenic",FALSE,"intergenic"
"CM105770.1",48786598,5.084044061,3.69e-07,0.031980467,"CM105770.1",48786598,48786598,0,"CM105770.1",48492459,48835012,"gene:ENSBOLG00010014086","LDB2","LIM domain binding 2 [Ensembl NN prediction with score 100%]","-",48835012,48492459,TRUE,48414,48414,294139,"overlapping","gene_body",FALSE,"intron"
"CM105770.1",79616662,5.084169364,3.69e-07,0.031980467,"CM105770.1",79616662,79616662,60049,"CM105770.1",79676712,79683369,"gene:ENSBOLG00010001242","Spink2","serine peptidase inhibitor Kazal type 2 [Ensembl NN prediction with score 97.39%]","-",79683369,79676712,FALSE,66707,66707,60050,"downstream","intergenic",FALSE,"intergenic"
"CM105772.1",67734168,-5.083391062,3.71e-07,0.031980467,"CM105772.1",67734168,67734168,211426,"CM105772.1",67286371,67522741,"gene:ENSBOLG00010020213","MGMT","O-6-methylguanine-DNA methyltransferase [Ensembl NN prediction with score 98.68%]","-",67522741,67286371,FALSE,211427,211427,447797,"upstream","intergenic",FALSE,"intergenic"
"CM105777.1",18878856,5.083227095,3.71e-07,0.031980467,"CM105777.1",18878856,18878856,0,"CM105777.1",18684078,18900305,"gene:ENSBOLG00010014817","MPLKIP","M-phase specific PLK1 interacting protein [Ensembl NN prediction with score 79.19%]","-",18900305,18684078,TRUE,21449,21449,194778,"overlapping","gene_body",FALSE,"intron"
"CM105782.1",14168928,-5.083799884,3.7e-07,0.031980467,"CM105782.1",14168928,14168928,0,"CM105782.1",13830405,14195162,"gene:ENSBOLG00010015259","INPP4B","inositol polyphosphate-4-phosphatase type II B [Ensembl NN prediction with score 99.98%]","-",14195162,13830405,TRUE,26234,26234,338523,"overlapping","gene_body",FALSE,"intron"
"CM105783.1",16838325,-5.085451962,3.67e-07,0.031980467,"CM105783.1",16838325,16838325,71774,"CM105783.1",16910100,17184459,"gene:ENSBOLG00010013409","EXT1","exostosin glycosyltransferase 1 [Ensembl NN prediction with score 100%]","-",17184459,16910100,FALSE,346134,346134,71775,"downstream","intergenic",FALSE,"intergenic"
"CM105774.1",49646076,5.081830757,3.74e-07,0.032104058,"CM105774.1",49646076,49646076,0,"CM105774.1",49638909,49684953,"gene:ENSBOLG00010007688","BMP1","bone morphogenetic protein 1 [Ensembl NN prediction with score 100%]","+",49638909,49684953,TRUE,7167,7167,38877,"overlapping","gene_body",FALSE,"intron"
"CM105782.1",37762542,5.081948865,3.74e-07,0.032104058,"CM105782.1",37762542,37762542,0,"CM105782.1",37715781,37875348,"gene:ENSBOLG00010008418","TANGO6","transport and golgi organization 6 homolog [Ensembl NN prediction with score 100%]","-",37875348,37715781,TRUE,112806,112806,46761,"overlapping","gene_body",FALSE,"intron"
"CM105772.1",96988965,5.080421291,3.77e-07,0.032230686,"CM105772.1",96988965,96988965,12360,"CM105772.1",96975672,96976604,"gene:ENSBOLG00010018529","Olfr491","olfactory receptor 491 [Ensembl NN prediction with score 98.69%]","+",96975672,96976604,FALSE,13293,13293,12361,"downstream","intergenic",FALSE,"intergenic"
"CM105777.1",45026615,-5.080579041,3.76e-07,0.032230686,"CM105777.1",45026615,45026615,6580,"CM105777.1",45018707,45020034,"gene:ENSBOLG00010010942","POU4F3","POU class 4 homeobox 3 [Ensembl NN prediction with score 100%]","-",45020034,45018707,FALSE,6581,6581,7908,"upstream","intergenic",FALSE,"intergenic"
"CM105764.1",123709944,-5.079420346,3.79e-07,0.032271094,"CM105764.1",123709944,123709944,305008,"CM105764.1",124014953,124015630,"gene:ENSBOLG00010003227","CT55","cancer/testis antigen 55 [Ensembl NN prediction with score 83.38%]","+",124014953,124015630,FALSE,305009,305009,305686,"upstream","intergenic",FALSE,"intergenic"
"CM105765.1",46935282,5.078537703,3.8e-07,0.032271094,"CM105765.1",46935282,46935282,341072,"CM105765.1",47276355,47306938,"gene:ENSBOLG00010008131","Zfp507","zinc finger protein 507 [Ensembl NN prediction with score 100%]","+",47276355,47306938,FALSE,341073,341073,371656,"upstream","intergenic",FALSE,"intergenic"
"CM105766.1",91919294,5.079653777,3.78e-07,0.032271094,"CM105766.1",91919294,91919294,28115,"CM105766.1",91947410,92004307,"gene:ENSBOLG00010012399","PGM1","phosphoglucomutase 1 [Ensembl NN prediction with score 99.7%]","-",92004307,91947410,FALSE,85013,85013,28116,"downstream","intergenic",FALSE,"intergenic"
"CM105770.1",43517993,5.078531409,3.8e-07,0.032271094,"CM105770.1",43517993,43517993,197158,"CM105770.1",43145016,43320834,"gene:ENSBOLG00010013483","CLNK","cytokine dependent hematopoietic cell linker [Ensembl NN prediction with score 99.99%]","-",43320834,43145016,FALSE,197159,197159,372977,"upstream","intergenic",FALSE,"intergenic"
"CM105774.1",5909437,-5.07821094,3.81e-07,0.032271094,"CM105774.1",5909437,5909437,115579,"CM105774.1",5574863,5793857,"gene:ENSBOLG00010007102","ABCC4","ATP binding cassette subfamily C member 4 [Ensembl NN prediction with score 100%]","+",5574863,5793857,FALSE,334574,334574,115580,"downstream","intergenic",FALSE,"intergenic"
"CM105784.1",36801875,5.078707339,3.8e-07,0.032271094,"CM105784.1",36801875,36801875,5574,"CM105784.1",36807450,36820967,"gene:ENSBOLG00010006241","PCDH18","protocadherin 18 [Ensembl NN prediction with score 100%]","+",36807450,36820967,FALSE,5575,5575,19092,"upstream","intergenic",FALSE,"intergenic"
"CM105770.1",82585224,-5.076498243,3.84e-07,0.032507256,"CM105770.1",82585224,82585224,123203,"CM105770.1",82708428,82710291,"gene:ENSBOLG00010001695","PNRC2","proline rich nuclear receptor coactivator 2 [Ensembl NN prediction with score 100%]","-",82710291,82708428,FALSE,125067,125067,123204,"downstream","intergenic",FALSE,"intergenic"
"CM105786.1",42319015,5.075853672,3.86e-07,0.032561714,"CM105786.1",42319015,42319015,342376,"CM105786.1",42661392,42673245,"gene:ENSBOLG00010006086","AGA","aspartylglucosaminidase [Ensembl NN prediction with score 100%]","+",42661392,42673245,FALSE,342377,342377,354230,"upstream","intergenic",FALSE,"intergenic"
"CM105765.1",65402421,5.073436648,3.91e-07,0.032921761,"CM105765.1",65402421,65402421,0,"CM105765.1",65381710,65416659,"gene:ENSBOLG00010019706","LIG1","DNA ligase 1 [Ensembl NN prediction with score 99.99%]","-",65416659,65381710,TRUE,14238,14238,20711,"overlapping","gene_body",FALSE,"intron"
"CM105778.1",10338053,5.072294189,3.93e-07,0.033063467,"CM105778.1",10338053,10338053,0,"CM105778.1",10190126,10435436,"gene:ENSBOLG00010006642","DNAH5","dynein axonemal heavy chain 5 [Ensembl NN prediction with score 100%]","-",10435436,10190126,TRUE,97383,97383,147927,"overlapping","gene_body",FALSE,"intron"
"CM105764.1",12128639,5.071368239,3.95e-07,0.033168075,"CM105764.1",12128639,12128639,52905,"CM105764.1",12181545,12197787,"gene:ENSBOLG00010005707","BACH1","BTB domain and CNC homolog 1 [Ensembl NN prediction with score 100%]","-",12197787,12181545,FALSE,69148,69148,52906,"downstream","intergenic",FALSE,"intergenic"
"CM105779.1",8105820,5.069962781,3.98e-07,0.033357022,"CM105779.1",8105820,8105820,14520,"CM105779.1",8120341,8175797,"gene:ENSBOLG00010021852","ABCG1","ATP binding cassette subfamily G member 1 [Ensembl NN prediction with score 100%]","+",8120341,8175797,FALSE,14521,14521,69977,"upstream","intergenic",FALSE,"intergenic"
"CM105776.1",75796599,-5.069327075,3.99e-07,0.033411699,"CM105776.1",75796599,75796599,14891,"CM105776.1",75760064,75781707,"gene:ENSBOLG00010012292","JCAD","junctional cadherin 5 associated [Ensembl NN prediction with score 100%]","+",75760064,75781707,FALSE,36535,36535,14892,"downstream","intergenic",FALSE,"intergenic"
"CM105767.1",28436100,5.068264774,4.01e-07,0.033484775,"CM105767.1",28436100,28436100,109951,"CM105767.1",28283061,28326148,"gene:ENSBOLG00010018319","ANXA2","annexin A2 [Ensembl NN prediction with score 100%]","+",28283061,28326148,FALSE,153039,153039,109952,"downstream","intergenic",FALSE,"intergenic"
"CM105775.1",48373721,5.068305585,4.01e-07,0.033484775,"CM105775.1",48373721,48373721,190560,"CM105775.1",48146044,48183160,"gene:ENSBOLG00010011223","FRMD6","FERM domain containing 6 [Ensembl NN prediction with score 100%]","-",48183160,48146044,FALSE,190561,190561,227677,"upstream","intergenic",FALSE,"intergenic"
"CM105764.1",22366761,-5.067345346,4.03e-07,0.033569192,"CM105764.1",22366761,22366761,374752,"CM105764.1",22741514,22849557,"gene:ENSBOLG00010000097","USP25","ubiquitin specific peptidase 25 [Ensembl NN prediction with score 100%]","-",22849557,22741514,FALSE,482796,482796,374753,"downstream","intergenic",FALSE,"intergenic"
"CM105768.1",38053855,5.06714102,4.04e-07,0.033569192,"CM105768.1",38053855,38053855,6506,"CM105768.1",37999908,38047348,"gene:ENSBOLG00010002334","SOCS5","suppressor of cytokine signaling 5 [Ensembl NN prediction with score 100%]","+",37999908,38047348,FALSE,53947,53947,6507,"downstream","intergenic",FALSE,"intergenic"
"CM105770.1",105335716,-5.066798465,4.05e-07,0.033572922,"CM105770.1",105335716,105335716,0,"CM105770.1",105284307,105335883,"gene:ENSBOLG00010000632",NA,NA,"-",105335883,105284307,TRUE,167,167,51409,"overlapping","gene_body",TRUE,"exon"
"CM105786.1",50746224,-5.066197401,4.06e-07,0.03362235,"CM105786.1",50746224,50746224,0,"CM105786.1",50712878,50798313,"gene:ENSBOLG00010006147","DDX60","DExD/H-box helicase 60 [Ensembl NN prediction with score 99.98%]","+",50712878,50798313,TRUE,33346,33346,52089,"overlapping","gene_body",TRUE,"exon"
"CM105772.1",19399773,5.065832049,4.07e-07,0.033630291,"CM105772.1",19399773,19399773,0,"CM105772.1",19386285,19411025,"gene:ENSBOLG00010017819","HPS1","HPS1 biogenesis of lysosomal organelles complex 3 subunit 1 [Ensembl NN prediction with score 99.99%]","+",19386285,19411025,TRUE,13488,13488,11252,"overlapping","gene_body",FALSE,"intron"
"CM105776.1",33985163,5.065046265,4.08e-07,0.03365618,"CM105776.1",33985163,33985163,194436,"CM105776.1",33785811,33790726,"gene:ENSBOLG00010012836","SOX4","SRY-box transcription factor 4 [Ensembl NN prediction with score 100%]","+",33785811,33790726,FALSE,199352,199352,194437,"downstream","intergenic",FALSE,"intergenic"
"CM105789.1",10510571,-5.065087398,4.08e-07,0.03365618,"CM105789.1",10510571,10510571,58,"CM105789.1",10486436,10510512,"gene:ENSBOLG00010009204","NDUFA12","NADH:ubiquinone oxidoreductase subunit A12 [Ensembl NN prediction with score 100%]","+",10486436,10510512,FALSE,24135,24135,59,"downstream","downstream",FALSE,"downstream"
"CM105764.1",128539199,-5.063443379,4.12e-07,0.033746056,"CM105764.1",128539199,128539199,0,"CM105764.1",128519284,128567472,"gene:ENSBOLG00010002156","CAMKK2","calcium/calmodulin dependent protein kinase kinase 2 [Ensembl NN prediction with score 100%]","+",128519284,128567472,TRUE,19915,19915,28273,"overlapping","gene_body",FALSE,"intron"
"CM105769.1",24462184,-5.063265845,4.12e-07,0.033746056,"CM105769.1",24462184,24462184,0,"CM105769.1",24291110,24568310,"gene:ENSBOLG00010021066","NOS1AP","nitric oxide synthase 1 adaptor protein [Ensembl NN prediction with score 99.87%]","+",24291110,24568310,TRUE,171074,171074,106126,"overlapping","gene_body",FALSE,"intron"
"CM105783.1",61026192,5.06365387,4.11e-07,0.033746056,"CM105783.1",61026192,61026192,4453,"CM105783.1",61030646,61031608,"gene:ENSBOLG00010009193","OR10AD1","olfactory receptor family 10 subfamily AD member 1 [Ensembl NN prediction with score 99.97%]","-",61031608,61030646,FALSE,5416,5416,4454,"downstream","intergenic",FALSE,"intergenic"
"CM105789.1",234030,-5.064213791,4.1e-07,0.033746056,"CM105789.1",234030,234030,26956,"CM105789.1",260987,261919,"gene:ENSBOLG00010007699","Olfr1229","olfactory receptor 1229 [Ensembl NN prediction with score 99.7%]","-",261919,260987,FALSE,27889,27889,26957,"downstream","intergenic",FALSE,"intergenic"
"CM105772.1",73866270,-5.061831991,4.15e-07,0.033795235,"CM105772.1",73866270,73866270,0,"CM105772.1",73737466,73923320,"gene:ENSBOLG00010011899","PCLO","piccolo presynaptic cytomatrix protein [Ensembl NN prediction with score 83.89%]","-",73923320,73737466,TRUE,57050,57050,128804,"overlapping","gene_body",FALSE,"intron"
"CM105774.1",1365169,-5.062214902,4.14e-07,0.033795235,"CM105774.1",1365169,1365169,124639,"CM105774.1",1489809,1542912,"gene:ENSBOLG00010007554","TMTC4","transmembrane O-mannosyltransferase targeting cadherins 4 [Ensembl NN prediction with score 100%]","+",1489809,1542912,FALSE,124640,124640,177743,"upstream","intergenic",FALSE,"intergenic"
"CM105777.1",6185967,-5.061724044,4.15e-07,0.033795235,"CM105777.1",6185967,6185967,44989,"CM105777.1",6230957,6266644,"gene:ENSBOLG00010006401","Zfp516","zinc finger protein 516 [Ensembl NN prediction with score 100%]","-",6266644,6230957,FALSE,80677,80677,44990,"downstream","intergenic",FALSE,"intergenic"
"CM105783.1",57674849,5.06247157,4.14e-07,0.033795235,"CM105783.1",57674849,57674849,0,"CM105783.1",57613177,58072934,"gene:ENSBOLG00010009071","NELL2","neural EGFL like 2 [Ensembl NN prediction with score 100%]","-",58072934,57613177,TRUE,398085,398085,61672,"overlapping","gene_body",FALSE,"intron"
"CM105772.1",31091679,-5.061240549,4.17e-07,0.033825153,"CM105772.1",31091679,31091679,0,"CM105772.1",30358616,31506621,"gene:ENSBOLG00010011622","PRKG1","protein kinase cGMP-dependent 1 [Ensembl NN prediction with score 99.94%]","+",30358616,31506621,TRUE,733063,733063,414942,"overlapping","gene_body",FALSE,"intron"
"CM105765.1",127631255,-5.060384497,4.18e-07,0.033865612,"CM105765.1",127631255,127631255,234604,"CM105765.1",127865860,127923534,"gene:ENSBOLG00010003361","OPRM1","opioid receptor mu 1 [Ensembl NN prediction with score 100%]","+",127865860,127923534,FALSE,234605,234605,292279,"upstream","intergenic",FALSE,"intergenic"
"CM105781.1",9859083,-5.060485947,4.18e-07,0.033865612,"CM105781.1",9859083,9859083,65246,"CM105781.1",9924330,9947335,"gene:ENSBOLG00010020168","GJA5","gap junction protein alpha 5 [Ensembl NN prediction with score 100%]","+",9924330,9947335,FALSE,65247,65247,88252,"upstream","intergenic",FALSE,"intergenic"
"CM105770.1",21115455,-5.056099292,4.28e-07,0.034578201,"CM105770.1",21115455,21115455,0,"CM105770.1",21096612,21139380,"gene:ENSBOLG00010003679","ACTR2","actin related protein 2 [Ensembl NN prediction with score 99.99%]","+",21096612,21139380,TRUE,18843,18843,23925,"overlapping","gene_body",FALSE,"intron"
"CM105776.1",25357967,5.055192561,4.3e-07,0.034579299,"CM105776.1",25357967,25357967,0,"CM105776.1",25329853,25376673,"gene:ENSBOLG00010015704","DSP","desmoplakin [Ensembl NN prediction with score 100%]","-",25376673,25329853,TRUE,18706,18706,28114,"overlapping","gene_body",FALSE,"intron"
"CM105776.1",52052629,-5.0551555,4.3e-07,0.034579299,"CM105776.1",52052629,52052629,500136,"CM105776.1",51018473,51552492,"gene:ENSBOLG00010008511","ADARB2","adenosine deaminase RNA specific B2 (inactive) [Ensembl NN prediction with score 100%]","-",51552492,51018473,FALSE,500137,500137,1034156,"upstream","intergenic",FALSE,"intergenic"
"CM105786.1",35343615,-5.055188642,4.3e-07,0.034579299,"CM105786.1",35343615,35343615,17805,"CM105786.1",35361421,35450378,"gene:ENSBOLG00010006146","SORBS2","sorbin and SH3 domain containing 2 [Ensembl NN prediction with score 100%]","+",35361421,35450378,FALSE,17806,17806,106763,"upstream","intergenic",FALSE,"intergenic"
"CM105764.1",95997231,5.054745575,4.31e-07,0.03459712,"CM105764.1",95997231,95997231,175804,"CM105764.1",95817609,95821426,"gene:ENSBOLG00010004589",NA,NA,"+",95817609,95821426,FALSE,179622,179622,175805,"downstream","intergenic",FALSE,"intergenic"
"CM105766.1",83112814,5.054153121,4.32e-07,0.034648153,"CM105766.1",83112814,83112814,0,"CM105766.1",83108331,83165354,"gene:ENSBOLG00010018625","RAB3B","RAB3B, member RAS oncogene family [Ensembl NN prediction with score 99.96%]","-",83165354,83108331,TRUE,52540,52540,4483,"overlapping","gene_body",FALSE,"intron"
"CM105787.1",33921135,-5.052780658,4.35e-07,0.034841401,"CM105787.1",33921135,33921135,262276,"CM105787.1",33646716,33658858,"gene:ENSBOLG00010003809","NR2F2","nuclear receptor subfamily 2 group F member 2 [Ensembl NN prediction with score 99.86%]","-",33658858,33646716,FALSE,262277,262277,274419,"upstream","intergenic",FALSE,"intergenic"
"CM105780.1",16001729,5.052393113,4.36e-07,0.034855516,"CM105780.1",16001729,16001729,0,"CM105780.1",15823417,16054136,"gene:ENSBOLG00010014614","SNTG1","syntrophin gamma 1 [Ensembl NN prediction with score 100%]","-",16054136,15823417,TRUE,52407,52407,178312,"overlapping","gene_body",FALSE,"intron"
"CM105765.1",52748239,-5.050250693,4.41e-07,0.035191599,"CM105765.1",52748239,52748239,0,"CM105765.1",52747051,52783678,"gene:ENSBOLG00010023156","9530053A07Rik","RIKEN cDNA 9530053A07 gene [Ensembl NN prediction with score 100%]","-",52783678,52747051,TRUE,35439,35439,1188,"overlapping","gene_body",FALSE,"intron"
"CM105764.1",77433526,5.049417119,4.43e-07,0.035227709,"CM105764.1",77433526,77433526,36474,"CM105764.1",77470001,77580735,"gene:ENSBOLG00010001769","ST6GAL1","ST6 beta-galactoside alpha-2,6-sialyltransferase 1 [Ensembl NN prediction with score 99.69%]","-",77580735,77470001,FALSE,147209,147209,36475,"downstream","intergenic",FALSE,"intergenic"
"CM105766.1",130564096,5.049498283,4.43e-07,0.035227709,"CM105766.1",130564096,130564096,1534388,"CM105766.1",129029187,129029707,"gene:ENSBOLG00010000198","RPL31","ribosomal protein L31 [Ensembl NN prediction with score 100%]","-",129029707,129029187,FALSE,1534389,1534389,1534909,"upstream","intergenic",FALSE,"intergenic"
"CM105785.1",10557709,5.049128151,4.44e-07,0.035227709,"CM105785.1",10557709,10557709,0,"CM105785.1",10549613,10675385,"gene:ENSBOLG00010011567","FNBP1","formin binding protein 1 [Ensembl NN prediction with score 100%]","+",10549613,10675385,TRUE,8096,8096,117676,"overlapping","gene_body",FALSE,"intron"
"CM105790.1",33579893,-5.048765818,4.45e-07,0.035237744,"CM105790.1",33579893,33579893,29770,"CM105790.1",33609664,33610123,"gene:ENSBOLG00010011158","RPL36AL","ribosomal protein L36a like [Ensembl NN prediction with score 90.96%]","-",33610123,33609664,FALSE,30230,30230,29771,"downstream","intergenic",FALSE,"intergenic"
"CM105766.1",91889146,5.046972949,4.49e-07,0.035342244,"CM105766.1",91889146,91889146,39333,"CM105766.1",91493735,91849812,"gene:ENSBOLG00010018616","ROR1","receptor tyrosine kinase like orphan receptor 1 [Ensembl NN prediction with score 100%]","-",91849812,91493735,FALSE,39334,39334,395411,"upstream","intergenic",FALSE,"intergenic"
"CM105779.1",674611,-5.047535488,4.48e-07,0.035342244,"CM105779.1",674611,674611,4613,"CM105779.1",679225,682181,"gene:ENSBOLG00010023028","H2-M2","histocompatibility 2, M region locus 2 [Ensembl NN prediction with score 100%]","+",679225,682181,FALSE,4614,4614,7570,"upstream","intergenic",FALSE,"intergenic"
"CM105782.1",20741240,-5.047071553,4.49e-07,0.035342244,"CM105782.1",20741240,20741240,63820,"CM105782.1",20643798,20677419,"gene:ENSBOLG00010017897","BRD7","bromodomain containing 7 [Ensembl NN prediction with score 99.98%]","-",20677419,20643798,FALSE,63821,63821,97442,"upstream","intergenic",FALSE,"intergenic"
"CM105788.1",19897664,5.047660935,4.47e-07,0.035342244,"CM105788.1",19897664,19897664,0,"CM105788.1",19610945,20096071,"gene:ENSBOLG00010009389","kcnd2","potassium voltage-gated channel subfamily D member 2 [Ensembl NN prediction with score 100%]","+",19610945,20096071,TRUE,286719,286719,198407,"overlapping","gene_body",FALSE,"intron"
"CM105764.1",33224449,5.045659727,4.52e-07,0.035529031,"CM105764.1",33224449,33224449,216950,"CM105764.1",32714038,33007498,"gene:ENSBOLG00010001294","CADM2","cell adhesion molecule 2 [Ensembl NN prediction with score 99.99%]","+",32714038,33007498,FALSE,510411,510411,216951,"downstream","intergenic",FALSE,"intergenic"
"CM105766.1",93082604,-5.045267093,4.53e-07,0.035532724,"CM105766.1",93082604,93082604,65938,"CM105766.1",93148543,93175742,"gene:ENSBOLG00010012578","KANK4","KN motif and ankyrin repeat domains 4 [Ensembl NN prediction with score 100%]","+",93148543,93175742,FALSE,65939,65939,93138,"upstream","intergenic",FALSE,"intergenic"
"CM105781.1",11119392,5.045029992,4.53e-07,0.035532724,"CM105781.1",11119392,11119392,32015,"CM105781.1",11151408,11166088,"gene:ENSBOLG00010011152","REG4","regenerating family member 4 [Ensembl NN prediction with score 99.99%]","+",11151408,11166088,FALSE,32016,32016,46696,"upstream","intergenic",FALSE,"intergenic"
"CM105764.1",32752080,-5.042471152,4.6e-07,0.035954086,"CM105764.1",32752080,32752080,0,"CM105764.1",32714038,33007498,"gene:ENSBOLG00010001294","CADM2","cell adhesion molecule 2 [Ensembl NN prediction with score 99.99%]","+",32714038,33007498,TRUE,38042,38042,255418,"overlapping","gene_body",FALSE,"intron"
"CM105777.1",6003445,5.041930168,4.61e-07,0.035998673,"CM105777.1",6003445,6003445,227511,"CM105777.1",6230957,6266644,"gene:ENSBOLG00010006401","Zfp516","zinc finger protein 516 [Ensembl NN prediction with score 100%]","-",6266644,6230957,FALSE,263199,263199,227512,"downstream","intergenic",FALSE,"intergenic"
"CM105771.1",25370727,5.040772575,4.64e-07,0.036021574,"CM105771.1",25370727,25370727,0,"CM105771.1",25347798,25451478,"gene:ENSBOLG00010013033","ATP10B","ATPase phospholipid transporting 10B (putative) [Ensembl NN prediction with score 100%]","+",25347798,25451478,TRUE,22929,22929,80751,"overlapping","gene_body",FALSE,"intron"
"CM105776.1",33480824,5.040734435,4.64e-07,0.036021574,"CM105776.1",33480824,33480824,38050,"CM105776.1",32915035,33442773,"gene:ENSBOLG00010012671","CDKAL1","CDK5 regulatory subunit associated protein 1 like 1 [Ensembl NN prediction with score 100%]","+",32915035,33442773,FALSE,565789,565789,38051,"downstream","intergenic",FALSE,"intergenic"
"CM105779.1",58404925,5.041101283,4.63e-07,0.036021574,"CM105779.1",58404925,58404925,423883,"CM105779.1",58828809,59002548,"gene:ENSBOLG00010010144","PTCHD4","patched domain containing 4 [Ensembl NN prediction with score 100%]","+",58828809,59002548,FALSE,423884,423884,597623,"upstream","intergenic",FALSE,"intergenic"
"CM105779.1",68143008,5.040597503,4.64e-07,0.036021574,"CM105779.1",68143008,68143008,72645,"CM105779.1",68069091,68070362,"gene:ENSBOLG00010014570","PIGM","phosphatidylinositol glycan anchor biosynthesis class M [Ensembl NN prediction with score 100%]","+",68069091,68070362,FALSE,73917,73917,72646,"downstream","intergenic",FALSE,"intergenic"
"CM105779.1",36735942,5.03964797,4.66e-07,0.036143734,"CM105779.1",36735942,36735942,0,"CM105779.1",36688952,36796053,"gene:ENSBOLG00010012223","TBC1D8","TBC1 domain family member 8 [Ensembl NN prediction with score 100%]","+",36688952,36796053,TRUE,46990,46990,60111,"overlapping","gene_body",FALSE,"intron"
"CM105764.1",22366760,-5.039110293,4.68e-07,0.03618842,"CM105764.1",22366760,22366760,374753,"CM105764.1",22741514,22849557,"gene:ENSBOLG00010000097","USP25","ubiquitin specific peptidase 25 [Ensembl NN prediction with score 100%]","-",22849557,22741514,FALSE,482797,482797,374754,"downstream","intergenic",FALSE,"intergenic"
"CM105766.1",26500930,5.037435388,4.72e-07,0.036449109,"CM105766.1",26500930,26500930,134859,"CM105766.1",26635790,26702487,"gene:ENSBOLG00010007188","NTF3","neurotrophin 3 [Ensembl NN prediction with score 100%]","+",26635790,26702487,FALSE,134860,134860,201557,"upstream","intergenic",FALSE,"intergenic"
"CM105767.1",33990766,-5.035582745,4.76e-07,0.036460013,"CM105767.1",33990766,33990766,0,"CM105767.1",33960335,34036782,"gene:ENSBOLG00010002246","MYO5C","myosin VC [Ensembl NN prediction with score 100%]","+",33960335,34036782,TRUE,30431,30431,46016,"overlapping","gene_body",FALSE,"intron"
"CM105772.1",23853550,-5.036726981,4.74e-07,0.036460013,"CM105772.1",23853550,23853550,41545,"CM105772.1",23895096,23901600,"gene:ENSBOLG00010011651","SLC35G1","solute carrier family 35 member G1 [Ensembl NN prediction with score 99.93%]","-",23901600,23895096,FALSE,48050,48050,41546,"downstream","intergenic",FALSE,"intergenic"
"CM105774.1",4055987,5.035862893,4.76e-07,0.036460013,"CM105774.1",4055987,4055987,33132,"CM105774.1",3910497,4022854,"gene:ENSBOLG00010007614","MBNL2","muscleblind like splicing regulator 2 [Ensembl NN prediction with score 100%]","-",4022854,3910497,FALSE,33133,33133,145490,"upstream","intergenic",FALSE,"intergenic"
"CM105780.1",67862741,-5.036090755,4.75e-07,0.036460013,"CM105780.1",67862741,67862741,69946,"CM105780.1",67790338,67792794,"gene:ENSBOLG00010013238","HEY1","hes related family bHLH transcription factor with YRPW motif 1 [Ensembl NN prediction with score 100%]","-",67792794,67790338,FALSE,69947,69947,72403,"upstream","intergenic",FALSE,"intergenic"
"CM105784.1",42318571,-5.035681814,4.76e-07,0.036460013,"CM105784.1",42318571,42318571,765653,"CM105784.1",43084225,43084494,"gene:ENSBOLG00010006299","BANF1","BAF nuclear assembly factor 1 [Ensembl NN prediction with score 100%]","-",43084494,43084225,FALSE,765923,765923,765654,"downstream","intergenic",FALSE,"intergenic"
"CM105790.1",34578187,-5.036694261,4.74e-07,0.036460013,"CM105790.1",34578187,34578187,18513,"CM105790.1",34596701,34853446,"gene:ENSBOLG00010010044","TMEFF2","transmembrane protein with EGF like and two follistatin like domains 2 [Ensembl NN prediction with score 100%]","-",34853446,34596701,FALSE,275259,275259,18514,"downstream","intergenic",FALSE,"intergenic"
"CM105776.1",32757362,5.034749233,4.78e-07,0.036562148,"CM105776.1",32757362,32757362,29191,"CM105776.1",32786554,32866299,"gene:ENSBOLG00010012650","E2F3","E2F transcription factor 3 [Ensembl NN prediction with score 100%]","+",32786554,32866299,FALSE,29192,29192,108937,"upstream","intergenic",FALSE,"intergenic"
"CM105764.1",109377952,5.031732277,4.86e-07,0.03699243,"CM105764.1",109377952,109377952,13570,"CM105764.1",109391523,109392401,"gene:ENSBOLG00010010807","rpl6","ribosomal protein L6 [Ensembl NN prediction with score 100%]","-",109392401,109391523,FALSE,14449,14449,13571,"downstream","intergenic",FALSE,"intergenic"
"CM105766.1",17846099,5.032175915,4.85e-07,0.03699243,"CM105766.1",17846099,17846099,19805,"CM105766.1",17799101,17826293,"gene:ENSBOLG00010002149","CREBL2","cAMP responsive element binding protein like 2 [Ensembl NN prediction with score 99.99%]","-",17826293,17799101,FALSE,19806,19806,46998,"upstream","intergenic",FALSE,"intergenic"
"CM105766.1",74024924,-5.031616717,4.86e-07,0.03699243,"CM105766.1",74024924,74024924,4754,"CM105766.1",74029679,74043854,"gene:ENSBOLG00010021346","ybx1","Y-box binding protein 1 [Ensembl NN prediction with score 100%]","+",74029679,74043854,FALSE,4755,4755,18930,"upstream","intergenic",FALSE,"intergenic"
"CM105768.1",62061023,5.030761102,4.89e-07,0.037100571,"CM105768.1",62061023,62061023,245220,"CM105768.1",61792345,61815802,"gene:ENSBOLG00010000714","TRIB2","tribbles pseudokinase 2 [Ensembl NN prediction with score 100%]","-",61815802,61792345,FALSE,245221,245221,268678,"upstream","intergenic",FALSE,"intergenic"
"CM105767.1",95495598,5.029871726,4.91e-07,0.037158388,"CM105767.1",95495598,95495598,96575,"CM105767.1",95364441,95399022,"gene:ENSBOLG00010000409","SNX19","sorting nexin 19 [Ensembl NN prediction with score 100%]","-",95399022,95364441,FALSE,96576,96576,131157,"upstream","intergenic",FALSE,"intergenic"
"CM105780.1",76261769,5.030105675,4.9e-07,0.037158388,"CM105780.1",76261769,76261769,2065721,"CM105780.1",74189106,74196047,"gene:ENSBOLG00010004000","ZNF234","zinc finger protein 234 [Ensembl NN prediction with score 92.5%]","+",74189106,74196047,FALSE,2072663,2072663,2065722,"downstream","intergenic",FALSE,"intergenic"
"CM105785.1",19975236,5.029333868,4.92e-07,0.037205525,"CM105785.1",19975236,19975236,0,"CM105785.1",19974410,19975796,"gene:ENSBOLG00010012065","UBE2N","ubiquitin conjugating enzyme E2 N [Ensembl NN prediction with score 99.48%]","-",19975796,19974410,TRUE,560,560,826,"overlapping","gene_body",TRUE,"exon"
"CM105780.1",27687079,-5.028989566,4.93e-07,0.037215219,"CM105780.1",27687079,27687079,20263,"CM105780.1",27707343,27715646,"gene:ENSBOLG00010012579",NA,NA,"-",27715646,27707343,FALSE,28567,28567,20264,"downstream","intergenic",FALSE,"intergenic"
"CM105781.1",57735748,5.02670251,4.99e-07,0.037603933,"CM105781.1",57735748,57735748,0,"CM105781.1",57708323,57750932,"gene:ENSBOLG00010006482","LPAR3","lysophosphatidic acid receptor 3 [Ensembl NN prediction with score 100%]","+",57708323,57750932,TRUE,27425,27425,15184,"overlapping","gene_body",FALSE,"intron"
"CM105765.1",104608107,5.025451705,5.02e-07,0.037680914,"CM105765.1",104608107,104608107,150144,"CM105765.1",103932609,104457962,"gene:ENSBOLG00010016820","PTPRK","protein tyrosine phosphatase receptor type K [Ensembl NN prediction with score 100%]","-",104457962,103932609,FALSE,150145,150145,675498,"upstream","intergenic",FALSE,"intergenic"
"CM105766.1",130563830,5.025442656,5.02e-07,0.037680914,"CM105766.1",130563830,130563830,1534122,"CM105766.1",129029187,129029707,"gene:ENSBOLG00010000198","RPL31","ribosomal protein L31 [Ensembl NN prediction with score 100%]","-",129029707,129029187,FALSE,1534123,1534123,1534643,"upstream","intergenic",FALSE,"intergenic"
"CM105776.1",45269481,-5.025430626,5.02e-07,0.037680914,"CM105776.1",45269481,45269481,82600,"CM105776.1",45176684,45186880,"gene:ENSBOLG00010008376","INHBA","inhibin subunit beta A [Ensembl NN prediction with score 100%]","-",45186880,45176684,FALSE,82601,82601,92797,"upstream","intergenic",FALSE,"intergenic"
"CM105769.1",51149753,5.024849217,5.04e-07,0.037737719,"CM105769.1",51149753,51149753,65169,"CM105769.1",50417445,51084583,"gene:ENSBOLG00010000337","PTPRG","protein tyrosine phosphatase receptor type G [Ensembl NN prediction with score 100%]","-",51084583,50417445,FALSE,65170,65170,732308,"upstream","intergenic",FALSE,"intergenic"
"CM105777.1",69466780,5.024215329,5.05e-07,0.037805019,"CM105777.1",69466780,69466780,216269,"CM105777.1",69249968,69250510,"gene:ENSBOLG00010008223","NIP7","nucleolar pre-rRNA processing protein NIP7 [Ensembl NN prediction with score 100%]","-",69250510,69249968,FALSE,216270,216270,216812,"upstream","intergenic",FALSE,"intergenic"
"CM105786.1",20266556,-5.02347067,5.07e-07,0.037894373,"CM105786.1",20266556,20266556,1426,"CM105786.1",20267983,20788094,"gene:ENSBOLG00010010559","UNC5D","unc-5 netrin receptor D [Ensembl NN prediction with score 100%]","-",20788094,20267983,FALSE,521538,521538,1427,"downstream","downstream",FALSE,"downstream"
"CM105767.1",103670215,-5.022490061,5.1e-07,0.037913162,"CM105767.1",103670215,103670215,11046,"CM105767.1",103591897,103659168,"gene:ENSBOLG00010001663","ANLN","anillin actin binding protein [Ensembl NN prediction with score 100%]","+",103591897,103659168,FALSE,78318,78318,11047,"downstream","intergenic",FALSE,"intergenic"
"CM105773.1",75561870,-5.022026846,5.11e-07,0.037913162,"CM105773.1",75561870,75561870,0,"CM105773.1",75261013,76362084,"gene:ENSBOLG00010017152","PTPRT","protein tyrosine phosphatase receptor type T [Ensembl NN prediction with score 100%]","-",76362084,75261013,TRUE,800214,800214,300857,"overlapping","gene_body",FALSE,"intron"
"CM105774.1",7164714,-5.022677122,5.1e-07,0.037913162,"CM105774.1",7164714,7164714,0,"CM105774.1",6262425,7260473,"gene:ENSBOLG00010007184","GPC6","glypican 6 [Ensembl NN prediction with score 100%]","-",7260473,6262425,TRUE,95759,95759,902289,"overlapping","gene_body",FALSE,"intron"
"CM105778.1",38027212,-5.021924278,5.12e-07,0.037913162,"CM105778.1",38027212,38027212,6588,"CM105778.1",38020080,38020623,"gene:ENSBOLG00010015514",NA,NA,"+",38020080,38020623,FALSE,7132,7132,6589,"downstream","intergenic",FALSE,"intergenic"
"CM105784.1",5981874,-5.02276877,5.09e-07,0.037913162,"CM105784.1",5981874,5981874,0,"CM105784.1",5866403,5997737,"gene:ENSBOLG00010005999","DCLK2","doublecortin like kinase 2 [Ensembl NN prediction with score 100%]","+",5866403,5997737,TRUE,115471,115471,15863,"overlapping","gene_body",FALSE,"intron"
"CM105768.1",59288515,5.0209052,5.14e-07,0.038000427,"CM105768.1",59288515,59288515,103977,"CM105768.1",59181036,59184537,"gene:ENSBOLG00010000659","mycn","MYCN proto-oncogene, bHLH transcription factor [Ensembl NN prediction with score 100%]","-",59184537,59181036,FALSE,103978,103978,107479,"upstream","intergenic",FALSE,"intergenic"
"CM105777.1",69505104,5.020999896,5.14e-07,0.038000427,"CM105777.1",69505104,69505104,254593,"CM105777.1",69249968,69250510,"gene:ENSBOLG00010008223","NIP7","nucleolar pre-rRNA processing protein NIP7 [Ensembl NN prediction with score 100%]","-",69250510,69249968,FALSE,254594,254594,255136,"upstream","intergenic",FALSE,"intergenic"
"CM105765.1",65979462,-5.020588153,5.15e-07,0.038000607,"CM105765.1",65979462,65979462,45844,"CM105765.1",65932049,65933617,"gene:ENSBOLG00010021349","Zfp329","zinc finger protein 329 [Ensembl NN prediction with score 100%]","+",65932049,65933617,FALSE,47413,47413,45845,"downstream","intergenic",FALSE,"intergenic"
"CM105785.1",18081667,-5.020328368,5.16e-07,0.038000607,"CM105785.1",18081667,18081667,2187,"CM105785.1",18075995,18079479,"gene:ENSBOLG00010011034",NA,NA,"+",18075995,18079479,FALSE,5672,5672,2188,"downstream","intergenic",FALSE,"intergenic"
"CM105773.1",46816320,5.019750542,5.17e-07,0.038058115,"CM105773.1",46816320,46816320,0,"CM105773.1",46798215,46871213,"gene:ENSBOLG00010016541",NA,NA,"+",46798215,46871213,TRUE,18105,18105,54893,"overlapping","gene_body",FALSE,"intron"
"CM105771.1",99808741,-5.018890896,5.2e-07,0.038118968,"CM105771.1",99808741,99808741,0,"CM105771.1",99775967,99836250,"gene:ENSBOLG00010000982","TMEM104","transmembrane protein 104 [Ensembl NN prediction with score 100%]","+",99775967,99836250,TRUE,32774,32774,27509,"overlapping","gene_body",FALSE,"intron"
"CM105786.1",57587209,-5.018870124,5.2e-07,0.038118968,"CM105786.1",57587209,57587209,0,"CM105786.1",57577235,57601885,"gene:ENSBOLG00010006365",NA,NA,"-",57601885,57577235,TRUE,14676,14676,9974,"overlapping","gene_body",FALSE,"intron"
"CM105778.1",51941032,-5.017895965,5.22e-07,0.038164546,"CM105778.1",51941032,51941032,17568,"CM105778.1",51958601,51977559,"gene:ENSBOLG00010016730","Zfp366","zinc finger protein 366 [Ensembl NN prediction with score 99.99%]","-",51977559,51958601,FALSE,36527,36527,17569,"downstream","intergenic",FALSE,"intergenic"
"CM105782.1",20931288,-5.017923292,5.22e-07,0.038164546,"CM105782.1",20931288,20931288,7172,"CM105782.1",20938461,20947534,"gene:ENSBOLG00010018078","SNX20","sorting nexin 20 [Ensembl NN prediction with score 100%]","-",20947534,20938461,FALSE,16246,16246,7173,"downstream","intergenic",FALSE,"intergenic"
"CM105790.1",40932746,-5.017783329,5.23e-07,0.038164546,"CM105790.1",40932746,40932746,116668,"CM105790.1",40807833,40816077,"gene:ENSBOLG00010010119","MAIP1","matrix AAA peptidase interacting protein 1 [Ensembl NN prediction with score 99.94%]","+",40807833,40816077,FALSE,124913,124913,116669,"downstream","intergenic",FALSE,"intergenic"
"CM105766.1",121410216,5.016531151,5.26e-07,0.038354369,"CM105766.1",121410216,121410216,392451,"CM105766.1",121802668,121936819,"gene:ENSBOLG00010000268","BRINP1","BMP/retinoic acid inducible neural specific 1 [Ensembl NN prediction with score 100%]","+",121802668,121936819,FALSE,392452,392452,526603,"upstream","intergenic",FALSE,"intergenic"
"CM105775.1",74985437,5.015976114,5.28e-07,0.038354369,"CM105775.1",74985437,74985437,14880,"CM105775.1",74967931,74970556,"gene:ENSBOLG00010014830","ARL4A","ADP ribosylation factor like GTPase 4A [Ensembl NN prediction with score 99.98%]","+",74967931,74970556,FALSE,17506,17506,14881,"downstream","intergenic",FALSE,"intergenic"
"CM105783.1",57648858,5.016186568,5.27e-07,0.038354369,"CM105783.1",57648858,57648858,0,"CM105783.1",57613177,58072934,"gene:ENSBOLG00010009071","NELL2","neural EGFL like 2 [Ensembl NN prediction with score 100%]","-",58072934,57613177,TRUE,424076,424076,35681,"overlapping","gene_body",FALSE,"intron"
"CM105787.1",33020029,-5.015220768,5.3e-07,0.038448567,"CM105787.1",33020029,33020029,626686,"CM105787.1",33646716,33658858,"gene:ENSBOLG00010003809","NR2F2","nuclear receptor subfamily 2 group F member 2 [Ensembl NN prediction with score 99.86%]","-",33658858,33646716,FALSE,638829,638829,626687,"downstream","intergenic",FALSE,"intergenic"
"CM105769.1",60733773,5.012999864,5.36e-07,0.038837902,"CM105769.1",60733773,60733773,18847,"CM105769.1",60695581,60714925,"gene:ENSBOLG00010001811","GORAB","golgin, RAB6 interacting [Ensembl NN prediction with score 100%]","+",60695581,60714925,FALSE,38192,38192,18848,"downstream","intergenic",FALSE,"intergenic"
"CM105769.1",59004246,-5.012362998,5.38e-07,0.038866122,"CM105769.1",59004246,59004246,18993,"CM105769.1",58965056,58985252,"gene:ENSBOLG00010001692","TBX19","T-box transcription factor 19 [Ensembl NN prediction with score 100%]","+",58965056,58985252,FALSE,39190,39190,18994,"downstream","intergenic",FALSE,"intergenic"
"CM105772.1",69677815,-5.012287727,5.38e-07,0.038866122,"CM105772.1",69677815,69677815,0,"CM105772.1",69281685,69787639,"gene:ENSBOLG00010020630","DOCK1","dedicator of cytokinesis 1 [Ensembl NN prediction with score 100%]","-",69787639,69281685,TRUE,109824,109824,396130,"overlapping","gene_body",FALSE,"intron"
"CM105777.1",34438555,5.012012124,5.39e-07,0.038866122,"CM105777.1",34438555,34438555,28278,"CM105777.1",34346525,34410276,"gene:ENSBOLG00010013337","CEP120","centrosomal protein 120 [Ensembl NN prediction with score 100%]","+",34346525,34410276,FALSE,92030,92030,28279,"downstream","intergenic",FALSE,"intergenic"
"CM105767.1",56373393,5.010112098,5.44e-07,0.038997861,"CM105767.1",56373393,56373393,0,"CM105767.1",55941931,56526059,"gene:ENSBOLG00010001058","CLSTN2","calsyntenin 2 [Ensembl NN prediction with score 100%]","-",56526059,55941931,TRUE,152666,152666,431462,"overlapping","gene_body",FALSE,"intron"
"CM105769.1",4018272,5.009833472,5.45e-07,0.038997861,"CM105769.1",4018272,4018272,16027,"CM105769.1",3984012,4002244,"gene:ENSBOLG00010006161","FAM174B","family with sequence similarity 174 member B [Ensembl NN prediction with score 90.84%]","+",3984012,4002244,FALSE,34260,34260,16028,"downstream","intergenic",FALSE,"intergenic"
"CM105782.1",14152595,5.010729063,5.42e-07,0.038997861,"CM105782.1",14152595,14152595,0,"CM105782.1",13830405,14195162,"gene:ENSBOLG00010015259","INPP4B","inositol polyphosphate-4-phosphatase type II B [Ensembl NN prediction with score 99.98%]","-",14195162,13830405,TRUE,42567,42567,322190,"overlapping","gene_body",FALSE,"intron"
"CM105785.1",51064560,-5.010719513,5.42e-07,0.038997861,"CM105785.1",51064560,51064560,909,"CM105785.1",51060406,51063650,"gene:ENSBOLG00010010821","Atp5g3","ATP synthase, H+ transporting, mitochondrial F0 complex, subunit C3 (subunit 9) [Ensembl NN prediction with score 98.86%]","-",51063650,51060406,FALSE,910,910,4154,"upstream","promoter",FALSE,"promoter"
"CM105786.1",14421790,5.00967558,5.45e-07,0.038997861,"CM105786.1",14421790,14421790,3986,"CM105786.1",14425777,14444006,"gene:ENSBOLG00010010512","THSD1","thrombospondin type 1 domain containing 1 [Ensembl NN prediction with score 100%]","+",14425777,14444006,FALSE,3987,3987,22216,"upstream","intergenic",FALSE,"intergenic"
"CM105786.1",42293198,5.009804001,5.45e-07,0.038997861,"CM105786.1",42293198,42293198,368193,"CM105786.1",42661392,42673245,"gene:ENSBOLG00010006086","AGA","aspartylglucosaminidase [Ensembl NN prediction with score 100%]","+",42661392,42673245,FALSE,368194,368194,380047,"upstream","intergenic",FALSE,"intergenic"
"CM105786.1",9680269,-5.009273014,5.46e-07,0.039022795,"CM105786.1",9680269,9680269,0,"CM105786.1",9234443,9961910,"gene:ENSBOLG00010011984","DLGAP2","DLG associated protein 2 [Ensembl NN prediction with score 99.96%]","+",9234443,9961910,TRUE,445826,445826,281641,"overlapping","gene_body",FALSE,"intron"
"CM105775.1",32074329,-5.00812103,5.5e-07,0.039200131,"CM105775.1",32074329,32074329,5372,"CM105775.1",32032145,32068956,"gene:ENSBOLG00010015827","TMEM63C","transmembrane protein 63C [Ensembl NN prediction with score 100%]","-",32068956,32032145,FALSE,5373,5373,42184,"upstream","intergenic",FALSE,"intergenic"
"CM105771.1",11191476,-5.006510234,5.54e-07,0.039472241,"CM105771.1",11191476,11191476,7849,"CM105771.1",11179354,11183626,"gene:ENSBOLG00010019795","PRSS22","serine protease 22 [Ensembl NN prediction with score 99.99%]","-",11183626,11179354,FALSE,7850,7850,12122,"upstream","intergenic",FALSE,"intergenic"
"CM105766.1",70463257,-5.005120648,5.58e-07,0.039700606,"CM105766.1",70463257,70463257,270608,"CM105766.1",70191293,70192648,"gene:ENSBOLG00010010052","pou3f1","POU class 3 homeobox 1 [Ensembl NN prediction with score 100%]","-",70192648,70191293,FALSE,270609,270609,271964,"upstream","intergenic",FALSE,"intergenic"
"CM105780.1",54808922,5.003363819,5.63e-07,0.039948833,"CM105780.1",54808922,54808922,335252,"CM105780.1",55144175,55170248,"gene:ENSBOLG00010007966","ARMC1","armadillo repeat containing 1 [Ensembl NN prediction with score 100%]","-",55170248,55144175,FALSE,361326,361326,335253,"downstream","intergenic",FALSE,"intergenic"
"CM105784.1",65339529,-5.00345963,5.63e-07,0.039948833,"CM105784.1",65339529,65339529,73809,"CM105784.1",65200065,65265719,"gene:ENSBOLG00010003828","CP","ceruloplasmin [Ensembl NN prediction with score 100%]","-",65265719,65200065,FALSE,73810,73810,139464,"upstream","intergenic",FALSE,"intergenic"
"CM105764.1",32692908,-5.002934377,5.65e-07,0.039980354,"CM105764.1",32692908,32692908,21129,"CM105764.1",32714038,33007498,"gene:ENSBOLG00010001294","CADM2","cell adhesion molecule 2 [Ensembl NN prediction with score 99.99%]","+",32714038,33007498,FALSE,21130,21130,314590,"upstream","intergenic",FALSE,"intergenic"
"CM105776.1",45242128,-5.002408787,5.66e-07,0.040031942,"CM105776.1",45242128,45242128,55247,"CM105776.1",45176684,45186880,"gene:ENSBOLG00010008376","INHBA","inhibin subunit beta A [Ensembl NN prediction with score 100%]","-",45186880,45176684,FALSE,55248,55248,65444,"upstream","intergenic",FALSE,"intergenic"
"CM105784.1",11505284,5.001898177,5.68e-07,0.040080554,"CM105784.1",11505284,11505284,139989,"CM105784.1",11364779,11365294,"gene:ENSBOLG00010013464","RPS20","ribosomal protein S20 [Ensembl NN prediction with score 100%]","-",11365294,11364779,FALSE,139990,139990,140505,"upstream","intergenic",FALSE,"intergenic"
"CM105764.1",121583083,-5.001360477,5.69e-07,0.040083738,"CM105764.1",121583083,121583083,92025,"CM105764.1",121181715,121491057,"gene:ENSBOLG00010003055","TMEM132C","transmembrane protein 132C [Ensembl NN prediction with score 100%]","-",121491057,121181715,FALSE,92026,92026,401368,"upstream","intergenic",FALSE,"intergenic"
"CM105768.1",88829051,-5.001330576,5.69e-07,0.040083738,"CM105768.1",88829051,88829051,0,"CM105768.1",87785864,88835111,"gene:ENSBOLG00010000651","CTNNA2","catenin alpha 2 [Ensembl NN prediction with score 100%]","-",88835111,87785864,TRUE,6060,6060,1043187,"overlapping","gene_body",FALSE,"intron"
"CM105777.1",21217647,-5.000346343,5.72e-07,0.040231354,"CM105777.1",21217647,21217647,0,"CM105777.1",21185545,21308225,"gene:ENSBOLG00010017551","GNAL","G protein subunit alpha L [Ensembl NN prediction with score 100%]","-",21308225,21185545,TRUE,90578,90578,32102,"overlapping","gene_body",FALSE,"intron"
"CM105771.1",25435413,-4.998482296,5.78e-07,0.040564201,"CM105771.1",25435413,25435413,0,"CM105771.1",25347798,25451478,"gene:ENSBOLG00010013033","ATP10B","ATPase phospholipid transporting 10B (putative) [Ensembl NN prediction with score 100%]","+",25347798,25451478,TRUE,87615,87615,16065,"overlapping","gene_body",FALSE,"intron"
"CM105764.1",5806263,-4.99812446,5.79e-07,0.04058164,"CM105764.1",5806263,5806263,74052,"CM105764.1",5691565,5732210,"gene:ENSBOLG00010001509","SIM2","SIM bHLH transcription factor 2 [Ensembl NN prediction with score 100%]","-",5732210,5691565,FALSE,74053,74053,114698,"upstream","intergenic",FALSE,"intergenic"
"CM105789.1",12491540,-4.997540057,5.81e-07,0.040646878,"CM105789.1",12491540,12491540,237999,"CM105789.1",12151972,12253540,"gene:ENSBOLG00010009067","EEA1","early endosome antigen 1 [Ensembl NN prediction with score 100%]","+",12151972,12253540,FALSE,339568,339568,238000,"downstream","intergenic",FALSE,"intergenic"
"CM105766.1",73916737,-4.99644181,5.84e-07,0.040729866,"CM105766.1",73916737,73916737,0,"CM105766.1",73916242,74001348,"gene:ENSBOLG00010022225",NA,NA,"+",73916242,74001348,TRUE,495,495,84611,"overlapping","gene_body",FALSE,"intron"
"CM105769.1",16513243,4.996507912,5.84e-07,0.040729866,"CM105769.1",16513243,16513243,0,"CM105769.1",16493078,16907916,"gene:ENSBOLG00010018469","KIF26B","kinesin family member 26B [Ensembl NN prediction with score 100%]","-",16907916,16493078,TRUE,394673,394673,20165,"overlapping","gene_body",FALSE,"intron"
"CM105769.1",96715762,4.996321753,5.84e-07,0.040729866,"CM105769.1",96715762,96715762,0,"CM105769.1",96700146,96990895,"gene:ENSBOLG00010015125","MGAT5","alpha-1,6-mannosylglycoprotein 6-beta-N-acetylglucosaminyltransferase [Ensembl NN prediction with score 100%]","-",96990895,96700146,TRUE,275133,275133,15616,"overlapping","gene_body",FALSE,"intron"
"CM105775.1",58757257,-4.996051966,5.85e-07,0.040729866,"CM105775.1",58757257,58757257,255940,"CM105775.1",58453436,58501316,"gene:ENSBOLG00010005793","SEC23A","SEC23 homolog A, COPII coat complex component [Ensembl NN prediction with score 100%]","+",58453436,58501316,FALSE,303821,303821,255941,"downstream","intergenic",FALSE,"intergenic"
"CM105770.1",102735394,-4.995249771,5.88e-07,0.040784169,"CM105770.1",102735394,102735394,111841,"CM105770.1",102847236,103257131,"gene:ENSBOLG00010001805","ARHGAP24","Rho GTPase activating protein 24 [Ensembl NN prediction with score 100%]","+",102847236,103257131,FALSE,111842,111842,521737,"upstream","intergenic",FALSE,"intergenic"
"CM105771.1",10535243,-4.995476121,5.87e-07,0.040784169,"CM105771.1",10535243,10535243,2622,"CM105771.1",10537866,10538804,"gene:ENSBOLG00010020044",NA,NA,"-",10538804,10537866,FALSE,3561,3561,2623,"downstream","intergenic",FALSE,"intergenic"
"CM105768.1",105916551,4.993056831,5.94e-07,0.041192073,"CM105768.1",105916551,105916551,0,"CM105768.1",105747142,105981842,"gene:ENSBOLG00010013390","PRR36","proline rich 36 [Ensembl NN prediction with score 76.08%]","+",105747142,105981842,TRUE,169409,169409,65291,"overlapping","gene_body",FALSE,"intron"
"CM105769.1",79168580,4.990738498,6.01e-07,0.041572495,"CM105769.1",79168580,79168580,74239,"CM105769.1",79067257,79094340,"gene:ENSBOLG00010007522","RGS18","regulator of G protein signaling 18 [Ensembl NN prediction with score 100%]","+",79067257,79094340,FALSE,101323,101323,74240,"downstream","intergenic",FALSE,"intergenic"
"CM105777.1",21230963,-4.99095006,6.01e-07,0.041572495,"CM105777.1",21230963,21230963,0,"CM105777.1",21185545,21308225,"gene:ENSBOLG00010017551","GNAL","G protein subunit alpha L [Ensembl NN prediction with score 100%]","-",21308225,21185545,TRUE,77262,77262,45418,"overlapping","gene_body",FALSE,"intron"
"CM105772.1",47494719,4.990462973,6.02e-07,0.041573451,"CM105772.1",47494719,47494719,244712,"CM105772.1",47739432,47869013,"gene:ENSBOLG00010015169","TLE4","TLE family member 4, transcriptional corepressor [Ensembl NN prediction with score 99.98%]","+",47739432,47869013,FALSE,244713,244713,374294,"upstream","intergenic",FALSE,"intergenic"
"CM105776.1",36927307,4.989933721,6.04e-07,0.04162913,"CM105776.1",36927307,36927307,11978,"CM105776.1",36939286,37098557,"gene:ENSBOLG00010012484",NA,NA,"-",37098557,36939286,FALSE,171250,171250,11979,"downstream","intergenic",FALSE,"intergenic"
"CM105777.1",26003435,4.98864939,6.08e-07,0.04181067,"CM105777.1",26003435,26003435,51094,"CM105777.1",26054530,26056723,"gene:ENSBOLG00010017963","ADRB2","adrenoceptor beta 2 [Ensembl NN prediction with score 100%]","+",26054530,26056723,FALSE,51095,51095,53288,"upstream","intergenic",FALSE,"intergenic"
"CM105787.1",15955247,4.988552642,6.08e-07,0.04181067,"CM105787.1",15955247,15955247,0,"CM105787.1",15914750,15965883,"gene:ENSBOLG00010013706","SLC6A5","solute carrier family 6 member 5 [Ensembl NN prediction with score 100%]","-",15965883,15914750,TRUE,10636,10636,40497,"overlapping","gene_body",FALSE,"intron"
"CM105768.1",51521237,-4.988216297,6.09e-07,0.041825097,"CM105768.1",51521237,51521237,0,"CM105768.1",51431697,51536571,"gene:ENSBOLG00010000293","herc3","HECT and RLD domain containing E3 ubiquitin protein ligase 3 [Ensembl NN prediction with score 97.31%]","-",51536571,51431697,TRUE,15334,15334,89540,"overlapping","gene_body",FALSE,"intron"
"CM105778.1",7315692,-4.987889472,6.1e-07,0.041837545,"CM105778.1",7315692,7315692,162624,"CM105778.1",7478317,7500184,"gene:ENSBOLG00010006837",NA,NA,"-",7500184,7478317,FALSE,184492,184492,162625,"downstream","intergenic",FALSE,"intergenic"
"CM105765.1",105349865,4.987096358,6.13e-07,0.041919665,"CM105765.1",105349865,105349865,0,"CM105765.1",104877314,105471754,"gene:ENSBOLG00010017279","LAMA2","laminin subunit alpha 2 [Ensembl NN prediction with score 99.98%]","+",104877314,105471754,TRUE,472551,472551,121889,"overlapping","gene_body",FALSE,"intron"
"CM105769.1",107104415,-4.986972925,6.13e-07,0.041919665,"CM105769.1",107104415,107104415,1180337,"CM105769.1",105913962,105924077,"gene:ENSBOLG00010003380","TSN","translin [Ensembl NN prediction with score 100%]","+",105913962,105924077,FALSE,1190453,1190453,1180338,"downstream","intergenic",FALSE,"intergenic"
"CM105765.1",1271918,-4.986492861,6.15e-07,0.041965624,"CM105765.1",1271918,1271918,92109,"CM105765.1",1098896,1179808,"gene:ENSBOLG00010000464","KLF7","Kruppel like factor 7 [Ensembl NN prediction with score 100%]","-",1179808,1098896,FALSE,92110,92110,173022,"upstream","intergenic",FALSE,"intergenic"
"CM105779.1",16560079,4.985890859,6.17e-07,0.042023729,"CM105779.1",16560079,16560079,0,"CM105779.1",16547354,16569741,"gene:ENSBOLG00010010145","SLC16A9","solute carrier family 16 member 9 [Ensembl NN prediction with score 100%]","-",16569741,16547354,TRUE,9662,9662,12725,"overlapping","gene_body",FALSE,"intron"
"CM105779.1",25427139,4.985689907,6.17e-07,0.042023729,"CM105779.1",25427139,25427139,0,"CM105779.1",25416643,25751087,"gene:ENSBOLG00010009307","CDH23","cadherin related 23 [Ensembl NN prediction with score 85.4%]","+",25416643,25751087,TRUE,10496,10496,323948,"overlapping","gene_body",FALSE,"intron"
"CM105776.1",45473609,-4.985376624,6.18e-07,0.042033744,"CM105776.1",45473609,45473609,0,"CM105776.1",45437720,45683181,"gene:ENSBOLG00010008632","GLI3","GLI family zinc finger 3 [Ensembl NN prediction with score 100%]","-",45683181,45437720,TRUE,209572,209572,35889,"overlapping","gene_body",FALSE,"intron"
"CM105775.1",44388044,4.984726445,6.2e-07,0.042117159,"CM105775.1",44388044,44388044,206630,"CM105775.1",43894981,44181413,"gene:ENSBOLG00010012239","KCNH5","potassium voltage-gated channel subfamily H member 5 [Ensembl NN prediction with score 99.99%]","+",43894981,44181413,FALSE,493063,493063,206631,"downstream","intergenic",FALSE,"intergenic"
"CM105785.1",20006649,-4.983457119,6.25e-07,0.042336123,"CM105785.1",20006649,20006649,30852,"CM105785.1",19974410,19975796,"gene:ENSBOLG00010012065","UBE2N","ubiquitin conjugating enzyme E2 N [Ensembl NN prediction with score 99.48%]","-",19975796,19974410,FALSE,30853,30853,32239,"upstream","intergenic",FALSE,"intergenic"
"CM105772.1",87074639,-4.982838498,6.27e-07,0.042355067,"CM105772.1",87074639,87074639,0,"CM105772.1",86915482,87192287,"gene:ENSBOLG00010005578","xylt1","xylosyltransferase 1 [Ensembl NN prediction with score 100%]","-",87192287,86915482,TRUE,117648,117648,159157,"overlapping","gene_body",FALSE,"intron"
"CM105786.1",52654196,-4.982912121,6.26e-07,0.042355067,"CM105786.1",52654196,52654196,0,"CM105786.1",52636507,52814026,"gene:ENSBOLG00010006089","TLL1","tolloid like 1 [Ensembl NN prediction with score 100%]","-",52814026,52636507,TRUE,159830,159830,17689,"overlapping","gene_body",FALSE,"intron"
"CM105764.1",115886147,-4.981512381,6.31e-07,0.042471391,"CM105764.1",115886147,115886147,260043,"CM105764.1",116146191,117237516,"gene:ENSBOLG00010003108","AUTS2","activator of transcription and developmental regulator AUTS2 [Ensembl NN prediction with score 99.99%]","+",116146191,117237516,FALSE,260044,260044,1351369,"upstream","intergenic",FALSE,"intergenic"
"CM105772.1",89779177,4.981574752,6.31e-07,0.042471391,"CM105772.1",89779177,89779177,0,"CM105772.1",89747756,89859574,"gene:ENSBOLG00010005972","INSC","INSC spindle orientation adaptor protein [Ensembl NN prediction with score 100%]","-",89859574,89747756,TRUE,80397,80397,31421,"overlapping","gene_body",FALSE,"intron"
"CM105789.1",460108,-4.981761441,6.3e-07,0.042471391,"CM105789.1",460108,460108,4619,"CM105789.1",464728,465645,"gene:ENSBOLG00010007683","OR4X2","olfactory receptor family 4 subfamily X member 2 [Ensembl NN prediction with score 99.3%]","-",465645,464728,FALSE,5537,5537,4620,"downstream","intergenic",FALSE,"intergenic"
"CM105764.1",78358212,-4.981234241,6.32e-07,0.042474386,"CM105764.1",78358212,78358212,0,"CM105764.1",78254695,78413083,"gene:ENSBOLG00010001425","DGKG","diacylglycerol kinase gamma [Ensembl NN prediction with score 100%]","+",78254695,78413083,TRUE,103517,103517,54871,"overlapping","gene_body",FALSE,"intron"
"CM105783.1",23867789,4.980873315,6.33e-07,0.042495634,"CM105783.1",23867789,23867789,434,"CM105783.1",23863845,23867354,"gene:ENSBOLG00010007415","IL6R","interleukin 6 receptor [Ensembl NN prediction with score 84.57%]","+",23863845,23867354,FALSE,3944,3944,435,"downstream","downstream",FALSE,"downstream"
"CM105767.1",95160533,4.98024025,6.35e-07,0.042557654,"CM105767.1",95160533,95160533,203907,"CM105767.1",95364441,95399022,"gene:ENSBOLG00010000409","SNX19","sorting nexin 19 [Ensembl NN prediction with score 100%]","-",95399022,95364441,FALSE,238489,238489,203908,"downstream","intergenic",FALSE,"intergenic"
"CM105775.1",44936076,-4.980063818,6.36e-07,0.042557654,"CM105775.1",44936076,44936076,0,"CM105775.1",44808335,45056049,"gene:ENSBOLG00010012342","SYT16","synaptotagmin 16 [Ensembl NN prediction with score 100%]","-",45056049,44808335,TRUE,119973,119973,127741,"overlapping","gene_body",FALSE,"intron"
"CM105771.1",46586563,4.979602918,6.37e-07,0.042601164,"CM105771.1",46586563,46586563,70928,"CM105771.1",46657492,46691136,"gene:ENSBOLG00010004760","HS3ST3B1","heparan sulfate-glucosamine 3-sulfotransferase 3B1 [Ensembl NN prediction with score 100%]","-",46691136,46657492,FALSE,104573,104573,70929,"downstream","intergenic",FALSE,"intergenic"
"CM105782.1",44446599,4.979240542,6.38e-07,0.042623087,"CM105782.1",44446599,44446599,63473,"CM105782.1",44510073,44510693,"gene:ENSBOLG00010017096","MRPL58","mitochondrial ribosomal protein L58 [Ensembl NN prediction with score 80.6%]","-",44510693,44510073,FALSE,64094,64094,63474,"downstream","intergenic",FALSE,"intergenic"
"CM105767.1",33959636,4.97859952,6.4e-07,0.042706525,"CM105767.1",33959636,33959636,698,"CM105767.1",33960335,34036782,"gene:ENSBOLG00010002246","MYO5C","myosin VC [Ensembl NN prediction with score 100%]","+",33960335,34036782,FALSE,699,699,77146,"upstream","promoter",FALSE,"promoter"
"CM105768.1",15503071,4.977999057,6.42e-07,0.042781224,"CM105768.1",15503071,15503071,0,"CM105768.1",15502062,15508045,"gene:ENSBOLG00010017617","Inmt","indolethylamine N-methyltransferase [Ensembl NN prediction with score 100%]","-",15508045,15502062,TRUE,4974,4974,1009,"overlapping","gene_body",FALSE,"intron"
"CM105771.1",15432107,4.977675818,6.44e-07,0.0427948,"CM105771.1",15432107,15432107,0,"CM105771.1",15392292,15491112,"gene:ENSBOLG00010018168","FBXW11","F-box and WD repeat domain containing 11 [Ensembl NN prediction with score 99.44%]","+",15392292,15491112,TRUE,39815,39815,59005,"overlapping","gene_body",FALSE,"intron"
"CM105764.1",69116226,4.976716903,6.47e-07,0.042833607,"CM105764.1",69116226,69116226,13242,"CM105764.1",69129469,69160072,"gene:ENSBOLG00010003690","SENP5","SUMO specific peptidase 5 [Ensembl NN prediction with score 99.96%]","+",69129469,69160072,FALSE,13243,13243,43846,"upstream","intergenic",FALSE,"intergenic"
"CM105770.1",48629707,-4.97688933,6.46e-07,0.042833607,"CM105770.1",48629707,48629707,0,"CM105770.1",48492459,48835012,"gene:ENSBOLG00010014086","LDB2","LIM domain binding 2 [Ensembl NN prediction with score 100%]","-",48835012,48492459,TRUE,205305,205305,137248,"overlapping","gene_body",FALSE,"intron"
"CM105782.1",65272454,-4.977122882,6.45e-07,0.042833607,"CM105782.1",65272454,65272454,399913,"CM105782.1",65672368,65673182,"gene:ENSBOLG00010004177","NACA2","nascent polypeptide associated complex subunit alpha 2 [Ensembl NN prediction with score 98.96%]","+",65672368,65673182,FALSE,399914,399914,400728,"upstream","intergenic",FALSE,"intergenic"
"CM105768.1",76405604,4.975216947,6.52e-07,0.043015096,"CM105768.1",76405604,76405604,0,"CM105768.1",76265942,76494018,"gene:ENSBOLG00010020961",NA,NA,"+",76265942,76494018,TRUE,139662,139662,88414,"overlapping","gene_body",FALSE,"intron"
"CM105769.1",65609271,4.975117576,6.52e-07,0.043015096,"CM105769.1",65609271,65609271,0,"CM105769.1",65524947,65846675,"gene:ENSBOLG00010002355","ASTN1","astrotactin 1 [Ensembl NN prediction with score 100%]","-",65846675,65524947,TRUE,237404,237404,84324,"overlapping","gene_body",FALSE,"intron"
"CM105787.1",33911408,-4.975488947,6.51e-07,0.043015096,"CM105787.1",33911408,33911408,252549,"CM105787.1",33646716,33658858,"gene:ENSBOLG00010003809","NR2F2","nuclear receptor subfamily 2 group F member 2 [Ensembl NN prediction with score 99.86%]","-",33658858,33646716,FALSE,252550,252550,264692,"upstream","intergenic",FALSE,"intergenic"
"CM105767.1",100073310,-4.972817994,6.6e-07,0.043465879,"CM105767.1",100073310,100073310,30222,"CM105767.1",100042728,100043087,"gene:ENSBOLG00010000450","ATP6V1F","ATPase H+ transporting V1 subunit F [Ensembl NN prediction with score 100%]","+",100042728,100043087,FALSE,30582,30582,30223,"downstream","intergenic",FALSE,"intergenic"
"CM105769.1",6347789,4.97257893,6.61e-07,0.043465879,"CM105769.1",6347789,6347789,16169,"CM105769.1",6291273,6331619,"gene:ENSBOLG00010006226","KCTD3","potassium channel tetramerization domain containing 3 [Ensembl NN prediction with score 100%]","+",6291273,6331619,FALSE,56516,56516,16170,"downstream","intergenic",FALSE,"intergenic"
"CM105768.1",81706463,-4.9707992,6.67e-07,0.043808246,"CM105768.1",81706463,81706463,1485,"CM105768.1",81704039,81704977,"gene:ENSBOLG00010022019","Olfr1025-ps1","olfactory receptor 1025, pseudogene 1 [Ensembl NN prediction with score 99.96%]","-",81704977,81704039,FALSE,1486,1486,2424,"upstream","promoter",FALSE,"promoter"
"CM105769.1",107101061,-4.969783397,6.7e-07,0.043877917,"CM105769.1",107101061,107101061,1176983,"CM105769.1",105913962,105924077,"gene:ENSBOLG00010003380","TSN","translin [Ensembl NN prediction with score 100%]","+",105913962,105924077,FALSE,1187099,1187099,1176984,"downstream","intergenic",FALSE,"intergenic"
"CM105775.1",58757258,-4.9694584,6.71e-07,0.043877917,"CM105775.1",58757258,58757258,255941,"CM105775.1",58453436,58501316,"gene:ENSBOLG00010005793","SEC23A","SEC23 homolog A, COPII coat complex component [Ensembl NN prediction with score 100%]","+",58453436,58501316,FALSE,303822,303822,255942,"downstream","intergenic",FALSE,"intergenic"
"CM105777.1",44975510,4.970142492,6.69e-07,0.043877917,"CM105777.1",44975510,44975510,43196,"CM105777.1",45018707,45020034,"gene:ENSBOLG00010010942","POU4F3","POU class 4 homeobox 3 [Ensembl NN prediction with score 100%]","-",45020034,45018707,FALSE,44524,44524,43197,"downstream","intergenic",FALSE,"intergenic"
"CM105782.1",18666392,4.969656616,6.71e-07,0.043877917,"CM105782.1",18666392,18666392,7828,"CM105782.1",18674221,18674880,"gene:ENSBOLG00010016990","NAA11","N-alpha-acetyltransferase 11, NatA catalytic subunit [Ensembl NN prediction with score 96.15%]","+",18674221,18674880,FALSE,7829,7829,8488,"upstream","intergenic",FALSE,"intergenic"
"CM105768.1",117322689,-4.968826024,6.74e-07,0.043937882,"CM105768.1",117322689,117322689,0,"CM105768.1",116759750,117582088,"gene:ENSBOLG00010014056","CAMTA1","calmodulin binding transcription activator 1 [Ensembl NN prediction with score 100%]","-",117582088,116759750,TRUE,259399,259399,562939,"overlapping","gene_body",FALSE,"intron"
"CM105776.1",39856048,4.968679156,6.74e-07,0.043937882,"CM105776.1",39856048,39856048,2484,"CM105776.1",39852610,39853563,"gene:ENSBOLG00010012753","Olfr1361","olfactory receptor 1361 [Ensembl NN prediction with score 99.99%]","+",39852610,39853563,FALSE,3438,3438,2485,"downstream","intergenic",FALSE,"intergenic"
"CM105766.1",57163707,-4.966647937,6.81e-07,0.04434166,"CM105766.1",57163707,57163707,99842,"CM105766.1",57263550,57871986,"gene:ENSBOLG00010000937","MAGI1","membrane associated guanylate kinase, WW and PDZ domain containing 1 [Ensembl NN prediction with score 100%]","+",57263550,57871986,FALSE,99843,99843,708279,"upstream","intergenic",FALSE,"intergenic"
"CM105782.1",28467523,-4.965066359,6.87e-07,0.044645495,"CM105782.1",28467523,28467523,6205,"CM105782.1",28473729,28489411,"gene:ENSBOLG00010017924","SLC38A7","solute carrier family 38 member 7 [Ensembl NN prediction with score 100%]","-",28489411,28473729,FALSE,21888,21888,6206,"downstream","intergenic",FALSE,"intergenic"
"CM105765.1",65415082,4.964707793,6.88e-07,0.044669047,"CM105765.1",65415082,65415082,0,"CM105765.1",65381710,65416659,"gene:ENSBOLG00010019706","LIG1","DNA ligase 1 [Ensembl NN prediction with score 99.99%]","-",65416659,65381710,TRUE,1577,1577,33372,"overlapping","gene_body",FALSE,"intron"
"CM105765.1",17140584,4.963342883,6.93e-07,0.044924982,"CM105765.1",17140584,17140584,0,"CM105765.1",16999042,17254011,"gene:ENSBOLG00010001138","DOCK10","dedicator of cytokinesis 10 [Ensembl NN prediction with score 100%]","-",17254011,16999042,TRUE,113427,113427,141542,"overlapping","gene_body",FALSE,"intron"
"CM105787.1",51471627,-4.961482061,7e-07,0.04529791,"CM105787.1",51471627,51471627,0,"CM105787.1",50740403,52536626,"gene:ENSBOLG00010017153","DLG2","discs large MAGUK scaffold protein 2 [Ensembl NN prediction with score 99.88%]","-",52536626,50740403,TRUE,1064999,1064999,731224,"overlapping","gene_body",FALSE,"intron"
"CM105769.1",6971665,4.960858145,7.02e-07,0.045383949,"CM105769.1",6971665,6971665,105885,"CM105769.1",7077551,7289359,"gene:ENSBOLG00010006258","ESRRG","estrogen related receptor gamma [Ensembl NN prediction with score 100%]","-",7289359,7077551,FALSE,317694,317694,105886,"downstream","intergenic",FALSE,"intergenic"
"CM105780.1",62445732,4.958779717,7.09e-07,0.045811919,"CM105780.1",62445732,62445732,82338,"CM105780.1",62528071,62609975,"gene:ENSBOLG00010013154","JPH1","junctophilin 1 [Ensembl NN prediction with score 99.97%]","-",62609975,62528071,FALSE,164243,164243,82339,"downstream","intergenic",FALSE,"intergenic"
"CM105765.1",114293406,4.956677905,7.17e-07,0.04591745,"CM105765.1",114293406,114293406,6174,"CM105765.1",114299581,114302423,"gene:ENSBOLG00010004286","CITED2","Cbp/p300 interacting transactivator with Glu/Asp rich carboxy-terminal domain 2 [Ensembl NN prediction with score 100%]","-",114302423,114299581,FALSE,9017,9017,6175,"downstream","intergenic",FALSE,"intergenic"
"CM105769.1",51154823,4.956586485,7.17e-07,0.04591745,"CM105769.1",51154823,51154823,70239,"CM105769.1",50417445,51084583,"gene:ENSBOLG00010000337","PTPRG","protein tyrosine phosphatase receptor type G [Ensembl NN prediction with score 100%]","-",51084583,50417445,FALSE,70240,70240,737378,"upstream","intergenic",FALSE,"intergenic"
"CM105770.1",17304222,-4.957141293,7.15e-07,0.04591745,"CM105770.1",17304222,17304222,0,"CM105770.1",17270914,17367048,"gene:ENSBOLG00010000433","BCL11A","BAF chromatin remodeling complex subunit BCL11A [Ensembl NN prediction with score 100%]","-",17367048,17270914,TRUE,62826,62826,33308,"overlapping","gene_body",FALSE,"intron"
"CM105773.1",36336008,-4.957432478,7.14e-07,0.04591745,"CM105773.1",36336008,36336008,0,"CM105773.1",36307828,36346896,"gene:ENSBOLG00010019630","sqor","sulfide quinone oxidoreductase [Ensembl NN prediction with score 88.77%]","+",36307828,36346896,TRUE,28180,28180,10888,"overlapping","gene_body",FALSE,"intron"
"CM105775.1",21756788,-4.957264399,7.15e-07,0.04591745,"CM105775.1",21756788,21756788,0,"CM105775.1",21677074,21812671,"gene:ENSBOLG00010013148","KCNK10","potassium two pore domain channel subfamily K member 10 [Ensembl NN prediction with score 100%]","+",21677074,21812671,TRUE,79714,79714,55883,"overlapping","gene_body",FALSE,"intron"
"CM105779.1",32857399,4.956555407,7.18e-07,0.04591745,"CM105779.1",32857399,32857399,149838,"CM105779.1",33007238,33050901,"gene:ENSBOLG00010009179","FHL2","four and a half LIM domains 2 [Ensembl NN prediction with score 99.62%]","+",33007238,33050901,FALSE,149839,149839,193502,"upstream","intergenic",FALSE,"intergenic"
"CM105782.1",1440231,4.956732447,7.17e-07,0.04591745,"CM105782.1",1440231,1440231,102314,"CM105782.1",1335004,1337916,"gene:ENSBOLG00010004931","PTPN11","protein tyrosine phosphatase non-receptor type 11 [Ensembl NN prediction with score 99.92%]","-",1337916,1335004,FALSE,102315,102315,105227,"upstream","intergenic",FALSE,"intergenic"
"CM105768.1",13978262,4.955671675,7.21e-07,0.04606676,"CM105768.1",13978262,13978262,15268,"CM105768.1",13573931,13962993,"gene:ENSBOLG00010016509","CREB5","cAMP responsive element binding protein 5 [Ensembl NN prediction with score 99.87%]","+",13573931,13962993,FALSE,404331,404331,15269,"downstream","intergenic",FALSE,"intergenic"
"CM105768.1",98296991,4.955377833,7.22e-07,0.046076597,"CM105768.1",98296991,98296991,0,"CM105768.1",98141221,98322168,"gene:ENSBOLG00010012804","ANTXR1","ANTXR cell adhesion molecule 1 [Ensembl NN prediction with score 100%]","-",98322168,98141221,TRUE,25177,25177,155770,"overlapping","gene_body",FALSE,"intron"
"CM105764.1",140868985,4.954364994,7.26e-07,0.046115154,"CM105764.1",140868985,140868985,186985,"CM105764.1",141055971,141282825,"gene:ENSBOLG00010020158","MED13L","mediator complex subunit 13L [Ensembl NN prediction with score 100%]","-",141282825,141055971,FALSE,413840,413840,186986,"downstream","intergenic",FALSE,"intergenic"
"CM105765.1",114243346,4.954731273,7.24e-07,0.046115154,"CM105765.1",114243346,114243346,20391,"CM105765.1",114184823,114222954,"gene:ENSBOLG00010004267","TXLNB","taxilin beta [Ensembl NN prediction with score 100%]","-",114222954,114184823,FALSE,20392,20392,58523,"upstream","intergenic",FALSE,"intergenic"
"CM105768.1",13800487,4.953818665,7.28e-07,0.046115154,"CM105768.1",13800487,13800487,0,"CM105768.1",13573931,13962993,"gene:ENSBOLG00010016509","CREB5","cAMP responsive element binding protein 5 [Ensembl NN prediction with score 99.87%]","+",13573931,13962993,TRUE,226556,226556,162506,"overlapping","gene_body",FALSE,"intron"
"CM105779.1",36231751,-4.953707757,7.28e-07,0.046115154,"CM105779.1",36231751,36231751,26321,"CM105779.1",36061774,36205429,"gene:ENSBOLG00010012168","MAP4K4","mitogen-activated protein kinase kinase kinase kinase 4 [Ensembl NN prediction with score 100%]","-",36205429,36061774,FALSE,26322,26322,169977,"upstream","intergenic",FALSE,"intergenic"
"CM105781.1",21586904,4.954419785,7.25e-07,0.046115154,"CM105781.1",21586904,21586904,0,"CM105781.1",21582439,21658795,"gene:ENSBOLG00010008913","ELAPOR1","endosome-lysosome associated apoptosis and autophagy regulator 1 [Ensembl NN prediction with score 99.98%]","-",21658795,21582439,TRUE,71891,71891,4465,"overlapping","gene_body",FALSE,"intron"
"CM105782.1",19633657,-4.954072467,7.27e-07,0.046115154,"CM105782.1",19633657,19633657,106450,"CM105782.1",19740108,19742102,"gene:ENSBOLG00010015884","CBLN1","cerebellin 1 precursor [Ensembl NN prediction with score 99.95%]","-",19742102,19740108,FALSE,108445,108445,106451,"downstream","intergenic",FALSE,"intergenic"
"CM105764.1",119081326,4.952323132,7.33e-07,0.046355239,"CM105764.1",119081326,119081326,0,"CM105764.1",119072794,119097248,"gene:ENSBOLG00010002953","SEPTIN14","septin 14 [Ensembl NN prediction with score 99.76%]","+",119072794,119097248,TRUE,8532,8532,15922,"overlapping","gene_body",FALSE,"intron"
"CM105774.1",30041277,4.952197664,7.34e-07,0.046355239,"CM105774.1",30041277,30041277,1073010,"CM105774.1",28106814,28968266,"gene:ENSBOLG00010003620","PCDH9","protocadherin 9 [Ensembl NN prediction with score 100%]","+",28106814,28968266,FALSE,1934463,1934463,1073011,"downstream","intergenic",FALSE,"intergenic"
"CM105785.1",24289370,-4.95189615,7.35e-07,0.046367616,"CM105785.1",24289370,24289370,0,"CM105785.1",24278021,24538919,"gene:ENSBOLG00010004191","GTDC1","glycosyltransferase like domain containing 1 [Ensembl NN prediction with score 97.13%]","-",24538919,24278021,TRUE,249549,249549,11349,"overlapping","gene_body",FALSE,"intron"
"CM105764.1",78952930,4.951301797,7.37e-07,0.04638741,"CM105764.1",78952930,78952930,0,"CM105764.1",78949168,78992311,"gene:ENSBOLG00010001524","LIPH","lipase H [Ensembl NN prediction with score 100%]","+",78949168,78992311,TRUE,3762,3762,39381,"overlapping","gene_body",FALSE,"intron"
"CM105766.1",38944617,-4.95050985,7.4e-07,0.04638741,"CM105766.1",38944617,38944617,0,"CM105766.1",38769854,38993513,"gene:ENSBOLG00010016608","SRGAP3","SLIT-ROBO Rho GTPase activating protein 3 [Ensembl NN prediction with score 100%]","+",38769854,38993513,TRUE,174763,174763,48896,"overlapping","gene_body",FALSE,"intron"
"CM105774.1",2677400,-4.950479811,7.4e-07,0.04638741,"CM105774.1",2677400,2677400,0,"CM105774.1",2652067,2902921,"gene:ENSBOLG00010007253","DOCK9","dedicator of cytokinesis 9 [Ensembl NN prediction with score 99.95%]","+",2652067,2902921,TRUE,25333,25333,225521,"overlapping","gene_body",FALSE,"intron"
"CM105775.1",48038767,-4.950652433,7.4e-07,0.04638741,"CM105775.1",48038767,48038767,0,"CM105775.1",47979630,48049766,"gene:ENSBOLG00010012220","ARID4A","AT-rich interaction domain 4A [Ensembl NN prediction with score 100%]","-",48049766,47979630,TRUE,10999,10999,59137,"overlapping","gene_body",FALSE,"intron"
"CM105778.1",32711904,-4.950074599,7.42e-07,0.04638741,"CM105778.1",32711904,32711904,0,"CM105778.1",32638476,32729118,"gene:ENSBOLG00010015090","NNT","nicotinamide nucleotide transhydrogenase [Ensembl NN prediction with score 100%]","+",32638476,32729118,TRUE,73428,73428,17214,"overlapping","gene_body",FALSE,"intron"
"CM105779.1",16497407,4.950473301,7.4e-07,0.04638741,"CM105779.1",16497407,16497407,49946,"CM105779.1",16547354,16569741,"gene:ENSBOLG00010010145","SLC16A9","solute carrier family 16 member 9 [Ensembl NN prediction with score 100%]","-",16569741,16547354,FALSE,72334,72334,49947,"downstream","intergenic",FALSE,"intergenic"
"CM105788.1",36731065,4.950255767,7.41e-07,0.04638741,"CM105788.1",36731065,36731065,0,"CM105788.1",36730979,36737564,"gene:ENSBOLG00010016241","TMEM213","transmembrane protein 213 [Ensembl NN prediction with score 100%]","+",36730979,36737564,TRUE,86,86,6499,"overlapping","gene_body",TRUE,"exon"
"CM105764.1",42352104,4.949570286,7.44e-07,0.046448743,"CM105764.1",42352104,42352104,0,"CM105764.1",42348563,42354201,"gene:ENSBOLG00010000701","COL8A1","collagen type VIII alpha 1 chain [Ensembl NN prediction with score 100%]","+",42348563,42354201,TRUE,3541,3541,2097,"overlapping","gene_body",FALSE,"intron"
"CM105764.1",87974235,4.949068991,7.46e-07,0.046492051,"CM105764.1",87974235,87974235,119212,"CM105764.1",88093448,88144115,"gene:ENSBOLG00010013347","KATNAL1","katanin catalytic subunit A1 like 1 [Ensembl NN prediction with score 100%]","-",88144115,88093448,FALSE,169880,169880,119213,"downstream","intergenic",FALSE,"intergenic"
"CM105786.1",52646155,-4.948895468,7.46e-07,0.046492051,"CM105786.1",52646155,52646155,0,"CM105786.1",52636507,52814026,"gene:ENSBOLG00010006089","TLL1","tolloid like 1 [Ensembl NN prediction with score 100%]","-",52814026,52636507,TRUE,167871,167871,9648,"overlapping","gene_body",FALSE,"intron"
"CM105767.1",17789582,-4.9482485,7.49e-07,0.046550684,"CM105767.1",17789582,17789582,101524,"CM105767.1",17507026,17688057,"gene:ENSBOLG00010021950","NEO1","neogenin 1 [Ensembl NN prediction with score 100%]","-",17688057,17507026,FALSE,101525,101525,282556,"upstream","intergenic",FALSE,"intergenic"
"CM105773.1",83123853,-4.94815788,7.49e-07,0.046550684,"CM105773.1",83123853,83123853,347878,"CM105773.1",83471732,83731770,"gene:ENSBOLG00010011210","TSHZ2","teashirt zinc finger homeobox 2 [Ensembl NN prediction with score 100%]","+",83471732,83731770,FALSE,347879,347879,607917,"upstream","intergenic",FALSE,"intergenic"
"CM105789.1",114114,-4.947847898,7.5e-07,0.046566063,"CM105789.1",114114,114114,101139,"CM105789.1",12048,12974,"gene:ENSBOLG00010007697","Olfr1249","olfactory receptor 1249 [Ensembl NN prediction with score 95.92%]","-",12974,12048,FALSE,101140,101140,102066,"upstream","intergenic",FALSE,"intergenic"
"CM105783.1",53686676,-4.946721649,7.55e-07,0.046777188,"CM105783.1",53686676,53686676,0,"CM105783.1",53679702,53995815,"gene:ENSBOLG00010008731","SLC2A13","solute carrier family 2 member 13 [Ensembl NN prediction with score 100%]","-",53995815,53679702,TRUE,309139,309139,6974,"overlapping","gene_body",FALSE,"intron"
"CM105769.1",5433752,4.945647135,7.59e-07,0.046917793,"CM105769.1",5433752,5433752,0,"CM105769.1",5397642,5439896,"gene:ENSBOLG00010006174","SMYD2","SET and MYND domain containing 2 [Ensembl NN prediction with score 100%]","+",5397642,5439896,TRUE,36110,36110,6144,"overlapping","gene_body",FALSE,"intron"
"CM105786.1",58394483,4.945708004,7.59e-07,0.046917793,"CM105786.1",58394483,58394483,28402,"CM105786.1",58363158,58366080,"gene:ENSBOLG00010006955","KLF2","Kruppel like factor 2 [Ensembl NN prediction with score 100%]","-",58366080,58363158,FALSE,28403,28403,31325,"upstream","intergenic",FALSE,"intergenic"
"CM105784.1",41660777,4.944624978,7.63e-07,0.047105449,"CM105784.1",41660777,41660777,1299533,"CM105784.1",40307548,40361243,"gene:ENSBOLG00010006196","PCDH10","protocadherin 10 [Ensembl NN prediction with score 100%]","-",40361243,40307548,FALSE,1299534,1299534,1353229,"upstream","intergenic",FALSE,"intergenic"
"CM105768.1",110100480,-4.944204403,7.65e-07,0.047148089,"CM105768.1",110100480,110100480,0,"CM105768.1",110080312,110130019,"gene:ENSBOLG00010016371","TMEM51","transmembrane protein 51 [Ensembl NN prediction with score 99.99%]","-",110130019,110080312,TRUE,29539,29539,20168,"overlapping","gene_body",FALSE,"intron"
"CM105766.1",91922124,4.943646131,7.67e-07,0.047165163,"CM105766.1",91922124,91922124,25285,"CM105766.1",91947410,92004307,"gene:ENSBOLG00010012399","PGM1","phosphoglucomutase 1 [Ensembl NN prediction with score 99.7%]","-",92004307,91947410,FALSE,82183,82183,25286,"downstream","intergenic",FALSE,"intergenic"
"CM105767.1",46307611,4.943692493,7.67e-07,0.047165163,"CM105767.1",46307611,46307611,10470,"CM105767.1",46318082,46333308,"gene:ENSBOLG00010000792","MRAP2","melanocortin 2 receptor accessory protein 2 [Ensembl NN prediction with score 100%]","+",46318082,46333308,FALSE,10471,10471,25697,"upstream","intergenic",FALSE,"intergenic"
"CM105778.1",7411358,4.942424252,7.72e-07,0.047402563,"CM105778.1",7411358,7411358,66958,"CM105778.1",7478317,7500184,"gene:ENSBOLG00010006837",NA,NA,"-",7500184,7478317,FALSE,88826,88826,66959,"downstream","intergenic",FALSE,"intergenic"
"CM105779.1",33194906,4.941617715,7.75e-07,0.047539765,"CM105779.1",33194906,33194906,57432,"CM105779.1",33136352,33137473,"gene:ENSBOLG00010012536","GPR45","G protein-coupled receptor 45 [Ensembl NN prediction with score 100%]","-",33137473,33136352,FALSE,57433,57433,58554,"upstream","intergenic",FALSE,"intergenic"
"CM105775.1",42691292,-4.940588266,7.79e-07,0.047731952,"CM105775.1",42691292,42691292,0,"CM105775.1",42685361,42705706,"gene:ENSBOLG00010011265","PPP1R36","protein phosphatase 1 regulatory subunit 36 [Ensembl NN prediction with score 100%]","-",42705706,42685361,TRUE,14414,14414,5931,"overlapping","gene_body",FALSE,"intron"
"CM105764.1",123694713,-4.940151465,7.81e-07,0.047779504,"CM105764.1",123694713,123694713,320239,"CM105764.1",124014953,124015630,"gene:ENSBOLG00010003227","CT55","cancer/testis antigen 55 [Ensembl NN prediction with score 83.38%]","+",124014953,124015630,FALSE,320240,320240,320917,"upstream","intergenic",FALSE,"intergenic"
"CM105769.1",78822619,4.939278381,7.84e-07,0.04793429,"CM105769.1",78822619,78822619,244637,"CM105769.1",79067257,79094340,"gene:ENSBOLG00010007522","RGS18","regulator of G protein signaling 18 [Ensembl NN prediction with score 100%]","+",79067257,79094340,FALSE,244638,244638,271721,"upstream","intergenic",FALSE,"intergenic"
"CM105771.1",28146763,4.937935582,7.9e-07,0.048086239,"CM105771.1",28146763,28146763,16405,"CM105771.1",28163169,28247899,"gene:ENSBOLG00010013085","ADAM19","ADAM metallopeptidase domain 19 [Ensembl NN prediction with score 97.61%]","+",28163169,28247899,FALSE,16406,16406,101136,"upstream","intergenic",FALSE,"intergenic"
"CM105782.1",31722399,-4.938019876,7.89e-07,0.048086239,"CM105782.1",31722399,31722399,0,"CM105782.1",31550513,31910537,"gene:ENSBOLG00010008446","CDH8","cadherin 8 [Ensembl NN prediction with score 100%]","-",31910537,31550513,TRUE,188138,188138,171886,"overlapping","gene_body",FALSE,"intron"
"CM105785.1",30434831,-4.938212944,7.88e-07,0.048086239,"CM105785.1",30434831,30434831,70556,"CM105785.1",30346756,30364274,"gene:ENSBOLG00010004197","RND3","Rho family GTPase 3 [Ensembl NN prediction with score 100%]","-",30364274,30346756,FALSE,70557,70557,88075,"upstream","intergenic",FALSE,"intergenic"
"CM105765.1",113909270,4.937535269,7.91e-07,0.048125458,"CM105765.1",113909270,113909270,0,"CM105765.1",113894267,113968228,"gene:ENSBOLG00010004362","REPS1","RALBP1 associated Eps domain containing 1 [Ensembl NN prediction with score 100%]","-",113968228,113894267,TRUE,58958,58958,15003,"overlapping","gene_body",FALSE,"intron"
"CM105767.1",56359732,4.937196698,7.93e-07,0.048149535,"CM105767.1",56359732,56359732,0,"CM105767.1",55941931,56526059,"gene:ENSBOLG00010001058","CLSTN2","calsyntenin 2 [Ensembl NN prediction with score 100%]","-",56526059,55941931,TRUE,166327,166327,417801,"overlapping","gene_body",FALSE,"intron"
"CM105785.1",8832843,-4.936865368,7.94e-07,0.048171904,"CM105785.1",8832843,8832843,5977,"CM105785.1",8838821,8900413,"gene:ENSBOLG00010006640","STXBP1","syntaxin binding protein 1 [Ensembl NN prediction with score 100%]","+",8838821,8900413,FALSE,5978,5978,67570,"upstream","intergenic",FALSE,"intergenic"
"CM105773.1",81032560,4.936340543,7.96e-07,0.048242168,"CM105773.1",81032560,81032560,29509,"CM105773.1",80969214,81003050,"gene:ENSBOLG00010011217","PTGIS","prostaglandin I2 synthase [Ensembl NN prediction with score 100%]","-",81003050,80969214,FALSE,29510,29510,63346,"upstream","intergenic",FALSE,"intergenic"
"CM105771.1",67992840,-4.935427164,8e-07,0.048302616,"CM105771.1",67992840,67992840,0,"CM105771.1",67986887,68017091,"gene:ENSBOLG00010023041","HEATR6","HEAT repeat containing 6 [Ensembl NN prediction with score 100%]","+",67986887,68017091,TRUE,5953,5953,24251,"overlapping","gene_body",TRUE,"exon"
"CM105781.1",65157926,-4.93542482,8e-07,0.048302616,"CM105781.1",65157926,65157926,0,"CM105781.1",64991464,65228130,"gene:ENSBOLG00010005913","SLC44A5","solute carrier family 44 member 5 [Ensembl NN prediction with score 99.35%]","+",64991464,65228130,TRUE,166462,166462,70204,"overlapping","gene_body",FALSE,"intron"
"CM105788.1",7082383,-4.935376541,8e-07,0.048302616,"CM105788.1",7082383,7082383,11251,"CM105788.1",7045994,7071131,"gene:ENSBOLG00010012796","C1GALT1","core 1 synthase, glycoprotein-N-acetylgalactosamine 3-beta-galactosyltransferase 1 [Ensembl NN prediction with score 100%]","+",7045994,7071131,FALSE,36389,36389,11252,"downstream","intergenic",FALSE,"intergenic"
"CM105776.1",49713488,-4.933738871,8.07e-07,0.048649894,"CM105776.1",49713488,49713488,277605,"CM105776.1",49991094,49992860,"gene:ENSBOLG00010008668","CHRM3","cholinergic receptor muscarinic 3 [Ensembl NN prediction with score 99.82%]","+",49991094,49992860,FALSE,277606,277606,279372,"upstream","intergenic",FALSE,"intergenic"
"CM105773.1",18628432,-4.933492857,8.08e-07,0.048651618,"CM105773.1",18628432,18628432,648696,"CM105773.1",19277129,19278025,"gene:ENSBOLG00010005520","SLC25A51","solute carrier family 25 member 51 [Ensembl NN prediction with score 100%]","+",19277129,19278025,FALSE,648697,648697,649593,"upstream","intergenic",FALSE,"intergenic"
"CM105764.1",35818257,-4.932332243,8.13e-07,0.048808969,"CM105764.1",35818257,35818257,0,"CM105764.1",35607394,35913132,"gene:ENSBOLG00010001286","EPHA3","EPH receptor A3 [Ensembl NN prediction with score 100%]","+",35607394,35913132,TRUE,210863,210863,94875,"overlapping","gene_body",FALSE,"intron"
"CM105768.1",61386072,-4.931014557,8.18e-07,0.048808969,"CM105768.1",61386072,61386072,406272,"CM105768.1",61792345,61815802,"gene:ENSBOLG00010000714","TRIB2","tribbles pseudokinase 2 [Ensembl NN prediction with score 100%]","-",61815802,61792345,FALSE,429730,429730,406273,"downstream","intergenic",FALSE,"intergenic"
"CM105768.1",92501451,4.930181735,8.22e-07,0.048808969,"CM105768.1",92501451,92501451,334541,"CM105768.1",92835993,92870464,"gene:ENSBOLG00010000970","GCFC2","GC-rich sequence DNA-binding factor 2 [Ensembl NN prediction with score 100%]","+",92835993,92870464,FALSE,334542,334542,369013,"upstream","intergenic",FALSE,"intergenic"
"CM105769.1",27755683,-4.930213167,8.21e-07,0.048808969,"CM105769.1",27755683,27755683,0,"CM105769.1",27668563,28498988,"gene:ENSBOLG00010021022","CACNA2D3","calcium voltage-gated channel auxiliary subunit alpha2delta 3 [Ensembl NN prediction with score 100%]","+",27668563,28498988,TRUE,87120,87120,743305,"overlapping","gene_body",FALSE,"intron"
"CM105770.1",60877737,-4.931395628,8.16e-07,0.048808969,"CM105770.1",60877737,60877737,59129,"CM105770.1",60936867,60937408,"gene:ENSBOLG00010001324","NME2","NME/NM23 nucleoside diphosphate kinase 2 [Ensembl NN prediction with score 99.29%]","+",60936867,60937408,FALSE,59130,59130,59671,"upstream","intergenic",FALSE,"intergenic"
"CM105771.1",67340068,4.929927227,8.23e-07,0.048808969,"CM105771.1",67340068,67340068,4347,"CM105771.1",67344416,67356057,"gene:ENSBOLG00010020952",NA,NA,"-",67356057,67344416,FALSE,15989,15989,4348,"downstream","intergenic",FALSE,"intergenic"
"CM105772.1",13585849,-4.930238368,8.21e-07,0.048808969,"CM105772.1",13585849,13585849,60139,"CM105772.1",13645989,13747577,"gene:ENSBOLG00010018775","CFAP58","cilia and flagella associated protein 58 [Ensembl NN prediction with score 100%]","-",13747577,13645989,FALSE,161728,161728,60140,"downstream","intergenic",FALSE,"intergenic"
"CM105772.1",77586010,4.932606701,8.11e-07,0.048808969,"CM105772.1",77586010,77586010,0,"CM105772.1",77584158,77593954,"gene:ENSBOLG00010012153","TLCD3B","TLC domain containing 3B [Ensembl NN prediction with score 99.25%]","-",77593954,77584158,TRUE,7944,7944,1852,"overlapping","gene_body",FALSE,"intron"
"CM105773.1",15298732,4.929380724,8.25e-07,0.048808969,"CM105773.1",15298732,15298732,545187,"CM105773.1",15843920,15844520,"gene:ENSBOLG00010005494","SNU13","small nuclear ribonucleoprotein 13 [Ensembl NN prediction with score 99.96%]","-",15844520,15843920,FALSE,545788,545788,545188,"downstream","intergenic",FALSE,"intergenic"
"CM105774.1",21431575,4.928974662,8.27e-07,0.048808969,"CM105774.1",21431575,21431575,218683,"CM105774.1",21041070,21212891,"gene:ENSBOLG00010004052","TBC1D4","TBC1 domain family member 4 [Ensembl NN prediction with score 100%]","+",21041070,21212891,FALSE,390505,390505,218684,"downstream","intergenic",FALSE,"intergenic"
"CM105777.1",6197454,-4.929450951,8.25e-07,0.048808969,"CM105777.1",6197454,6197454,33502,"CM105777.1",6230957,6266644,"gene:ENSBOLG00010006401","Zfp516","zinc finger protein 516 [Ensembl NN prediction with score 100%]","-",6266644,6230957,FALSE,69190,69190,33503,"downstream","intergenic",FALSE,"intergenic"
"CM105779.1",36039543,4.931176243,8.17e-07,0.048808969,"CM105779.1",36039543,36039543,22230,"CM105779.1",36061774,36205429,"gene:ENSBOLG00010012168","MAP4K4","mitogen-activated protein kinase kinase kinase kinase 4 [Ensembl NN prediction with score 100%]","-",36205429,36061774,FALSE,165886,165886,22231,"downstream","intergenic",FALSE,"intergenic"
"CM105780.1",10132102,-4.928844079,8.27e-07,0.048808969,"CM105780.1",10132102,10132102,0,"CM105780.1",9985187,10273085,"gene:ENSBOLG00010007021","TOX","thymocyte selection associated high mobility group box [Ensembl NN prediction with score 100%]","+",9985187,10273085,TRUE,146915,146915,140983,"overlapping","gene_body",FALSE,"intron"
"CM105781.1",2971722,-4.930265711,8.21e-07,0.048808969,"CM105781.1",2971722,2971722,0,"CM105781.1",2945784,2976094,"gene:ENSBOLG00010020536","DAP3","death associated protein 3 [Ensembl NN prediction with score 100%]","-",2976094,2945784,TRUE,4372,4372,25938,"overlapping","gene_body",FALSE,"intron"
"CM105782.1",65287708,-4.928839815,8.27e-07,0.048808969,"CM105782.1",65287708,65287708,384659,"CM105782.1",65672368,65673182,"gene:ENSBOLG00010004177","NACA2","nascent polypeptide associated complex subunit alpha 2 [Ensembl NN prediction with score 98.96%]","+",65672368,65673182,FALSE,384660,384660,385474,"upstream","intergenic",FALSE,"intergenic"
"CM105787.1",27476266,-4.929475975,8.25e-07,0.048808969,"CM105787.1",27476266,27476266,0,"CM105787.1",27422391,27540686,"gene:ENSBOLG00010010075","TRPM1","transient receptor potential cation channel subfamily M member 1 [Ensembl NN prediction with score 100%]","+",27422391,27540686,TRUE,53875,53875,64420,"overlapping","gene_body",FALSE,"intron"
"CM105789.1",29010267,-4.929949958,8.23e-07,0.048808969,"CM105789.1",29010267,29010267,83958,"CM105789.1",28533581,28926308,"gene:ENSBOLG00010009525","TRHDE","thyrotropin releasing hormone degrading enzyme [Ensembl NN prediction with score 99.99%]","-",28926308,28533581,FALSE,83959,83959,476686,"upstream","intergenic",FALSE,"intergenic"
"CM105767.1",96363774,-4.927746558,8.32e-07,0.049024008,"CM105767.1",96363774,96363774,0,"CM105767.1",95894806,96871320,"gene:ENSBOLG00010000410","NTM","neurotrimin [Ensembl NN prediction with score 100%]","+",95894806,96871320,TRUE,468968,468968,507546,"overlapping","gene_body",FALSE,"intron"
"CM105774.1",5876573,-4.927264471,8.34e-07,0.049086292,"CM105774.1",5876573,5876573,82715,"CM105774.1",5574863,5793857,"gene:ENSBOLG00010007102","ABCC4","ATP binding cassette subfamily C member 4 [Ensembl NN prediction with score 100%]","+",5574863,5793857,FALSE,301710,301710,82716,"downstream","intergenic",FALSE,"intergenic"
"CM105769.1",45874660,-4.925258811,8.42e-07,0.049533228,"CM105769.1",45874660,45874660,267009,"CM105769.1",45514495,45607650,"gene:ENSBOLG00010000369","THRB","thyroid hormone receptor beta [Ensembl NN prediction with score 100%]","-",45607650,45514495,FALSE,267010,267010,360165,"upstream","intergenic",FALSE,"intergenic"
"CM105769.1",5424226,4.924183902,8.47e-07,0.049632866,"CM105769.1",5424226,5424226,0,"CM105769.1",5397642,5439896,"gene:ENSBOLG00010006174","SMYD2","SET and MYND domain containing 2 [Ensembl NN prediction with score 100%]","+",5397642,5439896,TRUE,26584,26584,15670,"overlapping","gene_body",FALSE,"intron"
"CM105777.1",73306767,-4.924592836,8.45e-07,0.049632866,"CM105777.1",73306767,73306767,281295,"CM105777.1",73588063,73603285,"gene:ENSBOLG00010005507","HRH4","histamine receptor H4 [Ensembl NN prediction with score 99.86%]","-",73603285,73588063,FALSE,296518,296518,281296,"downstream","intergenic",FALSE,"intergenic"
"CM105784.1",28097574,-4.924166189,8.47e-07,0.049632866,"CM105784.1",28097574,28097574,0,"CM105784.1",27823300,28139659,"gene:ENSBOLG00010014020","MED12L","mediator complex subunit 12L [Ensembl NN prediction with score 100%]","-",28139659,27823300,TRUE,42085,42085,274274,"overlapping","gene_body",FALSE,"intron"
"CM105787.1",43940479,4.923865822,8.49e-07,0.049650043,"CM105787.1",43940479,43940479,0,"CM105787.1",43933201,44040411,"gene:ENSBOLG00010017029","PDE8A","phosphodiesterase 8A [Ensembl NN prediction with score 99.99%]","+",43933201,44040411,TRUE,7278,7278,99932,"overlapping","gene_body",FALSE,"intron"
"CM105766.1",65207861,4.922369662,8.55e-07,0.049676841,"CM105766.1",65207861,65207861,0,"CM105766.1",65199474,65227141,"gene:ENSBOLG00010008560","LCK","LCK proto-oncogene, Src family tyrosine kinase [Ensembl NN prediction with score 100%]","+",65199474,65227141,TRUE,8387,8387,19280,"overlapping","gene_body",FALSE,"intron"
"CM105780.1",65842202,-4.922438456,8.55e-07,0.049676841,"CM105780.1",65842202,65842202,728917,"CM105780.1",66571120,66655018,"gene:ENSBOLG00010013236","PKIA","cAMP-dependent protein kinase inhibitor alpha [Ensembl NN prediction with score 100%]","+",66571120,66655018,FALSE,728918,728918,812816,"upstream","intergenic",FALSE,"intergenic"
"CM105783.1",17147992,4.922837356,8.53e-07,0.049676841,"CM105783.1",17147992,17147992,0,"CM105783.1",16910100,17184459,"gene:ENSBOLG00010013409","EXT1","exostosin glycosyltransferase 1 [Ensembl NN prediction with score 100%]","-",17184459,16910100,TRUE,36467,36467,237892,"overlapping","gene_body",FALSE,"intron"
"CM105785.1",37478045,4.922495212,8.54e-07,0.049676841,"CM105785.1",37478045,37478045,0,"CM105785.1",37389573,37528663,"gene:ENSBOLG00010003803","PKP4","plakophilin 4 [Ensembl NN prediction with score 100%]","+",37389573,37528663,TRUE,88472,88472,50618,"overlapping","gene_body",FALSE,"intron"
"CM105789.1",12488274,-4.923450804,8.5e-07,0.049676841,"CM105789.1",12488274,12488274,234733,"CM105789.1",12151972,12253540,"gene:ENSBOLG00010009067","EEA1","early endosome antigen 1 [Ensembl NN prediction with score 100%]","+",12151972,12253540,FALSE,336302,336302,234734,"downstream","intergenic",FALSE,"intergenic"
"CM105790.1",2067638,4.922816013,8.53e-07,0.049676841,"CM105790.1",2067638,2067638,4527,"CM105790.1",2048906,2063110,"gene:ENSBOLG00010004582","PMPCB","peptidase, mitochondrial processing subunit beta [Ensembl NN prediction with score 100%]","-",2063110,2048906,FALSE,4528,4528,18732,"upstream","intergenic",FALSE,"intergenic"
"CM105765.1",48857616,4.921576834,8.58e-07,0.049814616,"CM105765.1",48857616,48857616,0,"CM105765.1",48836673,48888773,"gene:ENSBOLG00010008360","GARRE1","granule associated Rac and RHOG effector 1 [Ensembl NN prediction with score 99.93%]","+",48836673,48888773,TRUE,20943,20943,31157,"overlapping","gene_body",FALSE,"intron"
"CM105768.1",38982438,-4.921366312,8.59e-07,0.049814616,"CM105768.1",38982438,38982438,0,"CM105768.1",38914247,38992927,"gene:ENSBOLG00010002344","FBXO11","F-box protein 11 [Ensembl NN prediction with score 100%]","-",38992927,38914247,TRUE,10489,10489,68191,"overlapping","gene_body",FALSE,"intron"
"CM105766.1",5907585,-4.920818622,8.62e-07,0.049836832,"CM105766.1",5907585,5907585,0,"CM105766.1",5779088,6197485,"gene:ENSBOLG00010002970","ITPR2","inositol 1,4,5-trisphosphate receptor type 2 [Ensembl NN prediction with score 100%]","+",5779088,6197485,TRUE,128497,128497,289900,"overlapping","gene_body",FALSE,"intron"
"CM105776.1",32731800,4.920864541,8.62e-07,0.049836832,"CM105776.1",32731800,32731800,54753,"CM105776.1",32786554,32866299,"gene:ENSBOLG00010012650","E2F3","E2F transcription factor 3 [Ensembl NN prediction with score 100%]","+",32786554,32866299,FALSE,54754,54754,134499,"upstream","intergenic",FALSE,"intergenic"
"CM105764.1",22363162,-4.920267663,8.64e-07,0.049918672,"CM105764.1",22363162,22363162,378351,"CM105764.1",22741514,22849557,"gene:ENSBOLG00010000097","USP25","ubiquitin specific peptidase 25 [Ensembl NN prediction with score 100%]","-",22849557,22741514,FALSE,486395,486395,378352,"downstream","intergenic",FALSE,"intergenic"
