"chr","pos","stat","pvals","fdrs","DML_chr","DML_start","DML_end","distance","gene_chr","gene_start","gene_end","gene_id","gene_name","gene_desc","gene_strand","TSS","TES","overlaps_gene","distance_bp","dist_to_TSS","dist_to_TES","direction","feature_strand","exon_overlap","refined_feature"
"CM105764.1",22381126,8.512965504,1.7e-17,4.47e-10,"CM105764.1",22381126,22381126,360387,"CM105764.1",22741514,22849557,"gene:ENSBOLG00010000097","USP25","ubiquitin specific peptidase 25 [Ensembl NN prediction with score 100%]","-",22849557,22741514,FALSE,468431,468431,360388,"downstream","intergenic",FALSE,"intergenic"
"CM105776.1",49461587,-8.504918812,1.82e-17,4.47e-10,"CM105776.1",49461587,49461587,483878,"CM105776.1",48975842,48977708,"gene:ENSBOLG00010008665","YWHAQ","tyrosine 3-monooxygenase/tryptophan 5-monooxygenase activation protein theta [Ensembl NN prediction with score 100%]","-",48977708,48975842,FALSE,483879,483879,485745,"upstream","intergenic",FALSE,"intergenic"
"CM105765.1",45047996,-7.705033664,1.31e-14,1.75e-07,"CM105765.1",45047996,45047996,25778,"CM105765.1",45073775,45135547,"gene:ENSBOLG00010007477","URI1","URI1 prefoldin like chaperone [Ensembl NN prediction with score 100%]","+",45073775,45135547,FALSE,25779,25779,87551,"upstream","intergenic",FALSE,"intergenic"
"CM105778.1",69332295,-7.694575874,1.42e-14,1.75e-07,"CM105778.1",69332295,69332295,0,"CM105778.1",69027538,69569107,"gene:ENSBOLG00010005410","ADGRV1","adhesion G protein-coupled receptor V1 [Ensembl NN prediction with score 100%]","+",69027538,69569107,TRUE,304757,304757,236812,"overlapping","gene_body",FALSE,"intron"
"CM105776.1",49461369,-7.622462067,2.49e-14,2.45e-07,"CM105776.1",49461369,49461369,483660,"CM105776.1",48975842,48977708,"gene:ENSBOLG00010008665","YWHAQ","tyrosine 3-monooxygenase/tryptophan 5-monooxygenase activation protein theta [Ensembl NN prediction with score 100%]","-",48977708,48975842,FALSE,483661,483661,485527,"upstream","intergenic",FALSE,"intergenic"
"CM105768.1",49665402,-7.591225662,3.17e-14,2.6e-07,"CM105768.1",49665402,49665402,22034,"CM105768.1",48681040,49643367,"gene:ENSBOLG00010000322","CCSER1","coiled-coil serine rich protein 1 [Ensembl NN prediction with score 100%]","-",49643367,48681040,FALSE,22035,22035,984362,"upstream","intergenic",FALSE,"intergenic"
"CM105771.1",19241936,7.473462713,7.81e-14,4.8e-07,"CM105771.1",19241936,19241936,0,"CM105771.1",18710151,19659286,"gene:ENSBOLG00010017956","TENM2","teneurin transmembrane protein 2 [Ensembl NN prediction with score 100%]","-",19659286,18710151,TRUE,417350,417350,531785,"overlapping","gene_body",FALSE,"intron"
"CM105787.1",33921135,7.490399181,6.87e-14,4.8e-07,"CM105787.1",33921135,33921135,262276,"CM105787.1",33646716,33658858,"gene:ENSBOLG00010003809","NR2F2","nuclear receptor subfamily 2 group F member 2 [Ensembl NN prediction with score 99.86%]","-",33658858,33646716,FALSE,262277,262277,274419,"upstream","intergenic",FALSE,"intergenic"
"CM105784.1",16584687,7.362219618,1.81e-13,9.89e-07,"CM105784.1",16584687,16584687,3978,"CM105784.1",16588666,16647122,"gene:ENSBOLG00010013373","BCHE","butyrylcholinesterase [Ensembl NN prediction with score 100%]","+",16588666,16647122,FALSE,3979,3979,62435,"upstream","intergenic",FALSE,"intergenic"
"CM105770.1",63522184,-7.225637666,4.99e-13,2.45e-06,"CM105770.1",63522184,63522184,1146267,"CM105770.1",62374960,62375916,"gene:ENSBOLG00010001322","c1galt1c1","C1GALT1 specific chaperone 1 [Ensembl NN prediction with score 99.96%]","+",62374960,62375916,FALSE,1147224,1147224,1146268,"downstream","intergenic",FALSE,"intergenic"
"CM105770.1",30688365,7.112087434,1.14e-12,5.11e-06,"CM105770.1",30688365,30688365,0,"CM105770.1",30520426,30933684,"gene:ENSBOLG00010003769","ABCA13","ATP binding cassette subfamily A member 13 [Ensembl NN prediction with score 100%]","-",30933684,30520426,TRUE,245319,245319,167939,"overlapping","gene_body",FALSE,"intron"
"CM105784.1",16589897,7.094190269,1.3e-12,5.34e-06,"CM105784.1",16589897,16589897,0,"CM105784.1",16588666,16647122,"gene:ENSBOLG00010013373","BCHE","butyrylcholinesterase [Ensembl NN prediction with score 100%]","+",16588666,16647122,TRUE,1231,1231,57225,"overlapping","gene_body",TRUE,"exon"
"CM105772.1",50807432,-7.026084577,2.12e-12,8.04e-06,"CM105772.1",50807432,50807432,22394,"CM105772.1",50784099,50785037,"gene:ENSBOLG00010015491","Olfr262","olfactory receptor 262 [Ensembl NN prediction with score 99.98%]","+",50784099,50785037,FALSE,23333,23333,22395,"downstream","intergenic",FALSE,"intergenic"
"CM105765.1",45037846,6.997856911,2.6e-12,8.69e-06,"CM105765.1",45037846,45037846,26384,"CM105765.1",45010964,45011461,"gene:ENSBOLG00010008820","rps12","ribosomal protein S12 [Ensembl NN prediction with score 100%]","-",45011461,45010964,FALSE,26385,26385,26882,"upstream","intergenic",FALSE,"intergenic"
"CM105766.1",56054919,-6.995120537,2.65e-12,8.69e-06,"CM105766.1",56054919,56054919,18071,"CM105766.1",55781170,56036847,"gene:ENSBOLG00010000802","SUCLG2","succinate-CoA ligase GDP-forming subunit beta [Ensembl NN prediction with score 100%]","+",55781170,56036847,FALSE,273749,273749,18072,"downstream","intergenic",FALSE,"intergenic"
"CM105774.1",45615852,-6.958555038,3.44e-12,1.01e-05,"CM105774.1",45615852,45615852,62091,"CM105774.1",45495826,45553760,"gene:ENSBOLG00010007819","HTR2A","5-hydroxytryptamine receptor 2A [Ensembl NN prediction with score 100%]","-",45553760,45495826,FALSE,62092,62092,120026,"upstream","intergenic",FALSE,"intergenic"
"CM105787.1",28483189,-6.956429033,3.49e-12,1.01e-05,"CM105787.1",28483189,28483189,27118,"CM105787.1",28510308,28581733,"gene:ENSBOLG00010010025","TJP1","tight junction protein 1 [Ensembl NN prediction with score 100%]","-",28581733,28510308,FALSE,98544,98544,27119,"downstream","intergenic",FALSE,"intergenic"
"CM105788.1",35840055,-6.941364153,3.88e-12,1.06e-05,"CM105788.1",35840055,35840055,17049,"CM105788.1",35857105,35970390,"gene:ENSBOLG00010016767","CREB3L2","cAMP responsive element binding protein 3 like 2 [Ensembl NN prediction with score 100%]","-",35970390,35857105,FALSE,130335,130335,17050,"downstream","intergenic",FALSE,"intergenic"
"CM105766.1",99830655,-6.886102944,5.73e-12,1.49e-05,"CM105766.1",99830655,99830655,83266,"CM105766.1",99913922,100065925,"gene:ENSBOLG00010012320","ELAVL2","ELAV like RNA binding protein 2 [Ensembl NN prediction with score 100%]","+",99913922,100065925,FALSE,83267,83267,235270,"upstream","intergenic",FALSE,"intergenic"
"CM105777.1",25487546,-6.875252293,6.19e-12,1.52e-05,"CM105777.1",25487546,25487546,84488,"CM105777.1",25572035,25585122,"gene:ENSBOLG00010017061","Spink10","serine peptidase inhibitor, Kazal type 10 [Ensembl NN prediction with score 78.7%]","-",25585122,25572035,FALSE,97576,97576,84489,"downstream","intergenic",FALSE,"intergenic"
"CM105766.1",98968140,-6.780212493,1.2e-11,2.81e-05,"CM105766.1",98968140,98968140,294600,"CM105766.1",99262741,99265039,"gene:ENSBOLG00010012308","IZUMO3","IZUMO family member 3 [Ensembl NN prediction with score 100%]","+",99262741,99265039,FALSE,294601,294601,296899,"upstream","intergenic",FALSE,"intergenic"
"CM105774.1",41552993,-6.741492342,1.57e-11,3.35e-05,"CM105774.1",41552993,41552993,0,"CM105774.1",41407602,41569572,"gene:ENSBOLG00010011684","DGKH","diacylglycerol kinase eta [Ensembl NN prediction with score 100%]","+",41407602,41569572,TRUE,145391,145391,16579,"overlapping","gene_body",FALSE,"intron"
"CM105778.1",69239711,-6.742290082,1.56e-11,3.35e-05,"CM105778.1",69239711,69239711,0,"CM105778.1",69027538,69569107,"gene:ENSBOLG00010005410","ADGRV1","adhesion G protein-coupled receptor V1 [Ensembl NN prediction with score 100%]","+",69027538,69569107,TRUE,212173,212173,329396,"overlapping","gene_body",FALSE,"intron"
"CM105769.1",27910499,-6.735258781,1.64e-11,3.36e-05,"CM105769.1",27910499,27910499,0,"CM105769.1",27668563,28498988,"gene:ENSBOLG00010021022","CACNA2D3","calcium voltage-gated channel auxiliary subunit alpha2delta 3 [Ensembl NN prediction with score 100%]","+",27668563,28498988,TRUE,241936,241936,588489,"overlapping","gene_body",FALSE,"intron"
"CM105770.1",42863952,-6.723764194,1.77e-11,3.49e-05,"CM105770.1",42863952,42863952,11316,"CM105770.1",42717810,42852635,"gene:ENSBOLG00010013532","SLC2A9","solute carrier family 2 member 9 [Ensembl NN prediction with score 100%]","-",42852635,42717810,FALSE,11317,11317,146142,"upstream","intergenic",FALSE,"intergenic"
"CM105767.1",8709544,6.698839652,2.1e-11,3.98e-05,"CM105767.1",8709544,8709544,181427,"CM105767.1",8353803,8528116,"gene:ENSBOLG00010003046","GADL1","glutamate decarboxylase like 1 [Ensembl NN prediction with score 99.99%]","-",8528116,8353803,FALSE,181428,181428,355741,"upstream","intergenic",FALSE,"intergenic"
"CM105778.1",64570083,6.692731932,2.19e-11,3.99e-05,"CM105778.1",64570083,64570083,423058,"CM105778.1",64993142,64994295,"gene:ENSBOLG00010005532","COX7C","cytochrome c oxidase subunit 7C [Ensembl NN prediction with score 100%]","+",64993142,64994295,FALSE,423059,423059,424212,"upstream","intergenic",FALSE,"intergenic"
"CM105770.1",30683866,6.679959604,2.39e-11,4.06e-05,"CM105770.1",30683866,30683866,0,"CM105770.1",30520426,30933684,"gene:ENSBOLG00010003769","ABCA13","ATP binding cassette subfamily A member 13 [Ensembl NN prediction with score 100%]","-",30933684,30520426,TRUE,249818,249818,163440,"overlapping","gene_body",FALSE,"intron"
"CM105782.1",47955857,-6.683512148,2.33e-11,4.06e-05,"CM105782.1",47955857,47955857,0,"CM105782.1",47228083,48130182,"gene:ENSBOLG00010015910","WWOX","WW domain containing oxidoreductase [Ensembl NN prediction with score 100%]","+",47228083,48130182,TRUE,727774,727774,174325,"overlapping","gene_body",FALSE,"intron"
"CM105783.1",30763419,-6.65450771,2.84e-11,4.66e-05,"CM105783.1",30763419,30763419,0,"CM105783.1",30611092,30785016,"gene:ENSBOLG00010006921","ZFAT","zinc finger and AT-hook domain containing [Ensembl NN prediction with score 100%]","-",30785016,30611092,TRUE,21597,21597,152327,"overlapping","gene_body",FALSE,"intron"
"CM105764.1",33215661,-6.613755683,3.75e-11,5.94e-05,"CM105764.1",33215661,33215661,208162,"CM105764.1",32714038,33007498,"gene:ENSBOLG00010001294","CADM2","cell adhesion molecule 2 [Ensembl NN prediction with score 99.99%]","+",32714038,33007498,FALSE,501623,501623,208163,"downstream","intergenic",FALSE,"intergenic"
"CM105776.1",16408507,-6.604620859,3.99e-11,5.94e-05,"CM105776.1",16408507,16408507,150109,"CM105776.1",16558617,16579930,"gene:ENSBOLG00010013871","TPMT","thiopurine S-methyltransferase [Ensembl NN prediction with score 99.97%]","+",16558617,16579930,FALSE,150110,150110,171423,"upstream","intergenic",FALSE,"intergenic"
"CM105782.1",14972634,6.607022757,3.92e-11,5.94e-05,"CM105782.1",14972634,14972634,25803,"CM105782.1",14998438,15110162,"gene:ENSBOLG00010016404","GAB1","GRB2 associated binding protein 1 [Ensembl NN prediction with score 100%]","+",14998438,15110162,FALSE,25804,25804,137528,"upstream","intergenic",FALSE,"intergenic"
"CM105764.1",32721945,6.579600059,4.72e-11,6.63e-05,"CM105764.1",32721945,32721945,0,"CM105764.1",32714038,33007498,"gene:ENSBOLG00010001294","CADM2","cell adhesion molecule 2 [Ensembl NN prediction with score 99.99%]","+",32714038,33007498,TRUE,7907,7907,285553,"overlapping","gene_body",FALSE,"intron"
"CM105764.1",33204233,-6.582137697,4.64e-11,6.63e-05,"CM105764.1",33204233,33204233,196734,"CM105764.1",32714038,33007498,"gene:ENSBOLG00010001294","CADM2","cell adhesion molecule 2 [Ensembl NN prediction with score 99.99%]","+",32714038,33007498,FALSE,490195,490195,196735,"downstream","intergenic",FALSE,"intergenic"
"CM105770.1",30685118,6.56067326,5.36e-11,7.12e-05,"CM105770.1",30685118,30685118,0,"CM105770.1",30520426,30933684,"gene:ENSBOLG00010003769","ABCA13","ATP binding cassette subfamily A member 13 [Ensembl NN prediction with score 100%]","-",30933684,30520426,TRUE,248566,248566,164692,"overlapping","gene_body",FALSE,"intron"
"CM105778.1",69479995,6.562713628,5.28e-11,7.12e-05,"CM105778.1",69479995,69479995,0,"CM105778.1",69027538,69569107,"gene:ENSBOLG00010005410","ADGRV1","adhesion G protein-coupled receptor V1 [Ensembl NN prediction with score 100%]","+",69027538,69569107,TRUE,452457,452457,89112,"overlapping","gene_body",FALSE,"intron"
"CM105764.1",33218050,-6.540565716,6.13e-11,7.73e-05,"CM105764.1",33218050,33218050,210551,"CM105764.1",32714038,33007498,"gene:ENSBOLG00010001294","CADM2","cell adhesion molecule 2 [Ensembl NN prediction with score 99.99%]","+",32714038,33007498,FALSE,504012,504012,210552,"downstream","intergenic",FALSE,"intergenic"
"CM105775.1",1635576,-6.544329666,5.98e-11,7.73e-05,"CM105775.1",1635576,1635576,0,"CM105775.1",1375558,2106593,"gene:ENSBOLG00010021380","ptprn2","protein tyrosine phosphatase receptor type N2 [Ensembl NN prediction with score 100%]","-",2106593,1375558,TRUE,471017,471017,260018,"overlapping","gene_body",FALSE,"intron"
"CM105777.1",25483952,-6.531858995,6.5e-11,7.99e-05,"CM105777.1",25483952,25483952,88082,"CM105777.1",25572035,25585122,"gene:ENSBOLG00010017061","Spink10","serine peptidase inhibitor, Kazal type 10 [Ensembl NN prediction with score 78.7%]","-",25585122,25572035,FALSE,101170,101170,88083,"downstream","intergenic",FALSE,"intergenic"
"CM105766.1",9060914,-6.512084183,7.41e-11,8.87e-05,"CM105766.1",9060914,9060914,59677,"CM105766.1",9120592,9185234,"gene:ENSBOLG00010002930","ETNK1","ethanolamine kinase 1 [Ensembl NN prediction with score 100%]","-",9185234,9120592,FALSE,124320,124320,59678,"downstream","intergenic",FALSE,"intergenic"
"CM105767.1",107516256,-6.508817162,7.57e-11,8.87e-05,"CM105767.1",107516256,107516256,0,"CM105767.1",107512112,107517941,"gene:ENSBOLG00010001929",NA,NA,"+",107512112,107517941,TRUE,4144,4144,1685,"overlapping","gene_body",FALSE,"intron"
"CM105779.1",42403930,-6.48728909,8.74e-11,0.000100017,"CM105779.1",42403930,42403930,0,"CM105779.1",42382718,42415234,"gene:ENSBOLG00010012490",NA,NA,"+",42382718,42415234,TRUE,21212,21212,11304,"overlapping","gene_body",FALSE,"intron"
"CM105776.1",52003546,6.445712545,1.15e-10,0.000128684,"CM105776.1",52003546,52003546,451053,"CM105776.1",51018473,51552492,"gene:ENSBOLG00010008511","ADARB2","adenosine deaminase RNA specific B2 (inactive) [Ensembl NN prediction with score 100%]","-",51552492,51018473,FALSE,451054,451054,985073,"upstream","intergenic",FALSE,"intergenic"
"CM105787.1",28483179,-6.441422451,1.18e-10,0.000129434,"CM105787.1",28483179,28483179,27128,"CM105787.1",28510308,28581733,"gene:ENSBOLG00010010025","TJP1","tight junction protein 1 [Ensembl NN prediction with score 100%]","-",28581733,28510308,FALSE,98554,98554,27129,"downstream","intergenic",FALSE,"intergenic"
"CM105784.1",33568024,-6.434615285,1.24e-10,0.000132426,"CM105784.1",33568024,33568024,0,"CM105784.1",33377747,33576424,"gene:ENSBOLG00010006218","LHFPL6","LHFPL tetraspan subfamily member 6 [Ensembl NN prediction with score 99.12%]","-",33576424,33377747,TRUE,8400,8400,190277,"overlapping","gene_body",FALSE,"intron"
"CM105778.1",69478647,6.418102795,1.38e-10,0.000144473,"CM105778.1",69478647,69478647,0,"CM105778.1",69027538,69569107,"gene:ENSBOLG00010005410","ADGRV1","adhesion G protein-coupled receptor V1 [Ensembl NN prediction with score 100%]","+",69027538,69569107,TRUE,451109,451109,90460,"overlapping","gene_body",FALSE,"intron"
"CM105790.1",1605702,-6.393588447,1.62e-10,0.000166124,"CM105790.1",1605702,1605702,0,"CM105790.1",1483393,1931051,"gene:ENSBOLG00010004600","RELN","reelin [Ensembl NN prediction with score 100%]","+",1483393,1931051,TRUE,122309,122309,325349,"overlapping","gene_body",FALSE,"intron"
"CM105764.1",123709787,6.38800589,1.68e-10,0.000168785,"CM105764.1",123709787,123709787,305165,"CM105764.1",124014953,124015630,"gene:ENSBOLG00010003227","CT55","cancer/testis antigen 55 [Ensembl NN prediction with score 83.38%]","+",124014953,124015630,FALSE,305166,305166,305843,"upstream","intergenic",FALSE,"intergenic"
"CM105768.1",9874828,6.363011214,1.98e-10,0.000174315,"CM105768.1",9874828,9874828,142175,"CM105768.1",10017004,10023109,"gene:ENSBOLG00010002447","NPY","neuropeptide Y [Ensembl NN prediction with score 100%]","+",10017004,10023109,FALSE,142176,142176,148281,"upstream","intergenic",FALSE,"intergenic"
"CM105770.1",11438735,6.362601379,1.98e-10,0.000174315,"CM105770.1",11438735,11438735,0,"CM105770.1",11385095,11636865,"gene:ENSBOLG00010000486","EML6","EMAP like 6 [Ensembl NN prediction with score 100%]","+",11385095,11636865,TRUE,53640,53640,198130,"overlapping","gene_body",FALSE,"intron"
"CM105776.1",52074311,6.376340717,1.81e-10,0.000174315,"CM105776.1",52074311,52074311,521818,"CM105776.1",51018473,51552492,"gene:ENSBOLG00010008511","ADARB2","adenosine deaminase RNA specific B2 (inactive) [Ensembl NN prediction with score 100%]","-",51552492,51018473,FALSE,521819,521819,1055838,"upstream","intergenic",FALSE,"intergenic"
"CM105780.1",5269801,-6.368881385,1.9e-10,0.000174315,"CM105780.1",5269801,5269801,226501,"CM105780.1",5024298,5043299,"gene:ENSBOLG00010007277","TRIQK","triple QxxK/R motif containing [Ensembl NN prediction with score 100%]","-",5043299,5024298,FALSE,226502,226502,245503,"upstream","intergenic",FALSE,"intergenic"
"CM105781.1",32661885,-6.367950899,1.92e-10,0.000174315,"CM105781.1",32661885,32661885,295179,"CM105781.1",32364985,32366705,"gene:ENSBOLG00010007567","pgk1","phosphoglycerate kinase 1 [Ensembl NN prediction with score 99.98%]","+",32364985,32366705,FALSE,296900,296900,295180,"downstream","intergenic",FALSE,"intergenic"
"CM105786.1",23337452,6.367250911,1.92e-10,0.000174315,"CM105786.1",23337452,23337452,159897,"CM105786.1",22985712,23177554,"gene:ENSBOLG00010007440","NRG1","neuregulin 1 [Ensembl NN prediction with score 100%]","-",23177554,22985712,FALSE,159898,159898,351740,"upstream","intergenic",FALSE,"intergenic"
"CM105788.1",35842575,-6.36567307,1.94e-10,0.000174315,"CM105788.1",35842575,35842575,14529,"CM105788.1",35857105,35970390,"gene:ENSBOLG00010016767","CREB3L2","cAMP responsive element binding protein 3 like 2 [Ensembl NN prediction with score 100%]","-",35970390,35857105,FALSE,127815,127815,14530,"downstream","intergenic",FALSE,"intergenic"
"CM105774.1",39178044,-6.353455647,2.11e-10,0.000177051,"CM105774.1",39178044,39178044,1007792,"CM105774.1",40185837,40206964,"gene:ENSBOLG00010011783","OLFM4","olfactomedin 4 [Ensembl NN prediction with score 99.99%]","-",40206964,40185837,FALSE,1028920,1028920,1007793,"downstream","intergenic",FALSE,"intergenic"
"CM105776.1",42821685,6.354395236,2.09e-10,0.000177051,"CM105776.1",42821685,42821685,0,"CM105776.1",42788785,43275905,"gene:ENSBOLG00010008384","POU6F2","POU class 6 homeobox 2 [Ensembl NN prediction with score 100%]","+",42788785,43275905,TRUE,32900,32900,454220,"overlapping","gene_body",FALSE,"intron"
"CM105784.1",16600804,6.352189335,2.12e-10,0.000177051,"CM105784.1",16600804,16600804,0,"CM105784.1",16588666,16647122,"gene:ENSBOLG00010013373","BCHE","butyrylcholinesterase [Ensembl NN prediction with score 100%]","+",16588666,16647122,TRUE,12138,12138,46318,"overlapping","gene_body",FALSE,"intron"
"CM105770.1",30681077,6.348626674,2.17e-10,0.00017818,"CM105770.1",30681077,30681077,0,"CM105770.1",30520426,30933684,"gene:ENSBOLG00010003769","ABCA13","ATP binding cassette subfamily A member 13 [Ensembl NN prediction with score 100%]","-",30933684,30520426,TRUE,252607,252607,160651,"overlapping","gene_body",FALSE,"intron"
"CM105775.1",44729706,-6.343474186,2.25e-10,0.000181225,"CM105775.1",44729706,44729706,78628,"CM105775.1",44808335,45056049,"gene:ENSBOLG00010012342","SYT16","synaptotagmin 16 [Ensembl NN prediction with score 100%]","-",45056049,44808335,FALSE,326343,326343,78629,"downstream","intergenic",FALSE,"intergenic"
"CM105771.1",81613908,-6.334335791,2.38e-10,0.00018618,"CM105771.1",81613908,81613908,11481,"CM105771.1",81518318,81602426,"gene:ENSBOLG00010019562","NPEPPS","aminopeptidase puromycin sensitive [Ensembl NN prediction with score 100%]","-",81602426,81518318,FALSE,11482,11482,95590,"upstream","intergenic",FALSE,"intergenic"
"CM105776.1",49461754,-6.334739136,2.38e-10,0.00018618,"CM105776.1",49461754,49461754,484045,"CM105776.1",48975842,48977708,"gene:ENSBOLG00010008665","YWHAQ","tyrosine 3-monooxygenase/tryptophan 5-monooxygenase activation protein theta [Ensembl NN prediction with score 100%]","-",48977708,48975842,FALSE,484046,484046,485912,"upstream","intergenic",FALSE,"intergenic"
"CM105776.1",79455587,-6.331917655,2.42e-10,0.00018618,"CM105776.1",79455587,79455587,579993,"CM105776.1",78805861,78875593,"gene:ENSBOLG00010012347","WAC","WW domain containing adaptor with coiled-coil [Ensembl NN prediction with score 100%]","+",78805861,78875593,FALSE,649726,649726,579994,"downstream","intergenic",FALSE,"intergenic"
"CM105770.1",11438730,6.32262574,2.57e-10,0.000194689,"CM105770.1",11438730,11438730,0,"CM105770.1",11385095,11636865,"gene:ENSBOLG00010000486","EML6","EMAP like 6 [Ensembl NN prediction with score 100%]","+",11385095,11636865,TRUE,53635,53635,198135,"overlapping","gene_body",FALSE,"intron"
"CM105780.1",54863967,6.300493001,2.97e-10,0.000221224,"CM105780.1",54863967,54863967,280207,"CM105780.1",55144175,55170248,"gene:ENSBOLG00010007966","ARMC1","armadillo repeat containing 1 [Ensembl NN prediction with score 100%]","-",55170248,55144175,FALSE,306281,306281,280208,"downstream","intergenic",FALSE,"intergenic"
"CM105764.1",15525537,-6.297399408,3.03e-10,0.000221308,"CM105764.1",15525537,15525537,387770,"CM105764.1",15120236,15137766,"gene:ENSBOLG00010005698","MRPL39","mitochondrial ribosomal protein L39 [Ensembl NN prediction with score 100%]","+",15120236,15137766,FALSE,405301,405301,387771,"downstream","intergenic",FALSE,"intergenic"
"CM105768.1",83952367,6.295806018,3.06e-10,0.000221308,"CM105768.1",83952367,83952367,13091,"CM105768.1",83965459,83966651,"gene:ENSBOLG00010021674","TMSB10","thymosin beta 10 [Ensembl NN prediction with score 99.98%]","-",83966651,83965459,FALSE,14284,14284,13092,"downstream","intergenic",FALSE,"intergenic"
"CM105766.1",30786959,-6.284355823,3.29e-10,0.000231442,"CM105766.1",30786959,30786959,43109,"CM105766.1",30830069,30849307,"gene:ENSBOLG00010016919",NA,NA,"+",30830069,30849307,FALSE,43110,43110,62348,"upstream","intergenic",FALSE,"intergenic"
"CM105787.1",55983616,6.285469607,3.27e-10,0.000231442,"CM105787.1",55983616,55983616,134900,"CM105787.1",56118517,56588174,"gene:ENSBOLG00010009467","TENM4","teneurin transmembrane protein 4 [Ensembl NN prediction with score 100%]","+",56118517,56588174,FALSE,134901,134901,604558,"upstream","intergenic",FALSE,"intergenic"
"CM105768.1",38674626,6.269558758,3.62e-10,0.000250955,"CM105768.1",38674626,38674626,0,"CM105768.1",38661509,38716334,"gene:ENSBOLG00010002666","KCNK12","potassium two pore domain channel subfamily K member 12 [Ensembl NN prediction with score 100%]","-",38716334,38661509,TRUE,41708,41708,13117,"overlapping","gene_body",FALSE,"intron"
"CM105776.1",59683706,-6.264683515,3.74e-10,0.000255337,"CM105776.1",59683706,59683706,895305,"CM105776.1",58768619,58788400,"gene:ENSBOLG00010014882","GATA3","GATA binding protein 3 [Ensembl NN prediction with score 100%]","+",58768619,58788400,FALSE,915087,915087,895306,"downstream","intergenic",FALSE,"intergenic"
"CM105764.1",115886147,6.257470002,3.91e-10,0.000263764,"CM105764.1",115886147,115886147,260043,"CM105764.1",116146191,117237516,"gene:ENSBOLG00010003108","AUTS2","activator of transcription and developmental regulator AUTS2 [Ensembl NN prediction with score 99.99%]","+",116146191,117237516,FALSE,260044,260044,1351369,"upstream","intergenic",FALSE,"intergenic"
"CM105786.1",22652990,-6.248979689,4.13e-10,0.000274743,"CM105786.1",22652990,22652990,132271,"CM105786.1",22455467,22520718,"gene:ENSBOLG00010007421","FUT10","fucosyltransferase 10 [Ensembl NN prediction with score 100%]","+",22455467,22520718,FALSE,197523,197523,132272,"downstream","intergenic",FALSE,"intergenic"
"CM105765.1",106568103,-6.232382785,4.59e-10,0.000301427,"CM105765.1",106568103,106568103,84557,"CM105765.1",106483010,106483545,"gene:ENSBOLG00010017377","rpl28","ribosomal protein L28 [Ensembl NN prediction with score 100%]","-",106483545,106483010,FALSE,84558,84558,85093,"upstream","intergenic",FALSE,"intergenic"
"CM105790.1",34673266,6.224827016,4.82e-10,0.000312155,"CM105790.1",34673266,34673266,0,"CM105790.1",34596701,34853446,"gene:ENSBOLG00010010044","TMEFF2","transmembrane protein with EGF like and two follistatin like domains 2 [Ensembl NN prediction with score 100%]","-",34853446,34596701,TRUE,180180,180180,76565,"overlapping","gene_body",FALSE,"intron"
"CM105764.1",32219727,-6.215433197,5.12e-10,0.00031883,"CM105764.1",32219727,32219727,494310,"CM105764.1",32714038,33007498,"gene:ENSBOLG00010001294","CADM2","cell adhesion molecule 2 [Ensembl NN prediction with score 99.99%]","+",32714038,33007498,FALSE,494311,494311,787771,"upstream","intergenic",FALSE,"intergenic"
"CM105765.1",45047455,-6.217777005,5.04e-10,0.00031883,"CM105765.1",45047455,45047455,26319,"CM105765.1",45073775,45135547,"gene:ENSBOLG00010007477","URI1","URI1 prefoldin like chaperone [Ensembl NN prediction with score 100%]","+",45073775,45135547,FALSE,26320,26320,88092,"upstream","intergenic",FALSE,"intergenic"
"CM105766.1",86851758,-6.215752603,5.11e-10,0.00031883,"CM105766.1",86851758,86851758,36442,"CM105766.1",86888201,86964241,"gene:ENSBOLG00010019104","plpp3","phospholipid phosphatase 3 [Ensembl NN prediction with score 100%]","-",86964241,86888201,FALSE,112483,112483,36443,"downstream","intergenic",FALSE,"intergenic"
"CM105772.1",21526829,-6.207973243,5.37e-10,0.000330156,"CM105772.1",21526829,21526829,0,"CM105772.1",21482878,21565440,"gene:ENSBOLG00010011012","ENTPD1","ectonucleoside triphosphate diphosphohydrolase 1 [Ensembl NN prediction with score 100%]","-",21565440,21482878,TRUE,38611,38611,43951,"overlapping","gene_body",FALSE,"intron"
"CM105783.1",16595079,-6.185639912,6.19e-10,0.000375769,"CM105783.1",16595079,16595079,28192,"CM105783.1",16623272,16638054,"gene:ENSBOLG00010013383","MED30","mediator complex subunit 30 [Ensembl NN prediction with score 100%]","+",16623272,16638054,FALSE,28193,28193,42975,"upstream","intergenic",FALSE,"intergenic"
"CM105789.1",25040896,-6.174234699,6.65e-10,0.000398994,"CM105789.1",25040896,25040896,36453,"CM105789.1",25077350,25117150,"gene:ENSBOLG00010009752","E2F7","E2F transcription factor 7 [Ensembl NN prediction with score 100%]","+",25077350,25117150,FALSE,36454,36454,76254,"upstream","intergenic",FALSE,"intergenic"
"CM105769.1",45257641,-6.166732764,6.97e-10,0.000413342,"CM105769.1",45257641,45257641,56526,"CM105769.1",45314168,45370126,"gene:ENSBOLG00010000355","UBE2E1","ubiquitin conjugating enzyme E2 E1 [Ensembl NN prediction with score 100%]","+",45314168,45370126,FALSE,56527,56527,112485,"upstream","intergenic",FALSE,"intergenic"
"CM105770.1",42868646,-6.16312582,7.13e-10,0.000417838,"CM105770.1",42868646,42868646,16010,"CM105770.1",42717810,42852635,"gene:ENSBOLG00010013532","SLC2A9","solute carrier family 2 member 9 [Ensembl NN prediction with score 100%]","-",42852635,42717810,FALSE,16011,16011,150836,"upstream","intergenic",FALSE,"intergenic"
"CM105766.1",86853464,-6.123886574,9.13e-10,0.000528695,"CM105766.1",86853464,86853464,34736,"CM105766.1",86888201,86964241,"gene:ENSBOLG00010019104","plpp3","phospholipid phosphatase 3 [Ensembl NN prediction with score 100%]","-",86964241,86888201,FALSE,110777,110777,34737,"downstream","intergenic",FALSE,"intergenic"
"CM105770.1",96778112,-6.115008127,9.66e-10,0.000552486,"CM105770.1",96778112,96778112,31961,"CM105770.1",96685622,96746150,"gene:ENSBOLG00010002022","MRPL1","mitochondrial ribosomal protein L1 [Ensembl NN prediction with score 100%]","+",96685622,96746150,FALSE,92490,92490,31962,"downstream","intergenic",FALSE,"intergenic"
"CM105764.1",29948155,-6.101403238,1.05e-09,0.000587962,"CM105764.1",29948155,29948155,189113,"CM105764.1",29758052,29759041,"gene:ENSBOLG00010000111","PRKAG1","protein kinase AMP-activated non-catalytic subunit gamma 1 [Ensembl NN prediction with score 99.97%]","-",29759041,29758052,FALSE,189114,189114,190103,"upstream","intergenic",FALSE,"intergenic"
"CM105778.1",69487462,-6.10304743,1.04e-09,0.000587962,"CM105778.1",69487462,69487462,0,"CM105778.1",69027538,69569107,"gene:ENSBOLG00010005410","ADGRV1","adhesion G protein-coupled receptor V1 [Ensembl NN prediction with score 100%]","+",69027538,69569107,TRUE,459924,459924,81645,"overlapping","gene_body",FALSE,"intron"
"CM105768.1",57984099,-6.097469699,1.08e-09,0.000595838,"CM105768.1",57984099,57984099,118397,"CM105768.1",57858634,57865701,"gene:ENSBOLG00010000740","RAD51AP2","RAD51 associated protein 2 [Ensembl NN prediction with score 100%]","+",57858634,57865701,FALSE,125465,125465,118398,"downstream","intergenic",FALSE,"intergenic"
"CM105769.1",44585730,6.094175326,1.1e-09,0.000601479,"CM105769.1",44585730,44585730,50625,"CM105769.1",44636356,44636992,"gene:ENSBOLG00010000378","rpl29","ribosomal protein L29 [Ensembl NN prediction with score 98%]","+",44636356,44636992,FALSE,50626,50626,51262,"upstream","intergenic",FALSE,"intergenic"
"CM105765.1",98744873,6.084081613,1.17e-09,0.000632857,"CM105765.1",98744873,98744873,21222,"CM105765.1",98766096,98790789,"gene:ENSBOLG00010011552","HSF2","heat shock transcription factor 2 [Ensembl NN prediction with score 100%]","+",98766096,98790789,FALSE,21223,21223,45916,"upstream","intergenic",FALSE,"intergenic"
"CM105784.1",45542300,6.082512583,1.18e-09,0.000632857,"CM105784.1",45542300,45542300,221093,"CM105784.1",45763394,45897585,"gene:ENSBOLG00010007891","FAT4","FAT atypical cadherin 4 [Ensembl NN prediction with score 100%]","-",45897585,45763394,FALSE,355285,355285,221094,"downstream","intergenic",FALSE,"intergenic"
"CM105764.1",33218051,-6.069092899,1.29e-09,0.000662151,"CM105764.1",33218051,33218051,210552,"CM105764.1",32714038,33007498,"gene:ENSBOLG00010001294","CADM2","cell adhesion molecule 2 [Ensembl NN prediction with score 99.99%]","+",32714038,33007498,FALSE,504013,504013,210553,"downstream","intergenic",FALSE,"intergenic"
"CM105764.1",115836915,6.068422859,1.29e-09,0.000662151,"CM105764.1",115836915,115836915,309275,"CM105764.1",116146191,117237516,"gene:ENSBOLG00010003108","AUTS2","activator of transcription and developmental regulator AUTS2 [Ensembl NN prediction with score 99.99%]","+",116146191,117237516,FALSE,309276,309276,1400601,"upstream","intergenic",FALSE,"intergenic"
"CM105768.1",5188702,-6.071326486,1.27e-09,0.000662151,"CM105768.1",5188702,5188702,0,"CM105768.1",4946801,5820396,"gene:ENSBOLG00010002792","DPP6","dipeptidyl peptidase like 6 [Ensembl NN prediction with score 100%]","-",5820396,4946801,TRUE,631694,631694,241901,"overlapping","gene_body",FALSE,"intron"
"CM105780.1",27669560,-6.071952746,1.26e-09,0.000662151,"CM105780.1",27669560,27669560,37782,"CM105780.1",27707343,27715646,"gene:ENSBOLG00010012579",NA,NA,"-",27715646,27707343,FALSE,46086,46086,37783,"downstream","intergenic",FALSE,"intergenic"
"CM105770.1",17494257,-6.062383792,1.34e-09,0.000673476,"CM105770.1",17494257,17494257,60978,"CM105770.1",17555236,17587018,"gene:ENSBOLG00010000468","PAPOLG","poly(A) polymerase gamma [Ensembl NN prediction with score 100%]","+",17555236,17587018,FALSE,60979,60979,92761,"upstream","intergenic",FALSE,"intergenic"
"CM105786.1",47578179,6.063555872,1.33e-09,0.000673476,"CM105786.1",47578179,47578179,27040,"CM105786.1",46448900,47551138,"gene:ENSBOLG00010006230","GALNTL6","polypeptide N-acetylgalactosaminyltransferase like 6 [Ensembl NN prediction with score 100%]","-",47551138,46448900,FALSE,27041,27041,1129279,"upstream","intergenic",FALSE,"intergenic"
"CM105777.1",47755267,6.057076128,1.39e-09,0.000689038,"CM105777.1",47755267,47755267,0,"CM105777.1",47667978,47788451,"gene:ENSBOLG00010009950","NR3C1","nuclear receptor subfamily 3 group C member 1 [Ensembl NN prediction with score 100%]","+",47667978,47788451,TRUE,87289,87289,33184,"overlapping","gene_body",FALSE,"intron"
"CM105764.1",33197154,-6.034932819,1.59e-09,0.00078259,"CM105764.1",33197154,33197154,189655,"CM105764.1",32714038,33007498,"gene:ENSBOLG00010001294","CADM2","cell adhesion molecule 2 [Ensembl NN prediction with score 99.99%]","+",32714038,33007498,FALSE,483116,483116,189656,"downstream","intergenic",FALSE,"intergenic"
"CM105764.1",22325778,6.023820612,1.7e-09,0.000821851,"CM105764.1",22325778,22325778,415735,"CM105764.1",22741514,22849557,"gene:ENSBOLG00010000097","USP25","ubiquitin specific peptidase 25 [Ensembl NN prediction with score 100%]","-",22849557,22741514,FALSE,523779,523779,415736,"downstream","intergenic",FALSE,"intergenic"
"CM105786.1",22658527,-6.023978756,1.7e-09,0.000821851,"CM105786.1",22658527,22658527,137808,"CM105786.1",22455467,22520718,"gene:ENSBOLG00010007421","FUT10","fucosyltransferase 10 [Ensembl NN prediction with score 100%]","+",22455467,22520718,FALSE,203060,203060,137809,"downstream","intergenic",FALSE,"intergenic"
"CM105769.1",45244011,-6.001020466,1.96e-09,0.000927815,"CM105769.1",45244011,45244011,70156,"CM105769.1",45314168,45370126,"gene:ENSBOLG00010000355","UBE2E1","ubiquitin conjugating enzyme E2 E1 [Ensembl NN prediction with score 100%]","+",45314168,45370126,FALSE,70157,70157,126115,"upstream","intergenic",FALSE,"intergenic"
"CM105778.1",73716078,6.001724246,1.95e-09,0.000927815,"CM105778.1",73716078,73716078,0,"CM105778.1",73269078,73858075,"gene:ENSBOLG00010005480","MCTP1","multiple C2 and transmembrane domain containing 1 [Ensembl NN prediction with score 100%]","-",73858075,73269078,TRUE,141997,141997,447000,"overlapping","gene_body",FALSE,"intron"
"CM105780.1",54307243,-5.980099897,2.23e-09,0.001045143,"CM105780.1",54307243,54307243,0,"CM105780.1",54165333,54345120,"gene:ENSBOLG00010008011","CYP7B1","cytochrome P450 family 7 subfamily B member 1 [Ensembl NN prediction with score 99.88%]","-",54345120,54165333,TRUE,37877,37877,141910,"overlapping","gene_body",FALSE,"intron"
"CM105772.1",19620691,-5.977289135,2.27e-09,0.001046507,"CM105772.1",19620691,19620691,0,"CM105772.1",19575382,19660242,"gene:ENSBOLG00010018813","R3HCC1L","R3H domain and coiled-coil containing 1 like [Ensembl NN prediction with score 99.99%]","-",19660242,19575382,TRUE,39551,39551,45309,"overlapping","gene_body",FALSE,"intron"
"CM105775.1",26840509,5.976813027,2.28e-09,0.001046507,"CM105775.1",26840509,26840509,536839,"CM105775.1",26303105,26303669,"gene:ENSBOLG00010013219","COX4I1","cytochrome c oxidase subunit 4I1 [Ensembl NN prediction with score 100%]","+",26303105,26303669,FALSE,537404,537404,536840,"downstream","intergenic",FALSE,"intergenic"
"CM105766.1",86855389,-5.973890647,2.32e-09,0.001055572,"CM105766.1",86855389,86855389,32811,"CM105766.1",86888201,86964241,"gene:ENSBOLG00010019104","plpp3","phospholipid phosphatase 3 [Ensembl NN prediction with score 100%]","-",86964241,86888201,FALSE,108852,108852,32812,"downstream","intergenic",FALSE,"intergenic"
"CM105767.1",103662396,5.971883611,2.35e-09,0.001058839,"CM105767.1",103662396,103662396,3227,"CM105767.1",103591897,103659168,"gene:ENSBOLG00010001663","ANLN","anillin actin binding protein [Ensembl NN prediction with score 100%]","+",103591897,103659168,FALSE,70499,70499,3228,"downstream","intergenic",FALSE,"intergenic"
"CM105774.1",39185983,-5.969803248,2.38e-09,0.00106268,"CM105774.1",39185983,39185983,999853,"CM105774.1",40185837,40206964,"gene:ENSBOLG00010011783","OLFM4","olfactomedin 4 [Ensembl NN prediction with score 99.99%]","-",40206964,40185837,FALSE,1020981,1020981,999854,"downstream","intergenic",FALSE,"intergenic"
"CM105766.1",28697215,-5.967284464,2.41e-09,0.001069486,"CM105766.1",28697215,28697215,14825,"CM105766.1",28712041,28724609,"gene:ENSBOLG00010007926","CLEC4A","C-type lectin domain family 4 member A [Ensembl NN prediction with score 97.45%]","-",28724609,28712041,FALSE,27394,27394,14826,"downstream","intergenic",FALSE,"intergenic"
"CM105784.1",16607121,5.961959415,2.49e-09,0.001095072,"CM105784.1",16607121,16607121,0,"CM105784.1",16588666,16647122,"gene:ENSBOLG00010013373","BCHE","butyrylcholinesterase [Ensembl NN prediction with score 100%]","+",16588666,16647122,TRUE,18455,18455,40001,"overlapping","gene_body",FALSE,"intron"
"CM105767.1",32713558,-5.958149158,2.55e-09,0.001110986,"CM105767.1",32713558,32713558,2671,"CM105767.1",32300773,32710886,"gene:ENSBOLG00010001779","UNC13C","unc-13 homolog C [Ensembl NN prediction with score 100%]","-",32710886,32300773,FALSE,2672,2672,412785,"upstream","intergenic",FALSE,"intergenic"
"CM105777.1",62310062,5.95555355,2.59e-09,0.001118863,"CM105777.1",62310062,62310062,0,"CM105777.1",62266614,62315423,"gene:ENSBOLG00010007997","MOCOS","molybdenum cofactor sulfurase [Ensembl NN prediction with score 100%]","-",62315423,62266614,TRUE,5361,5361,43448,"overlapping","gene_body",FALSE,"intron"
"CM105773.1",29290885,5.951986346,2.65e-09,0.001133587,"CM105773.1",29290885,29290885,0,"CM105773.1",29268911,29474874,"gene:ENSBOLG00010018972","MEIS2","Meis homeobox 2 [Ensembl NN prediction with score 99.99%]","-",29474874,29268911,TRUE,183989,183989,21974,"overlapping","gene_body",FALSE,"intron"
"CM105765.1",97678189,5.950069783,2.68e-09,0.001137054,"CM105765.1",97678189,97678189,0,"CM105765.1",97503939,97709023,"gene:ENSBOLG00010011582","TBC1D32","TBC1 domain family member 32 [Ensembl NN prediction with score 100%]","-",97709023,97503939,TRUE,30834,30834,174250,"overlapping","gene_body",FALSE,"intron"
"CM105766.1",7356692,-5.948559374,2.71e-09,0.001137786,"CM105766.1",7356692,7356692,58477,"CM105766.1",7224164,7298214,"gene:ENSBOLG00010002764","BCAT1","branched chain amino acid transaminase 1 [Ensembl NN prediction with score 99.9%]","+",7224164,7298214,FALSE,132528,132528,58478,"downstream","intergenic",FALSE,"intergenic"
"CM105767.1",103698025,5.944718498,2.77e-09,0.001147978,"CM105767.1",103698025,103698025,0,"CM105767.1",103686778,103729379,"gene:ENSBOLG00010001683","Zfp810","zinc finger protein 810 [Ensembl NN prediction with score 100%]","+",103686778,103729379,TRUE,11247,11247,31354,"overlapping","gene_body",FALSE,"intron"
"CM105768.1",9854487,5.944323,2.78e-09,0.001147978,"CM105768.1",9854487,9854487,162516,"CM105768.1",10017004,10023109,"gene:ENSBOLG00010002447","NPY","neuropeptide Y [Ensembl NN prediction with score 100%]","+",10017004,10023109,FALSE,162517,162517,168622,"upstream","intergenic",FALSE,"intergenic"
"CM105775.1",62925953,-5.940896369,2.83e-09,0.001162468,"CM105775.1",62925953,62925953,0,"CM105775.1",62922823,63751507,"gene:ENSBOLG00010008123","NPAS3","neuronal PAS domain protein 3 [Ensembl NN prediction with score 100%]","-",63751507,62922823,TRUE,825554,825554,3130,"overlapping","gene_body",TRUE,"exon"
"CM105774.1",31729373,-5.935585623,2.93e-09,0.001190809,"CM105774.1",31729373,31729373,251144,"CM105774.1",31980518,31980712,"gene:ENSBOLG00010003632","NOP10","NOP10 ribonucleoprotein [Ensembl NN prediction with score 100%]","+",31980518,31980712,FALSE,251145,251145,251339,"upstream","intergenic",FALSE,"intergenic"
"CM105770.1",30676827,5.931529788,3e-09,0.001210601,"CM105770.1",30676827,30676827,0,"CM105770.1",30520426,30933684,"gene:ENSBOLG00010003769","ABCA13","ATP binding cassette subfamily A member 13 [Ensembl NN prediction with score 100%]","-",30933684,30520426,TRUE,256857,256857,156401,"overlapping","gene_body",FALSE,"intron"
"CM105777.1",62127769,5.927917358,3.07e-09,0.001227467,"CM105777.1",62127769,62127769,0,"CM105777.1",61839519,62258456,"gene:ENSBOLG00010007853","FHOD3","formin homology 2 domain containing 3 [Ensembl NN prediction with score 99.94%]","-",62258456,61839519,TRUE,130687,130687,288250,"overlapping","gene_body",FALSE,"intron"
"CM105790.1",8567149,5.920625075,3.21e-09,0.001272809,"CM105790.1",8567149,8567149,530558,"CM105790.1",7939963,8036590,"gene:ENSBOLG00010004628","GRM3","glutamate metabotropic receptor 3 [Ensembl NN prediction with score 100%]","-",8036590,7939963,FALSE,530559,530559,627186,"upstream","intergenic",FALSE,"intergenic"
"CM105776.1",49461610,-5.918846747,3.24e-09,0.001276353,"CM105776.1",49461610,49461610,483901,"CM105776.1",48975842,48977708,"gene:ENSBOLG00010008665","YWHAQ","tyrosine 3-monooxygenase/tryptophan 5-monooxygenase activation protein theta [Ensembl NN prediction with score 100%]","-",48977708,48975842,FALSE,483902,483902,485768,"upstream","intergenic",FALSE,"intergenic"
"CM105768.1",84206232,-5.916811935,3.28e-09,0.001281981,"CM105768.1",84206232,84206232,0,"CM105768.1",84017346,84213159,"gene:ENSBOLG00010021843","DNAH6","dynein axonemal heavy chain 6 [Ensembl NN prediction with score 100%]","-",84213159,84017346,TRUE,6927,6927,188886,"overlapping","gene_body",FALSE,"intron"
"CM105775.1",48540056,-5.912759586,3.36e-09,0.001293404,"CM105775.1",48540056,48540056,38654,"CM105775.1",48578711,48587940,"gene:ENSBOLG00010012254","TMX1","thioredoxin related transmembrane protein 1 [Ensembl NN prediction with score 100%]","-",48587940,48578711,FALSE,47884,47884,38655,"downstream","intergenic",FALSE,"intergenic"
"CM105783.1",30686717,-5.913433471,3.35e-09,0.001293404,"CM105783.1",30686717,30686717,0,"CM105783.1",30611092,30785016,"gene:ENSBOLG00010006921","ZFAT","zinc finger and AT-hook domain containing [Ensembl NN prediction with score 100%]","-",30785016,30611092,TRUE,98299,98299,75625,"overlapping","gene_body",FALSE,"intron"
"CM105776.1",49468835,-5.910181128,3.42e-09,0.001303629,"CM105776.1",49468835,49468835,491126,"CM105776.1",48975842,48977708,"gene:ENSBOLG00010008665","YWHAQ","tyrosine 3-monooxygenase/tryptophan 5-monooxygenase activation protein theta [Ensembl NN prediction with score 100%]","-",48977708,48975842,FALSE,491127,491127,492993,"upstream","intergenic",FALSE,"intergenic"
"CM105767.1",25699359,5.908739343,3.45e-09,0.001304973,"CM105767.1",25699359,25699359,0,"CM105767.1",25689338,25711095,"gene:ENSBOLG00010018196","APH1B","aph-1 homolog B, gamma-secretase subunit [Ensembl NN prediction with score 97.46%]","-",25711095,25689338,TRUE,11736,11736,10021,"overlapping","gene_body",FALSE,"intron"
"CM105776.1",52086250,5.898300545,3.67e-09,0.001376879,"CM105776.1",52086250,52086250,533757,"CM105776.1",51018473,51552492,"gene:ENSBOLG00010008511","ADARB2","adenosine deaminase RNA specific B2 (inactive) [Ensembl NN prediction with score 100%]","-",51552492,51018473,FALSE,533758,533758,1067777,"upstream","intergenic",FALSE,"intergenic"
"CM105784.1",16590231,5.897376278,3.69e-09,0.001376879,"CM105784.1",16590231,16590231,0,"CM105784.1",16588666,16647122,"gene:ENSBOLG00010013373","BCHE","butyrylcholinesterase [Ensembl NN prediction with score 100%]","+",16588666,16647122,TRUE,1565,1565,56891,"overlapping","gene_body",FALSE,"intron"
"CM105765.1",14541753,-5.882730964,4.04e-09,0.001400363,"CM105765.1",14541753,14541753,211155,"CM105765.1",14752909,14846819,"gene:ENSBOLG00010000918","PAX3","paired box 3 [Ensembl NN prediction with score 99.99%]","-",14846819,14752909,FALSE,305066,305066,211156,"downstream","intergenic",FALSE,"intergenic"
"CM105765.1",113600281,5.885655362,3.96e-09,0.001400363,"CM105765.1",113600281,113600281,0,"CM105765.1",113497701,113722572,"gene:ENSBOLG00010004383","NHSL1","NHS like 1 [Ensembl NN prediction with score 100%]","-",113722572,113497701,TRUE,122291,122291,102580,"overlapping","gene_body",FALSE,"intron"
"CM105766.1",109435969,-5.88761609,3.92e-09,0.001400363,"CM105766.1",109435969,109435969,294102,"CM105766.1",109730072,109857048,"gene:ENSBOLG00010008431","MPDZ","multiple PDZ domain crumbs cell polarity complex component [Ensembl NN prediction with score 100%]","+",109730072,109857048,FALSE,294103,294103,421079,"upstream","intergenic",FALSE,"intergenic"
"CM105767.1",37673791,-5.883572089,4.02e-09,0.001400363,"CM105767.1",37673791,37673791,0,"CM105767.1",37661634,37700672,"gene:ENSBOLG00010002101","SLC17A5","solute carrier family 17 member 5 [Ensembl NN prediction with score 100%]","-",37700672,37661634,TRUE,26881,26881,12157,"overlapping","gene_body",FALSE,"intron"
"CM105767.1",103699270,5.885848083,3.96e-09,0.001400363,"CM105767.1",103699270,103699270,0,"CM105767.1",103686778,103729379,"gene:ENSBOLG00010001683","Zfp810","zinc finger protein 810 [Ensembl NN prediction with score 100%]","+",103686778,103729379,TRUE,12492,12492,30109,"overlapping","gene_body",FALSE,"intron"
"CM105769.1",93333722,-5.891258609,3.83e-09,0.001400363,"CM105769.1",93333722,93333722,29397,"CM105769.1",93363120,93389270,"gene:ENSBOLG00010015554","APOH","apolipoprotein H [Ensembl NN prediction with score 70.68%]","-",93389270,93363120,FALSE,55548,55548,29398,"downstream","intergenic",FALSE,"intergenic"
"CM105770.1",3551388,-5.881444222,4.07e-09,0.001400363,"CM105770.1",3551388,3551388,54360,"CM105770.1",3474181,3497027,"gene:ENSBOLG00010021031","Zfp873","zinc finger protein 873 [Ensembl NN prediction with score 97.29%]","+",3474181,3497027,FALSE,77207,77207,54361,"downstream","intergenic",FALSE,"intergenic"
"CM105771.1",15577728,5.883112233,4.03e-09,0.001400363,"CM105771.1",15577728,15577728,7129,"CM105771.1",15567471,15570598,"gene:ENSBOLG00010018565","SMIM23","small integral membrane protein 23 [Ensembl NN prediction with score 100%]","-",15570598,15567471,FALSE,7130,7130,10257,"upstream","intergenic",FALSE,"intergenic"
"CM105782.1",49697523,5.881352066,4.07e-09,0.001400363,"CM105782.1",49697523,49697523,4864,"CM105782.1",49675557,49692658,"gene:ENSBOLG00010016055","ATMIN","ATM interactor [Ensembl NN prediction with score 99.98%]","+",49675557,49692658,FALSE,21966,21966,4865,"downstream","intergenic",FALSE,"intergenic"
"CM105783.1",23962955,-5.888355846,3.9e-09,0.001400363,"CM105783.1",23962955,23962955,26800,"CM105783.1",23935222,23936154,"gene:ENSBOLG00010007443","Fam84b","family with sequence similarity 84, member B [Ensembl NN prediction with score 91.77%]","-",23936154,23935222,FALSE,26801,26801,27733,"upstream","intergenic",FALSE,"intergenic"
"CM105788.1",35842697,-5.887787332,3.91e-09,0.001400363,"CM105788.1",35842697,35842697,14407,"CM105788.1",35857105,35970390,"gene:ENSBOLG00010016767","CREB3L2","cAMP responsive element binding protein 3 like 2 [Ensembl NN prediction with score 100%]","-",35970390,35857105,FALSE,127693,127693,14408,"downstream","intergenic",FALSE,"intergenic"
"CM105772.1",73330017,-5.877862279,4.16e-09,0.001420267,"CM105772.1",73330017,73330017,0,"CM105772.1",73301775,73364489,"gene:ENSBOLG00010011985","CSMD1","CUB and Sushi multiple domains 1 [Ensembl NN prediction with score 91.2%]","-",73364489,73301775,TRUE,34472,34472,28242,"overlapping","gene_body",FALSE,"intron"
"CM105766.1",56494679,-5.86748179,4.42e-09,0.001489493,"CM105766.1",56494679,56494679,114157,"CM105766.1",56368930,56380521,"gene:ENSBOLG00010000809","KBTBD8","kelch repeat and BTB domain containing 8 [Ensembl NN prediction with score 100%]","-",56380521,56368930,FALSE,114158,114158,125749,"upstream","intergenic",FALSE,"intergenic"
"CM105771.1",19244388,5.865665174,4.47e-09,0.001489493,"CM105771.1",19244388,19244388,0,"CM105771.1",18710151,19659286,"gene:ENSBOLG00010017956","TENM2","teneurin transmembrane protein 2 [Ensembl NN prediction with score 100%]","-",19659286,18710151,TRUE,414898,414898,534237,"overlapping","gene_body",FALSE,"intron"
"CM105776.1",49445757,-5.865432817,4.48e-09,0.001489493,"CM105776.1",49445757,49445757,468048,"CM105776.1",48975842,48977708,"gene:ENSBOLG00010008665","YWHAQ","tyrosine 3-monooxygenase/tryptophan 5-monooxygenase activation protein theta [Ensembl NN prediction with score 100%]","-",48977708,48975842,FALSE,468049,468049,469915,"upstream","intergenic",FALSE,"intergenic"
"CM105778.1",69493380,5.86625702,4.46e-09,0.001489493,"CM105778.1",69493380,69493380,0,"CM105778.1",69027538,69569107,"gene:ENSBOLG00010005410","ADGRV1","adhesion G protein-coupled receptor V1 [Ensembl NN prediction with score 100%]","+",69027538,69569107,TRUE,465842,465842,75727,"overlapping","gene_body",FALSE,"intron"
"CM105770.1",42864205,-5.863923986,4.52e-09,0.001492633,"CM105770.1",42864205,42864205,11569,"CM105770.1",42717810,42852635,"gene:ENSBOLG00010013532","SLC2A9","solute carrier family 2 member 9 [Ensembl NN prediction with score 100%]","-",42852635,42717810,FALSE,11570,11570,146395,"upstream","intergenic",FALSE,"intergenic"
"CM105770.1",76255883,5.862855911,4.55e-09,0.001492633,"CM105770.1",76255883,76255883,145198,"CM105770.1",76401082,76473247,"gene:ENSBOLG00010001168","USP46","ubiquitin specific peptidase 46 [Ensembl NN prediction with score 99.97%]","-",76473247,76401082,FALSE,217364,217364,145199,"downstream","intergenic",FALSE,"intergenic"
"CM105765.1",45763316,-5.846308109,5.03e-09,0.001637972,"CM105765.1",45763316,45763316,156082,"CM105765.1",45516460,45607233,"gene:ENSBOLG00010007994","Zfp536","zinc finger protein 536 [Ensembl NN prediction with score 99.99%]","+",45516460,45607233,FALSE,246856,246856,156083,"downstream","intergenic",FALSE,"intergenic"
"CM105770.1",3554634,-5.841481881,5.17e-09,0.001654315,"CM105770.1",3554634,3554634,57606,"CM105770.1",3474181,3497027,"gene:ENSBOLG00010021031","Zfp873","zinc finger protein 873 [Ensembl NN prediction with score 97.29%]","+",3474181,3497027,FALSE,80453,80453,57607,"downstream","intergenic",FALSE,"intergenic"
"CM105774.1",75809073,-5.841379707,5.18e-09,0.001654315,"CM105774.1",75809073,75809073,32147,"CM105774.1",75841221,75935396,"gene:ENSBOLG00010013736","ARMH4","armadillo like helical domain containing 4 [Ensembl NN prediction with score 94.34%]","-",75935396,75841221,FALSE,126323,126323,32148,"downstream","intergenic",FALSE,"intergenic"
"CM105784.1",34975320,5.843080541,5.12e-09,0.001654315,"CM105784.1",34975320,34975320,0,"CM105784.1",34551557,34983039,"gene:ENSBOLG00010006256","MAML3","mastermind like transcriptional coactivator 3 [Ensembl NN prediction with score 100%]","+",34551557,34983039,TRUE,423763,423763,7719,"overlapping","gene_body",FALSE,"intron"
"CM105782.1",61130836,-5.835920742,5.35e-09,0.001687492,"CM105782.1",61130836,61130836,212785,"CM105782.1",60403787,60918050,"gene:ENSBOLG00010018838","PARD3","par-3 family cell polarity regulator [Ensembl NN prediction with score 100%]","+",60403787,60918050,FALSE,727049,727049,212786,"downstream","intergenic",FALSE,"intergenic"
"CM105785.1",18087642,5.836947369,5.32e-09,0.001687492,"CM105785.1",18087642,18087642,8162,"CM105785.1",18075995,18079479,"gene:ENSBOLG00010011034",NA,NA,"+",18075995,18079479,FALSE,11647,11647,8163,"downstream","intergenic",FALSE,"intergenic"
"CM105765.1",14772875,5.831478897,5.49e-09,0.001722002,"CM105765.1",14772875,14772875,0,"CM105765.1",14752909,14846819,"gene:ENSBOLG00010000918","PAX3","paired box 3 [Ensembl NN prediction with score 99.99%]","-",14846819,14752909,TRUE,73944,73944,19966,"overlapping","gene_body",FALSE,"intron"
"CM105778.1",69469342,5.822778719,5.79e-09,0.001802639,"CM105778.1",69469342,69469342,0,"CM105778.1",69027538,69569107,"gene:ENSBOLG00010005410","ADGRV1","adhesion G protein-coupled receptor V1 [Ensembl NN prediction with score 100%]","+",69027538,69569107,TRUE,441804,441804,99765,"overlapping","gene_body",FALSE,"intron"
"CM105774.1",29030100,-5.820261815,5.88e-09,0.001805037,"CM105774.1",29030100,29030100,61833,"CM105774.1",28106814,28968266,"gene:ENSBOLG00010003620","PCDH9","protocadherin 9 [Ensembl NN prediction with score 100%]","+",28106814,28968266,FALSE,923286,923286,61834,"downstream","intergenic",FALSE,"intergenic"
"CM105775.1",5809116,-5.821126391,5.85e-09,0.001805037,"CM105775.1",5809116,5809116,0,"CM105775.1",5751827,5865866,"gene:ENSBOLG00010021867",NA,NA,"+",5751827,5865866,TRUE,57289,57289,56750,"overlapping","gene_body",FALSE,"intron"
"CM105783.1",30065110,-5.81941321,5.91e-09,0.001805037,"CM105783.1",30065110,30065110,387815,"CM105783.1",29668926,29677294,"gene:ENSBOLG00010006988","ST3GAL1","ST3 beta-galactoside alpha-2,3-sialyltransferase 1 [Ensembl NN prediction with score 99.99%]","-",29677294,29668926,FALSE,387816,387816,396184,"upstream","intergenic",FALSE,"intergenic"
"CM105775.1",73400448,-5.816523571,6.01e-09,0.001825168,"CM105775.1",73400448,73400448,0,"CM105775.1",73242318,74070706,"gene:ENSBOLG00010014657","IMMP2L","inner mitochondrial membrane peptidase subunit 2 [Ensembl NN prediction with score 71.67%]","-",74070706,73242318,TRUE,670258,670258,158130,"overlapping","gene_body",FALSE,"intron"
"CM105780.1",5268867,-5.80525136,6.43e-09,0.001940331,"CM105780.1",5268867,5268867,225567,"CM105780.1",5024298,5043299,"gene:ENSBOLG00010007277","TRIQK","triple QxxK/R motif containing [Ensembl NN prediction with score 100%]","-",5043299,5024298,FALSE,225568,225568,244569,"upstream","intergenic",FALSE,"intergenic"
"CM105776.1",16448401,-5.797818123,6.72e-09,0.002015931,"CM105776.1",16448401,16448401,110215,"CM105776.1",16558617,16579930,"gene:ENSBOLG00010013871","TPMT","thiopurine S-methyltransferase [Ensembl NN prediction with score 99.97%]","+",16558617,16579930,FALSE,110216,110216,131529,"upstream","intergenic",FALSE,"intergenic"
"CM105768.1",92501451,-5.791822579,6.96e-09,0.002076587,"CM105768.1",92501451,92501451,334541,"CM105768.1",92835993,92870464,"gene:ENSBOLG00010000970","GCFC2","GC-rich sequence DNA-binding factor 2 [Ensembl NN prediction with score 100%]","+",92835993,92870464,FALSE,334542,334542,369013,"upstream","intergenic",FALSE,"intergenic"
"CM105764.1",36396666,-5.787065901,7.16e-09,0.002102638,"CM105764.1",36396666,36396666,96917,"CM105764.1",36493584,36565738,"gene:ENSBOLG00010001251","PROS1","protein S [Ensembl NN prediction with score 100%]","-",36565738,36493584,FALSE,169072,169072,96918,"downstream","intergenic",FALSE,"intergenic"
"CM105766.1",110493344,5.786701522,7.18e-09,0.002102638,"CM105766.1",110493344,110493344,162673,"CM105766.1",110312025,110330670,"gene:ENSBOLG00010008423","TYRP1","tyrosinase related protein 1 [Ensembl NN prediction with score 100%]","-",110330670,110312025,FALSE,162674,162674,181319,"upstream","intergenic",FALSE,"intergenic"
"CM105768.1",9871463,5.787513671,7.14e-09,0.002102638,"CM105768.1",9871463,9871463,145540,"CM105768.1",10017004,10023109,"gene:ENSBOLG00010002447","NPY","neuropeptide Y [Ensembl NN prediction with score 100%]","+",10017004,10023109,FALSE,145541,145541,151646,"upstream","intergenic",FALSE,"intergenic"
"CM105767.1",25703312,5.773338271,7.77e-09,0.002250566,"CM105767.1",25703312,25703312,0,"CM105767.1",25689338,25711095,"gene:ENSBOLG00010018196","APH1B","aph-1 homolog B, gamma-secretase subunit [Ensembl NN prediction with score 97.46%]","-",25711095,25689338,TRUE,7783,7783,13974,"overlapping","gene_body",FALSE,"intron"
"CM105768.1",5163987,-5.771588479,7.85e-09,0.002250566,"CM105768.1",5163987,5163987,0,"CM105768.1",4946801,5820396,"gene:ENSBOLG00010002792","DPP6","dipeptidyl peptidase like 6 [Ensembl NN prediction with score 100%]","-",5820396,4946801,TRUE,656409,656409,217186,"overlapping","gene_body",FALSE,"intron"
"CM105774.1",45317922,-5.770851721,7.89e-09,0.002250566,"CM105774.1",45317922,45317922,0,"CM105774.1",45257096,45441513,"gene:ENSBOLG00010007696","LRCH1","leucine rich repeats and calponin homology domain containing 1 [Ensembl NN prediction with score 100%]","+",45257096,45441513,TRUE,60826,60826,123591,"overlapping","gene_body",FALSE,"intron"
"CM105775.1",45090227,-5.770325095,7.91e-09,0.002250566,"CM105775.1",45090227,45090227,0,"CM105775.1",45074106,45094017,"gene:ENSBOLG00010012339","SNAPC1","small nuclear RNA activating complex polypeptide 1 [Ensembl NN prediction with score 100%]","-",45094017,45074106,TRUE,3790,3790,16121,"overlapping","gene_body",FALSE,"intron"
"CM105779.1",14024940,-5.772130196,7.83e-09,0.002250566,"CM105779.1",14024940,14024940,446751,"CM105779.1",14471692,14474260,"gene:ENSBOLG00010010245","ZWINT","ZW10 interacting kinetochore protein [Ensembl NN prediction with score 99.94%]","-",14474260,14471692,FALSE,449320,449320,446752,"downstream","intergenic",FALSE,"intergenic"
"CM105767.1",25692633,5.767331946,8.05e-09,0.002277724,"CM105767.1",25692633,25692633,0,"CM105767.1",25689338,25711095,"gene:ENSBOLG00010018196","APH1B","aph-1 homolog B, gamma-secretase subunit [Ensembl NN prediction with score 97.46%]","-",25711095,25689338,TRUE,18462,18462,3295,"overlapping","gene_body",FALSE,"intron"
"CM105773.1",60204975,5.765567655,8.14e-09,0.00228853,"CM105773.1",60204975,60204975,0,"CM105773.1",59972419,60236580,"gene:ENSBOLG00010008089","RALGAPA2","Ral GTPase activating protein catalytic subunit alpha 2 [Ensembl NN prediction with score 100%]","-",60236580,59972419,TRUE,31605,31605,232556,"overlapping","gene_body",FALSE,"intron"
"CM105770.1",100683833,5.760148734,8.4e-09,0.002336525,"CM105770.1",100683833,100683833,4472,"CM105770.1",100688306,100688497,"gene:ENSBOLG00010002810","COX7C","cytochrome c oxidase subunit 7C [Ensembl NN prediction with score 100%]","-",100688497,100688306,FALSE,4664,4664,4473,"downstream","intergenic",FALSE,"intergenic"
"CM105775.1",22095001,5.760159457,8.4e-09,0.002336525,"CM105775.1",22095001,22095001,41912,"CM105775.1",22005459,22053088,"gene:ENSBOLG00010013163","GALC","galactosylceramidase [Ensembl NN prediction with score 100%]","+",22005459,22053088,FALSE,89542,89542,41913,"downstream","intergenic",FALSE,"intergenic"
"CM105765.1",128983328,5.758973828,8.46e-09,0.002339627,"CM105765.1",128983328,128983328,40802,"CM105765.1",128881622,128942525,"gene:ENSBOLG00010003254","NOX3","NADPH oxidase 3 [Ensembl NN prediction with score 100%]","-",128942525,128881622,FALSE,40803,40803,101706,"upstream","intergenic",FALSE,"intergenic"
"CM105776.1",52056973,5.757581115,8.53e-09,0.002345826,"CM105776.1",52056973,52056973,504480,"CM105776.1",51018473,51552492,"gene:ENSBOLG00010008511","ADARB2","adenosine deaminase RNA specific B2 (inactive) [Ensembl NN prediction with score 100%]","-",51552492,51018473,FALSE,504481,504481,1038500,"upstream","intergenic",FALSE,"intergenic"
"CM105764.1",32180550,-5.755183563,8.65e-09,0.002366146,"CM105764.1",32180550,32180550,533487,"CM105764.1",32714038,33007498,"gene:ENSBOLG00010001294","CADM2","cell adhesion molecule 2 [Ensembl NN prediction with score 99.99%]","+",32714038,33007498,FALSE,533488,533488,826948,"upstream","intergenic",FALSE,"intergenic"
"CM105782.1",39873244,-5.753730165,8.73e-09,0.002373404,"CM105782.1",39873244,39873244,2296,"CM105782.1",39861726,39870947,"gene:ENSBOLG00010009068",NA,NA,"-",39870947,39861726,FALSE,2297,2297,11518,"upstream","intergenic",FALSE,"intergenic"
"CM105767.1",72997934,5.742819284,9.31e-09,0.002416931,"CM105767.1",72997934,72997934,0,"CM105767.1",72985279,73001227,"gene:ENSBOLG00010004047","VPS11","VPS11 core subunit of CORVET and HOPS complexes [Ensembl NN prediction with score 100%]","-",73001227,72985279,TRUE,3293,3293,12655,"overlapping","gene_body",FALSE,"intron"
"CM105767.1",96327250,-5.746563506,9.11e-09,0.002416931,"CM105767.1",96327250,96327250,0,"CM105767.1",95894806,96871320,"gene:ENSBOLG00010000410","NTM","neurotrimin [Ensembl NN prediction with score 100%]","+",95894806,96871320,TRUE,432444,432444,544070,"overlapping","gene_body",FALSE,"intron"
"CM105768.1",83570706,5.748806013,8.99e-09,0.002416931,"CM105768.1",83570706,83570706,433,"CM105768.1",83559079,83570272,"gene:ENSBOLG00010021754",NA,NA,"+",83559079,83570272,FALSE,11627,11627,434,"downstream","downstream",TRUE,"exon"
"CM105768.1",83959842,5.743890075,9.25e-09,0.002416931,"CM105768.1",83959842,83959842,5616,"CM105768.1",83965459,83966651,"gene:ENSBOLG00010021674","TMSB10","thymosin beta 10 [Ensembl NN prediction with score 99.98%]","-",83966651,83965459,FALSE,6809,6809,5617,"downstream","intergenic",FALSE,"intergenic"
"CM105772.1",33837385,-5.743338385,9.28e-09,0.002416931,"CM105772.1",33837385,33837385,0,"CM105772.1",33468194,33882402,"gene:ENSBOLG00010006001","GLIS3","GLIS family zinc finger 3 [Ensembl NN prediction with score 99.99%]","+",33468194,33882402,TRUE,369191,369191,45017,"overlapping","gene_body",FALSE,"intron"
"CM105775.1",25534629,5.745475735,9.17e-09,0.002416931,"CM105775.1",25534629,25534629,613229,"CM105775.1",24921160,24921399,"gene:ENSBOLG00010013218","RPS21","ribosomal protein S21 [Ensembl NN prediction with score 100%]","-",24921399,24921160,FALSE,613230,613230,613469,"upstream","intergenic",FALSE,"intergenic"
"CM105776.1",49463616,-5.742449525,9.33e-09,0.002416931,"CM105776.1",49463616,49463616,485907,"CM105776.1",48975842,48977708,"gene:ENSBOLG00010008665","YWHAQ","tyrosine 3-monooxygenase/tryptophan 5-monooxygenase activation protein theta [Ensembl NN prediction with score 100%]","-",48977708,48975842,FALSE,485908,485908,487774,"upstream","intergenic",FALSE,"intergenic"
"CM105777.1",41035348,5.746648337,9.1e-09,0.002416931,"CM105777.1",41035348,41035348,21268,"CM105777.1",41056617,41067757,"gene:ENSBOLG00010010073","Eif1a","eukaryotic translation initiation factor 1A [Ensembl NN prediction with score 97.72%]","-",41067757,41056617,FALSE,32409,32409,21269,"downstream","intergenic",FALSE,"intergenic"
"CM105781.1",67695665,5.748266208,9.02e-09,0.002416931,"CM105781.1",67695665,67695665,0,"CM105781.1",67311672,68026517,"gene:ENSBOLG00010005809","NEGR1","neuronal growth regulator 1 [Ensembl NN prediction with score 100%]","+",67311672,68026517,TRUE,383993,383993,330852,"overlapping","gene_body",FALSE,"intron"
"CM105787.1",35251756,5.738273003,9.56e-09,0.002464313,"CM105787.1",35251756,35251756,141706,"CM105787.1",35393463,35570521,"gene:ENSBOLG00010003719","MCTP2","multiple C2 and transmembrane domain containing 2 [Ensembl NN prediction with score 100%]","-",35570521,35393463,FALSE,318765,318765,141707,"downstream","intergenic",FALSE,"intergenic"
"CM105764.1",22393306,5.729625554,1.01e-08,0.002553181,"CM105764.1",22393306,22393306,348207,"CM105764.1",22741514,22849557,"gene:ENSBOLG00010000097","USP25","ubiquitin specific peptidase 25 [Ensembl NN prediction with score 100%]","-",22849557,22741514,FALSE,456251,456251,348208,"downstream","intergenic",FALSE,"intergenic"
"CM105764.1",66191727,5.730633712,1e-08,0.002553181,"CM105764.1",66191727,66191727,0,"CM105764.1",66087878,66303744,"gene:ENSBOLG00010003515","MYLK","myosin light chain kinase [Ensembl NN prediction with score 100%]","-",66303744,66087878,TRUE,112017,112017,103849,"overlapping","gene_body",FALSE,"intron"
"CM105783.1",53700214,5.729997135,1e-08,0.002553181,"CM105783.1",53700214,53700214,0,"CM105783.1",53679702,53995815,"gene:ENSBOLG00010008731","SLC2A13","solute carrier family 2 member 13 [Ensembl NN prediction with score 100%]","-",53995815,53679702,TRUE,295601,295601,20512,"overlapping","gene_body",FALSE,"intron"
"CM105773.1",7882437,5.72342898,1.04e-08,0.002634538,"CM105773.1",7882437,7882437,308969,"CM105773.1",8191407,8234742,"gene:ENSBOLG00010006552","DNAJC24","DnaJ heat shock protein family (Hsp40) member C24 [Ensembl NN prediction with score 100%]","+",8191407,8234742,FALSE,308970,308970,352305,"upstream","intergenic",FALSE,"intergenic"
"CM105764.1",22377418,5.722241227,1.05e-08,0.002639492,"CM105764.1",22377418,22377418,364095,"CM105764.1",22741514,22849557,"gene:ENSBOLG00010000097","USP25","ubiquitin specific peptidase 25 [Ensembl NN prediction with score 100%]","-",22849557,22741514,FALSE,472139,472139,364096,"downstream","intergenic",FALSE,"intergenic"
"CM105770.1",43487156,-5.720450952,1.06e-08,0.002653917,"CM105770.1",43487156,43487156,166321,"CM105770.1",43145016,43320834,"gene:ENSBOLG00010013483","CLNK","cytokine dependent hematopoietic cell linker [Ensembl NN prediction with score 99.99%]","-",43320834,43145016,FALSE,166322,166322,342140,"upstream","intergenic",FALSE,"intergenic"
"CM105775.1",44719960,-5.718956948,1.07e-08,0.002663832,"CM105775.1",44719960,44719960,88374,"CM105775.1",44808335,45056049,"gene:ENSBOLG00010012342","SYT16","synaptotagmin 16 [Ensembl NN prediction with score 100%]","-",45056049,44808335,FALSE,336089,336089,88375,"downstream","intergenic",FALSE,"intergenic"
"CM105768.1",92321597,5.714545784,1.1e-08,0.002706519,"CM105768.1",92321597,92321597,514395,"CM105768.1",92835993,92870464,"gene:ENSBOLG00010000970","GCFC2","GC-rich sequence DNA-binding factor 2 [Ensembl NN prediction with score 100%]","+",92835993,92870464,FALSE,514396,514396,548867,"upstream","intergenic",FALSE,"intergenic"
"CM105783.1",30739404,-5.715216565,1.1e-08,0.002706519,"CM105783.1",30739404,30739404,0,"CM105783.1",30611092,30785016,"gene:ENSBOLG00010006921","ZFAT","zinc finger and AT-hook domain containing [Ensembl NN prediction with score 100%]","-",30785016,30611092,TRUE,45612,45612,128312,"overlapping","gene_body",FALSE,"intron"
"CM105770.1",43493331,-5.701835265,1.19e-08,0.002901817,"CM105770.1",43493331,43493331,172496,"CM105770.1",43145016,43320834,"gene:ENSBOLG00010013483","CLNK","cytokine dependent hematopoietic cell linker [Ensembl NN prediction with score 99.99%]","-",43320834,43145016,FALSE,172497,172497,348315,"upstream","intergenic",FALSE,"intergenic"
"CM105768.1",67666665,-5.699509034,1.2e-08,0.002904144,"CM105768.1",67666665,67666665,474300,"CM105768.1",67191177,67192364,"gene:ENSBOLG00010002972","SOX11","SRY-box transcription factor 11 [Ensembl NN prediction with score 100%]","-",67192364,67191177,FALSE,474301,474301,475488,"upstream","intergenic",FALSE,"intergenic"
"CM105776.1",49461370,-5.699173242,1.2e-08,0.002904144,"CM105776.1",49461370,49461370,483661,"CM105776.1",48975842,48977708,"gene:ENSBOLG00010008665","YWHAQ","tyrosine 3-monooxygenase/tryptophan 5-monooxygenase activation protein theta [Ensembl NN prediction with score 100%]","-",48977708,48975842,FALSE,483662,483662,485528,"upstream","intergenic",FALSE,"intergenic"
"CM105778.1",69360173,-5.700841277,1.19e-08,0.002904144,"CM105778.1",69360173,69360173,0,"CM105778.1",69027538,69569107,"gene:ENSBOLG00010005410","ADGRV1","adhesion G protein-coupled receptor V1 [Ensembl NN prediction with score 100%]","+",69027538,69569107,TRUE,332635,332635,208934,"overlapping","gene_body",FALSE,"intron"
"CM105774.1",39179775,-5.696698024,1.22e-08,0.002932231,"CM105774.1",39179775,39179775,1006061,"CM105774.1",40185837,40206964,"gene:ENSBOLG00010011783","OLFM4","olfactomedin 4 [Ensembl NN prediction with score 99.99%]","-",40206964,40185837,FALSE,1027189,1027189,1006062,"downstream","intergenic",FALSE,"intergenic"
"CM105780.1",13244730,-5.695552847,1.23e-08,0.002937652,"CM105780.1",13244730,13244730,178766,"CM105780.1",12708701,13065963,"gene:ENSBOLG00010014895","XKR4","XK related 4 [Ensembl NN prediction with score 100%]","-",13065963,12708701,FALSE,178767,178767,536029,"upstream","intergenic",FALSE,"intergenic"
"CM105771.1",19242181,5.694626781,1.24e-08,0.002939372,"CM105771.1",19242181,19242181,0,"CM105771.1",18710151,19659286,"gene:ENSBOLG00010017956","TENM2","teneurin transmembrane protein 2 [Ensembl NN prediction with score 100%]","-",19659286,18710151,TRUE,417105,417105,532030,"overlapping","gene_body",FALSE,"intron"
"CM105773.1",60238475,5.692320433,1.25e-08,0.002950854,"CM105773.1",60238475,60238475,1894,"CM105773.1",59972419,60236580,"gene:ENSBOLG00010008089","RALGAPA2","Ral GTPase activating protein catalytic subunit alpha 2 [Ensembl NN prediction with score 100%]","-",60236580,59972419,FALSE,1895,1895,266056,"upstream","promoter",FALSE,"promoter"
"CM105779.1",32026921,5.69294906,1.25e-08,0.002950854,"CM105779.1",32026921,32026921,0,"CM105779.1",32016536,32048665,"gene:ENSBOLG00010009578","ST6GAL2","ST6 beta-galactoside alpha-2,6-sialyltransferase 2 [Ensembl NN prediction with score 100%]","+",32016536,32048665,TRUE,10385,10385,21744,"overlapping","gene_body",FALSE,"intron"
"CM105780.1",30740448,-5.691176067,1.26e-08,0.002956556,"CM105780.1",30740448,30740448,58622,"CM105780.1",30498145,30681825,"gene:ENSBOLG00010012932","PAX5","paired box 5 [Ensembl NN prediction with score 100%]","+",30498145,30681825,FALSE,242303,242303,58623,"downstream","intergenic",FALSE,"intergenic"
"CM105766.1",126712090,-5.689564705,1.27e-08,0.002970445,"CM105766.1",126712090,126712090,26425,"CM105766.1",126738516,126798130,"gene:ENSBOLG00010000183","TNC","tenascin C [Ensembl NN prediction with score 100%]","+",126738516,126798130,FALSE,26426,26426,86040,"upstream","intergenic",FALSE,"intergenic"
"CM105776.1",36622589,5.684196319,1.31e-08,0.003050806,"CM105776.1",36622589,36622589,279215,"CM105776.1",36901805,36911773,"gene:ENSBOLG00010012675","NRSN1","neurensin 1 [Ensembl NN prediction with score 100%]","+",36901805,36911773,FALSE,279216,279216,289184,"upstream","intergenic",FALSE,"intergenic"
"CM105768.1",5033790,-5.677227435,1.37e-08,0.003162771,"CM105768.1",5033790,5033790,0,"CM105768.1",4946801,5820396,"gene:ENSBOLG00010002792","DPP6","dipeptidyl peptidase like 6 [Ensembl NN prediction with score 100%]","-",5820396,4946801,TRUE,786606,786606,86989,"overlapping","gene_body",FALSE,"intron"
"CM105768.1",5012408,-5.674258802,1.39e-08,0.003203067,"CM105768.1",5012408,5012408,0,"CM105768.1",4946801,5820396,"gene:ENSBOLG00010002792","DPP6","dipeptidyl peptidase like 6 [Ensembl NN prediction with score 100%]","-",5820396,4946801,TRUE,807988,807988,65607,"overlapping","gene_body",FALSE,"intron"
"CM105777.1",63793696,-5.67077478,1.42e-08,0.003253693,"CM105777.1",63793696,63793696,164430,"CM105777.1",63958127,64306060,"gene:ENSBOLG00010008027","NOL4","nucleolar protein 4 [Ensembl NN prediction with score 100%]","+",63958127,64306060,FALSE,164431,164431,512364,"upstream","intergenic",FALSE,"intergenic"
"CM105774.1",35405176,-5.668386107,1.44e-08,0.003284097,"CM105774.1",35405176,35405176,354502,"CM105774.1",35759679,35760560,"gene:ENSBOLG00010011880","AKTIP","AKT interacting protein [Ensembl NN prediction with score 100%]","-",35760560,35759679,FALSE,355384,355384,354503,"downstream","intergenic",FALSE,"intergenic"
"CM105764.1",120979314,-5.664930849,1.47e-08,0.00330506,"CM105764.1",120979314,120979314,4596,"CM105764.1",120354883,120974717,"gene:ENSBOLG00010002931","TMEM132D","transmembrane protein 132D [Ensembl NN prediction with score 100%]","+",120354883,120974717,FALSE,624431,624431,4597,"downstream","intergenic",FALSE,"intergenic"
"CM105782.1",29182170,-5.665600954,1.47e-08,0.00330506,"CM105782.1",29182170,29182170,34571,"CM105782.1",29216742,29217125,"gene:ENSBOLG00010018163","RPL22","ribosomal protein L22 [Ensembl NN prediction with score 99.26%]","-",29217125,29216742,FALSE,34955,34955,34572,"downstream","intergenic",FALSE,"intergenic"
"CM105788.1",38773564,5.665506691,1.47e-08,0.00330506,"CM105788.1",38773564,38773564,0,"CM105788.1",38536019,38922318,"gene:ENSBOLG00010016301","TMEM178B","transmembrane protein 178B [Ensembl NN prediction with score 100%]","+",38536019,38922318,TRUE,237545,237545,148754,"overlapping","gene_body",FALSE,"intron"
"CM105767.1",25688296,5.662444577,1.49e-08,0.003310216,"CM105767.1",25688296,25688296,1041,"CM105767.1",25689338,25711095,"gene:ENSBOLG00010018196","APH1B","aph-1 homolog B, gamma-secretase subunit [Ensembl NN prediction with score 97.46%]","-",25711095,25689338,FALSE,22799,22799,1042,"downstream","downstream",FALSE,"downstream"
"CM105770.1",80805416,5.662869145,1.49e-08,0.003310216,"CM105770.1",80805416,80805416,925393,"CM105770.1",79821869,79880022,"gene:ENSBOLG00010001176","IGFBP7","insulin like growth factor binding protein 7 [Ensembl NN prediction with score 99.96%]","-",79880022,79821869,FALSE,925394,925394,983547,"upstream","intergenic",FALSE,"intergenic"
"CM105771.1",17311542,-5.662330024,1.49e-08,0.003310216,"CM105771.1",17311542,17311542,0,"CM105771.1",17024816,17434714,"gene:ENSBOLG00010019375","DOCK2","dedicator of cytokinesis 2 [Ensembl NN prediction with score 100%]","-",17434714,17024816,TRUE,123172,123172,286726,"overlapping","gene_body",FALSE,"intron"
"CM105768.1",5026047,-5.660927051,1.51e-08,0.00332243,"CM105768.1",5026047,5026047,0,"CM105768.1",4946801,5820396,"gene:ENSBOLG00010002792","DPP6","dipeptidyl peptidase like 6 [Ensembl NN prediction with score 100%]","-",5820396,4946801,TRUE,794349,794349,79246,"overlapping","gene_body",FALSE,"intron"
"CM105786.1",46203040,-5.659291407,1.52e-08,0.003339274,"CM105786.1",46203040,46203040,4661,"CM105786.1",46207702,46211047,"gene:ENSBOLG00010006215","HMGB2","high mobility group box 2 [Ensembl NN prediction with score 99.87%]","+",46207702,46211047,FALSE,4662,4662,8007,"upstream","intergenic",FALSE,"intergenic"
"CM105768.1",4996586,-5.655895869,1.55e-08,0.003360962,"CM105768.1",4996586,4996586,0,"CM105768.1",4946801,5820396,"gene:ENSBOLG00010002792","DPP6","dipeptidyl peptidase like 6 [Ensembl NN prediction with score 100%]","-",5820396,4946801,TRUE,823810,823810,49785,"overlapping","gene_body",FALSE,"intron"
"CM105777.1",49777781,5.656535393,1.54e-08,0.003360962,"CM105777.1",49777781,49777781,133,"CM105777.1",49777915,49780302,"gene:ENSBOLG00010011056","PCDHB13","protocadherin beta 13 [Ensembl NN prediction with score 93.69%]","-",49780302,49777915,FALSE,2521,2521,134,"downstream","downstream",FALSE,"downstream"
"CM105790.1",8671060,5.656702379,1.54e-08,0.003360962,"CM105790.1",8671060,8671060,563804,"CM105790.1",9234865,9235882,"gene:ENSBOLG00010004583","PHB","prohibitin [Ensembl NN prediction with score 100%]","-",9235882,9234865,FALSE,564822,564822,563805,"downstream","intergenic",FALSE,"intergenic"
"CM105767.1",103698964,5.655008386,1.56e-08,0.003363558,"CM105767.1",103698964,103698964,0,"CM105767.1",103686778,103729379,"gene:ENSBOLG00010001683","Zfp810","zinc finger protein 810 [Ensembl NN prediction with score 100%]","+",103686778,103729379,TRUE,12186,12186,30415,"overlapping","gene_body",FALSE,"intron"
"CM105786.1",29195913,-5.653160983,1.58e-08,0.003382649,"CM105786.1",29195913,29195913,15969,"CM105786.1",28185761,29179943,"gene:ENSBOLG00010007702","SGCZ","sarcoglycan zeta [Ensembl NN prediction with score 100%]","-",29179943,28185761,FALSE,15970,15970,1010152,"upstream","intergenic",FALSE,"intergenic"
"CM105787.1",31346777,5.652535699,1.58e-08,0.003382649,"CM105787.1",31346777,31346777,0,"CM105787.1",31204525,31487322,"gene:ENSBOLG00010009610","IGF1R","insulin like growth factor 1 receptor [Ensembl NN prediction with score 100%]","+",31204525,31487322,TRUE,142252,142252,140545,"overlapping","gene_body",FALSE,"intron"
"CM105778.1",69488332,5.647851455,1.62e-08,0.003461048,"CM105778.1",69488332,69488332,0,"CM105778.1",69027538,69569107,"gene:ENSBOLG00010005410","ADGRV1","adhesion G protein-coupled receptor V1 [Ensembl NN prediction with score 100%]","+",69027538,69569107,TRUE,460794,460794,80775,"overlapping","gene_body",FALSE,"intron"
"CM105764.1",33248866,-5.645383968,1.65e-08,0.00348092,"CM105764.1",33248866,33248866,241367,"CM105764.1",32714038,33007498,"gene:ENSBOLG00010001294","CADM2","cell adhesion molecule 2 [Ensembl NN prediction with score 99.99%]","+",32714038,33007498,FALSE,534828,534828,241368,"downstream","intergenic",FALSE,"intergenic"
"CM105770.1",43438618,-5.645928446,1.64e-08,0.00348092,"CM105770.1",43438618,43438618,117783,"CM105770.1",43145016,43320834,"gene:ENSBOLG00010013483","CLNK","cytokine dependent hematopoietic cell linker [Ensembl NN prediction with score 99.99%]","-",43320834,43145016,FALSE,117784,117784,293602,"upstream","intergenic",FALSE,"intergenic"
"CM105765.1",98751037,5.640830098,1.69e-08,0.00354136,"CM105765.1",98751037,98751037,15058,"CM105765.1",98766096,98790789,"gene:ENSBOLG00010011552","HSF2","heat shock transcription factor 2 [Ensembl NN prediction with score 100%]","+",98766096,98790789,FALSE,15059,15059,39752,"upstream","intergenic",FALSE,"intergenic"
"CM105767.1",42677237,-5.63876625,1.71e-08,0.00354136,"CM105767.1",42677237,42677237,0,"CM105767.1",42621594,42716899,"gene:ENSBOLG00010000770","SH3BGRL2","SH3 domain binding glutamate rich protein like 2 [Ensembl NN prediction with score 100%]","+",42621594,42716899,TRUE,55643,55643,39662,"overlapping","gene_body",FALSE,"intron"
"CM105775.1",29007151,-5.639197305,1.71e-08,0.00354136,"CM105775.1",29007151,29007151,0,"CM105775.1",28719790,29070521,"gene:ENSBOLG00010013110","CEP128","centrosomal protein 128 [Ensembl NN prediction with score 100%]","+",28719790,29070521,TRUE,287361,287361,63370,"overlapping","gene_body",FALSE,"intron"
"CM105778.1",74403687,5.640960393,1.69e-08,0.00354136,"CM105778.1",74403687,74403687,11395,"CM105778.1",74415083,74465235,"gene:ENSBOLG00010010703","RHOBTB3","Rho related BTB domain containing 3 [Ensembl NN prediction with score 100%]","+",74415083,74465235,FALSE,11396,11396,61548,"upstream","intergenic",FALSE,"intergenic"
"CM105786.1",37827081,5.639323754,1.71e-08,0.00354136,"CM105786.1",37827081,37827081,0,"CM105786.1",37823814,38270143,"gene:ENSBOLG00010006012","TENM3","teneurin transmembrane protein 3 [Ensembl NN prediction with score 100%]","-",38270143,37823814,TRUE,443062,443062,3267,"overlapping","gene_body",TRUE,"exon"
"CM105787.1",44376551,5.636786382,1.73e-08,0.00356731,"CM105787.1",44376551,44376551,4183,"CM105787.1",44380735,44475027,"gene:ENSBOLG00010016059","HOMER2","homer scaffold protein 2 [Ensembl NN prediction with score 100%]","-",44475027,44380735,FALSE,98476,98476,4184,"downstream","intergenic",FALSE,"intergenic"
"CM105783.1",49876350,5.633076827,1.77e-08,0.003629743,"CM105783.1",49876350,49876350,0,"CM105783.1",49834296,50034762,"gene:ENSBOLG00010020960","TAFA5","TAFA chemokine like family member 5 [Ensembl NN prediction with score 98.49%]","+",49834296,50034762,TRUE,42054,42054,158412,"overlapping","gene_body",FALSE,"intron"
"CM105767.1",108910022,5.63188727,1.78e-08,0.003639708,"CM105767.1",108910022,108910022,536480,"CM105767.1",109446503,109905918,"gene:ENSBOLG00010001935","FAT3","FAT atypical cadherin 3 [Ensembl NN prediction with score 99.99%]","+",109446503,109905918,FALSE,536481,536481,995896,"upstream","intergenic",FALSE,"intergenic"
"CM105776.1",60852090,-5.629715329,1.81e-08,0.003670607,"CM105776.1",60852090,60852090,445326,"CM105776.1",61297417,61813575,"gene:ENSBOLG00010014961","CELF2","CUGBP Elav-like family member 2 [Ensembl NN prediction with score 100%]","+",61297417,61813575,FALSE,445327,445327,961485,"upstream","intergenic",FALSE,"intergenic"
"CM105766.1",93814182,-5.625131081,1.85e-08,0.003738535,"CM105766.1",93814182,93814182,2695,"CM105766.1",93816878,94157588,"gene:ENSBOLG00010012381","NFIA","nuclear factor I A [Ensembl NN prediction with score 99.99%]","-",94157588,93816878,FALSE,343406,343406,2696,"downstream","intergenic",FALSE,"intergenic"
"CM105775.1",42849955,5.62572531,1.85e-08,0.003738535,"CM105775.1",42849955,42849955,0,"CM105775.1",42800027,42864993,"gene:ENSBOLG00010012211","MTHFD1","methylenetetrahydrofolate dehydrogenase, cyclohydrolase and formyltetrahydrofolate synthetase 1 [Ensembl NN prediction with score 100%]","-",42864993,42800027,TRUE,15038,15038,49928,"overlapping","gene_body",FALSE,"intron"
"CM105772.1",75214473,-5.622140245,1.89e-08,0.003772932,"CM105772.1",75214473,75214473,3394,"CM105772.1",75090133,75211078,"gene:ENSBOLG00010011711","PLPP4","phospholipid phosphatase 4 [Ensembl NN prediction with score 100%]","-",75211078,75090133,FALSE,3395,3395,124340,"upstream","intergenic",FALSE,"intergenic"
"CM105781.1",1462401,5.62254216,1.88e-08,0.003772932,"CM105781.1",1462401,1462401,2252,"CM105781.1",1464654,1466683,"gene:ENSBOLG00010018596","ARID3B","AT-rich interaction domain 3B [Ensembl NN prediction with score 99.58%]","+",1464654,1466683,FALSE,2253,2253,4282,"upstream","intergenic",FALSE,"intergenic"
"CM105786.1",21371943,5.620821326,1.9e-08,0.003781313,"CM105786.1",21371943,21371943,583848,"CM105786.1",20267983,20788094,"gene:ENSBOLG00010010559","UNC5D","unc-5 netrin receptor D [Ensembl NN prediction with score 100%]","-",20788094,20267983,FALSE,583849,583849,1103960,"upstream","intergenic",FALSE,"intergenic"
"CM105790.1",8672684,5.620358338,1.91e-08,0.003781313,"CM105790.1",8672684,8672684,562180,"CM105790.1",9234865,9235882,"gene:ENSBOLG00010004583","PHB","prohibitin [Ensembl NN prediction with score 100%]","-",9235882,9234865,FALSE,563198,563198,562181,"downstream","intergenic",FALSE,"intergenic"
"CM105770.1",30680924,5.610883147,2.01e-08,0.003978284,"CM105770.1",30680924,30680924,0,"CM105770.1",30520426,30933684,"gene:ENSBOLG00010003769","ABCA13","ATP binding cassette subfamily A member 13 [Ensembl NN prediction with score 100%]","-",30933684,30520426,TRUE,252760,252760,160498,"overlapping","gene_body",FALSE,"intron"
"CM105772.1",6679386,-5.596731097,2.18e-08,0.004233925,"CM105772.1",6679386,6679386,164383,"CM105772.1",6488588,6515002,"gene:ENSBOLG00010015771","GPAM","glycerol-3-phosphate acyltransferase, mitochondrial [Ensembl NN prediction with score 100%]","+",6488588,6515002,FALSE,190798,190798,164384,"downstream","intergenic",FALSE,"intergenic"
"CM105773.1",32708919,5.596453968,2.19e-08,0.004233925,"CM105773.1",32708919,32708919,5159,"CM105773.1",32702662,32703759,"gene:ENSBOLG00010019968","RHOV","ras homolog family member V [Ensembl NN prediction with score 100%]","-",32703759,32702662,FALSE,5160,5160,6257,"upstream","intergenic",FALSE,"intergenic"
"CM105773.1",89479574,5.597302133,2.18e-08,0.004233925,"CM105773.1",89479574,89479574,93564,"CM105773.1",89339286,89386009,"gene:ENSBOLG00010010785","CDH26","cadherin 26 [Ensembl NN prediction with score 99.96%]","+",89339286,89386009,FALSE,140288,140288,93565,"downstream","intergenic",FALSE,"intergenic"
"CM105774.1",74342828,-5.597950405,2.17e-08,0.004233925,"CM105774.1",74342828,74342828,68414,"CM105774.1",74271822,74274413,"gene:ENSBOLG00010013856","RALGDS","ral guanine nucleotide dissociation stimulator [Ensembl NN prediction with score 99.77%]","-",74274413,74271822,FALSE,68415,68415,71006,"upstream","intergenic",FALSE,"intergenic"
"CM105777.1",25483954,-5.595968089,2.19e-08,0.004233925,"CM105777.1",25483954,25483954,88080,"CM105777.1",25572035,25585122,"gene:ENSBOLG00010017061","Spink10","serine peptidase inhibitor, Kazal type 10 [Ensembl NN prediction with score 78.7%]","-",25585122,25572035,FALSE,101168,101168,88081,"downstream","intergenic",FALSE,"intergenic"
"CM105778.1",4090363,5.599314848,2.15e-08,0.004233925,"CM105778.1",4090363,4090363,54440,"CM105778.1",4144804,4150910,"gene:ENSBOLG00010007109","MED10","mediator complex subunit 10 [Ensembl NN prediction with score 100%]","-",4150910,4144804,FALSE,60547,60547,54441,"downstream","intergenic",FALSE,"intergenic"
"CM105772.1",75027418,-5.594344225,2.21e-08,0.004245635,"CM105772.1",75027418,75027418,29126,"CM105772.1",75056545,75056993,"gene:ENSBOLG00010012196","RPL31","ribosomal protein L31 [Ensembl NN prediction with score 100%]","-",75056993,75056545,FALSE,29575,29575,29127,"downstream","intergenic",FALSE,"intergenic"
"CM105773.1",88340366,-5.594133472,2.22e-08,0.004245635,"CM105773.1",88340366,88340366,13756,"CM105773.1",88354123,88365753,"gene:ENSBOLG00010011057","NELFCD","negative elongation factor complex member C/D [Ensembl NN prediction with score 100%]","+",88354123,88365753,FALSE,13757,13757,25387,"upstream","intergenic",FALSE,"intergenic"
"CM105764.1",74550789,-5.593349175,2.23e-08,0.004248337,"CM105764.1",74550789,74550789,5244,"CM105764.1",74532537,74545544,"gene:ENSBOLG00010001521","CLDN1","claudin 1 [Ensembl NN prediction with score 100%]","+",74532537,74545544,FALSE,18252,18252,5245,"downstream","intergenic",FALSE,"intergenic"
"CM105765.1",68413950,-5.589043419,2.28e-08,0.004291564,"CM105765.1",68413950,68413950,61130,"CM105765.1",68351875,68352819,"gene:ENSBOLG00010021381","OXER1","oxoeicosanoid receptor 1 [Ensembl NN prediction with score 75.16%]","-",68352819,68351875,FALSE,61131,61131,62075,"upstream","intergenic",FALSE,"intergenic"
"CM105768.1",38644602,-5.588352682,2.29e-08,0.004291564,"CM105768.1",38644602,38644602,8467,"CM105768.1",38583400,38636134,"gene:ENSBOLG00010002573","MSH2","mutS homolog 2 [Ensembl NN prediction with score 100%]","+",38583400,38636134,FALSE,61202,61202,8468,"downstream","intergenic",FALSE,"intergenic"
"CM105773.1",57726589,-5.589194896,2.28e-08,0.004291564,"CM105773.1",57726589,57726589,0,"CM105773.1",57703730,57765117,"gene:ENSBOLG00010008307","BANF2","BANF family member 2 [Ensembl NN prediction with score 99.88%]","+",57703730,57765117,TRUE,22859,22859,38528,"overlapping","gene_body",FALSE,"intron"
"CM105773.1",86242828,5.588258978,2.29e-08,0.004291564,"CM105773.1",86242828,86242828,0,"CM105773.1",86240973,86255841,"gene:ENSBOLG00010011080","AURKA","aurora kinase A [Ensembl NN prediction with score 76.59%]","-",86255841,86240973,TRUE,13013,13013,1855,"overlapping","gene_body",FALSE,"intron"
"CM105777.1",57126516,5.58886652,2.29e-08,0.004291564,"CM105777.1",57126516,57126516,299026,"CM105777.1",56747340,56827489,"gene:ENSBOLG00010014409","PIK3C3","phosphatidylinositol 3-kinase catalytic subunit type 3 [Ensembl NN prediction with score 100%]","-",56827489,56747340,FALSE,299027,299027,379176,"upstream","intergenic",FALSE,"intergenic"
"CM105766.1",30786900,-5.58162334,2.38e-08,0.004424941,"CM105766.1",30786900,30786900,43168,"CM105766.1",30830069,30849307,"gene:ENSBOLG00010016919",NA,NA,"+",30830069,30849307,FALSE,43169,43169,62407,"upstream","intergenic",FALSE,"intergenic"
"CM105778.1",48355026,5.581708704,2.38e-08,0.004424941,"CM105778.1",48355026,48355026,0,"CM105778.1",47996141,48580351,"gene:ENSBOLG00010015667","MAST4","microtubule associated serine/threonine kinase family member 4 [Ensembl NN prediction with score 99.88%]","+",47996141,48580351,TRUE,358885,358885,225325,"overlapping","gene_body",FALSE,"intron"
"CM105769.1",49163581,-5.574555065,2.48e-08,0.004591076,"CM105769.1",49163581,49163581,0,"CM105769.1",49130044,49451391,"gene:ENSBOLG00010000352","SYNPR","synaptoporin [Ensembl NN prediction with score 100%]","-",49451391,49130044,TRUE,287810,287810,33537,"overlapping","gene_body",FALSE,"intron"
"CM105768.1",5083471,-5.571907633,2.52e-08,0.004643949,"CM105768.1",5083471,5083471,0,"CM105768.1",4946801,5820396,"gene:ENSBOLG00010002792","DPP6","dipeptidyl peptidase like 6 [Ensembl NN prediction with score 100%]","-",5820396,4946801,TRUE,736925,736925,136670,"overlapping","gene_body",FALSE,"intron"
"CM105785.1",47924987,-5.571047292,2.53e-08,0.004649529,"CM105785.1",47924987,47924987,4317,"CM105785.1",47893154,47920669,"gene:ENSBOLG00010010336","GORASP2","golgi reassembly stacking protein 2 [Ensembl NN prediction with score 100%]","+",47893154,47920669,FALSE,31833,31833,4318,"downstream","intergenic",FALSE,"intergenic"
"CM105770.1",21535967,5.567314358,2.59e-08,0.004726365,"CM105770.1",21535967,21535967,241843,"CM105770.1",21187700,21294123,"gene:ENSBOLG00010003725","SPRED2","sprouty related EVH1 domain containing 2 [Ensembl NN prediction with score 100%]","-",21294123,21187700,FALSE,241844,241844,348267,"upstream","intergenic",FALSE,"intergenic"
"CM105771.1",77909061,-5.566895427,2.59e-08,0.004726365,"CM105771.1",77909061,77909061,14000,"CM105771.1",77391368,77895060,"gene:ENSBOLG00010002096",NA,NA,"+",77391368,77895060,FALSE,517693,517693,14001,"downstream","intergenic",FALSE,"intergenic"
"CM105776.1",52086300,5.564950757,2.62e-08,0.004760015,"CM105776.1",52086300,52086300,533807,"CM105776.1",51018473,51552492,"gene:ENSBOLG00010008511","ADARB2","adenosine deaminase RNA specific B2 (inactive) [Ensembl NN prediction with score 100%]","-",51552492,51018473,FALSE,533808,533808,1067827,"upstream","intergenic",FALSE,"intergenic"
"CM105778.1",16616961,5.563857334,2.64e-08,0.004760015,"CM105778.1",16616961,16616961,159126,"CM105778.1",16200649,16457834,"gene:ENSBOLG00010011100","CDH12","cadherin 12 [Ensembl NN prediction with score 99.99%]","-",16457834,16200649,FALSE,159127,159127,416312,"upstream","intergenic",FALSE,"intergenic"
"CM105785.1",46033755,-5.563731614,2.64e-08,0.004760015,"CM105785.1",46033755,46033755,55394,"CM105785.1",45711641,45978360,"gene:ENSBOLG00010010490","STK39","serine/threonine kinase 39 [Ensembl NN prediction with score 99.87%]","-",45978360,45711641,FALSE,55395,55395,322114,"upstream","intergenic",FALSE,"intergenic"
"CM105772.1",18041425,-5.557603551,2.74e-08,0.004894283,"CM105772.1",18041425,18041425,7504,"CM105772.1",18048930,18100960,"gene:ENSBOLG00010017878",NA,NA,"-",18100960,18048930,FALSE,59535,59535,7505,"downstream","intergenic",FALSE,"intergenic"
"CM105782.1",51981696,-5.55795754,2.73e-08,0.004894283,"CM105782.1",51981696,51981696,0,"CM105782.1",51980194,51995620,"gene:ENSBOLG00010018476","MLYCD","malonyl-CoA decarboxylase [Ensembl NN prediction with score 100%]","+",51980194,51995620,TRUE,1502,1502,13924,"overlapping","gene_body",FALSE,"intron"
"CM105775.1",1553346,-5.556201311,2.76e-08,0.004915868,"CM105775.1",1553346,1553346,0,"CM105775.1",1375558,2106593,"gene:ENSBOLG00010021380","ptprn2","protein tyrosine phosphatase receptor type N2 [Ensembl NN prediction with score 100%]","-",2106593,1375558,TRUE,553247,553247,177788,"overlapping","gene_body",FALSE,"intron"
"CM105769.1",45260981,-5.553671344,2.8e-08,0.004951704,"CM105769.1",45260981,45260981,53186,"CM105769.1",45314168,45370126,"gene:ENSBOLG00010000355","UBE2E1","ubiquitin conjugating enzyme E2 E1 [Ensembl NN prediction with score 100%]","+",45314168,45370126,FALSE,53187,53187,109145,"upstream","intergenic",FALSE,"intergenic"
"CM105788.1",35668185,-5.553744291,2.8e-08,0.004951704,"CM105788.1",35668185,35668185,0,"CM105788.1",35364523,35821532,"gene:ENSBOLG00010016605","DGKI","diacylglycerol kinase iota [Ensembl NN prediction with score 100%]","-",35821532,35364523,TRUE,153347,153347,303662,"overlapping","gene_body",FALSE,"intron"
"CM105764.1",15521442,-5.549742255,2.86e-08,0.005046132,"CM105764.1",15521442,15521442,383675,"CM105764.1",15120236,15137766,"gene:ENSBOLG00010005698","MRPL39","mitochondrial ribosomal protein L39 [Ensembl NN prediction with score 100%]","+",15120236,15137766,FALSE,401206,401206,383676,"downstream","intergenic",FALSE,"intergenic"
"CM105782.1",27409387,-5.541850782,2.99e-08,0.005241388,"CM105782.1",27409387,27409387,5195,"CM105782.1",27399119,27404191,"gene:ENSBOLG00010017249","CCL22","C-C motif chemokine ligand 22 [Ensembl NN prediction with score 99.98%]","+",27399119,27404191,FALSE,10268,10268,5196,"downstream","intergenic",FALSE,"intergenic"
"CM105783.1",20510842,-5.542321031,2.98e-08,0.005241388,"CM105783.1",20510842,20510842,55390,"CM105783.1",20566233,20590407,"gene:ENSBOLG00010006962","Slc22a22","solute carrier family 22 (organic cation transporter), member 22 [Ensembl NN prediction with score 100%]","-",20590407,20566233,FALSE,79565,79565,55391,"downstream","intergenic",FALSE,"intergenic"
"CM105768.1",4993388,-5.537405859,3.07e-08,0.005347142,"CM105768.1",4993388,4993388,0,"CM105768.1",4946801,5820396,"gene:ENSBOLG00010002792","DPP6","dipeptidyl peptidase like 6 [Ensembl NN prediction with score 100%]","-",5820396,4946801,TRUE,827008,827008,46587,"overlapping","gene_body",FALSE,"intron"
"CM105768.1",9867167,5.536979731,3.08e-08,0.005347142,"CM105768.1",9867167,9867167,149836,"CM105768.1",10017004,10023109,"gene:ENSBOLG00010002447","NPY","neuropeptide Y [Ensembl NN prediction with score 100%]","+",10017004,10023109,FALSE,149837,149837,155942,"upstream","intergenic",FALSE,"intergenic"
"CM105768.1",62998485,-5.536492094,3.09e-08,0.005347142,"CM105768.1",62998485,62998485,0,"CM105768.1",62921753,63022605,"gene:ENSBOLG00010000667","ROCK2","Rho associated coiled-coil containing protein kinase 2 [Ensembl NN prediction with score 100%]","+",62921753,63022605,TRUE,76732,76732,24120,"overlapping","gene_body",FALSE,"intron"
"CM105768.1",5030446,-5.535496586,3.1e-08,0.005358735,"CM105768.1",5030446,5030446,0,"CM105768.1",4946801,5820396,"gene:ENSBOLG00010002792","DPP6","dipeptidyl peptidase like 6 [Ensembl NN prediction with score 100%]","-",5820396,4946801,TRUE,789950,789950,83645,"overlapping","gene_body",FALSE,"intron"
"CM105772.1",11233939,-5.533409439,3.14e-08,0.005403962,"CM105772.1",11233939,11233939,0,"CM105772.1",10942515,11454302,"gene:ENSBOLG00010015622","SORCS1","sortilin related VPS10 domain containing receptor 1 [Ensembl NN prediction with score 99.98%]","+",10942515,11454302,TRUE,291424,291424,220363,"overlapping","gene_body",FALSE,"intron"
"CM105764.1",115881563,5.532776139,3.15e-08,0.005404619,"CM105764.1",115881563,115881563,264627,"CM105764.1",116146191,117237516,"gene:ENSBOLG00010003108","AUTS2","activator of transcription and developmental regulator AUTS2 [Ensembl NN prediction with score 99.99%]","+",116146191,117237516,FALSE,264628,264628,1355953,"upstream","intergenic",FALSE,"intergenic"
"CM105778.1",61061716,5.530722315,3.19e-08,0.0054493,"CM105778.1",61061716,61061716,61710,"CM105778.1",60999550,61000005,"gene:ENSBOLG00010009303","MYL6","myosin light chain 6 [Ensembl NN prediction with score 99.97%]","-",61000005,60999550,FALSE,61711,61711,62166,"upstream","intergenic",FALSE,"intergenic"
"CM105765.1",14802466,5.526163157,3.27e-08,0.005554611,"CM105765.1",14802466,14802466,0,"CM105765.1",14752909,14846819,"gene:ENSBOLG00010000918","PAX3","paired box 3 [Ensembl NN prediction with score 99.99%]","-",14846819,14752909,TRUE,44353,44353,49557,"overlapping","gene_body",FALSE,"intron"
"CM105767.1",91671734,5.525545059,3.28e-08,0.005554611,"CM105767.1",91671734,91671734,273878,"CM105767.1",90839844,91397855,"gene:ENSBOLG00010005536","KIRREL3","kirre like nephrin family adhesion molecule 3 [Ensembl NN prediction with score 100%]","-",91397855,90839844,FALSE,273879,273879,831890,"upstream","intergenic",FALSE,"intergenic"
"CM105775.1",24133017,5.525960082,3.28e-08,0.005554611,"CM105775.1",24133017,24133017,240634,"CM105775.1",24373652,24375634,"gene:ENSBOLG00010013216","flrt2","fibronectin leucine rich transmembrane protein 2 [Ensembl NN prediction with score 100%]","-",24375634,24373652,FALSE,242617,242617,240635,"downstream","intergenic",FALSE,"intergenic"
"CM105774.1",47921446,5.524457864,3.31e-08,0.005569973,"CM105774.1",47921446,47921446,320606,"CM105774.1",47482127,47600839,"gene:ENSBOLG00010007735","FNDC3A","fibronectin type III domain containing 3A [Ensembl NN prediction with score 100%]","+",47482127,47600839,FALSE,439319,439319,320607,"downstream","intergenic",FALSE,"intergenic"
"CM105779.1",12949894,-5.520646326,3.38e-08,0.005672737,"CM105779.1",12949894,12949894,0,"CM105779.1",12755134,13436575,"gene:ENSBOLG00010009311","PCDH15","protocadherin related 15 [Ensembl NN prediction with score 100%]","-",13436575,12755134,TRUE,486681,486681,194760,"overlapping","gene_body",FALSE,"intron"
"CM105765.1",113600285,5.519375485,3.4e-08,0.005694477,"CM105765.1",113600285,113600285,0,"CM105765.1",113497701,113722572,"gene:ENSBOLG00010004383","NHSL1","NHS like 1 [Ensembl NN prediction with score 100%]","-",113722572,113497701,TRUE,122287,122287,102584,"overlapping","gene_body",FALSE,"intron"
"CM105764.1",113970520,-5.517521104,3.44e-08,0.005735365,"CM105764.1",113970520,113970520,70187,"CM105764.1",113895921,113900332,"gene:ENSBOLG00010002635","TMEM270","transmembrane protein 270 [Ensembl NN prediction with score 100%]","+",113895921,113900332,FALSE,74599,74599,70188,"downstream","intergenic",FALSE,"intergenic"
"CM105766.1",69756588,-5.515936348,3.47e-08,0.005767743,"CM105766.1",69756588,69756588,0,"CM105766.1",69755536,69764695,"gene:ENSBOLG00010009090","DNALI1","dynein axonemal light intermediate chain 1 [Ensembl NN prediction with score 100%]","+",69755536,69764695,TRUE,1052,1052,8107,"overlapping","gene_body",FALSE,"intron"
"CM105774.1",33354341,-5.512276906,3.54e-08,0.005869166,"CM105774.1",33354341,33354341,84696,"CM105774.1",33439038,33441201,"gene:ENSBOLG00010011828","eef1g","eukaryotic translation elongation factor 1 gamma [Ensembl NN prediction with score 100%]","+",33439038,33441201,FALSE,84697,84697,86860,"upstream","intergenic",FALSE,"intergenic"
"CM105766.1",98089752,5.50803939,3.63e-08,0.005952057,"CM105766.1",98089752,98089752,201930,"CM105766.1",98291683,98292306,"gene:ENSBOLG00010012588","TUSC1","tumor suppressor candidate 1 [Ensembl NN prediction with score 100%]","+",98291683,98292306,FALSE,201931,201931,202554,"upstream","intergenic",FALSE,"intergenic"
"CM105766.1",126907196,-5.508231279,3.62e-08,0.005952057,"CM105766.1",126907196,126907196,0,"CM105766.1",126896030,126919343,"gene:ENSBOLG00010000167","TNFSF8","TNF superfamily member 8 [Ensembl NN prediction with score 100%]","+",126896030,126919343,TRUE,11166,11166,12147,"overlapping","gene_body",FALSE,"intron"
"CM105779.1",42407344,-5.508713953,3.61e-08,0.005952057,"CM105779.1",42407344,42407344,0,"CM105779.1",42382718,42415234,"gene:ENSBOLG00010012490",NA,NA,"+",42382718,42415234,TRUE,24626,24626,7890,"overlapping","gene_body",FALSE,"intron"
"CM105768.1",5102123,-5.504105197,3.71e-08,0.006066275,"CM105768.1",5102123,5102123,0,"CM105768.1",4946801,5820396,"gene:ENSBOLG00010002792","DPP6","dipeptidyl peptidase like 6 [Ensembl NN prediction with score 100%]","-",5820396,4946801,TRUE,718273,718273,155322,"overlapping","gene_body",FALSE,"intron"
"CM105770.1",55547485,-5.502746481,3.74e-08,0.006078703,"CM105770.1",55547485,55547485,282029,"CM105770.1",55829515,55870716,"gene:ENSBOLG00010001292","DHX15","DEAH-box helicase 15 [Ensembl NN prediction with score 100%]","-",55870716,55829515,FALSE,323231,323231,282030,"downstream","intergenic",FALSE,"intergenic"
"CM105780.1",40027699,-5.502577485,3.74e-08,0.006078703,"CM105780.1",40027699,40027699,27898,"CM105780.1",40055598,40253787,"gene:ENSBOLG00010011600","RNGTT","RNA guanylyltransferase and 5'-phosphatase [Ensembl NN prediction with score 100%]","-",40253787,40055598,FALSE,226088,226088,27899,"downstream","intergenic",FALSE,"intergenic"
"CM105778.1",76316401,5.500567513,3.79e-08,0.006098012,"CM105778.1",76316401,76316401,601266,"CM105778.1",75690536,75715134,"gene:ENSBOLG00010010700","GTPBP6","GTP binding protein 6 (putative) [Ensembl NN prediction with score 97.9%]","+",75690536,75715134,FALSE,625865,625865,601267,"downstream","intergenic",FALSE,"intergenic"
"CM105788.1",38775137,5.500952587,3.78e-08,0.006098012,"CM105788.1",38775137,38775137,0,"CM105788.1",38536019,38922318,"gene:ENSBOLG00010016301","TMEM178B","transmembrane protein 178B [Ensembl NN prediction with score 100%]","+",38536019,38922318,TRUE,239118,239118,147181,"overlapping","gene_body",FALSE,"intron"
"CM105789.1",37047605,-5.500281675,3.79e-08,0.006098012,"CM105789.1",37047605,37047605,243001,"CM105789.1",36741737,36804603,"gene:ENSBOLG00010006693","SLC16A7","solute carrier family 16 member 7 [Ensembl NN prediction with score 100%]","+",36741737,36804603,FALSE,305868,305868,243002,"downstream","intergenic",FALSE,"intergenic"
"CM105779.1",12623302,5.499056955,3.82e-08,0.006120511,"CM105779.1",12623302,12623302,78924,"CM105779.1",12467204,12544377,"gene:ENSBOLG00010010330","RSPH14","radial spoke head 14 homolog [Ensembl NN prediction with score 100%]","+",12467204,12544377,FALSE,156098,156098,78925,"downstream","intergenic",FALSE,"intergenic"
"CM105788.1",26183316,-5.495797983,3.89e-08,0.006214395,"CM105788.1",26183316,26183316,0,"CM105788.1",25760430,26587417,"gene:ENSBOLG00010016078","GRM8","glutamate metabotropic receptor 8 [Ensembl NN prediction with score 100%]","-",26587417,25760430,TRUE,404101,404101,422886,"overlapping","gene_body",FALSE,"intron"
"CM105785.1",43185857,5.495143131,3.9e-08,0.006217314,"CM105785.1",43185857,43185857,7873,"CM105785.1",43193731,43194294,"gene:ENSBOLG00010010963","RPL32","ribosomal protein L32 [Ensembl NN prediction with score 100%]","+",43193731,43194294,FALSE,7874,7874,8437,"upstream","intergenic",FALSE,"intergenic"
"CM105766.1",89747955,-5.49420797,3.92e-08,0.006230183,"CM105766.1",89747955,89747955,0,"CM105766.1",89440585,89880003,"gene:ENSBOLG00010018204","PDE4B","phosphodiesterase 4B [Ensembl NN prediction with score 99.96%]","-",89880003,89440585,TRUE,132048,132048,307370,"overlapping","gene_body",FALSE,"intron"
"CM105764.1",120626207,5.493526807,3.94e-08,0.006234162,"CM105764.1",120626207,120626207,0,"CM105764.1",120354883,120974717,"gene:ENSBOLG00010002931","TMEM132D","transmembrane protein 132D [Ensembl NN prediction with score 100%]","+",120354883,120974717,TRUE,271324,271324,348510,"overlapping","gene_body",FALSE,"intron"
"CM105769.1",1670810,5.49143068,3.99e-08,0.0062884,"CM105769.1",1670810,1670810,290663,"CM105769.1",1961474,1977109,"gene:ENSBOLG00010006292","CAMK1G","calcium/calmodulin dependent protein kinase IG [Ensembl NN prediction with score 100%]","+",1961474,1977109,FALSE,290664,290664,306299,"upstream","intergenic",FALSE,"intergenic"
"CM105779.1",55078270,-5.490819147,4e-08,0.006290054,"CM105779.1",55078270,55078270,50498,"CM105779.1",55128769,55148823,"gene:ENSBOLG00010009639","MCM3","minichromosome maintenance complex component 3 [Ensembl NN prediction with score 100%]","+",55128769,55148823,FALSE,50499,50499,70553,"upstream","intergenic",FALSE,"intergenic"
"CM105766.1",98966281,-5.488941649,4.04e-08,0.006337025,"CM105766.1",98966281,98966281,296459,"CM105766.1",99262741,99265039,"gene:ENSBOLG00010012308","IZUMO3","IZUMO family member 3 [Ensembl NN prediction with score 100%]","+",99262741,99265039,FALSE,296460,296460,298758,"upstream","intergenic",FALSE,"intergenic"
"CM105779.1",55078265,-5.487980024,4.07e-08,0.006351384,"CM105779.1",55078265,55078265,50503,"CM105779.1",55128769,55148823,"gene:ENSBOLG00010009639","MCM3","minichromosome maintenance complex component 3 [Ensembl NN prediction with score 100%]","+",55128769,55148823,FALSE,50504,50504,70558,"upstream","intergenic",FALSE,"intergenic"
"CM105769.1",49174878,-5.487134044,4.09e-08,0.006361669,"CM105769.1",49174878,49174878,0,"CM105769.1",49130044,49451391,"gene:ENSBOLG00010000352","SYNPR","synaptoporin [Ensembl NN prediction with score 100%]","-",49451391,49130044,TRUE,276513,276513,44834,"overlapping","gene_body",FALSE,"intron"
"CM105774.1",39150080,-5.486202768,4.11e-08,0.006373518,"CM105774.1",39150080,39150080,1035756,"CM105774.1",40185837,40206964,"gene:ENSBOLG00010011783","OLFM4","olfactomedin 4 [Ensembl NN prediction with score 99.99%]","-",40206964,40185837,FALSE,1056884,1056884,1035757,"downstream","intergenic",FALSE,"intergenic"
"CM105778.1",26462526,-5.485690125,4.12e-08,0.006373518,"CM105778.1",26462526,26462526,0,"CM105778.1",26349527,26503513,"gene:ENSBOLG00010010482","SPEF2","sperm flagellar 2 [Ensembl NN prediction with score 100%]","+",26349527,26503513,TRUE,112999,112999,40987,"overlapping","gene_body",FALSE,"intron"
"CM105778.1",69291387,-5.484816417,4.14e-08,0.00638502,"CM105778.1",69291387,69291387,0,"CM105778.1",69027538,69569107,"gene:ENSBOLG00010005410","ADGRV1","adhesion G protein-coupled receptor V1 [Ensembl NN prediction with score 100%]","+",69027538,69569107,TRUE,263849,263849,277720,"overlapping","gene_body",FALSE,"intron"
"CM105768.1",5049395,-5.483484145,4.17e-08,0.006395249,"CM105768.1",5049395,5049395,0,"CM105768.1",4946801,5820396,"gene:ENSBOLG00010002792","DPP6","dipeptidyl peptidase like 6 [Ensembl NN prediction with score 100%]","-",5820396,4946801,TRUE,771001,771001,102594,"overlapping","gene_body",FALSE,"intron"
"CM105788.1",23505886,-5.483428349,4.17e-08,0.006395249,"CM105788.1",23505886,23505886,28350,"CM105788.1",23534237,23535346,"gene:ENSBOLG00010016373","TMEM229A","transmembrane protein 229A [Ensembl NN prediction with score 99.97%]","-",23535346,23534237,FALSE,29460,29460,28351,"downstream","intergenic",FALSE,"intergenic"
"CM105786.1",21386277,5.48093899,4.23e-08,0.006465757,"CM105786.1",21386277,21386277,598182,"CM105786.1",20267983,20788094,"gene:ENSBOLG00010010559","UNC5D","unc-5 netrin receptor D [Ensembl NN prediction with score 100%]","-",20788094,20267983,FALSE,598183,598183,1118294,"upstream","intergenic",FALSE,"intergenic"
"CM105789.1",26686989,5.479040647,4.28e-08,0.00651527,"CM105789.1",26686989,26686989,30586,"CM105789.1",26477817,26656402,"gene:ENSBOLG00010009510","KCNC2","potassium voltage-gated channel subfamily C member 2 [Ensembl NN prediction with score 100%]","+",26477817,26656402,FALSE,209172,209172,30587,"downstream","intergenic",FALSE,"intergenic"
"CM105775.1",38584474,-5.47130805,4.47e-08,0.006785077,"CM105775.1",38584474,38584474,0,"CM105775.1",38561464,38598612,"gene:ENSBOLG00010016829","SLC39A9","solute carrier family 39 member 9 [Ensembl NN prediction with score 100%]","-",38598612,38561464,TRUE,14138,14138,23010,"overlapping","gene_body",FALSE,"intron"
"CM105776.1",57807621,-5.467248414,4.57e-08,0.006899675,"CM105776.1",57807621,57807621,226773,"CM105776.1",57444393,57580847,"gene:ENSBOLG00010014725","PRKCQ","protein kinase C theta [Ensembl NN prediction with score 100%]","-",57580847,57444393,FALSE,226774,226774,363228,"upstream","intergenic",FALSE,"intergenic"
"CM105784.1",29947564,5.467410269,4.57e-08,0.006899675,"CM105784.1",29947564,29947564,210232,"CM105784.1",29736579,29737331,"gene:ENSBOLG00010014239","RPL7L1","ribosomal protein L7 like 1 [Ensembl NN prediction with score 100%]","-",29737331,29736579,FALSE,210233,210233,210985,"upstream","intergenic",FALSE,"intergenic"
"CM105774.1",30879928,5.465298132,4.62e-08,0.006954636,"CM105774.1",30879928,30879928,478237,"CM105774.1",31358166,31358734,"gene:ENSBOLG00010003633","RPL24","ribosomal protein L24 [Ensembl NN prediction with score 94.35%]","-",31358734,31358166,FALSE,478806,478806,478238,"downstream","intergenic",FALSE,"intergenic"
"CM105767.1",80956089,5.464694699,4.64e-08,0.006957059,"CM105767.1",80956089,80956089,0,"CM105767.1",80942269,80994776,"gene:ENSBOLG00010004199","ZC3H12C","zinc finger CCCH-type containing 12C [Ensembl NN prediction with score 100%]","-",80994776,80942269,TRUE,38687,38687,13820,"overlapping","gene_body",FALSE,"intron"
"CM105779.1",26980855,5.463608297,4.67e-08,0.006978516,"CM105779.1",26980855,26980855,0,"CM105779.1",26888866,27149738,"gene:ENSBOLG00010009643","SH3RF3","SH3 domain containing ring finger 3 [Ensembl NN prediction with score 100%]","-",27149738,26888866,TRUE,168883,168883,91989,"overlapping","gene_body",FALSE,"intron"
"CM105772.1",75213526,-5.462487637,4.7e-08,0.007001447,"CM105772.1",75213526,75213526,2447,"CM105772.1",75090133,75211078,"gene:ENSBOLG00010011711","PLPP4","phospholipid phosphatase 4 [Ensembl NN prediction with score 100%]","-",75211078,75090133,FALSE,2448,2448,123393,"upstream","intergenic",FALSE,"intergenic"
"CM105764.1",113408819,-5.460217439,4.76e-08,0.007006641,"CM105764.1",113408819,113408819,0,"CM105764.1",113406323,113422114,"gene:ENSBOLG00010002622","TRIM50","tripartite motif containing 50 [Ensembl NN prediction with score 100%]","-",113422114,113406323,TRUE,13295,13295,2496,"overlapping","gene_body",FALSE,"intron"
"CM105774.1",47014345,5.460770303,4.74e-08,0.007006641,"CM105774.1",47014345,47014345,0,"CM105774.1",46977308,47019702,"gene:ENSBOLG00010007782","RCBTB2","RCC1 and BTB domain containing protein 2 [Ensembl NN prediction with score 100%]","-",47019702,46977308,TRUE,5357,5357,37037,"overlapping","gene_body",FALSE,"intron"
"CM105775.1",44721825,-5.460771705,4.74e-08,0.007006641,"CM105775.1",44721825,44721825,86509,"CM105775.1",44808335,45056049,"gene:ENSBOLG00010012342","SYT16","synaptotagmin 16 [Ensembl NN prediction with score 100%]","-",45056049,44808335,FALSE,334224,334224,86510,"downstream","intergenic",FALSE,"intergenic"
"CM105786.1",11525742,-5.460466508,4.75e-08,0.007006641,"CM105786.1",11525742,11525742,0,"CM105786.1",10866301,12345207,"gene:ENSBOLG00010009999","CSMD1","CUB and Sushi multiple domains 1 [Ensembl NN prediction with score 100%]","-",12345207,10866301,TRUE,819465,819465,659441,"overlapping","gene_body",FALSE,"intron"
"CM105775.1",13604887,5.457101056,4.84e-08,0.007109401,"CM105775.1",13604887,13604887,67130,"CM105775.1",13537436,13537756,"gene:ENSBOLG00010012035","rpl36","ribosomal protein L36 [Ensembl NN prediction with score 83.29%]","+",13537436,13537756,FALSE,67451,67451,67131,"downstream","intergenic",FALSE,"intergenic"
"CM105773.1",48456300,-5.454848072,4.9e-08,0.0071574,"CM105773.1",48456300,48456300,148528,"CM105773.1",48604829,48650682,"gene:ENSBOLG00010017097","HAO1","hydroxyacid oxidase 1 [Ensembl NN prediction with score 100%]","-",48650682,48604829,FALSE,194382,194382,148529,"downstream","intergenic",FALSE,"intergenic"
"CM105788.1",35842698,-5.454984792,4.9e-08,0.0071574,"CM105788.1",35842698,35842698,14406,"CM105788.1",35857105,35970390,"gene:ENSBOLG00010016767","CREB3L2","cAMP responsive element binding protein 3 like 2 [Ensembl NN prediction with score 100%]","-",35970390,35857105,FALSE,127692,127692,14407,"downstream","intergenic",FALSE,"intergenic"
"CM105765.1",98778940,-5.453436194,4.94e-08,0.007179059,"CM105765.1",98778940,98778940,0,"CM105765.1",98766096,98790789,"gene:ENSBOLG00010011552","HSF2","heat shock transcription factor 2 [Ensembl NN prediction with score 100%]","+",98766096,98790789,TRUE,12844,12844,11849,"overlapping","gene_body",FALSE,"intron"
"CM105769.1",5366036,5.452735873,4.96e-08,0.007179059,"CM105769.1",5366036,5366036,31605,"CM105769.1",5397642,5439896,"gene:ENSBOLG00010006174","SMYD2","SET and MYND domain containing 2 [Ensembl NN prediction with score 100%]","+",5397642,5439896,FALSE,31606,31606,73860,"upstream","intergenic",FALSE,"intergenic"
"CM105779.1",6509740,-5.453085374,4.95e-08,0.007179059,"CM105779.1",6509740,6509740,39925,"CM105779.1",6549666,6554582,"gene:ENSBOLG00010023302","PIM1","Pim-1 proto-oncogene, serine/threonine kinase [Ensembl NN prediction with score 100%]","+",6549666,6554582,FALSE,39926,39926,44842,"upstream","intergenic",FALSE,"intergenic"
"CM105770.1",3541249,-5.450527137,5.02e-08,0.007230955,"CM105770.1",3541249,3541249,44221,"CM105770.1",3474181,3497027,"gene:ENSBOLG00010021031","Zfp873","zinc finger protein 873 [Ensembl NN prediction with score 97.29%]","+",3474181,3497027,FALSE,67068,67068,44222,"downstream","intergenic",FALSE,"intergenic"
"CM105783.1",12280484,-5.450412433,5.03e-08,0.007230955,"CM105783.1",12280484,12280484,31650,"CM105783.1",12312135,13381689,"gene:ENSBOLG00010013435","CSMD3","CUB and Sushi multiple domains 3 [Ensembl NN prediction with score 100%]","-",13381689,12312135,FALSE,1101205,1101205,31651,"downstream","intergenic",FALSE,"intergenic"
"CM105765.1",47059789,5.447688576,5.1e-08,0.007321129,"CM105765.1",47059789,47059789,216565,"CM105765.1",47276355,47306938,"gene:ENSBOLG00010008131","Zfp507","zinc finger protein 507 [Ensembl NN prediction with score 100%]","+",47276355,47306938,FALSE,216566,216566,247149,"upstream","intergenic",FALSE,"intergenic"
"CM105775.1",36386902,-5.444867015,5.18e-08,0.007383921,"CM105775.1",36386902,36386902,0,"CM105775.1",36030327,36541947,"gene:ENSBOLG00010015924","RGS6","regulator of G protein signaling 6 [Ensembl NN prediction with score 100%]","-",36541947,36030327,TRUE,155045,155045,356575,"overlapping","gene_body",FALSE,"intron"
"CM105775.1",62936213,-5.445629129,5.16e-08,0.007383921,"CM105775.1",62936213,62936213,0,"CM105775.1",62922823,63751507,"gene:ENSBOLG00010008123","NPAS3","neuronal PAS domain protein 3 [Ensembl NN prediction with score 100%]","-",63751507,62922823,TRUE,815294,815294,13390,"overlapping","gene_body",FALSE,"intron"
"CM105777.1",49991756,-5.444400248,5.2e-08,0.007383921,"CM105777.1",49991756,49991756,21750,"CM105777.1",50013507,50248614,"gene:ENSBOLG00010010735","PCDHAC2","protocadherin alpha subfamily C, 2 [Ensembl NN prediction with score 100%]","-",50248614,50013507,FALSE,256858,256858,21751,"downstream","intergenic",FALSE,"intergenic"
"CM105784.1",47798085,-5.444105167,5.21e-08,0.007383921,"CM105784.1",47798085,47798085,13995,"CM105784.1",47613171,47784089,"gene:ENSBOLG00010007799","4932438A13Rik","RIKEN cDNA 4932438A13 gene [Ensembl NN prediction with score 99.97%]","-",47784089,47613171,FALSE,13996,13996,184914,"upstream","intergenic",FALSE,"intergenic"
"CM105783.1",20483732,-5.441870436,5.27e-08,0.007455689,"CM105783.1",20483732,20483732,82500,"CM105783.1",20566233,20590407,"gene:ENSBOLG00010006962","Slc22a22","solute carrier family 22 (organic cation transporter), member 22 [Ensembl NN prediction with score 100%]","-",20590407,20566233,FALSE,106675,106675,82501,"downstream","intergenic",FALSE,"intergenic"
"CM105764.1",32168352,-5.43551321,5.46e-08,0.007686226,"CM105764.1",32168352,32168352,545685,"CM105764.1",32714038,33007498,"gene:ENSBOLG00010001294","CADM2","cell adhesion molecule 2 [Ensembl NN prediction with score 99.99%]","+",32714038,33007498,FALSE,545686,545686,839146,"upstream","intergenic",FALSE,"intergenic"
"CM105769.1",7449686,-5.433396244,5.53e-08,0.007686226,"CM105769.1",7449686,7449686,160326,"CM105769.1",7077551,7289359,"gene:ENSBOLG00010006258","ESRRG","estrogen related receptor gamma [Ensembl NN prediction with score 100%]","-",7289359,7077551,FALSE,160327,160327,372135,"upstream","intergenic",FALSE,"intergenic"
"CM105770.1",106994184,-5.434934932,5.48e-08,0.007686226,"CM105770.1",106994184,106994184,110661,"CM105770.1",107104846,107109433,"gene:ENSBOLG00010000538","BARHL2","BarH like homeobox 2 [Ensembl NN prediction with score 100%]","-",107109433,107104846,FALSE,115249,115249,110662,"downstream","intergenic",FALSE,"intergenic"
"CM105775.1",44772674,-5.433833509,5.52e-08,0.007686226,"CM105775.1",44772674,44772674,35660,"CM105775.1",44808335,45056049,"gene:ENSBOLG00010012342","SYT16","synaptotagmin 16 [Ensembl NN prediction with score 100%]","-",45056049,44808335,FALSE,283375,283375,35661,"downstream","intergenic",FALSE,"intergenic"
"CM105787.1",29247463,5.434012901,5.51e-08,0.007686226,"CM105787.1",29247463,29247463,0,"CM105787.1",29089142,29270712,"gene:ENSBOLG00010009648","PCSK6","proprotein convertase subtilisin/kexin type 6 [Ensembl NN prediction with score 100%]","+",29089142,29270712,TRUE,158321,158321,23249,"overlapping","gene_body",FALSE,"intron"
"CM105788.1",35822749,-5.433576653,5.52e-08,0.007686226,"CM105788.1",35822749,35822749,1216,"CM105788.1",35364523,35821532,"gene:ENSBOLG00010016605","DGKI","diacylglycerol kinase iota [Ensembl NN prediction with score 100%]","-",35821532,35364523,FALSE,1217,1217,458226,"upstream","promoter",FALSE,"promoter"
"CM105770.1",46610136,5.432689404,5.55e-08,0.007695008,"CM105770.1",46610136,46610136,484620,"CM105770.1",46071880,46125515,"gene:ENSBOLG00010013514","Bod1l","biorientation of chromosomes in cell division 1-like [Ensembl NN prediction with score 100%]","-",46125515,46071880,FALSE,484621,484621,538256,"upstream","intergenic",FALSE,"intergenic"
"CM105767.1",96440723,-5.429783935,5.64e-08,0.007799369,"CM105767.1",96440723,96440723,0,"CM105767.1",95894806,96871320,"gene:ENSBOLG00010000410","NTM","neurotrimin [Ensembl NN prediction with score 100%]","+",95894806,96871320,TRUE,545917,545917,430597,"overlapping","gene_body",FALSE,"intron"
"CM105775.1",1564815,-5.424618983,5.81e-08,0.007984347,"CM105775.1",1564815,1564815,0,"CM105775.1",1375558,2106593,"gene:ENSBOLG00010021380","ptprn2","protein tyrosine phosphatase receptor type N2 [Ensembl NN prediction with score 100%]","-",2106593,1375558,TRUE,541778,541778,189257,"overlapping","gene_body",FALSE,"intron"
"CM105789.1",36652585,-5.424598393,5.81e-08,0.007984347,"CM105789.1",36652585,36652585,89151,"CM105789.1",36741737,36804603,"gene:ENSBOLG00010006693","SLC16A7","solute carrier family 16 member 7 [Ensembl NN prediction with score 100%]","+",36741737,36804603,FALSE,89152,89152,152018,"upstream","intergenic",FALSE,"intergenic"
"CM105778.1",69252820,-5.423072574,5.86e-08,0.008008092,"CM105778.1",69252820,69252820,0,"CM105778.1",69027538,69569107,"gene:ENSBOLG00010005410","ADGRV1","adhesion G protein-coupled receptor V1 [Ensembl NN prediction with score 100%]","+",69027538,69569107,TRUE,225282,225282,316287,"overlapping","gene_body",FALSE,"intron"
"CM105788.1",20747078,-5.423352452,5.85e-08,0.008008092,"CM105788.1",20747078,20747078,43853,"CM105788.1",20662275,20703224,"gene:ENSBOLG00010016284","FAM3C","FAM3 metabolism regulating signaling molecule C [Ensembl NN prediction with score 100%]","-",20703224,20662275,FALSE,43854,43854,84803,"upstream","intergenic",FALSE,"intergenic"
"CM105784.1",45549308,5.421772313,5.9e-08,0.008044229,"CM105784.1",45549308,45549308,214085,"CM105784.1",45763394,45897585,"gene:ENSBOLG00010007891","FAT4","FAT atypical cadherin 4 [Ensembl NN prediction with score 100%]","-",45897585,45763394,FALSE,348277,348277,214086,"downstream","intergenic",FALSE,"intergenic"
"CM105766.1",126051090,5.419564312,5.97e-08,0.008081158,"CM105766.1",126051090,126051090,500689,"CM105766.1",125322067,125550400,"gene:ENSBOLG00010000193","PAPPA","pappalysin 1 [Ensembl NN prediction with score 100%]","-",125550400,125322067,FALSE,500690,500690,729023,"upstream","intergenic",FALSE,"intergenic"
"CM105769.1",33665281,-5.419194288,5.99e-08,0.008081158,"CM105769.1",33665281,33665281,0,"CM105769.1",33616010,33714278,"gene:ENSBOLG00010002280","PARG","poly(ADP-ribose) glycohydrolase [Ensembl NN prediction with score 100%]","+",33616010,33714278,TRUE,49271,49271,48997,"overlapping","gene_body",FALSE,"intron"
"CM105776.1",26221696,-5.418006514,6.03e-08,0.008081158,"CM105776.1",26221696,26221696,11867,"CM105776.1",26141503,26209828,"gene:ENSBOLG00010015688","LY86","lymphocyte antigen 86 [Ensembl NN prediction with score 99.98%]","-",26209828,26141503,FALSE,11868,11868,80193,"upstream","intergenic",FALSE,"intergenic"
"CM105778.1",69464279,-5.418410093,6.01e-08,0.008081158,"CM105778.1",69464279,69464279,0,"CM105778.1",69027538,69569107,"gene:ENSBOLG00010005410","ADGRV1","adhesion G protein-coupled receptor V1 [Ensembl NN prediction with score 100%]","+",69027538,69569107,TRUE,436741,436741,104828,"overlapping","gene_body",FALSE,"intron"
"CM105780.1",18463266,-5.420153745,5.95e-08,0.008081158,"CM105780.1",18463266,18463266,0,"CM105780.1",18383467,18533163,"gene:ENSBOLG00010014517","Palm2","paralemmin 2 [Ensembl NN prediction with score 79.89%]","-",18533163,18383467,TRUE,69897,69897,79799,"overlapping","gene_body",FALSE,"intron"
"CM105781.1",14247929,5.418524961,6.01e-08,0.008081158,"CM105781.1",14247929,14247929,32756,"CM105781.1",14280686,14281093,"gene:ENSBOLG00010011756","NHLH2","nescient helix-loop-helix 2 [Ensembl NN prediction with score 99.93%]","+",14280686,14281093,FALSE,32757,32757,33164,"upstream","intergenic",FALSE,"intergenic"
"CM105764.1",74375014,5.415530503,6.11e-08,0.008127874,"CM105764.1",74375014,74375014,19997,"CM105764.1",74395012,74416588,"gene:ENSBOLG00010001473","TMEM207","transmembrane protein 207 [Ensembl NN prediction with score 100%]","+",74395012,74416588,FALSE,19998,19998,41574,"upstream","intergenic",FALSE,"intergenic"
"CM105775.1",44696650,-5.41551921,6.11e-08,0.008127874,"CM105775.1",44696650,44696650,111684,"CM105775.1",44808335,45056049,"gene:ENSBOLG00010012342","SYT16","synaptotagmin 16 [Ensembl NN prediction with score 100%]","-",45056049,44808335,FALSE,359399,359399,111685,"downstream","intergenic",FALSE,"intergenic"
"CM105776.1",41869886,5.41597637,6.1e-08,0.008127874,"CM105776.1",41869886,41869886,0,"CM105776.1",41864648,41909031,"gene:ENSBOLG00010008365","NME8","NME/NM23 family member 8 [Ensembl NN prediction with score 100%]","+",41864648,41909031,TRUE,5238,5238,39145,"overlapping","gene_body",FALSE,"intron"
"CM105785.1",51509511,5.412844274,6.2e-08,0.008205922,"CM105785.1",51509511,51509511,124454,"CM105785.1",51633966,51681201,"gene:ENSBOLG00010010299","LNPK","lunapark, ER junction formation factor [Ensembl NN prediction with score 99.84%]","-",51681201,51633966,FALSE,171690,171690,124455,"downstream","intergenic",FALSE,"intergenic"
"CM105788.1",23514717,-5.413284451,6.19e-08,0.008205922,"CM105788.1",23514717,23514717,19519,"CM105788.1",23534237,23535346,"gene:ENSBOLG00010016373","TMEM229A","transmembrane protein 229A [Ensembl NN prediction with score 99.97%]","-",23535346,23534237,FALSE,20629,20629,19520,"downstream","intergenic",FALSE,"intergenic"
"CM105768.1",5013420,-5.412346832,6.22e-08,0.008206697,"CM105768.1",5013420,5013420,0,"CM105768.1",4946801,5820396,"gene:ENSBOLG00010002792","DPP6","dipeptidyl peptidase like 6 [Ensembl NN prediction with score 100%]","-",5820396,4946801,TRUE,806976,806976,66619,"overlapping","gene_body",FALSE,"intron"
"CM105764.1",101305179,-5.40970514,6.31e-08,0.008209432,"CM105764.1",101305179,101305179,286762,"CM105764.1",101016788,101018416,"gene:ENSBOLG00010004455","HAVCR1","hepatitis A virus cellular receptor 1 [Ensembl NN prediction with score 99.98%]","+",101016788,101018416,FALSE,288391,288391,286763,"downstream","intergenic",FALSE,"intergenic"
"CM105765.1",98777373,-5.411036361,6.27e-08,0.008209432,"CM105765.1",98777373,98777373,0,"CM105765.1",98766096,98790789,"gene:ENSBOLG00010011552","HSF2","heat shock transcription factor 2 [Ensembl NN prediction with score 100%]","+",98766096,98790789,TRUE,11277,11277,13416,"overlapping","gene_body",FALSE,"intron"
"CM105765.1",131296610,5.411269309,6.26e-08,0.008209432,"CM105765.1",131296610,131296610,54,"CM105765.1",131289903,131296555,"gene:ENSBOLG00010003328","GTF2H5","general transcription factor IIH subunit 5 [Ensembl NN prediction with score 100%]","+",131289903,131296555,FALSE,6707,6707,55,"downstream","downstream",FALSE,"downstream"
"CM105772.1",18011984,-5.409805501,6.31e-08,0.008209432,"CM105772.1",18011984,18011984,0,"CM105772.1",17919476,18021258,"gene:ENSBOLG00010017927","DNMBP","dynamin binding protein [Ensembl NN prediction with score 99.97%]","+",17919476,18021258,TRUE,92508,92508,9274,"overlapping","gene_body",FALSE,"intron"
"CM105775.1",36269719,-5.40942982,6.32e-08,0.008209432,"CM105775.1",36269719,36269719,0,"CM105775.1",36030327,36541947,"gene:ENSBOLG00010015924","RGS6","regulator of G protein signaling 6 [Ensembl NN prediction with score 100%]","-",36541947,36030327,TRUE,272228,272228,239392,"overlapping","gene_body",FALSE,"intron"
"CM105775.1",44695792,-5.409637518,6.32e-08,0.008209432,"CM105775.1",44695792,44695792,112542,"CM105775.1",44808335,45056049,"gene:ENSBOLG00010012342","SYT16","synaptotagmin 16 [Ensembl NN prediction with score 100%]","-",45056049,44808335,FALSE,360257,360257,112543,"downstream","intergenic",FALSE,"intergenic"
"CM105788.1",30219737,-5.407712513,6.38e-08,0.008266702,"CM105788.1",30219737,30219737,143024,"CM105788.1",29964034,30076712,"gene:ENSBOLG00010014982","MKLN1","muskelin 1 [Ensembl NN prediction with score 100%]","+",29964034,30076712,FALSE,255703,255703,143025,"downstream","intergenic",FALSE,"intergenic"
"CM105765.1",14541627,-5.406184351,6.44e-08,0.008315624,"CM105765.1",14541627,14541627,211281,"CM105765.1",14752909,14846819,"gene:ENSBOLG00010000918","PAX3","paired box 3 [Ensembl NN prediction with score 99.99%]","-",14846819,14752909,FALSE,305192,305192,211282,"downstream","intergenic",FALSE,"intergenic"
"CM105787.1",31830041,5.404614926,6.49e-08,0.0083668,"CM105787.1",31830041,31830041,60100,"CM105787.1",31890142,31891720,"gene:ENSBOLG00010009720","tspan7b","tetraspanin 7b [Ensembl NN prediction with score 78.92%]","+",31890142,31891720,FALSE,60101,60101,61679,"upstream","intergenic",FALSE,"intergenic"
"CM105764.1",22287038,5.402451489,6.57e-08,0.008446263,"CM105764.1",22287038,22287038,454475,"CM105764.1",22741514,22849557,"gene:ENSBOLG00010000097","USP25","ubiquitin specific peptidase 25 [Ensembl NN prediction with score 100%]","-",22849557,22741514,FALSE,562519,562519,454476,"downstream","intergenic",FALSE,"intergenic"
"CM105772.1",11349649,5.395490252,6.83e-08,0.008757524,"CM105772.1",11349649,11349649,0,"CM105772.1",10942515,11454302,"gene:ENSBOLG00010015622","SORCS1","sortilin related VPS10 domain containing receptor 1 [Ensembl NN prediction with score 99.98%]","+",10942515,11454302,TRUE,407134,407134,104653,"overlapping","gene_body",FALSE,"intron"
"CM105766.1",28667949,-5.394117264,6.89e-08,0.008801823,"CM105766.1",28667949,28667949,0,"CM105766.1",28663544,28676391,"gene:ENSBOLG00010007724","Clec4n","C-type lectin domain family 4, member n [Ensembl NN prediction with score 94.65%]","-",28676391,28663544,TRUE,8442,8442,4405,"overlapping","gene_body",FALSE,"intron"
"CM105766.1",86853465,-5.391728084,6.98e-08,0.008896574,"CM105766.1",86853465,86853465,34735,"CM105766.1",86888201,86964241,"gene:ENSBOLG00010019104","plpp3","phospholipid phosphatase 3 [Ensembl NN prediction with score 100%]","-",86964241,86888201,FALSE,110776,110776,34736,"downstream","intergenic",FALSE,"intergenic"
"CM105776.1",52121271,5.388246484,7.11e-08,0.009047173,"CM105776.1",52121271,52121271,568778,"CM105776.1",51018473,51552492,"gene:ENSBOLG00010008511","ADARB2","adenosine deaminase RNA specific B2 (inactive) [Ensembl NN prediction with score 100%]","-",51552492,51018473,FALSE,568779,568779,1102798,"upstream","intergenic",FALSE,"intergenic"
"CM105786.1",52747828,5.387618798,7.14e-08,0.009048625,"CM105786.1",52747828,52747828,0,"CM105786.1",52636507,52814026,"gene:ENSBOLG00010006089","TLL1","tolloid like 1 [Ensembl NN prediction with score 100%]","-",52814026,52636507,TRUE,66198,66198,111321,"overlapping","gene_body",FALSE,"intron"
"CM105787.1",33566288,-5.387290924,7.15e-08,0.009048625,"CM105787.1",33566288,33566288,80427,"CM105787.1",33646716,33658858,"gene:ENSBOLG00010003809","NR2F2","nuclear receptor subfamily 2 group F member 2 [Ensembl NN prediction with score 99.86%]","-",33658858,33646716,FALSE,92570,92570,80428,"downstream","intergenic",FALSE,"intergenic"
"CM105768.1",5195005,-5.386045426,7.2e-08,0.009088156,"CM105768.1",5195005,5195005,0,"CM105768.1",4946801,5820396,"gene:ENSBOLG00010002792","DPP6","dipeptidyl peptidase like 6 [Ensembl NN prediction with score 100%]","-",5820396,4946801,TRUE,625391,625391,248204,"overlapping","gene_body",FALSE,"intron"
"CM105785.1",2731203,-5.383540609,7.3e-08,0.009192029,"CM105785.1",2731203,2731203,0,"CM105785.1",2392478,2897977,"gene:ENSBOLG00010006573","DENND1A","DENN domain containing 1A [Ensembl NN prediction with score 100%]","-",2897977,2392478,TRUE,166774,166774,338725,"overlapping","gene_body",FALSE,"intron"
"CM105768.1",9857529,5.381174627,7.4e-08,0.009289924,"CM105768.1",9857529,9857529,159474,"CM105768.1",10017004,10023109,"gene:ENSBOLG00010002447","NPY","neuropeptide Y [Ensembl NN prediction with score 100%]","+",10017004,10023109,FALSE,159475,159475,165580,"upstream","intergenic",FALSE,"intergenic"
"CM105770.1",3548226,-5.379562592,7.47e-08,0.009349639,"CM105770.1",3548226,3548226,51198,"CM105770.1",3474181,3497027,"gene:ENSBOLG00010021031","Zfp873","zinc finger protein 873 [Ensembl NN prediction with score 97.29%]","+",3474181,3497027,FALSE,74045,74045,51199,"downstream","intergenic",FALSE,"intergenic"
"CM105775.1",44768256,-5.377477744,7.55e-08,0.009410627,"CM105775.1",44768256,44768256,40078,"CM105775.1",44808335,45056049,"gene:ENSBOLG00010012342","SYT16","synaptotagmin 16 [Ensembl NN prediction with score 100%]","-",45056049,44808335,FALSE,287793,287793,40079,"downstream","intergenic",FALSE,"intergenic"
"CM105777.1",65151520,5.377573704,7.55e-08,0.009410627,"CM105777.1",65151520,65151520,44233,"CM105777.1",64748893,65107286,"gene:ENSBOLG00010007925","CCDC178","coiled-coil domain containing 178 [Ensembl NN prediction with score 100%]","+",64748893,65107286,FALSE,402627,402627,44234,"downstream","intergenic",FALSE,"intergenic"
"CM105789.1",36421707,5.37539884,7.64e-08,0.009495821,"CM105789.1",36421707,36421707,320029,"CM105789.1",36741737,36804603,"gene:ENSBOLG00010006693","SLC16A7","solute carrier family 16 member 7 [Ensembl NN prediction with score 100%]","+",36741737,36804603,FALSE,320030,320030,382896,"upstream","intergenic",FALSE,"intergenic"
"CM105779.1",679568,5.372853919,7.75e-08,0.009606614,"CM105779.1",679568,679568,0,"CM105779.1",679225,682181,"gene:ENSBOLG00010023028","H2-M2","histocompatibility 2, M region locus 2 [Ensembl NN prediction with score 100%]","+",679225,682181,TRUE,343,343,2613,"overlapping","gene_body",TRUE,"exon"
"CM105776.1",14171187,-5.370258567,7.86e-08,0.009717466,"CM105776.1",14171187,14171187,441327,"CM105776.1",14612515,14615431,"gene:ENSBOLG00010013772","ID4","inhibitor of DNA binding 4, HLH protein [Ensembl NN prediction with score 100%]","+",14612515,14615431,FALSE,441328,441328,444244,"upstream","intergenic",FALSE,"intergenic"
"CM105782.1",33360459,5.369879355,7.88e-08,0.009717466,"CM105782.1",33360459,33360459,1449921,"CM105782.1",31550513,31910537,"gene:ENSBOLG00010008446","CDH8","cadherin 8 [Ensembl NN prediction with score 100%]","-",31910537,31550513,FALSE,1449922,1449922,1809946,"upstream","intergenic",FALSE,"intergenic"
"CM105766.1",20948224,-5.36833693,7.95e-08,0.00974346,"CM105766.1",20948224,20948224,0,"CM105766.1",20943963,20952306,"gene:ENSBOLG00010007121","MAGOHB","mago homolog B, exon junction complex subunit [Ensembl NN prediction with score 99.22%]","+",20943963,20952306,TRUE,4261,4261,4082,"overlapping","gene_body",TRUE,"exon"
"CM105773.1",60216358,5.368046413,7.96e-08,0.00974346,"CM105773.1",60216358,60216358,0,"CM105773.1",59972419,60236580,"gene:ENSBOLG00010008089","RALGAPA2","Ral GTPase activating protein catalytic subunit alpha 2 [Ensembl NN prediction with score 100%]","-",60236580,59972419,TRUE,20222,20222,243939,"overlapping","gene_body",FALSE,"intron"
"CM105778.1",69470742,-5.368873001,7.92e-08,0.00974346,"CM105778.1",69470742,69470742,0,"CM105778.1",69027538,69569107,"gene:ENSBOLG00010005410","ADGRV1","adhesion G protein-coupled receptor V1 [Ensembl NN prediction with score 100%]","+",69027538,69569107,TRUE,443204,443204,98365,"overlapping","gene_body",FALSE,"intron"
"CM105765.1",98596062,5.363399995,8.17e-08,0.00997276,"CM105765.1",98596062,98596062,170033,"CM105765.1",98766096,98790789,"gene:ENSBOLG00010011552","HSF2","heat shock transcription factor 2 [Ensembl NN prediction with score 100%]","+",98766096,98790789,FALSE,170034,170034,194727,"upstream","intergenic",FALSE,"intergenic"
"CM105769.1",39457367,5.362401448,8.21e-08,0.010003242,"CM105769.1",39457367,39457367,0,"CM105769.1",39423917,40440427,"gene:ENSBOLG00010002302","NRG3","neuregulin 3 [Ensembl NN prediction with score 99.71%]","-",40440427,39423917,TRUE,983060,983060,33450,"overlapping","gene_body",FALSE,"intron"
"CM105764.1",62881480,-5.360579156,8.3e-08,0.010054906,"CM105764.1",62881480,62881480,0,"CM105764.1",62753321,62907433,"gene:ENSBOLG00010003617","ABI3BP","ABI family member 3 binding protein [Ensembl NN prediction with score 99.46%]","+",62753321,62907433,TRUE,128159,128159,25953,"overlapping","gene_body",FALSE,"intron"
"CM105789.1",17543263,5.360879736,8.28e-08,0.010054906,"CM105789.1",17543263,17543263,213571,"CM105789.1",17756835,17766382,"gene:ENSBOLG00010009140","mgat4c","MGAT4 family member C [Ensembl NN prediction with score 100%]","+",17756835,17766382,FALSE,213572,213572,223119,"upstream","intergenic",FALSE,"intergenic"
"CM105789.1",11098723,5.359216034,8.36e-08,0.010106168,"CM105789.1",11098723,11098723,0,"CM105789.1",11068610,11219056,"gene:ENSBOLG00010009109","PLXNC1","plexin C1 [Ensembl NN prediction with score 100%]","-",11219056,11068610,TRUE,120333,120333,30113,"overlapping","gene_body",FALSE,"intron"
"CM105777.1",14699010,5.357576027,8.43e-08,0.010167509,"CM105777.1",14699010,14699010,22874,"CM105777.1",14721885,14770421,"gene:ENSBOLG00010014553","ME2","malic enzyme 2 [Ensembl NN prediction with score 100%]","+",14721885,14770421,FALSE,22875,22875,71411,"upstream","intergenic",FALSE,"intergenic"
"CM105783.1",49867454,5.357236648,8.45e-08,0.010167509,"CM105783.1",49867454,49867454,0,"CM105783.1",49834296,50034762,"gene:ENSBOLG00010020960","TAFA5","TAFA chemokine like family member 5 [Ensembl NN prediction with score 98.49%]","+",49834296,50034762,TRUE,33158,33158,167308,"overlapping","gene_body",FALSE,"intron"
"CM105767.1",30549441,-5.354679022,8.57e-08,0.010287224,"CM105767.1",30549441,30549441,0,"CM105767.1",30519415,30619368,"gene:ENSBOLG00010001725","CGNL1","cingulin like 1 [Ensembl NN prediction with score 100%]","-",30619368,30519415,TRUE,69927,69927,30026,"overlapping","gene_body",FALSE,"intron"
"CM105766.1",69784694,-5.350840242,8.75e-08,0.010482308,"CM105766.1",69784694,69784694,0,"CM105766.1",69765784,69793365,"gene:ENSBOLG00010009123","GNL2","G protein nucleolar 2 [Ensembl NN prediction with score 100%]","-",69793365,69765784,TRUE,8671,8671,18910,"overlapping","gene_body",FALSE,"intron"
"CM105769.1",44583410,5.347897364,8.9e-08,0.010576935,"CM105769.1",44583410,44583410,52945,"CM105769.1",44636356,44636992,"gene:ENSBOLG00010000378","rpl29","ribosomal protein L29 [Ensembl NN prediction with score 98%]","+",44636356,44636992,FALSE,52946,52946,53582,"upstream","intergenic",FALSE,"intergenic"
"CM105772.1",75213519,-5.348657826,8.86e-08,0.010576935,"CM105772.1",75213519,75213519,2440,"CM105772.1",75090133,75211078,"gene:ENSBOLG00010011711","PLPP4","phospholipid phosphatase 4 [Ensembl NN prediction with score 100%]","-",75211078,75090133,FALSE,2441,2441,123386,"upstream","intergenic",FALSE,"intergenic"
"CM105774.1",46381639,-5.348248701,8.88e-08,0.010576935,"CM105774.1",46381639,46381639,14573,"CM105774.1",46396213,46402911,"gene:ENSBOLG00010007854","CBY2","chibby family member 2 [Ensembl NN prediction with score 99.96%]","-",46402911,46396213,FALSE,21272,21272,14574,"downstream","intergenic",FALSE,"intergenic"
"CM105772.1",90936375,5.346069514,8.99e-08,0.010658503,"CM105772.1",90936375,90936375,87640,"CM105772.1",90555791,90848734,"gene:ENSBOLG00010005262","SPON1","spondin 1 [Ensembl NN prediction with score 100%]","-",90848734,90555791,FALSE,87641,87641,380584,"upstream","intergenic",FALSE,"intergenic"
"CM105769.1",49669378,-5.345122519,9.04e-08,0.010666677,"CM105769.1",49669378,49669378,22568,"CM105769.1",49691947,49692123,"gene:ENSBOLG00010000377","atp5md","ATP synthase membrane subunit DAPIT [Ensembl NN prediction with score 70.39%]","-",49692123,49691947,FALSE,22745,22745,22569,"downstream","intergenic",FALSE,"intergenic"
"CM105770.1",70387855,5.345059928,9.04e-08,0.010666677,"CM105770.1",70387855,70387855,71590,"CM105770.1",70459446,70463838,"gene:ENSBOLG00010004794","SHISA3","shisa family member 3 [Ensembl NN prediction with score 100%]","+",70459446,70463838,FALSE,71591,71591,75983,"upstream","intergenic",FALSE,"intergenic"
"CM105789.1",21321316,-5.344186048,9.08e-08,0.010692618,"CM105789.1",21321316,21321316,0,"CM105789.1",21085754,21492273,"gene:ENSBOLG00010009449","PPFIA2","PTPRF interacting protein alpha 2 [Ensembl NN prediction with score 100%]","+",21085754,21492273,TRUE,235562,235562,170957,"overlapping","gene_body",FALSE,"intron"
"CM105770.1",6704160,-5.342647839,9.16e-08,0.010758046,"CM105770.1",6704160,6704160,1937451,"CM105770.1",8641612,8646175,"gene:ENSBOLG00010021016","EBI3","Epstein-Barr virus induced 3 [Ensembl NN prediction with score 99.98%]","+",8641612,8646175,FALSE,1937452,1937452,1942015,"upstream","intergenic",FALSE,"intergenic"
"CM105765.1",4014183,-5.337994643,9.4e-08,0.010935855,"CM105765.1",4014183,4014183,2541,"CM105765.1",4016725,4052493,"gene:ENSBOLG00010000495","LANCL1","LanC like 1 [Ensembl NN prediction with score 100%]","-",4052493,4016725,FALSE,38310,38310,2542,"downstream","intergenic",FALSE,"intergenic"
"CM105780.1",5251167,-5.337953695,9.4e-08,0.010935855,"CM105780.1",5251167,5251167,207867,"CM105780.1",5024298,5043299,"gene:ENSBOLG00010007277","TRIQK","triple QxxK/R motif containing [Ensembl NN prediction with score 100%]","-",5043299,5024298,FALSE,207868,207868,226869,"upstream","intergenic",FALSE,"intergenic"
"CM105783.1",53700229,5.338370265,9.38e-08,0.010935855,"CM105783.1",53700229,53700229,0,"CM105783.1",53679702,53995815,"gene:ENSBOLG00010008731","SLC2A13","solute carrier family 2 member 13 [Ensembl NN prediction with score 100%]","-",53995815,53679702,TRUE,295586,295586,20527,"overlapping","gene_body",FALSE,"intron"
"CM105787.1",29241553,5.338149908,9.39e-08,0.010935855,"CM105787.1",29241553,29241553,0,"CM105787.1",29089142,29270712,"gene:ENSBOLG00010009648","PCSK6","proprotein convertase subtilisin/kexin type 6 [Ensembl NN prediction with score 100%]","+",29089142,29270712,TRUE,152411,152411,29159,"overlapping","gene_body",FALSE,"intron"
"CM105770.1",83986956,-5.337504737,9.42e-08,0.010937104,"CM105770.1",83986956,83986956,25594,"CM105770.1",83511131,83961361,"gene:ENSBOLG00010001303","ADGRL3","adhesion G protein-coupled receptor L3 [Ensembl NN prediction with score 100%]","+",83511131,83961361,FALSE,475825,475825,25595,"downstream","intergenic",FALSE,"intergenic"
"CM105769.1",103562641,5.33687202,9.46e-08,0.010949498,"CM105769.1",103562641,103562641,15249,"CM105769.1",103543199,103547391,"gene:ENSBOLG00010003375","EN1","engrailed homeobox 1 [Ensembl NN prediction with score 99.99%]","-",103547391,103543199,FALSE,15250,15250,19442,"upstream","intergenic",FALSE,"intergenic"
"CM105787.1",18821612,5.334070688,9.6e-08,0.011093765,"CM105787.1",18821612,18821612,686237,"CM105787.1",18133777,18135374,"gene:ENSBOLG00010014483","NDN","necdin, MAGE family member [Ensembl NN prediction with score 100%]","-",18135374,18133777,FALSE,686238,686238,687835,"upstream","intergenic",FALSE,"intergenic"
"CM105764.1",79730237,-5.332850694,9.67e-08,0.011101553,"CM105764.1",79730237,79730237,0,"CM105764.1",79720475,79738561,"gene:ENSBOLG00010001606","EPHB3","EPH receptor B3 [Ensembl NN prediction with score 99.97%]","-",79738561,79720475,TRUE,8324,8324,9762,"overlapping","gene_body",FALSE,"intron"
"CM105765.1",133365894,5.332989251,9.66e-08,0.011101553,"CM105765.1",133365894,133365894,0,"CM105765.1",133282075,134474553,"gene:ENSBOLG00010003122","PRKN","parkin RBR E3 ubiquitin protein ligase [Ensembl NN prediction with score 99.07%]","-",134474553,133282075,TRUE,1108659,1108659,83819,"overlapping","gene_body",FALSE,"intron"
"CM105768.1",5027679,-5.332645866,9.68e-08,0.011101553,"CM105768.1",5027679,5027679,0,"CM105768.1",4946801,5820396,"gene:ENSBOLG00010002792","DPP6","dipeptidyl peptidase like 6 [Ensembl NN prediction with score 100%]","-",5820396,4946801,TRUE,792717,792717,80878,"overlapping","gene_body",FALSE,"intron"
"CM105786.1",24726589,5.332246948,9.7e-08,0.011101553,"CM105786.1",24726589,24726589,1009,"CM105786.1",24671518,24725579,"gene:ENSBOLG00010007669","GTF2E2","general transcription factor IIE subunit 2 [Ensembl NN prediction with score 100%]","+",24671518,24725579,FALSE,55071,55071,1010,"downstream","downstream",FALSE,"downstream"
"CM105765.1",16535142,-5.330207429,9.81e-08,0.011200906,"CM105765.1",16535142,16535142,157814,"CM105765.1",16317901,16377327,"gene:ENSBOLG00010001135","SERPINE2","serpin family E member 2 [Ensembl NN prediction with score 100%]","-",16377327,16317901,FALSE,157815,157815,217241,"upstream","intergenic",FALSE,"intergenic"
"CM105775.1",44741494,-5.32738861,9.96e-08,0.011323807,"CM105775.1",44741494,44741494,66840,"CM105775.1",44808335,45056049,"gene:ENSBOLG00010012342","SYT16","synaptotagmin 16 [Ensembl NN prediction with score 100%]","-",45056049,44808335,FALSE,314555,314555,66841,"downstream","intergenic",FALSE,"intergenic"
"CM105775.1",44741594,-5.326546818,1e-07,0.011323807,"CM105775.1",44741594,44741594,66740,"CM105775.1",44808335,45056049,"gene:ENSBOLG00010012342","SYT16","synaptotagmin 16 [Ensembl NN prediction with score 100%]","-",45056049,44808335,FALSE,314455,314455,66741,"downstream","intergenic",FALSE,"intergenic"
"CM105782.1",47941049,-5.327134951,9.98e-08,0.011323807,"CM105782.1",47941049,47941049,0,"CM105782.1",47228083,48130182,"gene:ENSBOLG00010015910","WWOX","WW domain containing oxidoreductase [Ensembl NN prediction with score 100%]","+",47228083,48130182,TRUE,712966,712966,189133,"overlapping","gene_body",FALSE,"intron"
"CM105783.1",65589773,5.326853464,9.99e-08,0.011323807,"CM105783.1",65589773,65589773,0,"CM105783.1",65569978,65591202,"gene:ENSBOLG00010015288","CSAD","cysteine sulfinic acid decarboxylase [Ensembl NN prediction with score 100%]","-",65591202,65569978,TRUE,1429,1429,19795,"overlapping","gene_body",FALSE,"intron"
"JBCDMM020000060.1",4088,5.326074807,1e-07,0.011327217,"JBCDMM020000060.1",4088,4088,NA,NA,NA,NA,NA,NA,NA,"+",NA,NA,NA,NA,NA,NA,"overlapping","intergenic",FALSE,"intergenic"
"CM105766.1",65815610,5.324918438,1.01e-07,0.01134746,"CM105766.1",65815610,65815610,12923,"CM105766.1",65785478,65802686,"gene:ENSBOLG00010008515","AK2","adenylate kinase 2 [Ensembl NN prediction with score 100%]","-",65802686,65785478,FALSE,12924,12924,30132,"upstream","intergenic",FALSE,"intergenic"
"CM105770.1",11849588,-5.325228069,1.01e-07,0.01134746,"CM105770.1",11849588,11849588,0,"CM105770.1",11824755,11853596,"gene:ENSBOLG00010000481","CLHC1","clathrin heavy chain linker domain containing 1 [Ensembl NN prediction with score 100%]","-",11853596,11824755,TRUE,4008,4008,24833,"overlapping","gene_body",FALSE,"intron"
"CM105771.1",47921768,5.324151977,1.01e-07,0.011351289,"CM105771.1",47921768,47921768,0,"CM105771.1",47752834,47925490,"gene:ENSBOLG00010004936","ARHGAP44","Rho GTPase activating protein 44 [Ensembl NN prediction with score 100%]","-",47925490,47752834,TRUE,3722,3722,168934,"overlapping","gene_body",FALSE,"intron"
"CM105778.1",69224340,-5.324028913,1.01e-07,0.011351289,"CM105778.1",69224340,69224340,0,"CM105778.1",69027538,69569107,"gene:ENSBOLG00010005410","ADGRV1","adhesion G protein-coupled receptor V1 [Ensembl NN prediction with score 100%]","+",69027538,69569107,TRUE,196802,196802,344767,"overlapping","gene_body",FALSE,"intron"
"CM105777.1",59691093,-5.323294471,1.02e-07,0.011371392,"CM105777.1",59691093,59691093,645083,"CM105777.1",59045755,59046009,"gene:ENSBOLG00010015068","RPS27L","ribosomal protein S27 like [Ensembl NN prediction with score 99.75%]","+",59045755,59046009,FALSE,645338,645338,645084,"downstream","intergenic",FALSE,"intergenic"
"CM105764.1",19990812,5.320287705,1.04e-07,0.011431341,"CM105764.1",19990812,19990812,719794,"CM105764.1",20710607,20811433,"gene:ENSBOLG00010005682","TMPRSS15","transmembrane serine protease 15 [Ensembl NN prediction with score 99.94%]","+",20710607,20811433,FALSE,719795,719795,820621,"upstream","intergenic",FALSE,"intergenic"
"CM105768.1",115666931,5.32086677,1.03e-07,0.011431341,"CM105768.1",115666931,115666931,4957,"CM105768.1",115632413,115661973,"gene:ENSBOLG00010014410","H6PD","hexose-6-phosphate dehydrogenase/glucose 1-dehydrogenase [Ensembl NN prediction with score 100%]","-",115661973,115632413,FALSE,4958,4958,34518,"upstream","intergenic",FALSE,"intergenic"
"CM105769.1",97806263,5.320579687,1.03e-07,0.011431341,"CM105769.1",97806263,97806263,0,"CM105769.1",97471229,98258274,"gene:ENSBOLG00010015159",NA,NA,"+",97471229,98258274,TRUE,335034,335034,452011,"overlapping","gene_body",FALSE,"intron"
"CM105771.1",19244312,5.321051897,1.03e-07,0.011431341,"CM105771.1",19244312,19244312,0,"CM105771.1",18710151,19659286,"gene:ENSBOLG00010017956","TENM2","teneurin transmembrane protein 2 [Ensembl NN prediction with score 100%]","-",19659286,18710151,TRUE,414974,414974,534161,"overlapping","gene_body",FALSE,"intron"
"CM105788.1",24531364,5.321878471,1.03e-07,0.011431341,"CM105788.1",24531364,24531364,209576,"CM105788.1",24258485,24321787,"gene:ENSBOLG00010015984","POT1","protection of telomeres 1 [Ensembl NN prediction with score 95.96%]","-",24321787,24258485,FALSE,209577,209577,272879,"upstream","intergenic",FALSE,"intergenic"
"CM105765.1",98616247,5.319817191,1.04e-07,0.011435303,"CM105765.1",98616247,98616247,149848,"CM105765.1",98766096,98790789,"gene:ENSBOLG00010011552","HSF2","heat shock transcription factor 2 [Ensembl NN prediction with score 100%]","+",98766096,98790789,FALSE,149849,149849,174542,"upstream","intergenic",FALSE,"intergenic"
"CM105777.1",11057391,5.319064767,1.04e-07,0.011457059,"CM105777.1",11057391,11057391,0,"CM105777.1",11049967,11062611,"gene:ENSBOLG00010014322","HAUS1","HAUS augmin like complex subunit 1 [Ensembl NN prediction with score 100%]","+",11049967,11062611,TRUE,7424,7424,5220,"overlapping","gene_body",FALSE,"intron"
"CM105765.1",75105299,-5.317572192,1.05e-07,0.01146179,"CM105765.1",75105299,75105299,0,"CM105765.1",75097475,75113055,"gene:ENSBOLG00010013457","Zfp160","zinc finger protein 160 [Ensembl NN prediction with score 99.96%]","-",75113055,75097475,TRUE,7756,7756,7824,"overlapping","gene_body",FALSE,"intron"
"CM105767.1",100345681,5.318441683,1.05e-07,0.01146179,"CM105767.1",100345681,100345681,0,"CM105767.1",100261946,100367103,"gene:ENSBOLG00010000425","EEPD1","endonuclease/exonuclease/phosphatase family domain containing 1 [Ensembl NN prediction with score 100%]","-",100367103,100261946,TRUE,21422,21422,83735,"overlapping","gene_body",FALSE,"intron"
"CM105770.1",43497140,-5.317504304,1.05e-07,0.01146179,"CM105770.1",43497140,43497140,176305,"CM105770.1",43145016,43320834,"gene:ENSBOLG00010013483","CLNK","cytokine dependent hematopoietic cell linker [Ensembl NN prediction with score 99.99%]","-",43320834,43145016,FALSE,176306,176306,352124,"upstream","intergenic",FALSE,"intergenic"
"CM105783.1",6222082,-5.317371953,1.05e-07,0.01146179,"CM105783.1",6222082,6222082,0,"CM105783.1",6212914,6292448,"gene:ENSBOLG00010006936","LRP12","LDL receptor related protein 12 [Ensembl NN prediction with score 100%]","-",6292448,6212914,TRUE,70366,70366,9168,"overlapping","gene_body",FALSE,"intron"
"CM105773.1",39162049,5.31680288,1.06e-07,0.011472298,"CM105773.1",39162049,39162049,0,"CM105773.1",39128296,39181145,"gene:ENSBOLG00010021246","CEP152","centrosomal protein 152 [Ensembl NN prediction with score 99.93%]","-",39181145,39128296,TRUE,19096,19096,33753,"overlapping","gene_body",FALSE,"intron"
"CM105768.1",114315826,-5.315244727,1.07e-07,0.011545418,"CM105768.1",114315826,114315826,37869,"CM105768.1",114250256,114277956,"gene:ENSBOLG00010014694","Gm572","predicted gene 572 [Ensembl NN prediction with score 100%]","+",114250256,114277956,FALSE,65570,65570,37870,"downstream","intergenic",FALSE,"intergenic"
"CM105766.1",96834356,-5.312578765,1.08e-07,0.011664277,"CM105766.1",96834356,96834356,0,"CM105766.1",96811289,96846749,"gene:ENSBOLG00010012315","MYSM1","Myb like, SWIRM and MPN domains 1 [Ensembl NN prediction with score 100%]","+",96811289,96846749,TRUE,23067,23067,12393,"overlapping","gene_body",TRUE,"exon"
"CM105766.1",103376357,-5.312762988,1.08e-07,0.011664277,"CM105766.1",103376357,103376357,0,"CM105766.1",103166825,103438384,"gene:ENSBOLG00010008522","MLLT3","MLLT3 super elongation complex subunit [Ensembl NN prediction with score 100%]","+",103166825,103438384,TRUE,209532,209532,62027,"overlapping","gene_body",FALSE,"intron"
"CM105773.1",89446794,5.310957394,1.09e-07,0.011742789,"CM105773.1",89446794,89446794,60784,"CM105773.1",89339286,89386009,"gene:ENSBOLG00010010785","CDH26","cadherin 26 [Ensembl NN prediction with score 99.96%]","+",89339286,89386009,FALSE,107508,107508,60785,"downstream","intergenic",FALSE,"intergenic"
"CM105769.1",49179901,5.309588922,1.1e-07,0.011805465,"CM105769.1",49179901,49179901,0,"CM105769.1",49130044,49451391,"gene:ENSBOLG00010000352","SYNPR","synaptoporin [Ensembl NN prediction with score 100%]","-",49451391,49130044,TRUE,271490,271490,49857,"overlapping","gene_body",FALSE,"intron"
"CM105768.1",4911379,-5.307138025,1.11e-07,0.011908007,"CM105768.1",4911379,4911379,0,"CM105768.1",4880022,4927562,"gene:ENSBOLG00010002784","PAXIP1","PAX interacting protein 1 [Ensembl NN prediction with score 100%]","+",4880022,4927562,TRUE,31357,31357,16183,"overlapping","gene_body",FALSE,"intron"
"CM105768.1",4971746,-5.306821931,1.12e-07,0.011908007,"CM105768.1",4971746,4971746,0,"CM105768.1",4946801,5820396,"gene:ENSBOLG00010002792","DPP6","dipeptidyl peptidase like 6 [Ensembl NN prediction with score 100%]","-",5820396,4946801,TRUE,848650,848650,24945,"overlapping","gene_body",FALSE,"intron"
"CM105778.1",61216113,-5.307468234,1.11e-07,0.011908007,"CM105778.1",61216113,61216113,216107,"CM105778.1",60999550,61000005,"gene:ENSBOLG00010009303","MYL6","myosin light chain 6 [Ensembl NN prediction with score 99.97%]","-",61000005,60999550,FALSE,216108,216108,216563,"upstream","intergenic",FALSE,"intergenic"
"CM105773.1",73512055,-5.305758164,1.12e-07,0.011951742,"CM105773.1",73512055,73512055,554716,"CM105773.1",74066772,74070146,"gene:ENSBOLG00010017658","MAFB","MAF bZIP transcription factor B [Ensembl NN prediction with score 100%]","-",74070146,74066772,FALSE,558091,558091,554717,"downstream","intergenic",FALSE,"intergenic"
"CM105769.1",42864858,-5.305160484,1.13e-07,0.011965071,"CM105769.1",42864858,42864858,243498,"CM105769.1",43108357,43394661,"gene:ENSBOLG00010000350","ZNF385D","zinc finger protein 385D [Ensembl NN prediction with score 95.21%]","-",43394661,43108357,FALSE,529803,529803,243499,"downstream","intergenic",FALSE,"intergenic"
"CM105775.1",28268194,-5.303916235,1.13e-07,0.012020994,"CM105775.1",28268194,28268194,7999,"CM105775.1",28276194,28317991,"gene:ENSBOLG00010013210","SEL1L","SEL1L adaptor subunit of ERAD E3 ubiquitin ligase [Ensembl NN prediction with score 100%]","+",28276194,28317991,FALSE,8000,8000,49797,"upstream","intergenic",FALSE,"intergenic"
"CM105767.1",25703316,5.300084364,1.16e-07,0.012249645,"CM105767.1",25703316,25703316,0,"CM105767.1",25689338,25711095,"gene:ENSBOLG00010018196","APH1B","aph-1 homolog B, gamma-secretase subunit [Ensembl NN prediction with score 97.46%]","-",25711095,25689338,TRUE,7779,7779,13978,"overlapping","gene_body",FALSE,"intron"
"CM105769.1",7427292,-5.298617368,1.17e-07,0.012303733,"CM105769.1",7427292,7427292,137932,"CM105769.1",7077551,7289359,"gene:ENSBOLG00010006258","ESRRG","estrogen related receptor gamma [Ensembl NN prediction with score 100%]","-",7289359,7077551,FALSE,137933,137933,349741,"upstream","intergenic",FALSE,"intergenic"
"CM105777.1",54729548,5.298496182,1.17e-07,0.012303733,"CM105777.1",54729548,54729548,0,"CM105777.1",54678476,54737346,"gene:ENSBOLG00010014558","BIN1","bridging integrator 1 [Ensembl NN prediction with score 100%]","-",54737346,54678476,TRUE,7798,7798,51072,"overlapping","gene_body",FALSE,"intron"
"CM105769.1",100043246,-5.297231065,1.18e-07,0.012339605,"CM105769.1",100043246,100043246,0,"CM105769.1",99340499,100821290,"gene:ENSBOLG00010015402","DPP10","dipeptidyl peptidase like 10 [Ensembl NN prediction with score 100%]","+",99340499,100821290,TRUE,702747,702747,778044,"overlapping","gene_body",FALSE,"intron"
"CM105783.1",60565083,5.297183901,1.18e-07,0.012339605,"CM105783.1",60565083,60565083,2553,"CM105783.1",60567637,60576788,"gene:ENSBOLG00010008987","SLC48A1","solute carrier family 48 member 1 [Ensembl NN prediction with score 100%]","+",60567637,60576788,FALSE,2554,2554,11705,"upstream","intergenic",FALSE,"intergenic"
"CM105769.1",53606654,-5.295543537,1.19e-07,0.012424407,"CM105769.1",53606654,53606654,0,"CM105769.1",53562976,53796494,"gene:ENSBOLG00010001807","CFAP20DC","CFAP20 domain containing [Ensembl NN prediction with score 99.97%]","+",53562976,53796494,TRUE,43678,43678,189840,"overlapping","gene_body",FALSE,"intron"
"CM105765.1",136020900,5.294255885,1.2e-07,0.012485697,"CM105765.1",136020900,136020900,328909,"CM105765.1",135690050,135691990,"gene:ENSBOLG00010003508","Pabpc6","poly(A) binding protein, cytoplasmic 6 [Ensembl NN prediction with score 100%]","+",135690050,135691990,FALSE,330850,330850,328910,"downstream","intergenic",FALSE,"intergenic"
"CM105775.1",13633903,5.291249605,1.21e-07,0.012665828,"CM105775.1",13633903,13633903,96146,"CM105775.1",13537436,13537756,"gene:ENSBOLG00010012035","rpl36","ribosomal protein L36 [Ensembl NN prediction with score 83.29%]","+",13537436,13537756,FALSE,96467,96467,96147,"downstream","intergenic",FALSE,"intergenic"
"CM105768.1",9875278,5.289734196,1.22e-07,0.012744214,"CM105768.1",9875278,9875278,141725,"CM105768.1",10017004,10023109,"gene:ENSBOLG00010002447","NPY","neuropeptide Y [Ensembl NN prediction with score 100%]","+",10017004,10023109,FALSE,141726,141726,147831,"upstream","intergenic",FALSE,"intergenic"
"CM105788.1",23511692,-5.288787621,1.23e-07,0.012783306,"CM105788.1",23511692,23511692,22544,"CM105788.1",23534237,23535346,"gene:ENSBOLG00010016373","TMEM229A","transmembrane protein 229A [Ensembl NN prediction with score 99.97%]","-",23535346,23534237,FALSE,23654,23654,22545,"downstream","intergenic",FALSE,"intergenic"
"CM105769.1",24814882,-5.288230064,1.24e-07,0.01279533,"CM105769.1",24814882,24814882,45935,"CM105769.1",24860818,24910017,"gene:ENSBOLG00010021276","DDR2","discoidin domain receptor tyrosine kinase 2 [Ensembl NN prediction with score 100%]","+",24860818,24910017,FALSE,45936,45936,95135,"upstream","intergenic",FALSE,"intergenic"
"CM105765.1",92009531,-5.284310488,1.26e-07,0.012964136,"CM105765.1",92009531,92009531,109780,"CM105765.1",92119312,92217894,"gene:ENSBOLG00010015792","FRK","fyn related Src family tyrosine kinase [Ensembl NN prediction with score 99.87%]","-",92217894,92119312,FALSE,208363,208363,109781,"downstream","intergenic",FALSE,"intergenic"
"CM105772.1",68537180,5.284296505,1.26e-07,0.012964136,"CM105772.1",68537180,68537180,195486,"CM105772.1",68732667,68751346,"gene:ENSBOLG00010019641",NA,NA,"+",68732667,68751346,FALSE,195487,195487,214166,"upstream","intergenic",FALSE,"intergenic"
"CM105776.1",45421621,5.284375137,1.26e-07,0.012964136,"CM105776.1",45421621,45421621,16098,"CM105776.1",45437720,45683181,"gene:ENSBOLG00010008632","GLI3","GLI family zinc finger 3 [Ensembl NN prediction with score 100%]","-",45683181,45437720,FALSE,261560,261560,16099,"downstream","intergenic",FALSE,"intergenic"
"CM105788.1",38779287,5.284389341,1.26e-07,0.012964136,"CM105788.1",38779287,38779287,0,"CM105788.1",38536019,38922318,"gene:ENSBOLG00010016301","TMEM178B","transmembrane protein 178B [Ensembl NN prediction with score 100%]","+",38536019,38922318,TRUE,243268,243268,143031,"overlapping","gene_body",FALSE,"intron"
"CM105766.1",73890135,5.282316956,1.28e-07,0.013077739,"CM105766.1",73890135,73890135,0,"CM105766.1",73866030,73898511,"gene:ENSBOLG00010021536","ZMYND12","zinc finger MYND-type containing 12 [Ensembl NN prediction with score 100%]","-",73898511,73866030,TRUE,8376,8376,24105,"overlapping","gene_body",FALSE,"intron"
"CM105788.1",19701015,5.281508139,1.28e-07,0.013108307,"CM105788.1",19701015,19701015,0,"CM105788.1",19610945,20096071,"gene:ENSBOLG00010009389","kcnd2","potassium voltage-gated channel subfamily D member 2 [Ensembl NN prediction with score 100%]","+",19610945,20096071,TRUE,90070,90070,395056,"overlapping","gene_body",FALSE,"intron"
"CM105770.1",97175748,5.281111119,1.28e-07,0.013109493,"CM105770.1",97175748,97175748,0,"CM105770.1",96852429,97257958,"gene:ENSBOLG00010001978","FRAS1","Fraser extracellular matrix complex subunit 1 [Ensembl NN prediction with score 100%]","+",96852429,97257958,TRUE,323319,323319,82210,"overlapping","gene_body",FALSE,"intron"
"CM105778.1",69488379,5.278419741,1.3e-07,0.013275927,"CM105778.1",69488379,69488379,0,"CM105778.1",69027538,69569107,"gene:ENSBOLG00010005410","ADGRV1","adhesion G protein-coupled receptor V1 [Ensembl NN prediction with score 100%]","+",69027538,69569107,TRUE,460841,460841,80728,"overlapping","gene_body",FALSE,"intron"
"CM105773.1",30303942,-5.275265077,1.33e-07,0.013450656,"CM105773.1",30303942,30303942,82575,"CM105773.1",30207562,30221366,"gene:ENSBOLG00010018493","Tmco5","transmembrane and coiled-coil domains 5 [Ensembl NN prediction with score 99.05%]","+",30207562,30221366,FALSE,96380,96380,82576,"downstream","intergenic",FALSE,"intergenic"
"CM105776.1",17685480,5.275547085,1.32e-07,0.013450656,"CM105776.1",17685480,17685480,282358,"CM105776.1",17967839,17982090,"gene:ENSBOLG00010013910","ATXN1","ataxin 1 [Ensembl NN prediction with score 100%]","+",17967839,17982090,FALSE,282359,282359,296610,"upstream","intergenic",FALSE,"intergenic"
"CM105786.1",54399240,-5.273960812,1.34e-07,0.013518778,"CM105786.1",54399240,54399240,115336,"CM105786.1",54514577,54995045,"gene:ENSBOLG00010006750","MARCHF1","membrane associated ring-CH-type finger 1 [Ensembl NN prediction with score 100%]","+",54514577,54995045,FALSE,115337,115337,595805,"upstream","intergenic",FALSE,"intergenic"
"CM105767.1",25689297,5.271493958,1.35e-07,0.01361772,"CM105767.1",25689297,25689297,40,"CM105767.1",25689338,25711095,"gene:ENSBOLG00010018196","APH1B","aph-1 homolog B, gamma-secretase subunit [Ensembl NN prediction with score 97.46%]","-",25711095,25689338,FALSE,21798,21798,41,"downstream","downstream",FALSE,"downstream"
"CM105782.1",30781344,5.271630293,1.35e-07,0.01361772,"CM105782.1",30781344,30781344,424560,"CM105782.1",30356063,30356783,"gene:ENSBOLG00010016889",NA,NA,"-",30356783,30356063,FALSE,424561,424561,425281,"upstream","intergenic",FALSE,"intergenic"
"CM105785.1",2540699,-5.271575613,1.35e-07,0.01361772,"CM105785.1",2540699,2540699,0,"CM105785.1",2392478,2897977,"gene:ENSBOLG00010006573","DENND1A","DENN domain containing 1A [Ensembl NN prediction with score 100%]","-",2897977,2392478,TRUE,357278,357278,148221,"overlapping","gene_body",FALSE,"intron"
"CM105768.1",5106724,-5.268787761,1.37e-07,0.013791782,"CM105768.1",5106724,5106724,0,"CM105768.1",4946801,5820396,"gene:ENSBOLG00010002792","DPP6","dipeptidyl peptidase like 6 [Ensembl NN prediction with score 100%]","-",5820396,4946801,TRUE,713672,713672,159923,"overlapping","gene_body",FALSE,"intron"
"CM105764.1",33260721,-5.267477518,1.38e-07,0.013823715,"CM105764.1",33260721,33260721,253222,"CM105764.1",32714038,33007498,"gene:ENSBOLG00010001294","CADM2","cell adhesion molecule 2 [Ensembl NN prediction with score 99.99%]","+",32714038,33007498,FALSE,546683,546683,253223,"downstream","intergenic",FALSE,"intergenic"
"CM105772.1",70605635,-5.266870212,1.39e-07,0.013823715,"CM105772.1",70605635,70605635,0,"CM105772.1",70539382,70642435,"gene:ENSBOLG00010020273","FANK1","fibronectin type III and ankyrin repeat domains 1 [Ensembl NN prediction with score 100%]","-",70642435,70539382,TRUE,36800,36800,66253,"overlapping","gene_body",FALSE,"intron"
"CM105778.1",69468587,-5.267882023,1.38e-07,0.013823715,"CM105778.1",69468587,69468587,0,"CM105778.1",69027538,69569107,"gene:ENSBOLG00010005410","ADGRV1","adhesion G protein-coupled receptor V1 [Ensembl NN prediction with score 100%]","+",69027538,69569107,TRUE,441049,441049,100520,"overlapping","gene_body",FALSE,"intron"
"CM105790.1",42873767,5.267172394,1.39e-07,0.013823715,"CM105790.1",42873767,42873767,0,"CM105790.1",42851865,42875496,"gene:ENSBOLG00010010953","NOP58","NOP58 ribonucleoprotein [Ensembl NN prediction with score 100%]","+",42851865,42875496,TRUE,21902,21902,1729,"overlapping","gene_body",FALSE,"intron"
"CM105777.1",59703343,-5.266191877,1.39e-07,0.013846835,"CM105777.1",59703343,59703343,657333,"CM105777.1",59045755,59046009,"gene:ENSBOLG00010015068","RPS27L","ribosomal protein S27 like [Ensembl NN prediction with score 99.75%]","+",59045755,59046009,FALSE,657588,657588,657334,"downstream","intergenic",FALSE,"intergenic"
"CM105768.1",116835964,5.264778603,1.4e-07,0.013860347,"CM105768.1",116835964,116835964,0,"CM105768.1",116759750,117582088,"gene:ENSBOLG00010014056","CAMTA1","calmodulin binding transcription activator 1 [Ensembl NN prediction with score 100%]","-",117582088,116759750,TRUE,746124,746124,76214,"overlapping","gene_body",FALSE,"intron"
"CM105771.1",72131390,5.26343281,1.41e-07,0.013860347,"CM105771.1",72131390,72131390,0,"CM105771.1",72120040,72139430,"gene:ENSBOLG00010001364","LPO","lactoperoxidase [Ensembl NN prediction with score 99.94%]","-",72139430,72120040,TRUE,8040,8040,11350,"overlapping","gene_body",FALSE,"intron"
"CM105773.1",60191610,5.264612646,1.4e-07,0.013860347,"CM105773.1",60191610,60191610,0,"CM105773.1",59972419,60236580,"gene:ENSBOLG00010008089","RALGAPA2","Ral GTPase activating protein catalytic subunit alpha 2 [Ensembl NN prediction with score 100%]","-",60236580,59972419,TRUE,44970,44970,219191,"overlapping","gene_body",FALSE,"intron"
"CM105775.1",36657520,5.26477437,1.4e-07,0.013860347,"CM105775.1",36657520,36657520,58319,"CM105775.1",36715840,36828136,"gene:ENSBOLG00010016366","SIPA1L1","signal induced proliferation associated 1 like 1 [Ensembl NN prediction with score 100%]","-",36828136,36715840,FALSE,170616,170616,58320,"downstream","intergenic",FALSE,"intergenic"
"CM105783.1",6262556,-5.263733383,1.41e-07,0.013860347,"CM105783.1",6262556,6262556,0,"CM105783.1",6212914,6292448,"gene:ENSBOLG00010006936","LRP12","LDL receptor related protein 12 [Ensembl NN prediction with score 100%]","-",6292448,6212914,TRUE,29892,29892,49642,"overlapping","gene_body",FALSE,"intron"
"CM105784.1",36804547,-5.263685673,1.41e-07,0.013860347,"CM105784.1",36804547,36804547,2902,"CM105784.1",36807450,36820967,"gene:ENSBOLG00010006241","PCDH18","protocadherin 18 [Ensembl NN prediction with score 100%]","+",36807450,36820967,FALSE,2903,2903,16420,"upstream","intergenic",FALSE,"intergenic"
"CM105788.1",38774221,5.263482226,1.41e-07,0.013860347,"CM105788.1",38774221,38774221,0,"CM105788.1",38536019,38922318,"gene:ENSBOLG00010016301","TMEM178B","transmembrane protein 178B [Ensembl NN prediction with score 100%]","+",38536019,38922318,TRUE,238202,238202,148097,"overlapping","gene_body",FALSE,"intron"
"CM105768.1",5012839,-5.26135537,1.43e-07,0.013990026,"CM105768.1",5012839,5012839,0,"CM105768.1",4946801,5820396,"gene:ENSBOLG00010002792","DPP6","dipeptidyl peptidase like 6 [Ensembl NN prediction with score 100%]","-",5820396,4946801,TRUE,807557,807557,66038,"overlapping","gene_body",FALSE,"intron"
"CM105770.1",70392055,5.260418945,1.44e-07,0.014012322,"CM105770.1",70392055,70392055,67390,"CM105770.1",70459446,70463838,"gene:ENSBOLG00010004794","SHISA3","shisa family member 3 [Ensembl NN prediction with score 100%]","+",70459446,70463838,FALSE,67391,67391,71783,"upstream","intergenic",FALSE,"intergenic"
"CM105781.1",47394161,5.260333024,1.44e-07,0.014012322,"CM105781.1",47394161,47394161,0,"CM105781.1",47368223,47590930,"gene:ENSBOLG00010015043","BANK1","B cell scaffold protein with ankyrin repeats 1 [Ensembl NN prediction with score 100%]","-",47590930,47368223,TRUE,196769,196769,25938,"overlapping","gene_body",FALSE,"intron"
"CM105764.1",116700322,-5.259050667,1.45e-07,0.014082493,"CM105764.1",116700322,116700322,0,"CM105764.1",116146191,117237516,"gene:ENSBOLG00010003108","AUTS2","activator of transcription and developmental regulator AUTS2 [Ensembl NN prediction with score 99.99%]","+",116146191,117237516,TRUE,554131,554131,537194,"overlapping","gene_body",FALSE,"intron"
"CM105776.1",52088249,5.258514769,1.45e-07,0.014095729,"CM105776.1",52088249,52088249,535756,"CM105776.1",51018473,51552492,"gene:ENSBOLG00010008511","ADARB2","adenosine deaminase RNA specific B2 (inactive) [Ensembl NN prediction with score 100%]","-",51552492,51018473,FALSE,535757,535757,1069776,"upstream","intergenic",FALSE,"intergenic"
"CM105776.1",16366434,-5.256765325,1.47e-07,0.014189192,"CM105776.1",16366434,16366434,131990,"CM105776.1",16220468,16234443,"gene:ENSBOLG00010013958","Fbxw17","F-box and WD-40 domain protein 17 [Ensembl NN prediction with score 99.99%]","-",16234443,16220468,FALSE,131991,131991,145966,"upstream","intergenic",FALSE,"intergenic"
"CM105780.1",26527087,-5.256213643,1.47e-07,0.014189192,"CM105780.1",26527087,26527087,46636,"CM105780.1",26573724,26580738,"gene:ENSBOLG00010012646","CAVIN4","caveolae associated protein 4 [Ensembl NN prediction with score 98.43%]","-",26580738,26573724,FALSE,53651,53651,46637,"downstream","intergenic",FALSE,"intergenic"
"CM105785.1",14136067,5.256320377,1.47e-07,0.014189192,"CM105785.1",14136067,14136067,29756,"CM105785.1",14021472,14106310,"gene:ENSBOLG00010011335","RXRA","retinoid X receptor alpha [Ensembl NN prediction with score 99.8%]","-",14106310,14021472,FALSE,29757,29757,114595,"upstream","intergenic",FALSE,"intergenic"
"CM105768.1",55037820,-5.255236746,1.48e-07,0.014236803,"CM105768.1",55037820,55037820,0,"CM105768.1",54978727,55053089,"gene:ENSBOLG00010000737","LDAH","lipid droplet associated hydrolase [Ensembl NN prediction with score 100%]","-",55053089,54978727,TRUE,15269,15269,59093,"overlapping","gene_body",FALSE,"intron"
"CM105765.1",47204729,-5.254462731,1.48e-07,0.014268878,"CM105765.1",47204729,47204729,71625,"CM105765.1",47276355,47306938,"gene:ENSBOLG00010008131","Zfp507","zinc finger protein 507 [Ensembl NN prediction with score 100%]","+",47276355,47306938,FALSE,71626,71626,102209,"upstream","intergenic",FALSE,"intergenic"
"CM105767.1",3418567,-5.253407773,1.49e-07,0.014305241,"CM105767.1",3418567,3418567,66060,"CM105767.1",3324404,3352506,"gene:ENSBOLG00010002849","CTNNB1","catenin beta 1 [Ensembl NN prediction with score 100%]","-",3352506,3324404,FALSE,66061,66061,94163,"upstream","intergenic",FALSE,"intergenic"
"CM105768.1",5026352,-5.253276551,1.49e-07,0.014305241,"CM105768.1",5026352,5026352,0,"CM105768.1",4946801,5820396,"gene:ENSBOLG00010002792","DPP6","dipeptidyl peptidase like 6 [Ensembl NN prediction with score 100%]","-",5820396,4946801,TRUE,794044,794044,79551,"overlapping","gene_body",FALSE,"intron"
"CM105771.1",19241937,5.252179414,1.5e-07,0.014334961,"CM105771.1",19241937,19241937,0,"CM105771.1",18710151,19659286,"gene:ENSBOLG00010017956","TENM2","teneurin transmembrane protein 2 [Ensembl NN prediction with score 100%]","-",19659286,18710151,TRUE,417349,417349,531786,"overlapping","gene_body",FALSE,"intron"
"CM105775.1",71840214,-5.252528285,1.5e-07,0.014334961,"CM105775.1",71840214,71840214,423853,"CM105775.1",71412037,71416360,"gene:ENSBOLG00010008088","DNAJB9","DnaJ heat shock protein family (Hsp40) member B9 [Ensembl NN prediction with score 99.98%]","+",71412037,71416360,FALSE,428177,428177,423854,"downstream","intergenic",FALSE,"intergenic"
"CM105775.1",38574870,-5.250295555,1.52e-07,0.014454335,"CM105775.1",38574870,38574870,0,"CM105775.1",38561464,38598612,"gene:ENSBOLG00010016829","SLC39A9","solute carrier family 39 member 9 [Ensembl NN prediction with score 100%]","-",38598612,38561464,TRUE,23742,23742,13406,"overlapping","gene_body",FALSE,"intron"
"CM105765.1",98615873,5.249045959,1.53e-07,0.014468757,"CM105765.1",98615873,98615873,150222,"CM105765.1",98766096,98790789,"gene:ENSBOLG00010011552","HSF2","heat shock transcription factor 2 [Ensembl NN prediction with score 100%]","+",98766096,98790789,FALSE,150223,150223,174916,"upstream","intergenic",FALSE,"intergenic"
"CM105767.1",64274769,-5.249414362,1.53e-07,0.014468757,"CM105767.1",64274769,64274769,45999,"CM105767.1",64320769,64375792,"gene:ENSBOLG00010003525","PIK3R4","phosphoinositide-3-kinase regulatory subunit 4 [Ensembl NN prediction with score 100%]","+",64320769,64375792,FALSE,46000,46000,101023,"upstream","intergenic",FALSE,"intergenic"
"CM105782.1",32622669,5.249153251,1.53e-07,0.014468757,"CM105782.1",32622669,32622669,712131,"CM105782.1",31550513,31910537,"gene:ENSBOLG00010008446","CDH8","cadherin 8 [Ensembl NN prediction with score 100%]","-",31910537,31550513,FALSE,712132,712132,1072156,"upstream","intergenic",FALSE,"intergenic"
"CM105774.1",39141873,-5.247617865,1.54e-07,0.014553343,"CM105774.1",39141873,39141873,1043963,"CM105774.1",40185837,40206964,"gene:ENSBOLG00010011783","OLFM4","olfactomedin 4 [Ensembl NN prediction with score 99.99%]","-",40206964,40185837,FALSE,1065091,1065091,1043964,"downstream","intergenic",FALSE,"intergenic"
"CM105788.1",38779173,5.246620778,1.55e-07,0.01460426,"CM105788.1",38779173,38779173,0,"CM105788.1",38536019,38922318,"gene:ENSBOLG00010016301","TMEM178B","transmembrane protein 178B [Ensembl NN prediction with score 100%]","+",38536019,38922318,TRUE,243154,243154,143145,"overlapping","gene_body",FALSE,"intron"
"CM105772.1",3241176,-5.244627047,1.57e-07,0.014734831,"CM105772.1",3241176,3241176,0,"CM105772.1",3032401,3245039,"gene:ENSBOLG00010016723","GFRA1","GDNF family receptor alpha 1 [Ensembl NN prediction with score 100%]","+",3032401,3245039,TRUE,208775,208775,3863,"overlapping","gene_body",FALSE,"intron"
"CM105783.1",30680488,-5.24371006,1.57e-07,0.014780028,"CM105783.1",30680488,30680488,0,"CM105783.1",30611092,30785016,"gene:ENSBOLG00010006921","ZFAT","zinc finger and AT-hook domain containing [Ensembl NN prediction with score 100%]","-",30785016,30611092,TRUE,104528,104528,69396,"overlapping","gene_body",FALSE,"intron"
"CM105764.1",4250241,5.24307215,1.58e-07,0.014802989,"CM105764.1",4250241,4250241,30692,"CM105764.1",4280934,4430309,"gene:ENSBOLG00010001580","ERG","ETS transcription factor ERG [Ensembl NN prediction with score 100%]","+",4280934,4430309,FALSE,30693,30693,180068,"upstream","intergenic",FALSE,"intergenic"
"CM105765.1",13897353,-5.241611112,1.59e-07,0.014867127,"CM105765.1",13897353,13897353,103442,"CM105765.1",14000796,14139161,"gene:ENSBOLG00010001074","EPHA4","EPH receptor A4 [Ensembl NN prediction with score 100%]","-",14139161,14000796,FALSE,241808,241808,103443,"downstream","intergenic",FALSE,"intergenic"
"CM105776.1",42821622,5.241573275,1.59e-07,0.014867127,"CM105776.1",42821622,42821622,0,"CM105776.1",42788785,43275905,"gene:ENSBOLG00010008384","POU6F2","POU class 6 homeobox 2 [Ensembl NN prediction with score 100%]","+",42788785,43275905,TRUE,32837,32837,454283,"overlapping","gene_body",FALSE,"intron"
"CM105788.1",9602844,-5.240799453,1.6e-07,0.014901338,"CM105788.1",9602844,9602844,41139,"CM105788.1",9561054,9561704,"gene:ENSBOLG00010013067",NA,NA,"+",9561054,9561704,FALSE,41790,41790,41140,"downstream","intergenic",FALSE,"intergenic"
"CM105764.1",48043580,-5.237820707,1.62e-07,0.015000433,"CM105764.1",48043580,48043580,0,"CM105764.1",47703076,48321807,"gene:ENSBOLG00010000675","LSAMP","limbic system associated membrane protein [Ensembl NN prediction with score 99.99%]","+",47703076,48321807,TRUE,340504,340504,278227,"overlapping","gene_body",FALSE,"intron"
"CM105767.1",52721413,-5.238759883,1.62e-07,0.015000433,"CM105767.1",52721413,52721413,327190,"CM105767.1",53048604,53065607,"gene:ENSBOLG00010001094","1190002N15Rik","RIKEN cDNA 1190002N15 gene [Ensembl NN prediction with score 95.43%]","-",53065607,53048604,FALSE,344194,344194,327191,"downstream","intergenic",FALSE,"intergenic"
"CM105770.1",27845544,5.238959961,1.61e-07,0.015000433,"CM105770.1",27845544,27845544,45065,"CM105770.1",27890610,28116702,"gene:ENSBOLG00010003660","COBL","cordon-bleu WH2 repeat protein [Ensembl NN prediction with score 100%]","+",27890610,28116702,FALSE,45066,45066,271158,"upstream","intergenic",FALSE,"intergenic"
"CM105778.1",22856319,5.237490635,1.63e-07,0.015000433,"CM105778.1",22856319,22856319,78481,"CM105778.1",22934801,22935151,"gene:ENSBOLG00010010915","EIF4EBP1","eukaryotic translation initiation factor 4E binding protein 1 [Ensembl NN prediction with score 99.99%]","-",22935151,22934801,FALSE,78832,78832,78482,"downstream","intergenic",FALSE,"intergenic"
"CM105784.1",14216864,5.238026498,1.62e-07,0.015000433,"CM105784.1",14216864,14216864,158747,"CM105784.1",14375612,14794860,"gene:ENSBOLG00010013395","FSTL5","follistatin like 5 [Ensembl NN prediction with score 100%]","-",14794860,14375612,FALSE,577996,577996,158748,"downstream","intergenic",FALSE,"intergenic"
"CM105784.1",14248723,5.237990707,1.62e-07,0.015000433,"CM105784.1",14248723,14248723,126888,"CM105784.1",14375612,14794860,"gene:ENSBOLG00010013395","FSTL5","follistatin like 5 [Ensembl NN prediction with score 100%]","-",14794860,14375612,FALSE,546137,546137,126889,"downstream","intergenic",FALSE,"intergenic"
"CM105786.1",54415559,-5.23676152,1.63e-07,0.015031637,"CM105786.1",54415559,54415559,99017,"CM105786.1",54514577,54995045,"gene:ENSBOLG00010006750","MARCHF1","membrane associated ring-CH-type finger 1 [Ensembl NN prediction with score 100%]","+",54514577,54995045,FALSE,99018,99018,579486,"upstream","intergenic",FALSE,"intergenic"
"CM105767.1",103698965,5.236368485,1.64e-07,0.015035563,"CM105767.1",103698965,103698965,0,"CM105767.1",103686778,103729379,"gene:ENSBOLG00010001683","Zfp810","zinc finger protein 810 [Ensembl NN prediction with score 100%]","+",103686778,103729379,TRUE,12187,12187,30414,"overlapping","gene_body",FALSE,"intron"
"CM105768.1",47181506,-5.235744802,1.64e-07,0.015058335,"CM105768.1",47181506,47181506,0,"CM105768.1",46608295,47824630,"gene:ENSBOLG00010000324","GRID2","glutamate ionotropic receptor delta type subunit 2 [Ensembl NN prediction with score 100%]","-",47824630,46608295,TRUE,643124,643124,573211,"overlapping","gene_body",FALSE,"intron"
"CM105786.1",38002845,-5.233022597,1.67e-07,0.015253483,"CM105786.1",38002845,38002845,0,"CM105786.1",37823814,38270143,"gene:ENSBOLG00010006012","TENM3","teneurin transmembrane protein 3 [Ensembl NN prediction with score 100%]","-",38270143,37823814,TRUE,267298,267298,179031,"overlapping","gene_body",FALSE,"intron"
"CM105777.1",25463743,-5.232092719,1.68e-07,0.015299984,"CM105777.1",25463743,25463743,108291,"CM105777.1",25572035,25585122,"gene:ENSBOLG00010017061","Spink10","serine peptidase inhibitor, Kazal type 10 [Ensembl NN prediction with score 78.7%]","-",25585122,25572035,FALSE,121379,121379,108292,"downstream","intergenic",FALSE,"intergenic"
"CM105785.1",2847558,-5.231774449,1.68e-07,0.015299984,"CM105785.1",2847558,2847558,0,"CM105785.1",2392478,2897977,"gene:ENSBOLG00010006573","DENND1A","DENN domain containing 1A [Ensembl NN prediction with score 100%]","-",2897977,2392478,TRUE,50419,50419,455080,"overlapping","gene_body",FALSE,"intron"
"CM105768.1",57984172,-5.231359932,1.68e-07,0.015305993,"CM105768.1",57984172,57984172,118470,"CM105768.1",57858634,57865701,"gene:ENSBOLG00010000740","RAD51AP2","RAD51 associated protein 2 [Ensembl NN prediction with score 100%]","+",57858634,57865701,FALSE,125538,125538,118471,"downstream","intergenic",FALSE,"intergenic"
"CM105764.1",43010902,5.230353258,1.69e-07,0.015345916,"CM105764.1",43010902,43010902,33078,"CM105764.1",43043981,43063771,"gene:ENSBOLG00010000858","LNP1","leukemia NUP98 fusion partner 1 [Ensembl NN prediction with score 100%]","+",43043981,43063771,FALSE,33079,33079,52869,"upstream","intergenic",FALSE,"intergenic"
"CM105787.1",33912612,5.230196361,1.69e-07,0.015345916,"CM105787.1",33912612,33912612,253753,"CM105787.1",33646716,33658858,"gene:ENSBOLG00010003809","NR2F2","nuclear receptor subfamily 2 group F member 2 [Ensembl NN prediction with score 99.86%]","-",33658858,33646716,FALSE,253754,253754,265896,"upstream","intergenic",FALSE,"intergenic"
"CM105776.1",46069060,-5.228995263,1.7e-07,0.015393255,"CM105776.1",46069060,46069060,218551,"CM105776.1",46287612,46288496,"gene:ENSBOLG00010008680","AW549877","expressed sequence AW549877 [Ensembl NN prediction with score 99.25%]","+",46287612,46288496,FALSE,218552,218552,219436,"upstream","intergenic",FALSE,"intergenic"
"CM105777.1",63794171,-5.228947193,1.7e-07,0.015393255,"CM105777.1",63794171,63794171,163955,"CM105777.1",63958127,64306060,"gene:ENSBOLG00010008027","NOL4","nucleolar protein 4 [Ensembl NN prediction with score 100%]","+",63958127,64306060,FALSE,163956,163956,511889,"upstream","intergenic",FALSE,"intergenic"
"CM105766.1",98101994,5.227052679,1.72e-07,0.015523275,"CM105766.1",98101994,98101994,189688,"CM105766.1",98291683,98292306,"gene:ENSBOLG00010012588","TUSC1","tumor suppressor candidate 1 [Ensembl NN prediction with score 100%]","+",98291683,98292306,FALSE,189689,189689,190312,"upstream","intergenic",FALSE,"intergenic"
"CM105772.1",81664529,5.225842886,1.73e-07,0.015591902,"CM105772.1",81664529,81664529,51998,"CM105772.1",81716528,81813820,"gene:ENSBOLG00010011623","CACNG3","calcium voltage-gated channel auxiliary subunit gamma 3 [Ensembl NN prediction with score 100%]","-",81813820,81716528,FALSE,149291,149291,51999,"downstream","intergenic",FALSE,"intergenic"
"CM105774.1",16467225,5.225560267,1.74e-07,0.015591902,"CM105774.1",16467225,16467225,508876,"CM105774.1",16976102,16981999,"gene:ENSBOLG00010004005","SPRY2","sprouty RTK signaling antagonist 2 [Ensembl NN prediction with score 99.98%]","+",16976102,16981999,FALSE,508877,508877,514774,"upstream","intergenic",FALSE,"intergenic"
"CM105790.1",8668431,5.223734605,1.75e-07,0.015717811,"CM105790.1",8668431,8668431,566433,"CM105790.1",9234865,9235882,"gene:ENSBOLG00010004583","PHB","prohibitin [Ensembl NN prediction with score 100%]","-",9235882,9234865,FALSE,567451,567451,566434,"downstream","intergenic",FALSE,"intergenic"
"CM105768.1",5027150,-5.222293615,1.77e-07,0.015789781,"CM105768.1",5027150,5027150,0,"CM105768.1",4946801,5820396,"gene:ENSBOLG00010002792","DPP6","dipeptidyl peptidase like 6 [Ensembl NN prediction with score 100%]","-",5820396,4946801,TRUE,793246,793246,80349,"overlapping","gene_body",FALSE,"intron"
"CM105790.1",7864488,-5.222215889,1.77e-07,0.015789781,"CM105790.1",7864488,7864488,0,"CM105790.1",7770966,7933452,"gene:ENSBOLG00010004584","ELAPOR2","endosome-lysosome associated apoptosis and autophagy regulator family member 2 [Ensembl NN prediction with score 100%]","+",7770966,7933452,TRUE,93522,93522,68964,"overlapping","gene_body",FALSE,"intron"
"CM105764.1",123709945,5.221059716,1.78e-07,0.015859908,"CM105764.1",123709945,123709945,305007,"CM105764.1",124014953,124015630,"gene:ENSBOLG00010003227","CT55","cancer/testis antigen 55 [Ensembl NN prediction with score 83.38%]","+",124014953,124015630,FALSE,305008,305008,305685,"upstream","intergenic",FALSE,"intergenic"
"CM105785.1",50023499,-5.219491845,1.79e-07,0.015965828,"CM105785.1",50023499,50023499,98029,"CM105785.1",50121529,50165579,"gene:ENSBOLG00010010949","SP3","Sp3 transcription factor [Ensembl NN prediction with score 100%]","-",50165579,50121529,FALSE,142080,142080,98030,"downstream","intergenic",FALSE,"intergenic"
"CM105769.1",30612358,5.218220618,1.81e-07,0.016046755,"CM105769.1",30612358,30612358,0,"CM105769.1",30555950,30720975,"gene:ENSBOLG00010002099","DNAH12","dynein axonemal heavy chain 12 [Ensembl NN prediction with score 100%]","-",30720975,30555950,TRUE,108617,108617,56408,"overlapping","gene_body",FALSE,"intron"
"CM105790.1",23475679,-5.216969668,1.82e-07,0.016126355,"CM105790.1",23475679,23475679,73990,"CM105790.1",23549670,23550572,"gene:ENSBOLG00010004888","LRRC30","leucine rich repeat containing 30 [Ensembl NN prediction with score 100%]","-",23550572,23549670,FALSE,74893,74893,73991,"downstream","intergenic",FALSE,"intergenic"
"CM105768.1",5267718,-5.214351755,1.84e-07,0.016326333,"CM105768.1",5267718,5267718,0,"CM105768.1",4946801,5820396,"gene:ENSBOLG00010002792","DPP6","dipeptidyl peptidase like 6 [Ensembl NN prediction with score 100%]","-",5820396,4946801,TRUE,552678,552678,320917,"overlapping","gene_body",FALSE,"intron"
"CM105773.1",74651124,5.211585672,1.87e-07,0.016541943,"CM105773.1",74651124,74651124,2709,"CM105773.1",74643672,74648414,"gene:ENSBOLG00010015048","EMILIN3","elastin microfibril interfacer 3 [Ensembl NN prediction with score 100%]","-",74648414,74643672,FALSE,2710,2710,7452,"upstream","intergenic",FALSE,"intergenic"
"CM105767.1",72997956,5.209765376,1.89e-07,0.01663104,"CM105767.1",72997956,72997956,0,"CM105767.1",72985279,73001227,"gene:ENSBOLG00010004047","VPS11","VPS11 core subunit of CORVET and HOPS complexes [Ensembl NN prediction with score 100%]","-",73001227,72985279,TRUE,3271,3271,12677,"overlapping","gene_body",FALSE,"intron"
"CM105772.1",56565590,-5.209592659,1.89e-07,0.01663104,"CM105772.1",56565590,56565590,0,"CM105772.1",56556908,56570065,"gene:ENSBOLG00010023612","SIPA1","signal-induced proliferation-associated 1 [Ensembl NN prediction with score 100%]","+",56556908,56570065,TRUE,8682,8682,4475,"overlapping","gene_body",FALSE,"intron"
"CM105776.1",7509259,-5.209951698,1.89e-07,0.01663104,"CM105776.1",7509259,7509259,10048,"CM105776.1",7480272,7499210,"gene:ENSBOLG00010016196","SMAD5","SMAD family member 5 [Ensembl NN prediction with score 100%]","-",7499210,7480272,FALSE,10049,10049,28987,"upstream","intergenic",FALSE,"intergenic"
"CM105776.1",52003697,5.208787828,1.9e-07,0.016632712,"CM105776.1",52003697,52003697,451204,"CM105776.1",51018473,51552492,"gene:ENSBOLG00010008511","ADARB2","adenosine deaminase RNA specific B2 (inactive) [Ensembl NN prediction with score 100%]","-",51552492,51018473,FALSE,451205,451205,985224,"upstream","intergenic",FALSE,"intergenic"
"CM105776.1",65137563,5.208527598,1.9e-07,0.016632712,"CM105776.1",65137563,65137563,5205,"CM105776.1",65142769,65253345,"gene:ENSBOLG00010014350","FAM171A1","family with sequence similarity 171 member A1 [Ensembl NN prediction with score 100%]","-",65253345,65142769,FALSE,115782,115782,5206,"downstream","intergenic",FALSE,"intergenic"
"CM105778.1",19042800,5.208828291,1.9e-07,0.016632712,"CM105778.1",19042800,19042800,497990,"CM105778.1",19540791,19541063,"gene:ENSBOLG00010011136","HMGN2","high mobility group nucleosomal binding domain 2 [Ensembl NN prediction with score 98.77%]","+",19540791,19541063,FALSE,497991,497991,498263,"upstream","intergenic",FALSE,"intergenic"
"CM105783.1",64967981,5.207924434,1.91e-07,0.016632712,"CM105783.1",64967981,64967981,692,"CM105783.1",64958741,64967288,"gene:ENSBOLG00010015239","KRT75","keratin 75 [Ensembl NN prediction with score 99.94%]","-",64967288,64958741,FALSE,693,693,9240,"upstream","promoter",FALSE,"promoter"
"CM105786.1",9967212,5.207966669,1.91e-07,0.016632712,"CM105786.1",9967212,9967212,5301,"CM105786.1",9234443,9961910,"gene:ENSBOLG00010011984","DLGAP2","DLG associated protein 2 [Ensembl NN prediction with score 99.96%]","+",9234443,9961910,FALSE,732769,732769,5302,"downstream","intergenic",FALSE,"intergenic"
"CM105765.1",25555380,-5.204215522,1.95e-07,0.016908462,"CM105765.1",25555380,25555380,107028,"CM105765.1",25447691,25448351,"gene:ENSBOLG00010005474","rpl9","ribosomal protein L9 [Ensembl NN prediction with score 100%]","+",25447691,25448351,FALSE,107689,107689,107029,"downstream","intergenic",FALSE,"intergenic"
"CM105784.1",16630792,5.204487393,1.95e-07,0.016908462,"CM105784.1",16630792,16630792,0,"CM105784.1",16588666,16647122,"gene:ENSBOLG00010013373","BCHE","butyrylcholinesterase [Ensembl NN prediction with score 100%]","+",16588666,16647122,TRUE,42126,42126,16330,"overlapping","gene_body",FALSE,"intron"
"CM105767.1",50240079,5.20379751,1.95e-07,0.016916724,"CM105767.1",50240079,50240079,141671,"CM105767.1",50084904,50098407,"gene:ENSBOLG00010000697","ZIC4","Zic family member 4 [Ensembl NN prediction with score 99.97%]","+",50084904,50098407,FALSE,155175,155175,141672,"downstream","intergenic",FALSE,"intergenic"
"CM105789.1",29266445,5.203415553,1.96e-07,0.016921754,"CM105789.1",29266445,29266445,0,"CM105789.1",29215215,29314021,"gene:ENSBOLG00010009587","TPH2","tryptophan hydroxylase 2 [Ensembl NN prediction with score 100%]","-",29314021,29215215,TRUE,47576,47576,51230,"overlapping","gene_body",FALSE,"intron"
"CM105765.1",14301872,5.201598668,1.98e-07,0.016944441,"CM105765.1",14301872,14301872,51424,"CM105765.1",14250013,14250447,"gene:ENSBOLG00010001218","rps15","ribosomal protein S15 [Ensembl NN prediction with score 98.71%]","+",14250013,14250447,FALSE,51859,51859,51425,"downstream","intergenic",FALSE,"intergenic"
"CM105773.1",73802634,-5.20262667,1.96e-07,0.016944441,"CM105773.1",73802634,73802634,264137,"CM105773.1",74066772,74070146,"gene:ENSBOLG00010017658","MAFB","MAF bZIP transcription factor B [Ensembl NN prediction with score 100%]","-",74070146,74066772,FALSE,267512,267512,264138,"downstream","intergenic",FALSE,"intergenic"
"CM105777.1",71989885,-5.201851291,1.97e-07,0.016944441,"CM105777.1",71989885,71989885,1957,"CM105777.1",71935933,71987927,"gene:ENSBOLG00010005478","PSMA8","proteasome 20S subunit alpha 8 [Ensembl NN prediction with score 99.96%]","-",71987927,71935933,FALSE,1958,1958,53952,"upstream","promoter",FALSE,"promoter"
"CM105779.1",41388834,-5.201541212,1.98e-07,0.016944441,"CM105779.1",41388834,41388834,26013,"CM105779.1",41414848,41442227,"gene:ENSBOLG00010012359","PLEKHB2","pleckstrin homology domain containing B2 [Ensembl NN prediction with score 99.95%]","-",41442227,41414848,FALSE,53393,53393,26014,"downstream","intergenic",FALSE,"intergenic"
"CM105790.1",42350361,-5.201847731,1.97e-07,0.016944441,"CM105790.1",42350361,42350361,0,"CM105790.1",42312742,42351300,"gene:ENSBOLG00010010993","MPP4","membrane palmitoylated protein 4 [Ensembl NN prediction with score 99.99%]","-",42351300,42312742,TRUE,939,939,37619,"overlapping","gene_body",FALSE,"intron"
"CM105766.1",71807481,5.198528349,2.01e-07,0.017156809,"CM105766.1",71807481,71807481,4258,"CM105766.1",71758678,71803222,"gene:ENSBOLG00010021382","TRIT1","tRNA isopentenyltransferase 1 [Ensembl NN prediction with score 100%]","-",71803222,71758678,FALSE,4259,4259,48803,"upstream","intergenic",FALSE,"intergenic"
"CM105772.1",75232311,-5.198736309,2.01e-07,0.017156809,"CM105772.1",75232311,75232311,21232,"CM105772.1",75090133,75211078,"gene:ENSBOLG00010011711","PLPP4","phospholipid phosphatase 4 [Ensembl NN prediction with score 100%]","-",75211078,75090133,FALSE,21233,21233,142178,"upstream","intergenic",FALSE,"intergenic"
"CM105774.1",16465100,5.198257217,2.01e-07,0.017156809,"CM105774.1",16465100,16465100,511001,"CM105774.1",16976102,16981999,"gene:ENSBOLG00010004005","SPRY2","sprouty RTK signaling antagonist 2 [Ensembl NN prediction with score 99.98%]","+",16976102,16981999,FALSE,511002,511002,516899,"upstream","intergenic",FALSE,"intergenic"
"CM105778.1",48137435,5.19607289,2.04e-07,0.017329488,"CM105778.1",48137435,48137435,0,"CM105778.1",47996141,48580351,"gene:ENSBOLG00010015667","MAST4","microtubule associated serine/threonine kinase family member 4 [Ensembl NN prediction with score 99.88%]","+",47996141,48580351,TRUE,141294,141294,442916,"overlapping","gene_body",FALSE,"intron"
"CM105771.1",77947351,-5.195452808,2.04e-07,0.017357324,"CM105771.1",77947351,77947351,52290,"CM105771.1",77391368,77895060,"gene:ENSBOLG00010002096",NA,NA,"+",77391368,77895060,FALSE,555983,555983,52291,"downstream","intergenic",FALSE,"intergenic"
"CM105770.1",79946724,-5.193629577,2.06e-07,0.017498035,"CM105770.1",79946724,79946724,66701,"CM105770.1",79821869,79880022,"gene:ENSBOLG00010001176","IGFBP7","insulin like growth factor binding protein 7 [Ensembl NN prediction with score 99.96%]","-",79880022,79821869,FALSE,66702,66702,124855,"upstream","intergenic",FALSE,"intergenic"
"CM105781.1",29531899,5.193273858,2.07e-07,0.017501341,"CM105781.1",29531899,29531899,0,"CM105781.1",29511797,29560893,"gene:ENSBOLG00010008908","PALMD","palmdelphin [Ensembl NN prediction with score 99.98%]","-",29560893,29511797,TRUE,28994,28994,20102,"overlapping","gene_body",FALSE,"intron"
"CM105766.1",40711328,5.192698307,2.07e-07,0.017525386,"CM105766.1",40711328,40711328,0,"CM105766.1",40203857,41090116,"gene:ENSBOLG00010019075","GRM7","glutamate metabotropic receptor 7 [Ensembl NN prediction with score 100%]","-",41090116,40203857,TRUE,378788,378788,507471,"overlapping","gene_body",FALSE,"intron"
"CM105782.1",9647559,5.19229963,2.08e-07,0.017532842,"CM105782.1",9647559,9647559,13591,"CM105782.1",9661151,9688402,"gene:ENSBOLG00010004968","MMAA","metabolism of cobalamin associated A [Ensembl NN prediction with score 100%]","+",9661151,9688402,FALSE,13592,13592,40843,"upstream","intergenic",FALSE,"intergenic"
"CM105775.1",62925319,-5.191525357,2.09e-07,0.017575777,"CM105775.1",62925319,62925319,0,"CM105775.1",62922823,63751507,"gene:ENSBOLG00010008123","NPAS3","neuronal PAS domain protein 3 [Ensembl NN prediction with score 100%]","-",63751507,62922823,TRUE,826188,826188,2496,"overlapping","gene_body",FALSE,"intron"
"CM105775.1",48536802,-5.191144481,2.09e-07,0.017576829,"CM105775.1",48536802,48536802,41908,"CM105775.1",48578711,48587940,"gene:ENSBOLG00010012254","TMX1","thioredoxin related transmembrane protein 1 [Ensembl NN prediction with score 100%]","-",48587940,48578711,FALSE,51138,51138,41909,"downstream","intergenic",FALSE,"intergenic"
"CM105784.1",18919797,5.190877759,2.09e-07,0.017576829,"CM105784.1",18919797,18919797,533171,"CM105784.1",19452969,19462811,"gene:ENSBOLG00010013392","OTOL1","otolin 1 [Ensembl NN prediction with score 100%]","-",19462811,19452969,FALSE,543014,543014,533172,"downstream","intergenic",FALSE,"intergenic"
"CM105779.1",23098444,5.190272283,2.1e-07,0.017604042,"CM105779.1",23098444,23098444,824,"CM105779.1",23099269,23114966,"gene:ENSBOLG00010009634","Pbld2","phenazine biosynthesis-like protein domain containing 2 [Ensembl NN prediction with score 97.17%]","-",23114966,23099269,FALSE,16522,16522,825,"downstream","downstream",FALSE,"downstream"
"CM105789.1",4693738,-5.189156528,2.11e-07,0.01767972,"CM105789.1",4693738,4693738,125180,"CM105789.1",4818919,4889109,"gene:ENSBOLG00010007484","IGF1","insulin like growth factor 1 [Ensembl NN prediction with score 100%]","+",4818919,4889109,FALSE,125181,125181,195371,"upstream","intergenic",FALSE,"intergenic"
"CM105766.1",5072604,-5.188537203,2.12e-07,0.017708493,"CM105766.1",5072604,5072604,62014,"CM105766.1",5134619,5150865,"gene:ENSBOLG00010003218","KLHL42","kelch like family member 42 [Ensembl NN prediction with score 100%]","-",5150865,5134619,FALSE,78261,78261,62015,"downstream","intergenic",FALSE,"intergenic"
"CM105777.1",47805542,5.187946687,2.13e-07,0.017734615,"CM105777.1",47805542,47805542,17090,"CM105777.1",47667978,47788451,"gene:ENSBOLG00010009950","NR3C1","nuclear receptor subfamily 3 group C member 1 [Ensembl NN prediction with score 100%]","+",47667978,47788451,FALSE,137564,137564,17091,"downstream","intergenic",FALSE,"intergenic"
"CM105778.1",74261898,5.187320626,2.13e-07,0.017764209,"CM105778.1",74261898,74261898,0,"CM105778.1",74249975,74279523,"gene:ENSBOLG00010010691","ARSK","arylsulfatase family member K [Ensembl NN prediction with score 99.99%]","+",74249975,74279523,TRUE,11923,11923,17625,"overlapping","gene_body",FALSE,"intron"
"CM105789.1",3441050,-5.186822918,2.14e-07,0.017781642,"CM105789.1",3441050,3441050,0,"CM105789.1",3314238,3508023,"gene:ENSBOLG00010007213","CHST11","carbohydrate sulfotransferase 11 [Ensembl NN prediction with score 100%]","-",3508023,3314238,TRUE,66973,66973,126812,"overlapping","gene_body",FALSE,"intron"
"CM105766.1",42283475,5.186349615,2.14e-07,0.017796808,"CM105766.1",42283475,42283475,273257,"CM105766.1",42008959,42010217,"gene:ENSBOLG00010000222","HNRNPA3","heterogeneous nuclear ribonucleoprotein A3 [Ensembl NN prediction with score 99.92%]","+",42008959,42010217,FALSE,274516,274516,273258,"downstream","intergenic",FALSE,"intergenic"
"CM105772.1",7273050,5.184940181,2.16e-07,0.017871647,"CM105772.1",7273050,7273050,308648,"CM105772.1",7581699,7583090,"gene:ENSBOLG00010017402","ADRA2A","adrenoceptor alpha 2A [Ensembl NN prediction with score 100%]","-",7583090,7581699,FALSE,310040,310040,308649,"downstream","intergenic",FALSE,"intergenic"
"CM105782.1",1544148,-5.185093103,2.16e-07,0.017871647,"CM105782.1",1544148,1544148,206231,"CM105782.1",1335004,1337916,"gene:ENSBOLG00010004931","PTPN11","protein tyrosine phosphatase non-receptor type 11 [Ensembl NN prediction with score 99.92%]","-",1337916,1335004,FALSE,206232,206232,209144,"upstream","intergenic",FALSE,"intergenic"
"CM105784.1",14219980,5.183509925,2.18e-07,0.01797909,"CM105784.1",14219980,14219980,155631,"CM105784.1",14375612,14794860,"gene:ENSBOLG00010013395","FSTL5","follistatin like 5 [Ensembl NN prediction with score 100%]","-",14794860,14375612,FALSE,574880,574880,155632,"downstream","intergenic",FALSE,"intergenic"
"CM105776.1",51119103,5.183154002,2.18e-07,0.017983275,"CM105776.1",51119103,51119103,0,"CM105776.1",51018473,51552492,"gene:ENSBOLG00010008511","ADARB2","adenosine deaminase RNA specific B2 (inactive) [Ensembl NN prediction with score 100%]","-",51552492,51018473,TRUE,433389,433389,100630,"overlapping","gene_body",FALSE,"intron"
"CM105765.1",3984205,-5.182518805,2.19e-07,0.017984879,"CM105765.1",3984205,3984205,29681,"CM105765.1",3935784,3954523,"gene:ENSBOLG00010000474","MYL1","myosin light chain 1 [Ensembl NN prediction with score 99.94%]","-",3954523,3935784,FALSE,29682,29682,48421,"upstream","intergenic",FALSE,"intergenic"
"CM105777.1",25470654,-5.182513813,2.19e-07,0.017984879,"CM105777.1",25470654,25470654,101380,"CM105777.1",25572035,25585122,"gene:ENSBOLG00010017061","Spink10","serine peptidase inhibitor, Kazal type 10 [Ensembl NN prediction with score 78.7%]","-",25585122,25572035,FALSE,114468,114468,101381,"downstream","intergenic",FALSE,"intergenic"
"CM105766.1",69060427,5.181393895,2.2e-07,0.018026479,"CM105766.1",69060427,69060427,36471,"CM105766.1",69096899,69316114,"gene:ENSBOLG00010008798","GRIK3","glutamate ionotropic receptor kainate type subunit 3 [Ensembl NN prediction with score 100%]","-",69316114,69096899,FALSE,255687,255687,36472,"downstream","intergenic",FALSE,"intergenic"
"CM105776.1",52003696,5.181562139,2.2e-07,0.018026479,"CM105776.1",52003696,52003696,451203,"CM105776.1",51018473,51552492,"gene:ENSBOLG00010008511","ADARB2","adenosine deaminase RNA specific B2 (inactive) [Ensembl NN prediction with score 100%]","-",51552492,51018473,FALSE,451204,451204,985223,"upstream","intergenic",FALSE,"intergenic"
"CM105783.1",64512213,5.180914348,2.21e-07,0.018026479,"CM105783.1",64512213,64512213,0,"CM105783.1",64504631,64519357,"gene:ENSBOLG00010014579","ACVRL1","activin A receptor like type 1 [Ensembl NN prediction with score 100%]","+",64504631,64519357,TRUE,7582,7582,7144,"overlapping","gene_body",FALSE,"intron"
"CM105788.1",25477460,5.180841808,2.21e-07,0.018026479,"CM105788.1",25477460,25477460,282969,"CM105788.1",25760430,26587417,"gene:ENSBOLG00010016078","GRM8","glutamate metabotropic receptor 8 [Ensembl NN prediction with score 100%]","-",26587417,25760430,FALSE,1109957,1109957,282970,"downstream","intergenic",FALSE,"intergenic"
"CM105782.1",1420551,5.17987277,2.22e-07,0.018090372,"CM105782.1",1420551,1420551,82634,"CM105782.1",1335004,1337916,"gene:ENSBOLG00010004931","PTPN11","protein tyrosine phosphatase non-receptor type 11 [Ensembl NN prediction with score 99.92%]","-",1337916,1335004,FALSE,82635,82635,85547,"upstream","intergenic",FALSE,"intergenic"
"CM105773.1",91865084,5.178908341,2.23e-07,0.018154076,"CM105773.1",91865084,91865084,18554,"CM105773.1",91883639,91899639,"gene:ENSBOLG00010010751","YTHDF1","YTH N6-methyladenosine RNA binding protein 1 [Ensembl NN prediction with score 100%]","-",91899639,91883639,FALSE,34555,34555,18555,"downstream","intergenic",FALSE,"intergenic"
"CM105765.1",13891042,-5.177216382,2.25e-07,0.018289199,"CM105765.1",13891042,13891042,109753,"CM105765.1",14000796,14139161,"gene:ENSBOLG00010001074","EPHA4","EPH receptor A4 [Ensembl NN prediction with score 100%]","-",14139161,14000796,FALSE,248119,248119,109754,"downstream","intergenic",FALSE,"intergenic"
"CM105767.1",9617330,-5.175873281,2.27e-07,0.018372373,"CM105767.1",9617330,9617330,31512,"CM105767.1",9648843,9704141,"gene:ENSBOLG00010002971","CMTM8","CKLF like MARVEL transmembrane domain containing 8 [Ensembl NN prediction with score 100%]","+",9648843,9704141,FALSE,31513,31513,86811,"upstream","intergenic",FALSE,"intergenic"
"CM105768.1",5052524,-5.175754414,2.27e-07,0.018372373,"CM105768.1",5052524,5052524,0,"CM105768.1",4946801,5820396,"gene:ENSBOLG00010002792","DPP6","dipeptidyl peptidase like 6 [Ensembl NN prediction with score 100%]","-",5820396,4946801,TRUE,767872,767872,105723,"overlapping","gene_body",FALSE,"intron"
"CM105770.1",70392408,5.175024642,2.28e-07,0.018414043,"CM105770.1",70392408,70392408,67037,"CM105770.1",70459446,70463838,"gene:ENSBOLG00010004794","SHISA3","shisa family member 3 [Ensembl NN prediction with score 100%]","+",70459446,70463838,FALSE,67038,67038,71430,"upstream","intergenic",FALSE,"intergenic"
"CM105764.1",13122081,5.173882048,2.29e-07,0.01846642,"CM105764.1",13122081,13122081,551616,"CM105764.1",12558434,12570464,"gene:ENSBOLG00010005753","N6AMT1","N-6 adenine-specific DNA methyltransferase 1 [Ensembl NN prediction with score 100%]","-",12570464,12558434,FALSE,551617,551617,563647,"upstream","intergenic",FALSE,"intergenic"
"JBCDMM020000051.1",39885,5.174084374,2.29e-07,0.01846642,"JBCDMM020000051.1",39885,39885,0,"JBCDMM020000051.1",22482,56337,"gene:ENSBOLG00010004607","ICA1L","islet cell autoantigen 1 like [Ensembl NN prediction with score 100%]","-",56337,22482,TRUE,16452,16452,17403,"overlapping","gene_body",FALSE,"intron"
"CM105776.1",52068900,5.172276151,2.31e-07,0.018595447,"CM105776.1",52068900,52068900,516407,"CM105776.1",51018473,51552492,"gene:ENSBOLG00010008511","ADARB2","adenosine deaminase RNA specific B2 (inactive) [Ensembl NN prediction with score 100%]","-",51552492,51018473,FALSE,516408,516408,1050427,"upstream","intergenic",FALSE,"intergenic"
"CM105774.1",39190350,-5.170996456,2.33e-07,0.018692715,"CM105774.1",39190350,39190350,995486,"CM105774.1",40185837,40206964,"gene:ENSBOLG00010011783","OLFM4","olfactomedin 4 [Ensembl NN prediction with score 99.99%]","-",40206964,40185837,FALSE,1016614,1016614,995487,"downstream","intergenic",FALSE,"intergenic"
"CM105770.1",70397600,5.170103566,2.34e-07,0.01872117,"CM105770.1",70397600,70397600,61845,"CM105770.1",70459446,70463838,"gene:ENSBOLG00010004794","SHISA3","shisa family member 3 [Ensembl NN prediction with score 100%]","+",70459446,70463838,FALSE,61846,61846,66238,"upstream","intergenic",FALSE,"intergenic"
"CM105788.1",13774276,5.170206574,2.34e-07,0.01872117,"CM105788.1",13774276,13774276,127597,"CM105788.1",13901874,14132403,"gene:ENSBOLG00010009472","FOXP2","forkhead box P2 [Ensembl NN prediction with score 100%]","+",13901874,14132403,FALSE,127598,127598,358127,"upstream","intergenic",FALSE,"intergenic"
"CM105775.1",25780340,-5.169210029,2.35e-07,0.018748329,"CM105775.1",25780340,25780340,522764,"CM105775.1",26303105,26303669,"gene:ENSBOLG00010013219","COX4I1","cytochrome c oxidase subunit 4I1 [Ensembl NN prediction with score 100%]","+",26303105,26303669,FALSE,522765,522765,523329,"upstream","intergenic",FALSE,"intergenic"
"CM105776.1",46053447,-5.168620956,2.36e-07,0.018748329,"CM105776.1",46053447,46053447,234164,"CM105776.1",46287612,46288496,"gene:ENSBOLG00010008680","AW549877","expressed sequence AW549877 [Ensembl NN prediction with score 99.25%]","+",46287612,46288496,FALSE,234165,234165,235049,"upstream","intergenic",FALSE,"intergenic"
"CM105779.1",14154937,-5.1686379,2.36e-07,0.018748329,"CM105779.1",14154937,14154937,316754,"CM105779.1",14471692,14474260,"gene:ENSBOLG00010010245","ZWINT","ZW10 interacting kinetochore protein [Ensembl NN prediction with score 99.94%]","-",14474260,14471692,FALSE,319323,319323,316755,"downstream","intergenic",FALSE,"intergenic"
"CM105782.1",53134012,5.168933778,2.35e-07,0.018748329,"CM105782.1",53134012,53134012,0,"CM105782.1",53131754,53142564,"gene:ENSBOLG00010018420","GINS2","GINS complex subunit 2 [Ensembl NN prediction with score 100%]","-",53142564,53131754,TRUE,8552,8552,2258,"overlapping","gene_body",FALSE,"intron"
"CM105779.1",14024939,-5.168160548,2.36e-07,0.018756983,"CM105779.1",14024939,14024939,446752,"CM105779.1",14471692,14474260,"gene:ENSBOLG00010010245","ZWINT","ZW10 interacting kinetochore protein [Ensembl NN prediction with score 99.94%]","-",14474260,14471692,FALSE,449321,449321,446753,"downstream","intergenic",FALSE,"intergenic"
"CM105781.1",23560180,5.167931673,2.37e-07,0.018756983,"CM105781.1",23560180,23560180,252801,"CM105781.1",23302364,23307378,"gene:ENSBOLG00010008880","PRMT6","protein arginine methyltransferase 6 [Ensembl NN prediction with score 100%]","-",23307378,23302364,FALSE,252802,252802,257816,"upstream","intergenic",FALSE,"intergenic"
"CM105770.1",70390414,5.166135535,2.39e-07,0.018885597,"CM105770.1",70390414,70390414,69031,"CM105770.1",70459446,70463838,"gene:ENSBOLG00010004794","SHISA3","shisa family member 3 [Ensembl NN prediction with score 100%]","+",70459446,70463838,FALSE,69032,69032,73424,"upstream","intergenic",FALSE,"intergenic"
"CM105777.1",48318744,5.165815663,2.39e-07,0.018885597,"CM105777.1",48318744,48318744,52417,"CM105777.1",48371162,48388734,"gene:ENSBOLG00010010958","FGF1","fibroblast growth factor 1 [Ensembl NN prediction with score 100%]","+",48371162,48388734,FALSE,52418,52418,69990,"upstream","intergenic",FALSE,"intergenic"
"CM105783.1",27425197,-5.165752793,2.39e-07,0.018885597,"CM105783.1",27425197,27425197,49916,"CM105783.1",27475114,27690043,"gene:ENSBOLG00010007422","ADCY8","adenylate cyclase 8 [Ensembl NN prediction with score 99.99%]","-",27690043,27475114,FALSE,264846,264846,49917,"downstream","intergenic",FALSE,"intergenic"
"CM105766.1",30802941,-5.164259186,2.41e-07,0.019006547,"CM105766.1",30802941,30802941,27127,"CM105766.1",30830069,30849307,"gene:ENSBOLG00010016919",NA,NA,"+",30830069,30849307,FALSE,27128,27128,46366,"upstream","intergenic",FALSE,"intergenic"
"CM105771.1",19368194,-5.163874318,2.42e-07,0.019015264,"CM105771.1",19368194,19368194,0,"CM105771.1",18710151,19659286,"gene:ENSBOLG00010017956","TENM2","teneurin transmembrane protein 2 [Ensembl NN prediction with score 100%]","-",19659286,18710151,TRUE,291092,291092,658043,"overlapping","gene_body",FALSE,"intron"
"CM105765.1",14802588,5.162507969,2.44e-07,0.019107561,"CM105765.1",14802588,14802588,0,"CM105765.1",14752909,14846819,"gene:ENSBOLG00010000918","PAX3","paired box 3 [Ensembl NN prediction with score 99.99%]","-",14846819,14752909,TRUE,44231,44231,49679,"overlapping","gene_body",FALSE,"intron"
"CM105766.1",11058224,-5.16207371,2.44e-07,0.019107561,"CM105766.1",11058224,11058224,0,"CM105766.1",10959992,11231674,"gene:ENSBOLG00010002138","PDE3A","phosphodiesterase 3A [Ensembl NN prediction with score 99.98%]","-",11231674,10959992,TRUE,173450,173450,98232,"overlapping","gene_body",FALSE,"intron"
"CM105768.1",4938505,-5.162165656,2.44e-07,0.019107561,"CM105768.1",4938505,4938505,8295,"CM105768.1",4946801,5820396,"gene:ENSBOLG00010002792","DPP6","dipeptidyl peptidase like 6 [Ensembl NN prediction with score 100%]","-",5820396,4946801,FALSE,881891,881891,8296,"downstream","intergenic",FALSE,"intergenic"
"CM105771.1",78776973,-5.161493514,2.45e-07,0.019136464,"CM105771.1",78776973,78776973,1177,"CM105771.1",78770263,78775795,"gene:ENSBOLG00010001930","EPN3","epsin 3 [Ensembl NN prediction with score 100%]","-",78775795,78770263,FALSE,1178,1178,6710,"upstream","promoter",FALSE,"promoter"
"CM105768.1",71727771,5.160609098,2.46e-07,0.019196625,"CM105768.1",71727771,71727771,8191,"CM105768.1",71735963,71751086,"gene:ENSBOLG00010002527","Cyp4f40","cytochrome P450, family 4, subfamily f, polypeptide 40 [Ensembl NN prediction with score 99.94%]","-",71751086,71735963,FALSE,23315,23315,8192,"downstream","intergenic",FALSE,"intergenic"
"CM105764.1",32207650,-5.159540456,2.48e-07,0.019245515,"CM105764.1",32207650,32207650,506387,"CM105764.1",32714038,33007498,"gene:ENSBOLG00010001294","CADM2","cell adhesion molecule 2 [Ensembl NN prediction with score 99.99%]","+",32714038,33007498,FALSE,506388,506388,799848,"upstream","intergenic",FALSE,"intergenic"
"CM105783.1",47264732,5.159727566,2.47e-07,0.019245515,"CM105783.1",47264732,47264732,5816,"CM105783.1",47270549,47276499,"gene:ENSBOLG00010020654","UPK3A","uroplakin 3A [Ensembl NN prediction with score 100%]","+",47270549,47276499,FALSE,5817,5817,11767,"upstream","intergenic",FALSE,"intergenic"
"CM105770.1",76255899,5.158696412,2.49e-07,0.01930197,"CM105770.1",76255899,76255899,145182,"CM105770.1",76401082,76473247,"gene:ENSBOLG00010001168","USP46","ubiquitin specific peptidase 46 [Ensembl NN prediction with score 99.97%]","-",76473247,76401082,FALSE,217348,217348,145183,"downstream","intergenic",FALSE,"intergenic"
"CM105765.1",46139851,-5.157723362,2.5e-07,0.019345417,"CM105765.1",46139851,46139851,157023,"CM105765.1",46296875,46370807,"gene:ENSBOLG00010008358","TSHZ3","teashirt zinc finger homeobox 3 [Ensembl NN prediction with score 100%]","-",46370807,46296875,FALSE,230956,230956,157024,"downstream","intergenic",FALSE,"intergenic"
"CM105767.1",3406463,-5.157391226,2.5e-07,0.019345417,"CM105767.1",3406463,3406463,53956,"CM105767.1",3324404,3352506,"gene:ENSBOLG00010002849","CTNNB1","catenin beta 1 [Ensembl NN prediction with score 100%]","-",3352506,3324404,FALSE,53957,53957,82059,"upstream","intergenic",FALSE,"intergenic"
"CM105777.1",197690,-5.157419457,2.5e-07,0.019345417,"CM105777.1",197690,197690,132119,"CM105777.1",329810,705735,"gene:ENSBOLG00010006397","DOK6","docking protein 6 [Ensembl NN prediction with score 100%]","+",329810,705735,FALSE,132120,132120,508045,"upstream","intergenic",FALSE,"intergenic"
"CM105768.1",5007187,-5.156163327,2.52e-07,0.019442119,"CM105768.1",5007187,5007187,0,"CM105768.1",4946801,5820396,"gene:ENSBOLG00010002792","DPP6","dipeptidyl peptidase like 6 [Ensembl NN prediction with score 100%]","-",5820396,4946801,TRUE,813209,813209,60386,"overlapping","gene_body",FALSE,"intron"
"CM105790.1",17731494,5.155792848,2.53e-07,0.019450116,"CM105790.1",17731494,17731494,13114,"CM105790.1",17717684,17718379,"gene:ENSBOLG00010015223","FABP5","fatty acid binding protein 5 [Ensembl NN prediction with score 100%]","-",17718379,17717684,FALSE,13115,13115,13810,"upstream","intergenic",FALSE,"intergenic"
"CM105768.1",49650915,-5.15487003,2.54e-07,0.019515603,"CM105768.1",49650915,49650915,7547,"CM105768.1",48681040,49643367,"gene:ENSBOLG00010000322","CCSER1","coiled-coil serine rich protein 1 [Ensembl NN prediction with score 100%]","-",49643367,48681040,FALSE,7548,7548,969875,"upstream","intergenic",FALSE,"intergenic"
"CM105764.1",71643568,5.153289333,2.56e-07,0.019583312,"CM105764.1",71643568,71643568,0,"CM105764.1",71584143,71709469,"gene:ENSBOLG00010003561","ATP13A4","ATPase 13A4 [Ensembl NN prediction with score 99.99%]","+",71584143,71709469,TRUE,59425,59425,65901,"overlapping","gene_body",FALSE,"intron"
"CM105765.1",111789821,-5.153330605,2.56e-07,0.019583312,"CM105765.1",111789821,111789821,0,"CM105765.1",111702780,111840178,"gene:ENSBOLG00010016742","MAP7","microtubule associated protein 7 [Ensembl NN prediction with score 100%]","-",111840178,111702780,TRUE,50357,50357,87041,"overlapping","gene_body",FALSE,"intron"
"CM105779.1",41082225,5.153889372,2.55e-07,0.019583312,"CM105779.1",41082225,41082225,332622,"CM105779.1",41414848,41442227,"gene:ENSBOLG00010012359","PLEKHB2","pleckstrin homology domain containing B2 [Ensembl NN prediction with score 99.95%]","-",41442227,41414848,FALSE,360002,360002,332623,"downstream","intergenic",FALSE,"intergenic"
"CM105784.1",14222638,5.153053158,2.56e-07,0.019583312,"CM105784.1",14222638,14222638,152973,"CM105784.1",14375612,14794860,"gene:ENSBOLG00010013395","FSTL5","follistatin like 5 [Ensembl NN prediction with score 100%]","-",14794860,14375612,FALSE,572222,572222,152974,"downstream","intergenic",FALSE,"intergenic"
"CM105764.1",29682765,-5.152071792,2.58e-07,0.019655575,"CM105764.1",29682765,29682765,75286,"CM105764.1",29758052,29759041,"gene:ENSBOLG00010000111","PRKAG1","protein kinase AMP-activated non-catalytic subunit gamma 1 [Ensembl NN prediction with score 99.97%]","-",29759041,29758052,FALSE,76276,76276,75287,"downstream","intergenic",FALSE,"intergenic"
"CM105789.1",5499450,-5.151648629,2.58e-07,0.019669491,"CM105789.1",5499450,5499450,0,"CM105789.1",5497611,5506731,"gene:ENSBOLG00010007074","SPIC","Spi-C transcription factor [Ensembl NN prediction with score 99.99%]","-",5506731,5497611,TRUE,7281,7281,1839,"overlapping","gene_body",FALSE,"intron"
"CM105768.1",5105833,-5.151216989,2.59e-07,0.019684351,"CM105768.1",5105833,5105833,0,"CM105768.1",4946801,5820396,"gene:ENSBOLG00010002792","DPP6","dipeptidyl peptidase like 6 [Ensembl NN prediction with score 100%]","-",5820396,4946801,TRUE,714563,714563,159032,"overlapping","gene_body",FALSE,"intron"
"CM105778.1",67682360,5.150584307,2.6e-07,0.019720395,"CM105778.1",67682360,67682360,488313,"CM105778.1",67052670,67194046,"gene:ENSBOLG00010005604","MEF2C","myocyte enhancer factor 2C [Ensembl NN prediction with score 100%]","-",67194046,67052670,FALSE,488314,488314,629690,"upstream","intergenic",FALSE,"intergenic"
"CM105788.1",18708190,-5.148720527,2.62e-07,0.019886635,"CM105788.1",18708190,18708190,902754,"CM105788.1",19610945,20096071,"gene:ENSBOLG00010009389","kcnd2","potassium voltage-gated channel subfamily D member 2 [Ensembl NN prediction with score 100%]","+",19610945,20096071,FALSE,902755,902755,1387881,"upstream","intergenic",FALSE,"intergenic"
"CM105767.1",8749898,5.147938778,2.63e-07,0.019938949,"CM105767.1",8749898,8749898,221781,"CM105767.1",8353803,8528116,"gene:ENSBOLG00010003046","GADL1","glutamate decarboxylase like 1 [Ensembl NN prediction with score 99.99%]","-",8528116,8353803,FALSE,221782,221782,396095,"upstream","intergenic",FALSE,"intergenic"
"CM105764.1",71671313,5.147304679,2.64e-07,0.019948164,"CM105764.1",71671313,71671313,0,"CM105764.1",71584143,71709469,"gene:ENSBOLG00010003561","ATP13A4","ATPase 13A4 [Ensembl NN prediction with score 99.99%]","+",71584143,71709469,TRUE,87170,87170,38156,"overlapping","gene_body",FALSE,"intron"
"CM105784.1",45549480,5.147275613,2.64e-07,0.019948164,"CM105784.1",45549480,45549480,213913,"CM105784.1",45763394,45897585,"gene:ENSBOLG00010007891","FAT4","FAT atypical cadherin 4 [Ensembl NN prediction with score 100%]","-",45897585,45763394,FALSE,348105,348105,213914,"downstream","intergenic",FALSE,"intergenic"
"CM105788.1",37444992,5.146620625,2.65e-07,0.019987255,"CM105788.1",37444992,37444992,0,"CM105788.1",37325709,37506102,"gene:ENSBOLG00010015865","HIPK2","homeodomain interacting protein kinase 2 [Ensembl NN prediction with score 100%]","-",37506102,37325709,TRUE,61110,61110,119283,"overlapping","gene_body",FALSE,"intron"
"CM105778.1",74369193,5.144256933,2.69e-07,0.020209579,"CM105778.1",74369193,74369193,1312,"CM105778.1",74341851,74367880,"gene:ENSBOLG00010010710","SPATA9","spermatogenesis associated 9 [Ensembl NN prediction with score 100%]","-",74367880,74341851,FALSE,1313,1313,27342,"upstream","promoter",FALSE,"promoter"
"CM105772.1",102026514,-5.143656351,2.69e-07,0.020224788,"CM105772.1",102026514,102026514,3514,"CM105772.1",102022034,102022999,"gene:ENSBOLG00010018765","Olfr591","olfactory receptor 591 [Ensembl NN prediction with score 99.99%]","+",102022034,102022999,FALSE,4480,4480,3515,"downstream","intergenic",FALSE,"intergenic"
"CM105784.1",21163578,5.143542354,2.7e-07,0.020224788,"CM105784.1",21163578,21163578,49050,"CM105784.1",21212629,21385973,"gene:ENSBOLG00010013731","IQCJ","IQ motif containing J [Ensembl NN prediction with score 100%]","-",21385973,21212629,FALSE,222395,222395,49051,"downstream","intergenic",FALSE,"intergenic"
"CM105773.1",60228008,5.142402279,2.71e-07,0.020316971,"CM105773.1",60228008,60228008,0,"CM105773.1",59972419,60236580,"gene:ENSBOLG00010008089","RALGAPA2","Ral GTPase activating protein catalytic subunit alpha 2 [Ensembl NN prediction with score 100%]","-",60236580,59972419,TRUE,8572,8572,255589,"overlapping","gene_body",FALSE,"intron"
"CM105765.1",27974279,5.140942655,2.73e-07,0.020424138,"CM105765.1",27974279,27974279,92518,"CM105765.1",28066798,28067280,"gene:ENSBOLG00010005491","TWIST2","twist family bHLH transcription factor 2 [Ensembl NN prediction with score 100%]","+",28066798,28067280,FALSE,92519,92519,93001,"upstream","intergenic",FALSE,"intergenic"
"CM105765.1",98714626,5.140088943,2.75e-07,0.020424138,"CM105765.1",98714626,98714626,51469,"CM105765.1",98766096,98790789,"gene:ENSBOLG00010011552","HSF2","heat shock transcription factor 2 [Ensembl NN prediction with score 100%]","+",98766096,98790789,FALSE,51470,51470,76163,"upstream","intergenic",FALSE,"intergenic"
"CM105775.1",30836574,-5.140542273,2.74e-07,0.020424138,"CM105775.1",30836574,30836574,0,"CM105775.1",29712304,31209792,"gene:ENSBOLG00010013184","NRXN3","neurexin 3 [Ensembl NN prediction with score 100%]","-",31209792,29712304,TRUE,373218,373218,1124270,"overlapping","gene_body",FALSE,"intron"
"CM105787.1",25975700,-5.140392814,2.74e-07,0.020424138,"CM105787.1",25975700,25975700,6626,"CM105787.1",25982327,26150541,"gene:ENSBOLG00010009869","HERC2","HECT and RLD domain containing E3 ubiquitin protein ligase 2 [Ensembl NN prediction with score 100%]","-",26150541,25982327,FALSE,174841,174841,6627,"downstream","intergenic",FALSE,"intergenic"
"JBCDMM020000037.1",1260794,5.139989734,2.75e-07,0.020424138,"JBCDMM020000037.1",1260794,1260794,NA,NA,NA,NA,NA,NA,NA,"+",NA,NA,NA,NA,NA,NA,"overlapping","intergenic",FALSE,"intergenic"
"CM105768.1",9854642,5.139168668,2.76e-07,0.020433381,"CM105768.1",9854642,9854642,162361,"CM105768.1",10017004,10023109,"gene:ENSBOLG00010002447","NPY","neuropeptide Y [Ensembl NN prediction with score 100%]","+",10017004,10023109,FALSE,162362,162362,168467,"upstream","intergenic",FALSE,"intergenic"
"CM105768.1",84204420,-5.139477407,2.76e-07,0.020433381,"CM105768.1",84204420,84204420,0,"CM105768.1",84017346,84213159,"gene:ENSBOLG00010021843","DNAH6","dynein axonemal heavy chain 6 [Ensembl NN prediction with score 100%]","-",84213159,84017346,TRUE,8739,8739,187074,"overlapping","gene_body",FALSE,"intron"
"CM105770.1",3554632,-5.13877266,2.77e-07,0.020433381,"CM105770.1",3554632,3554632,57604,"CM105770.1",3474181,3497027,"gene:ENSBOLG00010021031","Zfp873","zinc finger protein 873 [Ensembl NN prediction with score 97.29%]","+",3474181,3497027,FALSE,80451,80451,57605,"downstream","intergenic",FALSE,"intergenic"
"CM105770.1",17480661,-5.139031478,2.76e-07,0.020433381,"CM105770.1",17480661,17480661,74574,"CM105770.1",17555236,17587018,"gene:ENSBOLG00010000468","PAPOLG","poly(A) polymerase gamma [Ensembl NN prediction with score 100%]","+",17555236,17587018,FALSE,74575,74575,106357,"upstream","intergenic",FALSE,"intergenic"
"CM105769.1",49573587,5.135254022,2.82e-07,0.020788202,"CM105769.1",49573587,49573587,118359,"CM105769.1",49691947,49692123,"gene:ENSBOLG00010000377","atp5md","ATP synthase membrane subunit DAPIT [Ensembl NN prediction with score 70.39%]","-",49692123,49691947,FALSE,118536,118536,118360,"downstream","intergenic",FALSE,"intergenic"
"CM105765.1",103298101,5.134636591,2.83e-07,0.020825339,"CM105765.1",103298101,103298101,0,"CM105765.1",103297867,103328381,"gene:ENSBOLG00010016620","ECHDC1","ethylmalonyl-CoA decarboxylase 1 [Ensembl NN prediction with score 100%]","-",103328381,103297867,TRUE,30280,30280,234,"overlapping","gene_body",TRUE,"exon"
"CM105776.1",52076262,5.132787576,2.85e-07,0.020999609,"CM105776.1",52076262,52076262,523769,"CM105776.1",51018473,51552492,"gene:ENSBOLG00010008511","ADARB2","adenosine deaminase RNA specific B2 (inactive) [Ensembl NN prediction with score 100%]","-",51552492,51018473,FALSE,523770,523770,1057789,"upstream","intergenic",FALSE,"intergenic"
"CM105773.1",48528809,5.132345671,2.86e-07,0.021017572,"CM105773.1",48528809,48528809,76019,"CM105773.1",48604829,48650682,"gene:ENSBOLG00010017097","HAO1","hydroxyacid oxidase 1 [Ensembl NN prediction with score 100%]","-",48650682,48604829,FALSE,121873,121873,76020,"downstream","intergenic",FALSE,"intergenic"
"CM105784.1",16600176,5.130935267,2.88e-07,0.021144127,"CM105784.1",16600176,16600176,0,"CM105784.1",16588666,16647122,"gene:ENSBOLG00010013373","BCHE","butyrylcholinesterase [Ensembl NN prediction with score 100%]","+",16588666,16647122,TRUE,11510,11510,46946,"overlapping","gene_body",FALSE,"intron"
"CM105779.1",9893441,-5.130587086,2.89e-07,0.021151755,"CM105779.1",9893441,9893441,11831,"CM105779.1",9905273,9929574,"gene:ENSBOLG00010021544","UBE2G2","ubiquitin conjugating enzyme E2 G2 [Ensembl NN prediction with score 100%]","-",9929574,9905273,FALSE,36133,36133,11832,"downstream","intergenic",FALSE,"intergenic"
"CM105776.1",62174535,5.128294009,2.92e-07,0.021379153,"CM105776.1",62174535,62174535,0,"CM105776.1",62165621,62184662,"gene:ENSBOLG00010015193","ECHDC3","enoyl-CoA hydratase domain containing 3 [Ensembl NN prediction with score 99.99%]","+",62165621,62184662,TRUE,8914,8914,10127,"overlapping","gene_body",FALSE,"intron"
"CM105771.1",19251095,5.127891583,2.93e-07,0.021393103,"CM105771.1",19251095,19251095,0,"CM105771.1",18710151,19659286,"gene:ENSBOLG00010017956","TENM2","teneurin transmembrane protein 2 [Ensembl NN prediction with score 100%]","-",19659286,18710151,TRUE,408191,408191,540944,"overlapping","gene_body",FALSE,"intron"
"CM105776.1",47249407,5.12727535,2.94e-07,0.021431423,"CM105776.1",47249407,47249407,0,"CM105776.1",47242748,47322689,"gene:ENSBOLG00010008645","NID1","nidogen 1 [Ensembl NN prediction with score 100%]","-",47322689,47242748,TRUE,73282,73282,6659,"overlapping","gene_body",FALSE,"intron"
"CM105775.1",28395767,5.126700401,2.95e-07,0.021465145,"CM105775.1",28395767,28395767,0,"CM105775.1",28379774,28493362,"gene:ENSBOLG00010013215","STON2","stonin 2 [Ensembl NN prediction with score 100%]","+",28379774,28493362,TRUE,15993,15993,97595,"overlapping","gene_body",FALSE,"intron"
"CM105787.1",33915228,5.125680885,2.96e-07,0.021549757,"CM105787.1",33915228,33915228,256369,"CM105787.1",33646716,33658858,"gene:ENSBOLG00010003809","NR2F2","nuclear receptor subfamily 2 group F member 2 [Ensembl NN prediction with score 99.86%]","-",33658858,33646716,FALSE,256370,256370,268512,"upstream","intergenic",FALSE,"intergenic"
"CM105764.1",120628264,5.122698936,3.01e-07,0.021654168,"CM105764.1",120628264,120628264,0,"CM105764.1",120354883,120974717,"gene:ENSBOLG00010002931","TMEM132D","transmembrane protein 132D [Ensembl NN prediction with score 100%]","+",120354883,120974717,TRUE,273381,273381,346453,"overlapping","gene_body",FALSE,"intron"
"CM105769.1",49175898,5.121192667,3.04e-07,0.021654168,"CM105769.1",49175898,49175898,0,"CM105769.1",49130044,49451391,"gene:ENSBOLG00010000352","SYNPR","synaptoporin [Ensembl NN prediction with score 100%]","-",49451391,49130044,TRUE,275493,275493,45854,"overlapping","gene_body",FALSE,"intron"
"CM105770.1",65509946,-5.123452329,3e-07,0.021654168,"CM105770.1",65509946,65509946,0,"CM105770.1",65417787,65592987,"gene:ENSBOLG00010004785","ARAP2","ArfGAP with RhoGAP domain, ankyrin repeat and PH domain 2 [Ensembl NN prediction with score 100%]","-",65592987,65417787,TRUE,83041,83041,92159,"overlapping","gene_body",FALSE,"intron"
"CM105771.1",17667981,5.122535469,3.01e-07,0.021654168,"CM105771.1",17667981,17667981,95811,"CM105771.1",17763793,18357017,"gene:ENSBOLG00010018966","SLIT3","slit guidance ligand 3 [Ensembl NN prediction with score 100%]","+",17763793,18357017,FALSE,95812,95812,689036,"upstream","intergenic",FALSE,"intergenic"
"CM105772.1",56390472,-5.121595673,3.03e-07,0.021654168,"CM105772.1",56390472,56390472,19566,"CM105772.1",56350871,56370905,"gene:ENSBOLG00010023712","FRMD8","FERM domain containing 8 [Ensembl NN prediction with score 100%]","+",56350871,56370905,FALSE,39601,39601,19567,"downstream","intergenic",FALSE,"intergenic"
"CM105772.1",75214289,-5.122011462,3.02e-07,0.021654168,"CM105772.1",75214289,75214289,3210,"CM105772.1",75090133,75211078,"gene:ENSBOLG00010011711","PLPP4","phospholipid phosphatase 4 [Ensembl NN prediction with score 100%]","-",75211078,75090133,FALSE,3211,3211,124156,"upstream","intergenic",FALSE,"intergenic"
"CM105773.1",72671390,-5.122016077,3.02e-07,0.021654168,"CM105773.1",72671390,72671390,64836,"CM105773.1",72548405,72606553,"gene:ENSBOLG00010017091","DHX35","DEAH-box helicase 35 [Ensembl NN prediction with score 100%]","+",72548405,72606553,FALSE,122985,122985,64837,"downstream","intergenic",FALSE,"intergenic"
"CM105773.1",73460509,-5.121880649,3.03e-07,0.021654168,"CM105773.1",73460509,73460509,606262,"CM105773.1",74066772,74070146,"gene:ENSBOLG00010017658","MAFB","MAF bZIP transcription factor B [Ensembl NN prediction with score 100%]","-",74070146,74066772,FALSE,609637,609637,606263,"downstream","intergenic",FALSE,"intergenic"
"CM105776.1",52076937,5.121300946,3.03e-07,0.021654168,"CM105776.1",52076937,52076937,524444,"CM105776.1",51018473,51552492,"gene:ENSBOLG00010008511","ADARB2","adenosine deaminase RNA specific B2 (inactive) [Ensembl NN prediction with score 100%]","-",51552492,51018473,FALSE,524445,524445,1058464,"upstream","intergenic",FALSE,"intergenic"
"CM105783.1",58844610,5.12335496,3e-07,0.021654168,"CM105783.1",58844610,58844610,58437,"CM105783.1",58903048,59037787,"gene:ENSBOLG00010008530","ARID2","AT-rich interaction domain 2 [Ensembl NN prediction with score 100%]","+",58903048,59037787,FALSE,58438,58438,193177,"upstream","intergenic",FALSE,"intergenic"
"CM105783.1",65561704,5.12122255,3.04e-07,0.021654168,"CM105783.1",65561704,65561704,0,"CM105783.1",65553989,65564403,"gene:ENSBOLG00010015138","SOAT2","sterol O-acyltransferase 2 [Ensembl NN prediction with score 100%]","+",65553989,65564403,TRUE,7715,7715,2699,"overlapping","gene_body",FALSE,"intron"
"CM105784.1",36814094,-5.121407215,3.03e-07,0.021654168,"CM105784.1",36814094,36814094,0,"CM105784.1",36807450,36820967,"gene:ENSBOLG00010006241","PCDH18","protocadherin 18 [Ensembl NN prediction with score 100%]","+",36807450,36820967,TRUE,6644,6644,6873,"overlapping","gene_body",FALSE,"intron"
"CM105784.1",47812586,-5.121185247,3.04e-07,0.021654168,"CM105784.1",47812586,47812586,28496,"CM105784.1",47613171,47784089,"gene:ENSBOLG00010007799","4932438A13Rik","RIKEN cDNA 4932438A13 gene [Ensembl NN prediction with score 99.97%]","-",47784089,47613171,FALSE,28497,28497,199415,"upstream","intergenic",FALSE,"intergenic"
"CM105767.1",50258937,5.11983063,3.06e-07,0.021778723,"CM105767.1",50258937,50258937,160529,"CM105767.1",50084904,50098407,"gene:ENSBOLG00010000697","ZIC4","Zic family member 4 [Ensembl NN prediction with score 99.97%]","+",50084904,50098407,FALSE,174033,174033,160530,"downstream","intergenic",FALSE,"intergenic"
"CM105767.1",45907375,-5.1172868,3.1e-07,0.022027766,"CM105767.1",45907375,45907375,15553,"CM105767.1",45922929,45924173,"gene:ENSBOLG00010000846","PRSS35","serine protease 35 [Ensembl NN prediction with score 100%]","+",45922929,45924173,FALSE,15554,15554,16798,"upstream","intergenic",FALSE,"intergenic"
"CM105776.1",23292270,5.116969035,3.1e-07,0.022027766,"CM105776.1",23292270,23292270,0,"CM105776.1",23248372,23546568,"gene:ENSBOLG00010015508","Ofcc1","orofacial cleft 1 candidate 1 [Ensembl NN prediction with score 99.92%]","+",23248372,23546568,TRUE,43898,43898,254298,"overlapping","gene_body",FALSE,"intron"
"CM105784.1",36156720,-5.116868505,3.11e-07,0.022027766,"CM105784.1",36156720,36156720,17229,"CM105784.1",36173950,36243402,"gene:ENSBOLG00010006204","SLC7A11","solute carrier family 7 member 11 [Ensembl NN prediction with score 99.91%]","+",36173950,36243402,FALSE,17230,17230,86682,"upstream","intergenic",FALSE,"intergenic"
"CM105764.1",135953654,-5.116172713,3.12e-07,0.022077325,"CM105764.1",135953654,135953654,143967,"CM105764.1",135739369,135809686,"gene:ENSBOLG00010020133","SGSM1","small G protein signaling modulator 1 [Ensembl NN prediction with score 100%]","-",135809686,135739369,FALSE,143968,143968,214285,"upstream","intergenic",FALSE,"intergenic"
"CM105774.1",47014357,5.115801088,3.12e-07,0.022089059,"CM105774.1",47014357,47014357,0,"CM105774.1",46977308,47019702,"gene:ENSBOLG00010007782","RCBTB2","RCC1 and BTB domain containing protein 2 [Ensembl NN prediction with score 100%]","-",47019702,46977308,TRUE,5345,5345,37049,"overlapping","gene_body",FALSE,"intron"
"CM105764.1",22377892,5.114857814,3.14e-07,0.022108022,"CM105764.1",22377892,22377892,363621,"CM105764.1",22741514,22849557,"gene:ENSBOLG00010000097","USP25","ubiquitin specific peptidase 25 [Ensembl NN prediction with score 100%]","-",22849557,22741514,FALSE,471665,471665,363622,"downstream","intergenic",FALSE,"intergenic"
"CM105766.1",69792074,-5.115285186,3.13e-07,0.022108022,"CM105766.1",69792074,69792074,0,"CM105766.1",69765784,69793365,"gene:ENSBOLG00010009123","GNL2","G protein nucleolar 2 [Ensembl NN prediction with score 100%]","-",69793365,69765784,TRUE,1291,1291,26290,"overlapping","gene_body",FALSE,"intron"
"CM105775.1",37995032,-5.114827307,3.14e-07,0.022108022,"CM105775.1",37995032,37995032,0,"CM105775.1",37871505,37997831,"gene:ENSBOLG00010017342","SLC8A3","solute carrier family 8 member A3 [Ensembl NN prediction with score 100%]","+",37871505,37997831,TRUE,123527,123527,2799,"overlapping","gene_body",TRUE,"exon"
"CM105782.1",49696959,5.114302175,3.15e-07,0.022137937,"CM105782.1",49696959,49696959,4300,"CM105782.1",49675557,49692658,"gene:ENSBOLG00010016055","ATMIN","ATM interactor [Ensembl NN prediction with score 99.98%]","+",49675557,49692658,FALSE,21402,21402,4301,"downstream","intergenic",FALSE,"intergenic"
"CM105766.1",73946252,5.113402053,3.16e-07,0.022139953,"CM105766.1",73946252,73946252,0,"CM105766.1",73916242,74001348,"gene:ENSBOLG00010022225",NA,NA,"+",73916242,74001348,TRUE,30010,30010,55096,"overlapping","gene_body",FALSE,"intron"
"CM105768.1",32141742,5.113720555,3.16e-07,0.022139953,"CM105768.1",32141742,32141742,46277,"CM105768.1",32188020,32461936,"gene:ENSBOLG00010002533","SLC8A1","solute carrier family 8 member A1 [Ensembl NN prediction with score 100%]","-",32461936,32188020,FALSE,320194,320194,46278,"downstream","intergenic",FALSE,"intergenic"
"CM105769.1",108631468,5.113702886,3.16e-07,0.022139953,"CM105769.1",108631468,108631468,0,"CM105769.1",108356139,109294210,"gene:ENSBOLG00010003427","CNTNAP5","contactin associated protein family member 5 [Ensembl NN prediction with score 77.44%]","+",108356139,109294210,TRUE,275329,275329,662742,"overlapping","gene_body",FALSE,"intron"
"CM105782.1",48605375,-5.113209201,3.17e-07,0.022139953,"CM105782.1",48605375,48605375,134133,"CM105782.1",48457644,48471241,"gene:ENSBOLG00010016961","MAF","MAF bZIP transcription factor [Ensembl NN prediction with score 100%]","-",48471241,48457644,FALSE,134134,134134,147731,"upstream","intergenic",FALSE,"intergenic"
"CM105768.1",92500125,-5.112494551,3.18e-07,0.022168399,"CM105768.1",92500125,92500125,335867,"CM105768.1",92835993,92870464,"gene:ENSBOLG00010000970","GCFC2","GC-rich sequence DNA-binding factor 2 [Ensembl NN prediction with score 100%]","+",92835993,92870464,FALSE,335868,335868,370339,"upstream","intergenic",FALSE,"intergenic"
"CM105790.1",36367198,-5.112431045,3.18e-07,0.022168399,"CM105790.1",36367198,36367198,968626,"CM105790.1",37335825,37337725,"gene:ENSBOLG00010009986","SNRPD1","small nuclear ribonucleoprotein D1 polypeptide [Ensembl NN prediction with score 99.96%]","-",37337725,37335825,FALSE,970527,970527,968627,"downstream","intergenic",FALSE,"intergenic"
"CM105765.1",138250682,5.112064663,3.19e-07,0.022180032,"CM105765.1",138250682,138250682,27941,"CM105765.1",138278624,138287766,"gene:ENSBOLG00010000043","DACT2","dishevelled binding antagonist of beta catenin 2 [Ensembl NN prediction with score 99.97%]","-",138287766,138278624,FALSE,37084,37084,27942,"downstream","intergenic",FALSE,"intergenic"
"CM105764.1",22189928,-5.110125678,3.22e-07,0.022233983,"CM105764.1",22189928,22189928,551585,"CM105764.1",22741514,22849557,"gene:ENSBOLG00010000097","USP25","ubiquitin specific peptidase 25 [Ensembl NN prediction with score 100%]","-",22849557,22741514,FALSE,659629,659629,551586,"downstream","intergenic",FALSE,"intergenic"
"CM105764.1",33219111,-5.110727257,3.21e-07,0.022233983,"CM105764.1",33219111,33219111,211612,"CM105764.1",32714038,33007498,"gene:ENSBOLG00010001294","CADM2","cell adhesion molecule 2 [Ensembl NN prediction with score 99.99%]","+",32714038,33007498,FALSE,505073,505073,211613,"downstream","intergenic",FALSE,"intergenic"
"CM105769.1",30615091,5.109953178,3.22e-07,0.022233983,"CM105769.1",30615091,30615091,0,"CM105769.1",30555950,30720975,"gene:ENSBOLG00010002099","DNAH12","dynein axonemal heavy chain 12 [Ensembl NN prediction with score 100%]","-",30720975,30555950,TRUE,105884,105884,59141,"overlapping","gene_body",FALSE,"intron"
"CM105774.1",4861130,5.109851863,3.22e-07,0.022233983,"CM105774.1",4861130,4861130,0,"CM105774.1",4447508,5141611,"gene:ENSBOLG00010007576","HS6ST3","heparan sulfate 6-O-sulfotransferase 3 [Ensembl NN prediction with score 100%]","-",5141611,4447508,TRUE,280481,280481,413622,"overlapping","gene_body",FALSE,"intron"
"CM105774.1",36864400,-5.109744657,3.23e-07,0.022233983,"CM105774.1",36864400,36864400,537101,"CM105774.1",36240401,36327298,"gene:ENSBOLG00010011652","PCDH17","protocadherin 17 [Ensembl NN prediction with score 100%]","-",36327298,36240401,FALSE,537102,537102,623999,"upstream","intergenic",FALSE,"intergenic"
"CM105776.1",46062668,-5.111240286,3.2e-07,0.022233983,"CM105776.1",46062668,46062668,224943,"CM105776.1",46287612,46288496,"gene:ENSBOLG00010008680","AW549877","expressed sequence AW549877 [Ensembl NN prediction with score 99.25%]","+",46287612,46288496,FALSE,224944,224944,225828,"upstream","intergenic",FALSE,"intergenic"
"CM105783.1",34261530,5.110817102,3.21e-07,0.022233983,"CM105783.1",34261530,34261530,0,"CM105783.1",34119285,34370470,"gene:ENSBOLG00010012775","COL22A1","collagen type XXII alpha 1 chain [Ensembl NN prediction with score 100%]","-",34370470,34119285,TRUE,108940,108940,142245,"overlapping","gene_body",FALSE,"intron"
"CM105765.1",14784061,5.108434955,3.25e-07,0.022326085,"CM105765.1",14784061,14784061,0,"CM105765.1",14752909,14846819,"gene:ENSBOLG00010000918","PAX3","paired box 3 [Ensembl NN prediction with score 99.99%]","-",14846819,14752909,TRUE,62758,62758,31152,"overlapping","gene_body",FALSE,"intron"
"CM105782.1",49701269,5.108477512,3.25e-07,0.022326085,"CM105782.1",49701269,49701269,5054,"CM105782.1",49706324,49709172,"gene:ENSBOLG00010016270","1700030J22Rik","RIKEN cDNA 1700030J22 gene [Ensembl NN prediction with score 99.98%]","-",49709172,49706324,FALSE,7903,7903,5055,"downstream","intergenic",FALSE,"intergenic"
"CM105771.1",68657598,5.107690699,3.26e-07,0.022382916,"CM105771.1",68657598,68657598,11221,"CM105771.1",68450298,68646376,"gene:ENSBOLG00010023059","ACACA","acetyl-CoA carboxylase alpha [Ensembl NN prediction with score 100%]","+",68450298,68646376,FALSE,207300,207300,11222,"downstream","intergenic",FALSE,"intergenic"
"CM105775.1",43771523,5.107061744,3.27e-07,0.02242624,"CM105775.1",43771523,43771523,0,"CM105775.1",43706625,43786753,"gene:ENSBOLG00010012227","RHOJ","ras homolog family member J [Ensembl NN prediction with score 100%]","-",43786753,43706625,TRUE,15230,15230,64898,"overlapping","gene_body",FALSE,"intron"
"CM105772.1",18023036,-5.106508866,3.28e-07,0.022460643,"CM105772.1",18023036,18023036,1777,"CM105772.1",17919476,18021258,"gene:ENSBOLG00010017927","DNMBP","dynamin binding protein [Ensembl NN prediction with score 99.97%]","+",17919476,18021258,FALSE,103560,103560,1778,"downstream","downstream",FALSE,"downstream"
"CM105786.1",7883847,5.105177687,3.3e-07,0.02258792,"CM105786.1",7883847,7883847,0,"CM105786.1",7840232,7902730,"gene:ENSBOLG00010012218","TUBGCP3","tubulin gamma complex associated protein 3 [Ensembl NN prediction with score 100%]","-",7902730,7840232,TRUE,18883,18883,43615,"overlapping","gene_body",FALSE,"intron"
"CM105765.1",98587794,5.10239233,3.35e-07,0.022891219,"CM105765.1",98587794,98587794,178301,"CM105765.1",98766096,98790789,"gene:ENSBOLG00010011552","HSF2","heat shock transcription factor 2 [Ensembl NN prediction with score 100%]","+",98766096,98790789,FALSE,178302,178302,202995,"upstream","intergenic",FALSE,"intergenic"
"CM105774.1",80611275,5.102128469,3.36e-07,0.022891416,"CM105774.1",80611275,80611275,14566,"CM105774.1",80625842,80665076,"gene:ENSBOLG00010013120","KCNK5","potassium two pore domain channel subfamily K member 5 [Ensembl NN prediction with score 100%]","+",80625842,80665076,FALSE,14567,14567,53801,"upstream","intergenic",FALSE,"intergenic"
"CM105766.1",93684818,-5.101511703,3.37e-07,0.022934391,"CM105766.1",93684818,93684818,106099,"CM105766.1",93548908,93578718,"gene:ENSBOLG00010012517","TM2D1","TM2 domain containing 1 [Ensembl NN prediction with score 100%]","+",93548908,93578718,FALSE,135910,135910,106100,"downstream","intergenic",FALSE,"intergenic"
"CM105767.1",64265992,-5.098859284,3.42e-07,0.023162877,"CM105767.1",64265992,64265992,54776,"CM105767.1",64320769,64375792,"gene:ENSBOLG00010003525","PIK3R4","phosphoinositide-3-kinase regulatory subunit 4 [Ensembl NN prediction with score 100%]","+",64320769,64375792,FALSE,54777,54777,109800,"upstream","intergenic",FALSE,"intergenic"
"CM105781.1",26491836,-5.098851684,3.42e-07,0.023162877,"CM105781.1",26491836,26491836,10436,"CM105781.1",26502273,26520237,"gene:ENSBOLG00010008702","RNPC3","RNA binding region (RNP1, RRM) containing 3 [Ensembl NN prediction with score 100%]","-",26520237,26502273,FALSE,28401,28401,10437,"downstream","intergenic",FALSE,"intergenic"
"CM105786.1",31817894,5.099134755,3.41e-07,0.023162877,"CM105786.1",31817894,31817894,163103,"CM105786.1",31635778,31654790,"gene:ENSBOLG00010006003","frg1","FSHD region gene 1 [Ensembl NN prediction with score 100%]","-",31654790,31635778,FALSE,163104,163104,182116,"upstream","intergenic",FALSE,"intergenic"
"CM105776.1",49446954,5.097415966,3.44e-07,0.023307079,"CM105776.1",49446954,49446954,469245,"CM105776.1",48975842,48977708,"gene:ENSBOLG00010008665","YWHAQ","tyrosine 3-monooxygenase/tryptophan 5-monooxygenase activation protein theta [Ensembl NN prediction with score 100%]","-",48977708,48975842,FALSE,469246,469246,471112,"upstream","intergenic",FALSE,"intergenic"
"CM105768.1",48945953,-5.096202494,3.47e-07,0.023360497,"CM105768.1",48945953,48945953,0,"CM105768.1",48681040,49643367,"gene:ENSBOLG00010000322","CCSER1","coiled-coil serine rich protein 1 [Ensembl NN prediction with score 100%]","-",49643367,48681040,TRUE,697414,697414,264913,"overlapping","gene_body",FALSE,"intron"
"CM105783.1",29059616,5.096548274,3.46e-07,0.023360497,"CM105783.1",29059616,29059616,0,"CM105783.1",28960835,29060776,"gene:ENSBOLG00010006889","lrrc6","leucine rich repeat containing 6 (testis) [Ensembl NN prediction with score 99.82%]","-",29060776,28960835,TRUE,1160,1160,98781,"overlapping","gene_body",FALSE,"intron"
"CM105788.1",29374174,5.096332189,3.46e-07,0.023360497,"CM105788.1",29374174,29374174,0,"CM105788.1",29283166,29407563,"gene:ENSBOLG00010015053","COPG1","COPI coat complex subunit gamma 1 [Ensembl NN prediction with score 76.16%]","-",29407563,29283166,TRUE,33389,33389,91008,"overlapping","gene_body",FALSE,"intron"
"CM105767.1",91426948,-5.095325443,3.48e-07,0.023436805,"CM105767.1",91426948,91426948,29092,"CM105767.1",90839844,91397855,"gene:ENSBOLG00010005536","KIRREL3","kirre like nephrin family adhesion molecule 3 [Ensembl NN prediction with score 100%]","-",91397855,90839844,FALSE,29093,29093,587104,"upstream","intergenic",FALSE,"intergenic"
"CM105781.1",26497496,-5.095027437,3.49e-07,0.023441633,"CM105781.1",26497496,26497496,4776,"CM105781.1",26502273,26520237,"gene:ENSBOLG00010008702","RNPC3","RNA binding region (RNP1, RRM) containing 3 [Ensembl NN prediction with score 100%]","-",26520237,26502273,FALSE,22741,22741,4777,"downstream","intergenic",FALSE,"intergenic"
"CM105766.1",74093539,5.094195752,3.5e-07,0.02351264,"CM105766.1",74093539,74093539,0,"CM105766.1",74086204,74095240,"gene:ENSBOLG00010021333","C1orf50","chromosome 1 open reading frame 50 [Ensembl NN prediction with score 99.67%]","+",74086204,74095240,TRUE,7335,7335,1701,"overlapping","gene_body",FALSE,"intron"
"CM105785.1",21873018,-5.093785942,3.51e-07,0.023531444,"CM105785.1",21873018,21873018,0,"CM105785.1",20482020,22354378,"gene:ENSBOLG00010011258","LRP1B","LDL receptor related protein 1B [Ensembl NN prediction with score 100%]","-",22354378,20482020,TRUE,481360,481360,1390998,"overlapping","gene_body",FALSE,"intron"
"CM105790.1",21469920,5.093349278,3.52e-07,0.023553641,"CM105790.1",21469920,21469920,356521,"CM105790.1",21111500,21113398,"gene:ENSBOLG00010004885","TMEM200C","transmembrane protein 200C [Ensembl NN prediction with score 100%]","-",21113398,21111500,FALSE,356522,356522,358420,"upstream","intergenic",FALSE,"intergenic"
"CM105787.1",46487432,-5.092756177,3.53e-07,0.023595366,"CM105787.1",46487432,46487432,0,"CM105787.1",46412705,46554786,"gene:ENSBOLG00010016581","CEMIP","cell migration inducing hyaluronidase 1 [Ensembl NN prediction with score 100%]","-",46554786,46412705,TRUE,67354,67354,74727,"overlapping","gene_body",FALSE,"intron"
"CM105772.1",75221280,-5.092120522,3.54e-07,0.023642507,"CM105772.1",75221280,75221280,10201,"CM105772.1",75090133,75211078,"gene:ENSBOLG00010011711","PLPP4","phospholipid phosphatase 4 [Ensembl NN prediction with score 100%]","-",75211078,75090133,FALSE,10202,10202,131147,"upstream","intergenic",FALSE,"intergenic"
"CM105764.1",115881501,5.091020221,3.56e-07,0.023659453,"CM105764.1",115881501,115881501,264689,"CM105764.1",116146191,117237516,"gene:ENSBOLG00010003108","AUTS2","activator of transcription and developmental regulator AUTS2 [Ensembl NN prediction with score 99.99%]","+",116146191,117237516,FALSE,264690,264690,1356015,"upstream","intergenic",FALSE,"intergenic"
"CM105775.1",21835006,5.091447774,3.55e-07,0.023659453,"CM105775.1",21835006,21835006,22334,"CM105775.1",21677074,21812671,"gene:ENSBOLG00010013148","KCNK10","potassium two pore domain channel subfamily K member 10 [Ensembl NN prediction with score 100%]","+",21677074,21812671,FALSE,157932,157932,22335,"downstream","intergenic",FALSE,"intergenic"
"CM105779.1",32214994,-5.090853479,3.56e-07,0.023659453,"CM105779.1",32214994,32214994,134120,"CM105779.1",32349115,32424195,"gene:ENSBOLG00010009601","UXS1","UDP-glucuronate decarboxylase 1 [Ensembl NN prediction with score 100%]","+",32349115,32424195,FALSE,134121,134121,209201,"upstream","intergenic",FALSE,"intergenic"
"CM105782.1",48608324,-5.09126808,3.56e-07,0.023659453,"CM105782.1",48608324,48608324,137082,"CM105782.1",48457644,48471241,"gene:ENSBOLG00010016961","MAF","MAF bZIP transcription factor [Ensembl NN prediction with score 100%]","-",48471241,48457644,FALSE,137083,137083,150680,"upstream","intergenic",FALSE,"intergenic"
"CM105783.1",34137643,5.090702916,3.57e-07,0.023659453,"CM105783.1",34137643,34137643,0,"CM105783.1",34119285,34370470,"gene:ENSBOLG00010012775","COL22A1","collagen type XXII alpha 1 chain [Ensembl NN prediction with score 100%]","-",34370470,34119285,TRUE,232827,232827,18358,"overlapping","gene_body",FALSE,"intron"
"CM105769.1",58011973,-5.090422353,3.57e-07,0.023662598,"CM105769.1",58011973,58011973,0,"CM105769.1",57988783,58026599,"gene:ENSBOLG00010001827","GPA33","glycoprotein A33 [Ensembl NN prediction with score 100%]","-",58026599,57988783,TRUE,14626,14626,23190,"overlapping","gene_body",FALSE,"intron"
"CM105764.1",20141365,5.089030594,3.6e-07,0.02372079,"CM105764.1",20141365,20141365,569241,"CM105764.1",20710607,20811433,"gene:ENSBOLG00010005682","TMPRSS15","transmembrane serine protease 15 [Ensembl NN prediction with score 99.94%]","+",20710607,20811433,FALSE,569242,569242,670068,"upstream","intergenic",FALSE,"intergenic"
"CM105768.1",5076593,-5.08944541,3.59e-07,0.02372079,"CM105768.1",5076593,5076593,0,"CM105768.1",4946801,5820396,"gene:ENSBOLG00010002792","DPP6","dipeptidyl peptidase like 6 [Ensembl NN prediction with score 100%]","-",5820396,4946801,TRUE,743803,743803,129792,"overlapping","gene_body",FALSE,"intron"
"CM105768.1",116858852,5.088431252,3.61e-07,0.02372079,"CM105768.1",116858852,116858852,0,"CM105768.1",116759750,117582088,"gene:ENSBOLG00010014056","CAMTA1","calmodulin binding transcription activator 1 [Ensembl NN prediction with score 100%]","-",117582088,116759750,TRUE,723236,723236,99102,"overlapping","gene_body",FALSE,"intron"
"CM105774.1",51837023,5.08951676,3.59e-07,0.02372079,"CM105774.1",51837023,51837023,4820,"CM105774.1",51828742,51832202,"gene:ENSBOLG00010008023","NEFL","neurofilament light chain [Ensembl NN prediction with score 100%]","-",51832202,51828742,FALSE,4821,4821,8281,"upstream","intergenic",FALSE,"intergenic"
"CM105779.1",26438370,-5.088641888,3.61e-07,0.02372079,"CM105779.1",26438370,26438370,0,"CM105779.1",26419747,26580418,"gene:ENSBOLG00010009110","MCU","mitochondrial calcium uniporter [Ensembl NN prediction with score 100%]","+",26419747,26580418,TRUE,18623,18623,142048,"overlapping","gene_body",FALSE,"intron"
"CM105781.1",62413571,5.088457071,3.61e-07,0.02372079,"CM105781.1",62413571,62413571,301530,"CM105781.1",62715102,62804607,"gene:ENSBOLG00010006765","ADGRL4","adhesion G protein-coupled receptor L4 [Ensembl NN prediction with score 99.77%]","+",62715102,62804607,FALSE,301531,301531,391036,"upstream","intergenic",FALSE,"intergenic"
"CM105768.1",87980749,5.085824371,3.66e-07,0.024016908,"CM105768.1",87980749,87980749,0,"CM105768.1",87785864,88835111,"gene:ENSBOLG00010000651","CTNNA2","catenin alpha 2 [Ensembl NN prediction with score 100%]","-",88835111,87785864,TRUE,854362,854362,194885,"overlapping","gene_body",FALSE,"intron"
"CM105779.1",32233047,-5.085088106,3.67e-07,0.024078159,"CM105779.1",32233047,32233047,116067,"CM105779.1",32349115,32424195,"gene:ENSBOLG00010009601","UXS1","UDP-glucuronate decarboxylase 1 [Ensembl NN prediction with score 100%]","+",32349115,32424195,FALSE,116068,116068,191148,"upstream","intergenic",FALSE,"intergenic"
"CM105768.1",9874069,5.083801989,3.7e-07,0.024208753,"CM105768.1",9874069,9874069,142934,"CM105768.1",10017004,10023109,"gene:ENSBOLG00010002447","NPY","neuropeptide Y [Ensembl NN prediction with score 100%]","+",10017004,10023109,FALSE,142935,142935,149040,"upstream","intergenic",FALSE,"intergenic"
"CM105775.1",15377408,5.083556494,3.7e-07,0.024208753,"CM105775.1",15377408,15377408,41103,"CM105775.1",15331849,15336304,"gene:ENSBOLG00010012028","TCL1A","TCL1 family AKT coactivator A [Ensembl NN prediction with score 99.55%]","+",15331849,15336304,FALSE,45559,45559,41104,"downstream","intergenic",FALSE,"intergenic"
"CM105774.1",22938533,-5.082457122,3.73e-07,0.024297706,"CM105774.1",22938533,22938533,202022,"CM105774.1",23140556,23156157,"gene:ENSBOLG00010003619","KLF5","Kruppel like factor 5 [Ensembl NN prediction with score 100%]","-",23156157,23140556,FALSE,217624,217624,202023,"downstream","intergenic",FALSE,"intergenic"
"CM105782.1",33479580,-5.082356485,3.73e-07,0.024297706,"CM105782.1",33479580,33479580,1350624,"CM105782.1",34830205,34878163,"gene:ENSBOLG00010008439","CDH11","cadherin 11 [Ensembl NN prediction with score 100%]","-",34878163,34830205,FALSE,1398583,1398583,1350625,"downstream","intergenic",FALSE,"intergenic"
"CM105764.1",67467991,5.08096242,3.76e-07,0.02430503,"CM105764.1",67467991,67467991,0,"CM105764.1",67406941,67559195,"gene:ENSBOLG00010003607","SLC12A8","solute carrier family 12 member 8 [Ensembl NN prediction with score 100%]","-",67559195,67406941,TRUE,91204,91204,61050,"overlapping","gene_body",FALSE,"intron"
"CM105768.1",4952533,-5.081395212,3.75e-07,0.02430503,"CM105768.1",4952533,4952533,0,"CM105768.1",4946801,5820396,"gene:ENSBOLG00010002792","DPP6","dipeptidyl peptidase like 6 [Ensembl NN prediction with score 100%]","-",5820396,4946801,TRUE,867863,867863,5732,"overlapping","gene_body",TRUE,"exon"
"CM105768.1",43024050,5.081616212,3.74e-07,0.02430503,"CM105768.1",43024050,43024050,937349,"CM105768.1",41023647,42086700,"gene:ENSBOLG00010002412","NRXN1","neurexin 1 [Ensembl NN prediction with score 100%]","-",42086700,41023647,FALSE,937350,937350,2000403,"upstream","intergenic",FALSE,"intergenic"
"CM105775.1",34436802,-5.080795938,3.76e-07,0.02430503,"CM105775.1",34436802,34436802,0,"CM105775.1",34435381,34437491,"gene:ENSBOLG00010015914","SYNDIG1L","synapse differentiation inducing 1 like [Ensembl NN prediction with score 100%]","+",34435381,34437491,TRUE,1421,1421,689,"overlapping","gene_body",FALSE,"intron"
"CM105777.1",12266572,5.081257035,3.75e-07,0.02430503,"CM105777.1",12266572,12266572,121816,"CM105777.1",12388389,12451512,"gene:ENSBOLG00010014408","SMAD2","SMAD family member 2 [Ensembl NN prediction with score 100%]","-",12451512,12388389,FALSE,184940,184940,121817,"downstream","intergenic",FALSE,"intergenic"
"CM105790.1",38669046,-5.081888813,3.74e-07,0.02430503,"CM105790.1",38669046,38669046,0,"CM105790.1",38519428,38755920,"gene:ENSBOLG00010010053","ANKRD44","ankyrin repeat domain 44 [Ensembl NN prediction with score 100%]","-",38755920,38519428,TRUE,86874,86874,149618,"overlapping","gene_body",FALSE,"intron"
"CM105773.1",72672219,-5.079202734,3.79e-07,0.024477556,"CM105773.1",72672219,72672219,65665,"CM105773.1",72548405,72606553,"gene:ENSBOLG00010017091","DHX35","DEAH-box helicase 35 [Ensembl NN prediction with score 100%]","+",72548405,72606553,FALSE,123814,123814,65666,"downstream","intergenic",FALSE,"intergenic"
"CM105773.1",83579589,-5.07857949,3.8e-07,0.024525789,"CM105773.1",83579589,83579589,0,"CM105773.1",83471732,83731770,"gene:ENSBOLG00010011210","TSHZ2","teashirt zinc finger homeobox 2 [Ensembl NN prediction with score 100%]","+",83471732,83731770,TRUE,107857,107857,152181,"overlapping","gene_body",FALSE,"intron"
"CM105770.1",46497136,5.077715252,3.82e-07,0.024605332,"CM105770.1",46497136,46497136,371620,"CM105770.1",46071880,46125515,"gene:ENSBOLG00010013514","Bod1l","biorientation of chromosomes in cell division 1-like [Ensembl NN prediction with score 100%]","-",46125515,46071880,FALSE,371621,371621,425256,"upstream","intergenic",FALSE,"intergenic"
"CM105767.1",86994740,5.076995298,3.83e-07,0.024666426,"CM105767.1",86994740,86994740,6870,"CM105767.1",87001611,87038888,"gene:ENSBOLG00010005764",NA,NA,"-",87038888,87001611,FALSE,44148,44148,6871,"downstream","intergenic",FALSE,"intergenic"
"CM105767.1",25692328,5.075916336,3.86e-07,0.024774443,"CM105767.1",25692328,25692328,0,"CM105767.1",25689338,25711095,"gene:ENSBOLG00010018196","APH1B","aph-1 homolog B, gamma-secretase subunit [Ensembl NN prediction with score 97.46%]","-",25711095,25689338,TRUE,18767,18767,2990,"overlapping","gene_body",FALSE,"intron"
"CM105766.1",29618669,-5.075604438,3.86e-07,0.024782766,"CM105766.1",29618669,29618669,0,"CM105766.1",29594476,29642576,"gene:ENSBOLG00010007390","DLEC1","DLEC1 cilia and flagella associated protein [Ensembl NN prediction with score 98.34%]","-",29642576,29594476,TRUE,23907,23907,24193,"overlapping","gene_body",TRUE,"exon"
"CM105776.1",46050477,-5.074276312,3.89e-07,0.024923975,"CM105776.1",46050477,46050477,237134,"CM105776.1",46287612,46288496,"gene:ENSBOLG00010008680","AW549877","expressed sequence AW549877 [Ensembl NN prediction with score 99.25%]","+",46287612,46288496,FALSE,237135,237135,238019,"upstream","intergenic",FALSE,"intergenic"
"CM105769.1",94962344,5.073122793,3.91e-07,0.02504299,"CM105769.1",94962344,94962344,358386,"CM105769.1",95320731,95324643,"gene:ENSBOLG00010014868","CXCR4","C-X-C motif chemokine receptor 4 [Ensembl NN prediction with score 100%]","+",95320731,95324643,FALSE,358387,358387,362299,"upstream","intergenic",FALSE,"intergenic"
"CM105771.1",79289268,-5.071747119,3.94e-07,0.0251863,"CM105771.1",79289268,79289268,4941,"CM105771.1",79294210,79297608,"gene:ENSBOLG00010001532","DLX3","distal-less homeobox 3 [Ensembl NN prediction with score 100%]","+",79294210,79297608,FALSE,4942,4942,8340,"upstream","intergenic",FALSE,"intergenic"
"CM105772.1",23981161,5.071543104,3.95e-07,0.0251863,"CM105772.1",23981161,23981161,14359,"CM105772.1",23995521,24035406,"gene:ENSBOLG00010011328","LGI1","leucine rich glioma inactivated 1 [Ensembl NN prediction with score 100%]","-",24035406,23995521,FALSE,54245,54245,14360,"downstream","intergenic",FALSE,"intergenic"
"CM105773.1",60192069,5.070246636,3.97e-07,0.025325634,"CM105773.1",60192069,60192069,0,"CM105773.1",59972419,60236580,"gene:ENSBOLG00010008089","RALGAPA2","Ral GTPase activating protein catalytic subunit alpha 2 [Ensembl NN prediction with score 100%]","-",60236580,59972419,TRUE,44511,44511,219650,"overlapping","gene_body",FALSE,"intron"
"CM105766.1",30752884,5.069304261,3.99e-07,0.025418414,"CM105766.1",30752884,30752884,70112,"CM105766.1",30574373,30682771,"gene:ENSBOLG00010019059","CECR2","CECR2 histone acetyl-lysine reader [Ensembl NN prediction with score 100%]","-",30682771,30574373,FALSE,70113,70113,178511,"upstream","intergenic",FALSE,"intergenic"
"CM105789.1",34907563,5.067363951,4.03e-07,0.025645619,"CM105789.1",34907563,34907563,5644,"CM105789.1",34913208,34941126,"gene:ENSBOLG00010006905","OS9","OS9 endoplasmic reticulum lectin [Ensembl NN prediction with score 100%]","+",34913208,34941126,FALSE,5645,5645,33563,"upstream","intergenic",FALSE,"intergenic"
"CM105784.1",6349783,-5.066844009,4.04e-07,0.025682557,"CM105784.1",6349783,6349783,0,"CM105784.1",6001810,6510193,"gene:ENSBOLG00010006021","LRBA","LPS responsive beige-like anchor protein [Ensembl NN prediction with score 100%]","-",6510193,6001810,TRUE,160410,160410,347973,"overlapping","gene_body",FALSE,"intron"
"CM105783.1",18294266,5.066507782,4.05e-07,0.025694786,"CM105783.1",18294266,18294266,51824,"CM105783.1",18217029,18242441,"gene:ENSBOLG00010013430","MAL2","mal, T cell differentiation protein 2 [Ensembl NN prediction with score 100%]","+",18217029,18242441,FALSE,77237,77237,51825,"downstream","intergenic",FALSE,"intergenic"
"CM105774.1",65663928,-5.065344552,4.08e-07,0.02581892,"CM105774.1",65663928,65663928,152,"CM105774.1",65662006,65663775,"gene:ENSBOLG00010022012","TRAV17","T cell receptor alpha variable 17 [Ensembl NN prediction with score 100%]","+",65662006,65663775,FALSE,1922,1922,153,"downstream","promoter",FALSE,"promoter"
"CM105782.1",48605367,-5.065063528,4.08e-07,0.025823803,"CM105782.1",48605367,48605367,134125,"CM105782.1",48457644,48471241,"gene:ENSBOLG00010016961","MAF","MAF bZIP transcription factor [Ensembl NN prediction with score 100%]","-",48471241,48457644,FALSE,134126,134126,147723,"upstream","intergenic",FALSE,"intergenic"
"CM105774.1",84914649,5.064565822,4.09e-07,0.025858121,"CM105774.1",84914649,84914649,852861,"CM105774.1",84058382,84061787,"gene:ENSBOLG00010013586",NA,NA,"-",84061787,84058382,FALSE,852862,852862,856267,"upstream","intergenic",FALSE,"intergenic"
"CM105769.1",71036978,5.063334418,4.12e-07,0.025992414,"CM105769.1",71036978,71036978,0,"CM105769.1",70982335,71149278,"gene:ENSBOLG00010003070","NMNAT2","nicotinamide nucleotide adenylyltransferase 2 [Ensembl NN prediction with score 100%]","-",71149278,70982335,TRUE,112300,112300,54643,"overlapping","gene_body",FALSE,"intron"
"CM105772.1",9854450,5.062884965,4.13e-07,0.026020431,"CM105772.1",9854450,9854450,1088064,"CM105772.1",10942515,11454302,"gene:ENSBOLG00010015622","SORCS1","sortilin related VPS10 domain containing receptor 1 [Ensembl NN prediction with score 99.98%]","+",10942515,11454302,FALSE,1088065,1088065,1599852,"upstream","intergenic",FALSE,"intergenic"
"CM105764.1",22377463,5.06215881,4.15e-07,0.026066227,"CM105764.1",22377463,22377463,364050,"CM105764.1",22741514,22849557,"gene:ENSBOLG00010000097","USP25","ubiquitin specific peptidase 25 [Ensembl NN prediction with score 100%]","-",22849557,22741514,FALSE,472094,472094,364051,"downstream","intergenic",FALSE,"intergenic"
"CM105784.1",16594636,5.062062392,4.15e-07,0.026066227,"CM105784.1",16594636,16594636,0,"CM105784.1",16588666,16647122,"gene:ENSBOLG00010013373","BCHE","butyrylcholinesterase [Ensembl NN prediction with score 100%]","+",16588666,16647122,TRUE,5970,5970,52486,"overlapping","gene_body",FALSE,"intron"
"CM105766.1",69752058,-5.060436512,4.18e-07,0.02610008,"CM105766.1",69752058,69752058,0,"CM105766.1",69747340,69754516,"gene:ENSBOLG00010008532","SNIP1","Smad nuclear interacting protein 1 [Ensembl NN prediction with score 100%]","-",69754516,69747340,TRUE,2458,2458,4718,"overlapping","gene_body",FALSE,"intron"
"CM105768.1",5012344,-5.060160525,4.19e-07,0.02610008,"CM105768.1",5012344,5012344,0,"CM105768.1",4946801,5820396,"gene:ENSBOLG00010002792","DPP6","dipeptidyl peptidase like 6 [Ensembl NN prediction with score 100%]","-",5820396,4946801,TRUE,808052,808052,65543,"overlapping","gene_body",FALSE,"intron"
"CM105770.1",30684000,5.060820349,4.17e-07,0.02610008,"CM105770.1",30684000,30684000,0,"CM105770.1",30520426,30933684,"gene:ENSBOLG00010003769","ABCA13","ATP binding cassette subfamily A member 13 [Ensembl NN prediction with score 100%]","-",30933684,30520426,TRUE,249684,249684,163574,"overlapping","gene_body",FALSE,"intron"
"CM105776.1",16354801,-5.061065796,4.17e-07,0.02610008,"CM105776.1",16354801,16354801,120357,"CM105776.1",16220468,16234443,"gene:ENSBOLG00010013958","Fbxw17","F-box and WD-40 domain protein 17 [Ensembl NN prediction with score 99.99%]","-",16234443,16220468,FALSE,120358,120358,134333,"upstream","intergenic",FALSE,"intergenic"
"CM105786.1",13448246,5.061014002,4.17e-07,0.02610008,"CM105786.1",13448246,13448246,0,"CM105786.1",13402897,13451151,"gene:ENSBOLG00010010274","ANGPT2","angiopoietin 2 [Ensembl NN prediction with score 100%]","-",13451151,13402897,TRUE,2905,2905,45349,"overlapping","gene_body",FALSE,"intron"
"CM105787.1",33931266,5.060118261,4.19e-07,0.02610008,"CM105787.1",33931266,33931266,272407,"CM105787.1",33646716,33658858,"gene:ENSBOLG00010003809","NR2F2","nuclear receptor subfamily 2 group F member 2 [Ensembl NN prediction with score 99.86%]","-",33658858,33646716,FALSE,272408,272408,284550,"upstream","intergenic",FALSE,"intergenic"
"CM105788.1",35845169,-5.060570097,4.18e-07,0.02610008,"CM105788.1",35845169,35845169,11935,"CM105788.1",35857105,35970390,"gene:ENSBOLG00010016767","CREB3L2","cAMP responsive element binding protein 3 like 2 [Ensembl NN prediction with score 100%]","-",35970390,35857105,FALSE,125221,125221,11936,"downstream","intergenic",FALSE,"intergenic"
"CM105770.1",43496314,-5.059641906,4.2e-07,0.026132287,"CM105770.1",43496314,43496314,175479,"CM105770.1",43145016,43320834,"gene:ENSBOLG00010013483","CLNK","cytokine dependent hematopoietic cell linker [Ensembl NN prediction with score 99.99%]","-",43320834,43145016,FALSE,175480,175480,351298,"upstream","intergenic",FALSE,"intergenic"
"CM105764.1",32235482,-5.059106883,4.21e-07,0.026172619,"CM105764.1",32235482,32235482,478555,"CM105764.1",32714038,33007498,"gene:ENSBOLG00010001294","CADM2","cell adhesion molecule 2 [Ensembl NN prediction with score 99.99%]","+",32714038,33007498,FALSE,478556,478556,772016,"upstream","intergenic",FALSE,"intergenic"
"CM105771.1",83404483,5.058540824,4.22e-07,0.026217315,"CM105771.1",83404483,83404483,14933,"CM105771.1",83419417,83430647,"gene:ENSBOLG00010021518","CCR7","C-C motif chemokine receptor 7 [Ensembl NN prediction with score 100%]","-",83430647,83419417,FALSE,26164,26164,14934,"downstream","intergenic",FALSE,"intergenic"
"CM105768.1",58003561,-5.057255493,4.25e-07,0.026361331,"CM105768.1",58003561,58003561,137859,"CM105768.1",57858634,57865701,"gene:ENSBOLG00010000740","RAD51AP2","RAD51 associated protein 2 [Ensembl NN prediction with score 100%]","+",57858634,57865701,FALSE,144927,144927,137860,"downstream","intergenic",FALSE,"intergenic"
"CM105765.1",49652449,5.056399987,4.27e-07,0.026413272,"CM105765.1",49652449,49652449,17619,"CM105765.1",49624331,49634829,"gene:ENSBOLG00010008732","FXYD5","FXYD domain containing ion transport regulator 5 [Ensembl NN prediction with score 99.99%]","+",49624331,49634829,FALSE,28118,28118,17620,"downstream","intergenic",FALSE,"intergenic"
"CM105774.1",12447156,5.056459646,4.27e-07,0.026413272,"CM105774.1",12447156,12447156,494243,"CM105774.1",12941400,12943919,"gene:ENSBOLG00010004095","SLITRK6","SLIT and NTRK like family member 6 [Ensembl NN prediction with score 99.98%]","+",12941400,12943919,FALSE,494244,494244,496763,"upstream","intergenic",FALSE,"intergenic"
"CM105775.1",44936076,5.05524199,4.3e-07,0.026540706,"CM105775.1",44936076,44936076,0,"CM105775.1",44808335,45056049,"gene:ENSBOLG00010012342","SYT16","synaptotagmin 16 [Ensembl NN prediction with score 100%]","-",45056049,44808335,TRUE,119973,119973,127741,"overlapping","gene_body",FALSE,"intron"
"CM105768.1",5195956,-5.054726399,4.31e-07,0.026545889,"CM105768.1",5195956,5195956,0,"CM105768.1",4946801,5820396,"gene:ENSBOLG00010002792","DPP6","dipeptidyl peptidase like 6 [Ensembl NN prediction with score 100%]","-",5820396,4946801,TRUE,624440,624440,249155,"overlapping","gene_body",FALSE,"intron"
"CM105769.1",57505625,5.054783746,4.31e-07,0.026545889,"CM105769.1",57505625,57505625,109929,"CM105769.1",57615555,57631262,"gene:ENSBOLG00010001834","Fmo9","flavin containing monooxygenase 9 [Ensembl NN prediction with score 99.98%]","+",57615555,57631262,FALSE,109930,109930,125637,"upstream","intergenic",FALSE,"intergenic"
"CM105774.1",46164505,-5.053934693,4.33e-07,0.026605118,"CM105774.1",46164505,46164505,231707,"CM105774.1",46396213,46402911,"gene:ENSBOLG00010007854","CBY2","chibby family member 2 [Ensembl NN prediction with score 99.96%]","-",46402911,46396213,FALSE,238406,238406,231708,"downstream","intergenic",FALSE,"intergenic"
"CM105778.1",69240182,-5.053823804,4.33e-07,0.026605118,"CM105778.1",69240182,69240182,0,"CM105778.1",69027538,69569107,"gene:ENSBOLG00010005410","ADGRV1","adhesion G protein-coupled receptor V1 [Ensembl NN prediction with score 100%]","+",69027538,69569107,TRUE,212644,212644,328925,"overlapping","gene_body",FALSE,"intron"
"CM105772.1",93048847,5.053426341,4.34e-07,0.026627327,"CM105772.1",93048847,93048847,0,"CM105772.1",92911120,93219828,"gene:ENSBOLG00010018262","GALNT18","polypeptide N-acetylgalactosaminyltransferase 18 [Ensembl NN prediction with score 100%]","+",92911120,93219828,TRUE,137727,137727,170981,"overlapping","gene_body",FALSE,"intron"
"CM105764.1",140658386,-5.052167311,4.37e-07,0.026770116,"CM105764.1",140658386,140658386,397584,"CM105764.1",141055971,141282825,"gene:ENSBOLG00010020158","MED13L","mediator complex subunit 13L [Ensembl NN prediction with score 100%]","-",141282825,141055971,FALSE,624439,624439,397585,"downstream","intergenic",FALSE,"intergenic"
"CM105767.1",75373046,-5.051558244,4.38e-07,0.026805356,"CM105767.1",75373046,75373046,399512,"CM105767.1",74955787,74973533,"gene:ENSBOLG00010004002","BUD13","BUD13 homolog [Ensembl NN prediction with score 100%]","+",74955787,74973533,FALSE,417259,417259,399513,"downstream","intergenic",FALSE,"intergenic"
"CM105773.1",86249300,5.051441065,4.38e-07,0.026805356,"CM105773.1",86249300,86249300,0,"CM105773.1",86240973,86255841,"gene:ENSBOLG00010011080","AURKA","aurora kinase A [Ensembl NN prediction with score 76.59%]","-",86255841,86240973,TRUE,6541,6541,8327,"overlapping","gene_body",FALSE,"intron"
"CM105790.1",15206427,5.050355825,4.41e-07,0.026924652,"CM105790.1",15206427,15206427,7835,"CM105790.1",15214263,15218483,"gene:ENSBOLG00010015211","FZD1","frizzled class receptor 1 [Ensembl NN prediction with score 100%]","+",15214263,15218483,FALSE,7836,7836,12056,"upstream","intergenic",FALSE,"intergenic"
"CM105776.1",42840190,5.050097156,4.42e-07,0.026927728,"CM105776.1",42840190,42840190,0,"CM105776.1",42788785,43275905,"gene:ENSBOLG00010008384","POU6F2","POU class 6 homeobox 2 [Ensembl NN prediction with score 100%]","+",42788785,43275905,TRUE,51405,51405,435715,"overlapping","gene_body",FALSE,"intron"
"CM105770.1",30680923,5.049093564,4.44e-07,0.027002638,"CM105770.1",30680923,30680923,0,"CM105770.1",30520426,30933684,"gene:ENSBOLG00010003769","ABCA13","ATP binding cassette subfamily A member 13 [Ensembl NN prediction with score 100%]","-",30933684,30520426,TRUE,252761,252761,160497,"overlapping","gene_body",FALSE,"intron"
"CM105782.1",43688566,5.049193137,4.44e-07,0.027002638,"CM105782.1",43688566,43688566,84809,"CM105782.1",43602282,43603756,"gene:ENSBOLG00010017104","PRDX6","peroxiredoxin 6 [Ensembl NN prediction with score 100%]","-",43603756,43602282,FALSE,84810,84810,86284,"upstream","intergenic",FALSE,"intergenic"
"CM105784.1",16619727,5.04837887,4.46e-07,0.027070368,"CM105784.1",16619727,16619727,0,"CM105784.1",16588666,16647122,"gene:ENSBOLG00010013373","BCHE","butyrylcholinesterase [Ensembl NN prediction with score 100%]","+",16588666,16647122,TRUE,31061,31061,27395,"overlapping","gene_body",FALSE,"intron"
"CM105768.1",83969128,5.047681964,4.47e-07,0.027126777,"CM105768.1",83969128,83969128,2476,"CM105768.1",83965459,83966651,"gene:ENSBOLG00010021674","TMSB10","thymosin beta 10 [Ensembl NN prediction with score 99.98%]","-",83966651,83965459,FALSE,2477,2477,3669,"upstream","intergenic",FALSE,"intergenic"
"CM105773.1",27378184,5.047509808,4.48e-07,0.027126777,"CM105773.1",27378184,27378184,32021,"CM105773.1",27410206,27412249,"gene:ENSBOLG00010019343","GJD2","gap junction protein delta 2 [Ensembl NN prediction with score 100%]","-",27412249,27410206,FALSE,34065,34065,32022,"downstream","intergenic",FALSE,"intergenic"
"CM105772.1",18043007,-5.047243644,4.48e-07,0.027131169,"CM105772.1",18043007,18043007,5922,"CM105772.1",18048930,18100960,"gene:ENSBOLG00010017878",NA,NA,"-",18100960,18048930,FALSE,57953,57953,5923,"downstream","intergenic",FALSE,"intergenic"
"CM105767.1",8763439,5.046542189,4.5e-07,0.027167468,"CM105767.1",8763439,8763439,235322,"CM105767.1",8353803,8528116,"gene:ENSBOLG00010003046","GADL1","glutamate decarboxylase like 1 [Ensembl NN prediction with score 99.99%]","-",8528116,8353803,FALSE,235323,235323,409636,"upstream","intergenic",FALSE,"intergenic"
"CM105769.1",28499705,-5.046518471,4.5e-07,0.027167468,"CM105769.1",28499705,28499705,716,"CM105769.1",27668563,28498988,"gene:ENSBOLG00010021022","CACNA2D3","calcium voltage-gated channel auxiliary subunit alpha2delta 3 [Ensembl NN prediction with score 100%]","+",27668563,28498988,FALSE,831142,831142,717,"downstream","downstream",FALSE,"downstream"
"CM105777.1",55983242,5.045962465,4.51e-07,0.027213212,"CM105777.1",55983242,55983242,43149,"CM105777.1",55835878,55940092,"gene:ENSBOLG00010014502","RIT2","Ras like without CAAX 2 [Ensembl NN prediction with score 80.68%]","+",55835878,55940092,FALSE,147364,147364,43150,"downstream","intergenic",FALSE,"intergenic"
"CM105768.1",5003421,-5.045278407,4.53e-07,0.027277328,"CM105768.1",5003421,5003421,0,"CM105768.1",4946801,5820396,"gene:ENSBOLG00010002792","DPP6","dipeptidyl peptidase like 6 [Ensembl NN prediction with score 100%]","-",5820396,4946801,TRUE,816975,816975,56620,"overlapping","gene_body",FALSE,"intron"
"CM105771.1",27306842,-5.04357173,4.57e-07,0.027454879,"CM105771.1",27306842,27306842,116254,"CM105771.1",26803053,27190587,"gene:ENSBOLG00010012929","EBF1","EBF transcription factor 1 [Ensembl NN prediction with score 100%]","+",26803053,27190587,FALSE,503789,503789,116255,"downstream","intergenic",FALSE,"intergenic"
"CM105772.1",75314411,-5.043570215,4.57e-07,0.027454879,"CM105772.1",75314411,75314411,103332,"CM105772.1",75090133,75211078,"gene:ENSBOLG00010011711","PLPP4","phospholipid phosphatase 4 [Ensembl NN prediction with score 100%]","-",75211078,75090133,FALSE,103333,103333,224278,"upstream","intergenic",FALSE,"intergenic"
"CM105767.1",64244154,-5.043201433,4.58e-07,0.027474321,"CM105767.1",64244154,64244154,38289,"CM105767.1",64075951,64205864,"gene:ENSBOLG00010003414","ATP2C1","ATPase secretory pathway Ca2+ transporting 1 [Ensembl NN prediction with score 100%]","-",64205864,64075951,FALSE,38290,38290,168203,"upstream","intergenic",FALSE,"intergenic"
"CM105765.1",98664796,5.042452006,4.6e-07,0.027493646,"CM105765.1",98664796,98664796,101299,"CM105765.1",98766096,98790789,"gene:ENSBOLG00010011552","HSF2","heat shock transcription factor 2 [Ensembl NN prediction with score 100%]","+",98766096,98790789,FALSE,101300,101300,125993,"upstream","intergenic",FALSE,"intergenic"
"CM105765.1",98792767,-5.042136102,4.6e-07,0.027493646,"CM105765.1",98792767,98792767,1658,"CM105765.1",98794426,98812268,"gene:ENSBOLG00010011595","SERINC1","serine incorporator 1 [Ensembl NN prediction with score 100%]","-",98812268,98794426,FALSE,19501,19501,1659,"downstream","downstream",FALSE,"downstream"
"CM105769.1",24462184,5.042259471,4.6e-07,0.027493646,"CM105769.1",24462184,24462184,0,"CM105769.1",24291110,24568310,"gene:ENSBOLG00010021066","NOS1AP","nitric oxide synthase 1 adaptor protein [Ensembl NN prediction with score 99.87%]","+",24291110,24568310,TRUE,171074,171074,106126,"overlapping","gene_body",FALSE,"intron"
"CM105784.1",20391056,-5.042479192,4.6e-07,0.027493646,"CM105784.1",20391056,20391056,0,"CM105784.1",20371615,20443166,"gene:ENSBOLG00010014184","IFT80","intraflagellar transport 80 [Ensembl NN prediction with score 100%]","+",20371615,20443166,TRUE,19441,19441,52110,"overlapping","gene_body",FALSE,"intron"
"CM105779.1",12611457,5.041512259,4.62e-07,0.027516656,"CM105779.1",12611457,12611457,67079,"CM105779.1",12467204,12544377,"gene:ENSBOLG00010010330","RSPH14","radial spoke head 14 homolog [Ensembl NN prediction with score 100%]","+",12467204,12544377,FALSE,144253,144253,67080,"downstream","intergenic",FALSE,"intergenic"
"CM105779.1",41154127,-5.041516424,4.62e-07,0.027516656,"CM105779.1",41154127,41154127,260720,"CM105779.1",41414848,41442227,"gene:ENSBOLG00010012359","PLEKHB2","pleckstrin homology domain containing B2 [Ensembl NN prediction with score 99.95%]","-",41442227,41414848,FALSE,288100,288100,260721,"downstream","intergenic",FALSE,"intergenic"
"CM105778.1",71154570,-5.039932001,4.66e-07,0.027711288,"CM105778.1",71154570,71154570,1047042,"CM105778.1",72201613,72214408,"gene:ENSBOLG00010005552","NR2F1","nuclear receptor subfamily 2 group F member 1 [Ensembl NN prediction with score 100%]","+",72201613,72214408,FALSE,1047043,1047043,1059838,"upstream","intergenic",FALSE,"intergenic"
"CM105779.1",17646941,-5.039420735,4.67e-07,0.027751855,"CM105779.1",17646941,17646941,100193,"CM105779.1",17504569,17546747,"gene:ENSBOLG00010009863","RHOBTB1","Rho related BTB domain containing 1 [Ensembl NN prediction with score 100%]","-",17546747,17504569,FALSE,100194,100194,142372,"upstream","intergenic",FALSE,"intergenic"
"CM105784.1",62486629,5.038977619,4.68e-07,0.027782622,"CM105784.1",62486629,62486629,538420,"CM105784.1",63025050,63156506,"gene:ENSBOLG00010003805","TBL1XR1","TBL1X receptor 1 [Ensembl NN prediction with score 100%]","-",63156506,63025050,FALSE,669877,669877,538421,"downstream","intergenic",FALSE,"intergenic"
"CM105764.1",94503727,5.03792905,4.71e-07,0.027867984,"CM105764.1",94503727,94503727,0,"CM105764.1",94489769,94566495,"gene:ENSBOLG00010004429",NA,NA,"+",94489769,94566495,TRUE,13958,13958,62768,"overlapping","gene_body",FALSE,"intron"
"CM105778.1",60840591,5.038007187,4.7e-07,0.027867984,"CM105778.1",60840591,60840591,98672,"CM105778.1",60719326,60741918,"gene:ENSBOLG00010009139","Atp6ap1l","ATPase H+ transporting accessory protein 1 like [Ensembl NN prediction with score 100%]","+",60719326,60741918,FALSE,121265,121265,98673,"downstream","intergenic",FALSE,"intergenic"
"CM105789.1",21028412,5.036720339,4.74e-07,0.028010753,"CM105789.1",21028412,21028412,57341,"CM105789.1",21085754,21492273,"gene:ENSBOLG00010009449","PPFIA2","PTPRF interacting protein alpha 2 [Ensembl NN prediction with score 100%]","+",21085754,21492273,FALSE,57342,57342,463861,"upstream","intergenic",FALSE,"intergenic"
"CM105774.1",33350110,-5.036231731,4.75e-07,0.028048599,"CM105774.1",33350110,33350110,88927,"CM105774.1",33439038,33441201,"gene:ENSBOLG00010011828","eef1g","eukaryotic translation elongation factor 1 gamma [Ensembl NN prediction with score 100%]","+",33439038,33441201,FALSE,88928,88928,91091,"upstream","intergenic",FALSE,"intergenic"
"CM105786.1",16431497,5.035982373,4.75e-07,0.028051467,"CM105786.1",16431497,16431497,52977,"CM105786.1",16484475,16486338,"gene:ENSBOLG00010010649","TCIM","transcriptional and immune response regulator [Ensembl NN prediction with score 91.61%]","-",16486338,16484475,FALSE,54841,54841,52978,"downstream","intergenic",FALSE,"intergenic"
"CM105775.1",22508665,-5.035271724,4.77e-07,0.02812202,"CM105775.1",22508665,22508665,455576,"CM105775.1",22005459,22053088,"gene:ENSBOLG00010013163","GALC","galactosylceramidase [Ensembl NN prediction with score 100%]","+",22005459,22053088,FALSE,503206,503206,455577,"downstream","intergenic",FALSE,"intergenic"
"CM105771.1",82927734,5.034525494,4.79e-07,0.028142707,"CM105771.1",82927734,82927734,4630,"CM105771.1",82932365,82943915,"gene:ENSBOLG00010019520","GSDMA","gasdermin A [Ensembl NN prediction with score 100%]","+",82932365,82943915,FALSE,4631,4631,16181,"upstream","intergenic",FALSE,"intergenic"
"CM105773.1",32198022,5.034443841,4.79e-07,0.028142707,"CM105773.1",32198022,32198022,0,"CM105773.1",32196241,32199313,"gene:ENSBOLG00010022250",NA,NA,"+",32196241,32199313,TRUE,1781,1781,1291,"overlapping","gene_body",FALSE,"intron"
"CM105788.1",35840056,-5.034552698,4.79e-07,0.028142707,"CM105788.1",35840056,35840056,17048,"CM105788.1",35857105,35970390,"gene:ENSBOLG00010016767","CREB3L2","cAMP responsive element binding protein 3 like 2 [Ensembl NN prediction with score 100%]","-",35970390,35857105,FALSE,130334,130334,17049,"downstream","intergenic",FALSE,"intergenic"
"CM105784.1",16216834,-5.033947232,4.8e-07,0.02818212,"CM105784.1",16216834,16216834,371831,"CM105784.1",16588666,16647122,"gene:ENSBOLG00010013373","BCHE","butyrylcholinesterase [Ensembl NN prediction with score 100%]","+",16588666,16647122,FALSE,371832,371832,430288,"upstream","intergenic",FALSE,"intergenic"
"CM105776.1",18402079,-5.033652934,4.81e-07,0.02819184,"CM105776.1",18402079,18402079,117733,"CM105776.1",18519813,18617697,"gene:ENSBOLG00010013656","DTNBP1","dystrobrevin binding protein 1 [Ensembl NN prediction with score 99.97%]","+",18519813,18617697,FALSE,117734,117734,215618,"upstream","intergenic",FALSE,"intergenic"
"CM105765.1",45025305,5.033046236,4.83e-07,0.028226938,"CM105765.1",45025305,45025305,13843,"CM105765.1",45010964,45011461,"gene:ENSBOLG00010008820","rps12","ribosomal protein S12 [Ensembl NN prediction with score 100%]","-",45011461,45010964,FALSE,13844,13844,14341,"upstream","intergenic",FALSE,"intergenic"
"CM105768.1",5147744,-5.031447535,4.87e-07,0.028226938,"CM105768.1",5147744,5147744,0,"CM105768.1",4946801,5820396,"gene:ENSBOLG00010002792","DPP6","dipeptidyl peptidase like 6 [Ensembl NN prediction with score 100%]","-",5820396,4946801,TRUE,672652,672652,200943,"overlapping","gene_body",FALSE,"intron"
"CM105769.1",7227733,5.032158028,4.85e-07,0.028226938,"CM105769.1",7227733,7227733,0,"CM105769.1",7077551,7289359,"gene:ENSBOLG00010006258","ESRRG","estrogen related receptor gamma [Ensembl NN prediction with score 100%]","-",7289359,7077551,TRUE,61626,61626,150182,"overlapping","gene_body",FALSE,"intron"
"CM105770.1",23378704,5.03200825,4.85e-07,0.028226938,"CM105770.1",23378704,23378704,198256,"CM105770.1",23162418,23180447,"gene:ENSBOLG00010003701","ETAA1","ETAA1 activator of ATR kinase [Ensembl NN prediction with score 99.43%]","+",23162418,23180447,FALSE,216286,216286,198257,"downstream","intergenic",FALSE,"intergenic"
"CM105771.1",6472545,-5.031682871,4.86e-07,0.028226938,"CM105771.1",6472545,6472545,285519,"CM105771.1",6758065,6759480,"gene:ENSBOLG00010016250",NA,NA,"+",6758065,6759480,FALSE,285520,285520,286935,"upstream","intergenic",FALSE,"intergenic"
"CM105775.1",44764030,-5.032509382,4.84e-07,0.028226938,"CM105775.1",44764030,44764030,44304,"CM105775.1",44808335,45056049,"gene:ENSBOLG00010012342","SYT16","synaptotagmin 16 [Ensembl NN prediction with score 100%]","-",45056049,44808335,FALSE,292019,292019,44305,"downstream","intergenic",FALSE,"intergenic"
"CM105780.1",26535865,-5.031952027,4.86e-07,0.028226938,"CM105780.1",26535865,26535865,37858,"CM105780.1",26573724,26580738,"gene:ENSBOLG00010012646","CAVIN4","caveolae associated protein 4 [Ensembl NN prediction with score 98.43%]","-",26580738,26573724,FALSE,44873,44873,37859,"downstream","intergenic",FALSE,"intergenic"
"CM105783.1",34633792,-5.03291568,4.83e-07,0.028226938,"CM105783.1",34633792,34633792,224397,"CM105783.1",34858190,34893975,"gene:ENSBOLG00010012356","KCNK9","potassium two pore domain channel subfamily K member 9 [Ensembl NN prediction with score 100%]","-",34893975,34858190,FALSE,260183,260183,224398,"downstream","intergenic",FALSE,"intergenic"
"CM105789.1",36650971,-5.031372062,4.87e-07,0.028226938,"CM105789.1",36650971,36650971,90765,"CM105789.1",36741737,36804603,"gene:ENSBOLG00010006693","SLC16A7","solute carrier family 16 member 7 [Ensembl NN prediction with score 100%]","+",36741737,36804603,FALSE,90766,90766,153632,"upstream","intergenic",FALSE,"intergenic"
"CM105765.1",18805833,5.03078985,4.88e-07,0.028256665,"CM105765.1",18805833,18805833,0,"CM105765.1",18690121,18813412,"gene:ENSBOLG00010001090","RHBDD1","rhomboid domain containing 1 [Ensembl NN prediction with score 100%]","+",18690121,18813412,TRUE,115712,115712,7579,"overlapping","gene_body",FALSE,"intron"
"CM105783.1",65610894,5.030719227,4.89e-07,0.028256665,"CM105783.1",65610894,65610894,0,"CM105783.1",65601345,65616411,"gene:ENSBOLG00010015330","ITGB7","integrin subunit beta 7 [Ensembl NN prediction with score 99.99%]","-",65616411,65601345,TRUE,5517,5517,9549,"overlapping","gene_body",FALSE,"intron"
"CM105770.1",70401198,5.030005616,4.9e-07,0.028295536,"CM105770.1",70401198,70401198,58247,"CM105770.1",70459446,70463838,"gene:ENSBOLG00010004794","SHISA3","shisa family member 3 [Ensembl NN prediction with score 100%]","+",70459446,70463838,FALSE,58248,58248,62640,"upstream","intergenic",FALSE,"intergenic"
"CM105779.1",64133725,-5.030116494,4.9e-07,0.028295536,"CM105779.1",64133725,64133725,103167,"CM105779.1",64236893,64278033,"gene:ENSBOLG00010014460","TRERF1","transcriptional regulating factor 1 [Ensembl NN prediction with score 100%]","+",64236893,64278033,FALSE,103168,103168,144308,"upstream","intergenic",FALSE,"intergenic"
"CM105764.1",73695105,-5.02785287,4.96e-07,0.028415085,"CM105764.1",73695105,73695105,39759,"CM105764.1",73633038,73655345,"gene:ENSBOLG00010001394","OSTN","osteocrin [Ensembl NN prediction with score 100%]","-",73655345,73633038,FALSE,39760,39760,62067,"upstream","intergenic",FALSE,"intergenic"
"CM105767.1",68707505,-5.027932346,4.96e-07,0.028415085,"CM105767.1",68707505,68707505,3542,"CM105767.1",68703024,68703962,"gene:ENSBOLG00010003954","Olfr986","olfactory receptor 986 [Ensembl NN prediction with score 99.66%]","+",68703024,68703962,FALSE,4481,4481,3543,"downstream","intergenic",FALSE,"intergenic"
"CM105769.1",53605693,-5.028224595,4.95e-07,0.028415085,"CM105769.1",53605693,53605693,0,"CM105769.1",53562976,53796494,"gene:ENSBOLG00010001807","CFAP20DC","CFAP20 domain containing [Ensembl NN prediction with score 99.97%]","+",53562976,53796494,TRUE,42717,42717,190801,"overlapping","gene_body",FALSE,"intron"
"CM105772.1",75432266,5.028441732,4.94e-07,0.028415085,"CM105772.1",75432266,75432266,221187,"CM105772.1",75090133,75211078,"gene:ENSBOLG00010011711","PLPP4","phospholipid phosphatase 4 [Ensembl NN prediction with score 100%]","-",75211078,75090133,FALSE,221188,221188,342133,"upstream","intergenic",FALSE,"intergenic"
"CM105783.1",17633101,5.028067274,4.95e-07,0.028415085,"CM105783.1",17633101,17633101,0,"CM105783.1",17293268,17684510,"gene:ENSBOLG00010013580","SAMD12","sterile alpha motif domain containing 12 [Ensembl NN prediction with score 99.99%]","-",17684510,17293268,TRUE,51409,51409,339833,"overlapping","gene_body",FALSE,"intron"
"CM105789.1",46189899,5.028239537,4.95e-07,0.028415085,"CM105789.1",46189899,46189899,1245289,"CM105789.1",44943770,44944609,"gene:ENSBOLG00010012079",NA,NA,"-",44944609,44943770,FALSE,1245290,1245290,1246129,"upstream","intergenic",FALSE,"intergenic"
"CM105774.1",13758101,-5.027261897,4.98e-07,0.028469619,"CM105774.1",13758101,13758101,189116,"CM105774.1",13568097,13568984,"gene:ENSBOLG00010004109","rpsa","ribosomal protein SA [Ensembl NN prediction with score 100%]","-",13568984,13568097,FALSE,189117,189117,190004,"upstream","intergenic",FALSE,"intergenic"
"CM105786.1",21870886,-5.026875072,4.99e-07,0.028493951,"CM105786.1",21870886,21870886,487495,"CM105786.1",22358382,22362446,"gene:ENSBOLG00010007238","DUSP26","dual specificity phosphatase 26 [Ensembl NN prediction with score 100%]","+",22358382,22362446,FALSE,487496,487496,491560,"upstream","intergenic",FALSE,"intergenic"
"CM105772.1",75304620,-5.024950168,5.04e-07,0.0286813,"CM105772.1",75304620,75304620,93541,"CM105772.1",75090133,75211078,"gene:ENSBOLG00010011711","PLPP4","phospholipid phosphatase 4 [Ensembl NN prediction with score 100%]","-",75211078,75090133,FALSE,93542,93542,214487,"upstream","intergenic",FALSE,"intergenic"
"CM105776.1",49461755,-5.025084809,5.03e-07,0.0286813,"CM105776.1",49461755,49461755,484046,"CM105776.1",48975842,48977708,"gene:ENSBOLG00010008665","YWHAQ","tyrosine 3-monooxygenase/tryptophan 5-monooxygenase activation protein theta [Ensembl NN prediction with score 100%]","-",48977708,48975842,FALSE,484047,484047,485913,"upstream","intergenic",FALSE,"intergenic"
"CM105783.1",19565773,5.025197162,5.03e-07,0.0286813,"CM105783.1",19565773,19565773,107989,"CM105783.1",19212653,19457783,"gene:ENSBOLG00010013619","SNTB1","syntrophin beta 1 [Ensembl NN prediction with score 100%]","-",19457783,19212653,FALSE,107990,107990,353120,"upstream","intergenic",FALSE,"intergenic"
"CM105764.1",115886043,5.024487459,5.05e-07,0.028717293,"CM105764.1",115886043,115886043,260147,"CM105764.1",116146191,117237516,"gene:ENSBOLG00010003108","AUTS2","activator of transcription and developmental regulator AUTS2 [Ensembl NN prediction with score 99.99%]","+",116146191,117237516,FALSE,260148,260148,1351473,"upstream","intergenic",FALSE,"intergenic"
"CM105788.1",18691822,-5.023975764,5.06e-07,0.028760704,"CM105788.1",18691822,18691822,919122,"CM105788.1",19610945,20096071,"gene:ENSBOLG00010009389","kcnd2","potassium voltage-gated channel subfamily D member 2 [Ensembl NN prediction with score 100%]","+",19610945,20096071,FALSE,919123,919123,1404249,"upstream","intergenic",FALSE,"intergenic"
"CM105782.1",60581573,5.023070178,5.09e-07,0.028863371,"CM105782.1",60581573,60581573,0,"CM105782.1",60403787,60918050,"gene:ENSBOLG00010018838","PARD3","par-3 family cell polarity regulator [Ensembl NN prediction with score 100%]","+",60403787,60918050,TRUE,177786,177786,336477,"overlapping","gene_body",FALSE,"intron"
"CM105776.1",23288397,5.022322188,5.11e-07,0.028909351,"CM105776.1",23288397,23288397,0,"CM105776.1",23248372,23546568,"gene:ENSBOLG00010015508","Ofcc1","orofacial cleft 1 candidate 1 [Ensembl NN prediction with score 99.92%]","+",23248372,23546568,TRUE,40025,40025,258171,"overlapping","gene_body",FALSE,"intron"
"CM105786.1",34077145,-5.02244891,5.1e-07,0.028909351,"CM105786.1",34077145,34077145,569496,"CM105786.1",33504810,33507648,"gene:ENSBOLG00010006025","ADAM28","ADAM metallopeptidase domain 28 [Ensembl NN prediction with score 90.84%]","-",33507648,33504810,FALSE,569497,569497,572335,"upstream","intergenic",FALSE,"intergenic"
"CM105784.1",16619728,5.022062163,5.11e-07,0.028915252,"CM105784.1",16619728,16619728,0,"CM105784.1",16588666,16647122,"gene:ENSBOLG00010013373","BCHE","butyrylcholinesterase [Ensembl NN prediction with score 100%]","+",16588666,16647122,TRUE,31062,31062,27394,"overlapping","gene_body",FALSE,"intron"
"CM105771.1",18929713,5.021726242,5.12e-07,0.028932624,"CM105771.1",18929713,18929713,0,"CM105771.1",18710151,19659286,"gene:ENSBOLG00010017956","TENM2","teneurin transmembrane protein 2 [Ensembl NN prediction with score 100%]","-",19659286,18710151,TRUE,729573,729573,219562,"overlapping","gene_body",FALSE,"intron"
"CM105765.1",14337095,5.02135335,5.13e-07,0.028955615,"CM105765.1",14337095,14337095,86647,"CM105765.1",14250013,14250447,"gene:ENSBOLG00010001218","rps15","ribosomal protein S15 [Ensembl NN prediction with score 98.71%]","+",14250013,14250447,FALSE,87082,87082,86648,"downstream","intergenic",FALSE,"intergenic"
"CM105784.1",36156708,-5.020376951,5.16e-07,0.029069858,"CM105784.1",36156708,36156708,17241,"CM105784.1",36173950,36243402,"gene:ENSBOLG00010006204","SLC7A11","solute carrier family 7 member 11 [Ensembl NN prediction with score 99.91%]","+",36173950,36243402,FALSE,17242,17242,86694,"upstream","intergenic",FALSE,"intergenic"
"CM105770.1",28660597,-5.019928541,5.17e-07,0.02910446,"CM105770.1",28660597,28660597,0,"CM105770.1",28597282,28686195,"gene:ENSBOLG00010003705","IKZF1","IKAROS family zinc finger 1 [Ensembl NN prediction with score 100%]","-",28686195,28597282,TRUE,25598,25598,63315,"overlapping","gene_body",FALSE,"intron"
"CM105764.1",19931506,5.018056718,5.22e-07,0.029288865,"CM105764.1",19931506,19931506,746763,"CM105764.1",19184560,19184742,"gene:ENSBOLG00010005848",NA,NA,"-",19184742,19184560,FALSE,746764,746764,746946,"upstream","intergenic",FALSE,"intergenic"
"CM105770.1",12331226,-5.018148104,5.22e-07,0.029288865,"CM105770.1",12331226,12331226,64591,"CM105770.1",12236385,12266634,"gene:ENSBOLG00010000505","PNPT1","polyribonucleotide nucleotidyltransferase 1 [Ensembl NN prediction with score 99.88%]","-",12266634,12236385,FALSE,64592,64592,94841,"upstream","intergenic",FALSE,"intergenic"
"CM105781.1",63794192,5.018104873,5.22e-07,0.029288865,"CM105781.1",63794192,63794192,1915,"CM105781.1",63619937,63792276,"gene:ENSBOLG00010005788","AK5","adenylate kinase 5 [Ensembl NN prediction with score 100%]","-",63792276,63619937,FALSE,1916,1916,174255,"upstream","promoter",FALSE,"promoter"
"CM105767.1",20488787,5.017716407,5.23e-07,0.029307361,"CM105767.1",20488787,20488787,5812,"CM105767.1",20494600,20494755,"gene:ENSBOLG00010018729","Rpl39l","ribosomal protein L39 like [Ensembl NN prediction with score 73.12%]","-",20494755,20494600,FALSE,5968,5968,5813,"downstream","intergenic",FALSE,"intergenic"
"CM105774.1",47976283,5.017466489,5.24e-07,0.029312114,"CM105774.1",47976283,47976283,375443,"CM105774.1",47482127,47600839,"gene:ENSBOLG00010007735","FNDC3A","fibronectin type III domain containing 3A [Ensembl NN prediction with score 100%]","+",47482127,47600839,FALSE,494156,494156,375444,"downstream","intergenic",FALSE,"intergenic"
"CM105782.1",47226329,-5.016939596,5.25e-07,0.029359183,"CM105782.1",47226329,47226329,1753,"CM105782.1",47228083,48130182,"gene:ENSBOLG00010015910","WWOX","WW domain containing oxidoreductase [Ensembl NN prediction with score 100%]","+",47228083,48130182,FALSE,1754,1754,903853,"upstream","promoter",FALSE,"promoter"
"CM105765.1",92780569,-5.014471042,5.32e-07,0.02957059,"CM105765.1",92780569,92780569,13869,"CM105765.1",92794439,92805928,"gene:ENSBOLG00010011664","Sult3a1","sulfotransferase family 3A, member 1 [Ensembl NN prediction with score 99.02%]","+",92794439,92805928,FALSE,13870,13870,25359,"upstream","intergenic",FALSE,"intergenic"
"CM105769.1",49094110,-5.015093671,5.3e-07,0.02957059,"CM105769.1",49094110,49094110,0,"CM105769.1",49083578,49094879,"gene:ENSBOLG00010000345","SNTN","sentan, cilia apical structure protein [Ensembl NN prediction with score 100%]","-",49094879,49083578,TRUE,769,769,10532,"overlapping","gene_body",FALSE,"intron"
"CM105772.1",36882276,-5.015274484,5.3e-07,0.02957059,"CM105772.1",36882276,36882276,0,"CM105772.1",36809387,37011466,"gene:ENSBOLG00010006011","DOCK8","dedicator of cytokinesis 8 [Ensembl NN prediction with score 100%]","-",37011466,36809387,TRUE,129190,129190,72889,"overlapping","gene_body",FALSE,"intron"
"CM105772.1",50810814,-5.014811534,5.31e-07,0.02957059,"CM105772.1",50810814,50810814,25776,"CM105772.1",50784099,50785037,"gene:ENSBOLG00010015491","Olfr262","olfactory receptor 262 [Ensembl NN prediction with score 99.98%]","+",50784099,50785037,FALSE,26715,26715,25777,"downstream","intergenic",FALSE,"intergenic"
"CM105786.1",24762178,5.014610823,5.31e-07,0.02957059,"CM105786.1",24762178,24762178,0,"CM105786.1",24730001,24874393,"gene:ENSBOLG00010007215","RBPMS","RNA binding protein, mRNA processing factor [Ensembl NN prediction with score 99.99%]","-",24874393,24730001,TRUE,112215,112215,32177,"overlapping","gene_body",FALSE,"intron"
"CM105769.1",24493271,5.013519965,5.34e-07,0.029683018,"CM105769.1",24493271,24493271,0,"CM105769.1",24291110,24568310,"gene:ENSBOLG00010021066","NOS1AP","nitric oxide synthase 1 adaptor protein [Ensembl NN prediction with score 99.87%]","+",24291110,24568310,TRUE,202161,202161,75039,"overlapping","gene_body",FALSE,"intron"
"CM105774.1",77973198,-5.012873963,5.36e-07,0.029683018,"CM105774.1",77973198,77973198,0,"CM105774.1",77684287,78691828,"gene:ENSBOLG00010013042","LRMDA","leucine rich melanocyte differentiation associated [Ensembl NN prediction with score 99.95%]","-",78691828,77684287,TRUE,718630,718630,288911,"overlapping","gene_body",FALSE,"intron"
"CM105780.1",13159149,-5.013106793,5.36e-07,0.029683018,"CM105780.1",13159149,13159149,93185,"CM105780.1",12708701,13065963,"gene:ENSBOLG00010014895","XKR4","XK related 4 [Ensembl NN prediction with score 100%]","-",13065963,12708701,FALSE,93186,93186,450448,"upstream","intergenic",FALSE,"intergenic"
"CM105783.1",57136571,-5.013065449,5.36e-07,0.029683018,"CM105783.1",57136571,57136571,0,"CM105783.1",57126755,57152148,"gene:ENSBOLG00010009151","IRAK4","interleukin 1 receptor associated kinase 4 [Ensembl NN prediction with score 100%]","+",57126755,57152148,TRUE,9816,9816,15577,"overlapping","gene_body",FALSE,"intron"
"CM105775.1",35942947,5.011712176,5.39e-07,0.029798193,"CM105775.1",35942947,35942947,0,"CM105775.1",35712162,35975635,"gene:ENSBOLG00010016308","DPF3","double PHD fingers 3 [Ensembl NN prediction with score 100%]","+",35712162,35975635,TRUE,230785,230785,32688,"overlapping","gene_body",FALSE,"intron"
"CM105784.1",13602205,5.0116967,5.4e-07,0.029798193,"CM105784.1",13602205,13602205,773406,"CM105784.1",14375612,14794860,"gene:ENSBOLG00010013395","FSTL5","follistatin like 5 [Ensembl NN prediction with score 100%]","-",14794860,14375612,FALSE,1192655,1192655,773407,"downstream","intergenic",FALSE,"intergenic"
"CM105775.1",71253571,5.011026621,5.41e-07,0.029801811,"CM105775.1",71253571,71253571,80746,"CM105775.1",71334318,71380564,"gene:ENSBOLG00010008068","PNPLA8","patatin like phospholipase domain containing 8 [Ensembl NN prediction with score 100%]","-",71380564,71334318,FALSE,126993,126993,80747,"downstream","intergenic",FALSE,"intergenic"
"CM105778.1",69333566,-5.011428338,5.4e-07,0.029801811,"CM105778.1",69333566,69333566,0,"CM105778.1",69027538,69569107,"gene:ENSBOLG00010005410","ADGRV1","adhesion G protein-coupled receptor V1 [Ensembl NN prediction with score 100%]","+",69027538,69569107,TRUE,306028,306028,235541,"overlapping","gene_body",FALSE,"intron"
"CM105779.1",12946570,-5.011152624,5.41e-07,0.029801811,"CM105779.1",12946570,12946570,0,"CM105779.1",12755134,13436575,"gene:ENSBOLG00010009311","PCDH15","protocadherin related 15 [Ensembl NN prediction with score 100%]","-",13436575,12755134,TRUE,490005,490005,191436,"overlapping","gene_body",FALSE,"intron"
"CM105773.1",60191595,5.010177553,5.44e-07,0.029900153,"CM105773.1",60191595,60191595,0,"CM105773.1",59972419,60236580,"gene:ENSBOLG00010008089","RALGAPA2","Ral GTPase activating protein catalytic subunit alpha 2 [Ensembl NN prediction with score 100%]","-",60236580,59972419,TRUE,44985,44985,219176,"overlapping","gene_body",FALSE,"intron"
"CM105764.1",56120212,5.009831953,5.45e-07,0.029920466,"CM105764.1",56120212,56120212,30859,"CM105764.1",56151072,56209402,"gene:ENSBOLG00010000148","IFT57","intraflagellar transport 57 [Ensembl NN prediction with score 100%]","+",56151072,56209402,FALSE,30860,30860,89190,"upstream","intergenic",FALSE,"intergenic"
"CM105765.1",88614661,-5.009453767,5.46e-07,0.029945895,"CM105765.1",88614661,88614661,18618,"CM105765.1",88454924,88596042,"gene:ENSBOLG00010015371","LAMA4","laminin subunit alpha 4 [Ensembl NN prediction with score 100%]","-",88596042,88454924,FALSE,18619,18619,159737,"upstream","intergenic",FALSE,"intergenic"
"CM105769.1",30595260,5.008885604,5.47e-07,0.030000975,"CM105769.1",30595260,30595260,0,"CM105769.1",30555950,30720975,"gene:ENSBOLG00010002099","DNAH12","dynein axonemal heavy chain 12 [Ensembl NN prediction with score 100%]","-",30720975,30555950,TRUE,125715,125715,39310,"overlapping","gene_body",FALSE,"intron"
"CM105775.1",15076168,-5.008523069,5.48e-07,0.030024096,"CM105775.1",15076168,15076168,0,"CM105775.1",15073627,15099597,"gene:ENSBOLG00010011581","D430019H16Rik","RIKEN cDNA D430019H16 gene [Ensembl NN prediction with score 99.45%]","-",15099597,15073627,TRUE,23429,23429,2541,"overlapping","gene_body",FALSE,"intron"
"CM105768.1",5187773,-5.008022761,5.5e-07,0.030068778,"CM105768.1",5187773,5187773,0,"CM105768.1",4946801,5820396,"gene:ENSBOLG00010002792","DPP6","dipeptidyl peptidase like 6 [Ensembl NN prediction with score 100%]","-",5820396,4946801,TRUE,632623,632623,240972,"overlapping","gene_body",FALSE,"intron"
"CM105781.1",37497855,5.00759973,5.51e-07,0.030101473,"CM105781.1",37497855,37497855,9012,"CM105781.1",37506868,37769656,"gene:ENSBOLG00010007208","NDST4","N-deacetylase and N-sulfotransferase 4 [Ensembl NN prediction with score 100%]","+",37506868,37769656,FALSE,9013,9013,271801,"upstream","intergenic",FALSE,"intergenic"
"CM105774.1",48974944,-5.007151434,5.52e-07,0.03013819,"CM105774.1",48974944,48974944,186539,"CM105774.1",49161484,49257936,"gene:ENSBOLG00010007996","GFRA2","GDNF family receptor alpha 2 [Ensembl NN prediction with score 100%]","-",49257936,49161484,FALSE,282992,282992,186540,"downstream","intergenic",FALSE,"intergenic"
"CM105775.1",7095333,5.006566449,5.54e-07,0.030196409,"CM105775.1",7095333,7095333,0,"CM105775.1",7094757,7096168,"gene:ENSBOLG00010022072","TMEM121","transmembrane protein 121 [Ensembl NN prediction with score 100%]","-",7096168,7094757,TRUE,835,835,576,"overlapping","gene_body",TRUE,"exon"
"CM105767.1",8778464,5.004872106,5.59e-07,0.030429524,"CM105767.1",8778464,8778464,250347,"CM105767.1",8353803,8528116,"gene:ENSBOLG00010003046","GADL1","glutamate decarboxylase like 1 [Ensembl NN prediction with score 99.99%]","-",8528116,8353803,FALSE,250348,250348,424661,"upstream","intergenic",FALSE,"intergenic"
"CM105779.1",14969545,5.003407528,5.63e-07,0.030627847,"CM105779.1",14969545,14969545,495284,"CM105779.1",14471692,14474260,"gene:ENSBOLG00010010245","ZWINT","ZW10 interacting kinetochore protein [Ensembl NN prediction with score 99.94%]","-",14474260,14471692,FALSE,495285,495285,497853,"upstream","intergenic",FALSE,"intergenic"
"CM105765.1",127631255,5.003133211,5.64e-07,0.030637627,"CM105765.1",127631255,127631255,234604,"CM105765.1",127865860,127923534,"gene:ENSBOLG00010003361","OPRM1","opioid receptor mu 1 [Ensembl NN prediction with score 100%]","+",127865860,127923534,FALSE,234605,234605,292279,"upstream","intergenic",FALSE,"intergenic"
"CM105790.1",8551226,5.002659616,5.65e-07,0.030679153,"CM105790.1",8551226,8551226,514635,"CM105790.1",7939963,8036590,"gene:ENSBOLG00010004628","GRM3","glutamate metabotropic receptor 3 [Ensembl NN prediction with score 100%]","-",8036590,7939963,FALSE,514636,514636,611263,"upstream","intergenic",FALSE,"intergenic"
"CM105789.1",6247741,-5.001380098,5.69e-07,0.030849488,"CM105789.1",6247741,6247741,5058,"CM105789.1",6185866,6242682,"gene:ENSBOLG00010007360","NR1H4","nuclear receptor subfamily 1 group H member 4 [Ensembl NN prediction with score 100%]","-",6242682,6185866,FALSE,5059,5059,61875,"upstream","intergenic",FALSE,"intergenic"
"CM105768.1",9899897,5.000763729,5.71e-07,0.03088381,"CM105768.1",9899897,9899897,117106,"CM105768.1",10017004,10023109,"gene:ENSBOLG00010002447","NPY","neuropeptide Y [Ensembl NN prediction with score 100%]","+",10017004,10023109,FALSE,117107,117107,123212,"upstream","intergenic",FALSE,"intergenic"
"CM105772.1",60148117,-5.000741611,5.71e-07,0.03088381,"CM105772.1",60148117,60148117,0,"CM105772.1",59942586,60337574,"gene:ENSBOLG00010023416","SHANK2","SH3 and multiple ankyrin repeat domains 2 [Ensembl NN prediction with score 100%]","-",60337574,59942586,TRUE,189457,189457,205531,"overlapping","gene_body",FALSE,"intron"
"CM105779.1",32230392,-5.000048375,5.73e-07,0.030961037,"CM105779.1",32230392,32230392,118722,"CM105779.1",32349115,32424195,"gene:ENSBOLG00010009601","UXS1","UDP-glucuronate decarboxylase 1 [Ensembl NN prediction with score 100%]","+",32349115,32424195,FALSE,118723,118723,193803,"upstream","intergenic",FALSE,"intergenic"
"CM105786.1",5102292,-4.999528294,5.75e-07,0.031010621,"CM105786.1",5102292,5102292,0,"CM105786.1",4736769,5203669,"gene:ENSBOLG00010012149",NA,NA,"-",5203669,4736769,TRUE,101377,101377,365523,"overlapping","gene_body",FALSE,"intron"
"CM105773.1",39123236,4.998312304,5.78e-07,0.031138489,"CM105773.1",39123236,39123236,5059,"CM105773.1",39128296,39181145,"gene:ENSBOLG00010021246","CEP152","centrosomal protein 152 [Ensembl NN prediction with score 99.93%]","-",39181145,39128296,FALSE,57909,57909,5060,"downstream","intergenic",FALSE,"intergenic"
"CM105782.1",10893534,-4.998314158,5.78e-07,0.031138489,"CM105782.1",10893534,10893534,148728,"CM105782.1",10554331,10744805,"gene:ENSBOLG00010015774","TTC29","tetratricopeptide repeat domain 29 [Ensembl NN prediction with score 100%]","-",10744805,10554331,FALSE,148729,148729,339203,"upstream","intergenic",FALSE,"intergenic"
"CM105765.1",132510150,4.997817969,5.8e-07,0.031184279,"CM105765.1",132510150,132510150,418,"CM105765.1",132508757,132509731,"gene:ENSBOLG00010003505","MAS1","MAS1 proto-oncogene, G protein-coupled receptor [Ensembl NN prediction with score 100%]","+",132508757,132509731,FALSE,1393,1393,419,"downstream","promoter",FALSE,"promoter"
"CM105768.1",5031854,-4.996976969,5.82e-07,0.031286338,"CM105768.1",5031854,5031854,0,"CM105768.1",4946801,5820396,"gene:ENSBOLG00010002792","DPP6","dipeptidyl peptidase like 6 [Ensembl NN prediction with score 100%]","-",5820396,4946801,TRUE,788542,788542,85053,"overlapping","gene_body",FALSE,"intron"
"CM105766.1",29904233,-4.996388918,5.84e-07,0.031289552,"CM105766.1",29904233,29904233,0,"CM105766.1",29856295,29954686,"gene:ENSBOLG00010007745","IQSEC3","IQ motif and Sec7 domain ArfGEF 3 [Ensembl NN prediction with score 100%]","+",29856295,29954686,TRUE,47938,47938,50453,"overlapping","gene_body",FALSE,"intron"
"CM105776.1",46300773,-4.996116484,5.85e-07,0.031289552,"CM105776.1",46300773,46300773,12276,"CM105776.1",46287612,46288496,"gene:ENSBOLG00010008680","AW549877","expressed sequence AW549877 [Ensembl NN prediction with score 99.25%]","+",46287612,46288496,FALSE,13161,13161,12277,"downstream","intergenic",FALSE,"intergenic"
"CM105781.1",32193925,4.996314064,5.84e-07,0.031289552,"CM105781.1",32193925,32193925,6629,"CM105781.1",32125315,32187295,"gene:ENSBOLG00010007513","PTBP2","polypyrimidine tract binding protein 2 [Ensembl NN prediction with score 100%]","-",32187295,32125315,FALSE,6630,6630,68610,"upstream","intergenic",FALSE,"intergenic"
"CM105788.1",20755291,-4.996691076,5.83e-07,0.031289552,"CM105788.1",20755291,20755291,52066,"CM105788.1",20662275,20703224,"gene:ENSBOLG00010016284","FAM3C","FAM3 metabolism regulating signaling molecule C [Ensembl NN prediction with score 100%]","-",20703224,20662275,FALSE,52067,52067,93016,"upstream","intergenic",FALSE,"intergenic"
"CM105786.1",22670613,-4.995365583,5.87e-07,0.031377446,"CM105786.1",22670613,22670613,149894,"CM105786.1",22455467,22520718,"gene:ENSBOLG00010007421","FUT10","fucosyltransferase 10 [Ensembl NN prediction with score 100%]","+",22455467,22520718,FALSE,215146,215146,149895,"downstream","intergenic",FALSE,"intergenic"
"CM105779.1",261682,4.99500504,5.88e-07,0.031402027,"CM105779.1",261682,261682,2272,"CM105779.1",263955,264947,"gene:ENSBOLG00010023513","Olfr129","olfactory receptor 129 [Ensembl NN prediction with score 100%]","+",263955,264947,FALSE,2273,2273,3265,"upstream","intergenic",FALSE,"intergenic"
"CM105776.1",49352520,-4.993976285,5.91e-07,0.031535648,"CM105776.1",49352520,49352520,374811,"CM105776.1",48975842,48977708,"gene:ENSBOLG00010008665","YWHAQ","tyrosine 3-monooxygenase/tryptophan 5-monooxygenase activation protein theta [Ensembl NN prediction with score 100%]","-",48977708,48975842,FALSE,374812,374812,376678,"upstream","intergenic",FALSE,"intergenic"
"CM105775.1",35942977,4.992857706,5.95e-07,0.031650327,"CM105775.1",35942977,35942977,0,"CM105775.1",35712162,35975635,"gene:ENSBOLG00010016308","DPF3","double PHD fingers 3 [Ensembl NN prediction with score 100%]","+",35712162,35975635,TRUE,230815,230815,32658,"overlapping","gene_body",FALSE,"intron"
"CM105780.1",6614505,4.992944695,5.95e-07,0.031650327,"CM105780.1",6614505,6614505,0,"CM105780.1",6604674,6618148,"gene:ENSBOLG00010007030","TP53INP1","tumor protein p53 inducible nuclear protein 1 [Ensembl NN prediction with score 95.08%]","-",6618148,6604674,TRUE,3643,3643,9831,"overlapping","gene_body",FALSE,"intron"
"CM105769.1",34243804,4.991626272,5.99e-07,0.031818426,"CM105769.1",34243804,34243804,230,"CM105769.1",34208005,34243573,"gene:ENSBOLG00010002505","1810011H11Rik","RIKEN cDNA 1810011H11 gene [Ensembl NN prediction with score 72.58%]","+",34208005,34243573,FALSE,35799,35799,231,"downstream","downstream",FALSE,"downstream"
"CM105769.1",14040250,-4.990777905,6.01e-07,0.031924032,"CM105769.1",14040250,14040250,0,"CM105769.1",14021012,14064555,"gene:ENSBOLG00010018058","WDR26","WD repeat domain 26 [Ensembl NN prediction with score 99.99%]","+",14021012,14064555,TRUE,19238,19238,24305,"overlapping","gene_body",FALSE,"intron"
"CM105775.1",37142066,4.990434108,6.02e-07,0.031932053,"CM105775.1",37142066,37142066,10135,"CM105775.1",37152202,37294463,"gene:ENSBOLG00010016980","PCNX1","pecanex 1 [Ensembl NN prediction with score 90.56%]","-",37294463,37152202,FALSE,152397,152397,10136,"downstream","intergenic",FALSE,"intergenic"
"CM105789.1",22419539,-4.990313111,6.03e-07,0.031932053,"CM105789.1",22419539,22419539,33654,"CM105789.1",22251902,22385884,"gene:ENSBOLG00010009383","OTOGL","otogelin like [Ensembl NN prediction with score 100%]","-",22385884,22251902,FALSE,33655,33655,167637,"upstream","intergenic",FALSE,"intergenic"
"CM105782.1",23956660,4.990095891,6.03e-07,0.031933609,"CM105782.1",23956660,23956660,0,"CM105782.1",23703016,24050746,"gene:ENSBOLG00010017954","FTO","FTO alpha-ketoglutarate dependent dioxygenase [Ensembl NN prediction with score 100%]","+",23703016,24050746,TRUE,253644,253644,94086,"overlapping","gene_body",FALSE,"intron"
"CM105773.1",84510454,4.989044086,6.07e-07,0.031970441,"CM105773.1",84510454,84510454,36046,"CM105773.1",84473485,84474407,"gene:ENSBOLG00010011214","u2af1","U2 small nuclear RNA auxiliary factor 1 [Ensembl NN prediction with score 99.98%]","+",84473485,84474407,FALSE,36969,36969,36047,"downstream","intergenic",FALSE,"intergenic"
"CM105775.1",62927335,-4.989182743,6.06e-07,0.031970441,"CM105775.1",62927335,62927335,0,"CM105775.1",62922823,63751507,"gene:ENSBOLG00010008123","NPAS3","neuronal PAS domain protein 3 [Ensembl NN prediction with score 100%]","-",63751507,62922823,TRUE,824172,824172,4512,"overlapping","gene_body",FALSE,"intron"
"CM105779.1",5444304,-4.989649645,6.05e-07,0.031970441,"CM105779.1",5444304,5444304,6423,"CM105779.1",5425006,5437880,"gene:ENSBOLG00010019979","TULP1","TUB like protein 1 [Ensembl NN prediction with score 99.99%]","-",5437880,5425006,FALSE,6424,6424,19298,"upstream","intergenic",FALSE,"intergenic"
"CM105785.1",2605080,-4.989186251,6.06e-07,0.031970441,"CM105785.1",2605080,2605080,0,"CM105785.1",2392478,2897977,"gene:ENSBOLG00010006573","DENND1A","DENN domain containing 1A [Ensembl NN prediction with score 100%]","-",2897977,2392478,TRUE,292897,292897,212602,"overlapping","gene_body",FALSE,"intron"
"CM105776.1",51926549,-4.988365148,6.09e-07,0.032048666,"CM105776.1",51926549,51926549,374056,"CM105776.1",51018473,51552492,"gene:ENSBOLG00010008511","ADARB2","adenosine deaminase RNA specific B2 (inactive) [Ensembl NN prediction with score 100%]","-",51552492,51018473,FALSE,374057,374057,908076,"upstream","intergenic",FALSE,"intergenic"
"CM105774.1",53915661,-4.988019135,6.1e-07,0.032071804,"CM105774.1",53915661,53915661,0,"CM105774.1",53914214,53928098,"gene:ENSBOLG00010008728",NA,NA,"-",53928098,53914214,TRUE,12437,12437,1447,"overlapping","gene_body",FALSE,"intron"
"CM105766.1",93408222,4.987696535,6.11e-07,0.032091103,"CM105766.1",93408222,93408222,0,"CM105766.1",93221301,93524815,"gene:ENSBOLG00010012534","PATJ","PATJ crumbs cell polarity complex component [Ensembl NN prediction with score 100%]","-",93524815,93221301,TRUE,116593,116593,186921,"overlapping","gene_body",FALSE,"intron"
"CM105777.1",43394590,-4.986958985,6.13e-07,0.032145192,"CM105777.1",43394590,43394590,0,"CM105777.1",43377988,43408389,"gene:ENSBOLG00010010845","SPINK6","serine peptidase inhibitor Kazal type 6 [Ensembl NN prediction with score 99.33%]","-",43408389,43377988,TRUE,13799,13799,16602,"overlapping","gene_body",FALSE,"intron"
"CM105786.1",55876576,4.986973716,6.13e-07,0.032145192,"CM105786.1",55876576,55876576,28787,"CM105786.1",55905364,55906233,"gene:ENSBOLG00010006991","Nat3","N-acetyltransferase 3 [Ensembl NN prediction with score 98.74%]","+",55905364,55906233,FALSE,28788,28788,29657,"upstream","intergenic",FALSE,"intergenic"
"CM105774.1",24844689,4.985737532,6.17e-07,0.032314545,"CM105774.1",24844689,24844689,265118,"CM105774.1",24209575,24579570,"gene:ENSBOLG00010003608","DACH1","dachshund family transcription factor 1 [Ensembl NN prediction with score 100%]","+",24209575,24579570,FALSE,635114,635114,265119,"downstream","intergenic",FALSE,"intergenic"
"CM105771.1",77911575,-4.98542509,6.18e-07,0.032332415,"CM105771.1",77911575,77911575,16514,"CM105771.1",77391368,77895060,"gene:ENSBOLG00010002096",NA,NA,"+",77391368,77895060,FALSE,520207,520207,16515,"downstream","intergenic",FALSE,"intergenic"
"CM105767.1",2188816,4.98463468,6.21e-07,0.032373722,"CM105767.1",2188816,2188816,48867,"CM105767.1",2090070,2139948,"gene:ENSBOLG00010003228","SNRK","SNF related kinase [Ensembl NN prediction with score 100%]","-",2139948,2090070,FALSE,48868,48868,98746,"upstream","intergenic",FALSE,"intergenic"
"CM105775.1",30916331,4.9845628,6.21e-07,0.032373722,"CM105775.1",30916331,30916331,0,"CM105775.1",29712304,31209792,"gene:ENSBOLG00010013184","NRXN3","neurexin 3 [Ensembl NN prediction with score 100%]","-",31209792,29712304,TRUE,293461,293461,1204027,"overlapping","gene_body",FALSE,"intron"
"CM105788.1",23275107,4.984767611,6.2e-07,0.032373722,"CM105788.1",23275107,23275107,16526,"CM105788.1",23291634,23297337,"gene:ENSBOLG00010015027","FGFRL1","fibroblast growth factor receptor like 1 [Ensembl NN prediction with score 98.12%]","+",23291634,23297337,FALSE,16527,16527,22230,"upstream","intergenic",FALSE,"intergenic"
"CM105786.1",22673702,-4.98396944,6.23e-07,0.032438848,"CM105786.1",22673702,22673702,152983,"CM105786.1",22455467,22520718,"gene:ENSBOLG00010007421","FUT10","fucosyltransferase 10 [Ensembl NN prediction with score 100%]","+",22455467,22520718,FALSE,218235,218235,152984,"downstream","intergenic",FALSE,"intergenic"
"CM105779.1",12739152,4.98322906,6.25e-07,0.032528847,"CM105779.1",12739152,12739152,15981,"CM105779.1",12755134,13436575,"gene:ENSBOLG00010009311","PCDH15","protocadherin related 15 [Ensembl NN prediction with score 100%]","-",13436575,12755134,FALSE,697423,697423,15982,"downstream","intergenic",FALSE,"intergenic"
"CM105770.1",43446988,-4.982398391,6.28e-07,0.032634344,"CM105770.1",43446988,43446988,126153,"CM105770.1",43145016,43320834,"gene:ENSBOLG00010013483","CLNK","cytokine dependent hematopoietic cell linker [Ensembl NN prediction with score 99.99%]","-",43320834,43145016,FALSE,126154,126154,301972,"upstream","intergenic",FALSE,"intergenic"
"CM105775.1",37994938,-4.981420537,6.31e-07,0.032765114,"CM105775.1",37994938,37994938,0,"CM105775.1",37871505,37997831,"gene:ENSBOLG00010017342","SLC8A3","solute carrier family 8 member A3 [Ensembl NN prediction with score 100%]","+",37871505,37997831,TRUE,123433,123433,2893,"overlapping","gene_body",TRUE,"exon"
"CM105767.1",27133510,4.979916463,6.36e-07,0.032801895,"CM105767.1",27133510,27133510,248413,"CM105767.1",26732760,26885096,"gene:ENSBOLG00010018053","VPS13C","vacuolar protein sorting 13 homolog C [Ensembl NN prediction with score 100%]","+",26732760,26885096,FALSE,400750,400750,248414,"downstream","intergenic",FALSE,"intergenic"
"CM105768.1",5043412,-4.979374922,6.38e-07,0.032801895,"CM105768.1",5043412,5043412,0,"CM105768.1",4946801,5820396,"gene:ENSBOLG00010002792","DPP6","dipeptidyl peptidase like 6 [Ensembl NN prediction with score 100%]","-",5820396,4946801,TRUE,776984,776984,96611,"overlapping","gene_body",FALSE,"intron"
"CM105771.1",20165044,-4.980057869,6.36e-07,0.032801895,"CM105771.1",20165044,20165044,505757,"CM105771.1",18710151,19659286,"gene:ENSBOLG00010017956","TENM2","teneurin transmembrane protein 2 [Ensembl NN prediction with score 100%]","-",19659286,18710151,FALSE,505758,505758,1454893,"upstream","intergenic",FALSE,"intergenic"
"CM105772.1",73281723,-4.979824227,6.36e-07,0.032801895,"CM105772.1",73281723,73281723,20051,"CM105772.1",73301775,73364489,"gene:ENSBOLG00010011985","CSMD1","CUB and Sushi multiple domains 1 [Ensembl NN prediction with score 91.2%]","-",73364489,73301775,FALSE,82766,82766,20052,"downstream","intergenic",FALSE,"intergenic"
"CM105773.1",68481045,4.980893723,6.33e-07,0.032801895,"CM105773.1",68481045,68481045,28442,"CM105773.1",68509488,68591088,"gene:ENSBOLG00010018943","RALY","RALY heterogeneous nuclear ribonucleoprotein [Ensembl NN prediction with score 100%]","+",68509488,68591088,FALSE,28443,28443,110043,"upstream","intergenic",FALSE,"intergenic"
"CM105776.1",16348958,-4.979601255,6.37e-07,0.032801895,"CM105776.1",16348958,16348958,114514,"CM105776.1",16220468,16234443,"gene:ENSBOLG00010013958","Fbxw17","F-box and WD-40 domain protein 17 [Ensembl NN prediction with score 99.99%]","-",16234443,16220468,FALSE,114515,114515,128490,"upstream","intergenic",FALSE,"intergenic"
"CM105778.1",27684241,-4.980156432,6.35e-07,0.032801895,"CM105778.1",27684241,27684241,0,"CM105778.1",27670545,27762177,"gene:ENSBOLG00010010314","CPLANE1","ciliogenesis and planar polarity effector 1 [Ensembl NN prediction with score 99.99%]","-",27762177,27670545,TRUE,77936,77936,13696,"overlapping","gene_body",FALSE,"intron"
"CM105780.1",27687079,4.979445166,6.38e-07,0.032801895,"CM105780.1",27687079,27687079,20263,"CM105780.1",27707343,27715646,"gene:ENSBOLG00010012579",NA,NA,"-",27715646,27707343,FALSE,28567,28567,20264,"downstream","intergenic",FALSE,"intergenic"
"CM105787.1",35235847,-4.980711349,6.34e-07,0.032801895,"CM105787.1",35235847,35235847,157615,"CM105787.1",35393463,35570521,"gene:ENSBOLG00010003719","MCTP2","multiple C2 and transmembrane domain containing 2 [Ensembl NN prediction with score 100%]","-",35570521,35393463,FALSE,334674,334674,157616,"downstream","intergenic",FALSE,"intergenic"
"CM105764.1",74341701,-4.979059185,6.39e-07,0.032810797,"CM105764.1",74341701,74341701,8421,"CM105764.1",74202150,74333279,"gene:ENSBOLG00010001646","IL1RAP","interleukin 1 receptor accessory protein [Ensembl NN prediction with score 100%]","-",74333279,74202150,FALSE,8422,8422,139551,"upstream","intergenic",FALSE,"intergenic"
"CM105775.1",7086415,4.978918305,6.39e-07,0.032810797,"CM105775.1",7086415,7086415,8341,"CM105775.1",7094757,7096168,"gene:ENSBOLG00010022072","TMEM121","transmembrane protein 121 [Ensembl NN prediction with score 100%]","-",7096168,7094757,FALSE,9753,9753,8342,"downstream","intergenic",FALSE,"intergenic"
"CM105790.1",38667735,-4.978563238,6.41e-07,0.032836795,"CM105790.1",38667735,38667735,0,"CM105790.1",38519428,38755920,"gene:ENSBOLG00010010053","ANKRD44","ankyrin repeat domain 44 [Ensembl NN prediction with score 100%]","-",38755920,38519428,TRUE,88185,88185,148307,"overlapping","gene_body",FALSE,"intron"
"CM105780.1",68128784,4.977815447,6.43e-07,0.032929575,"CM105780.1",68128784,68128784,33246,"CM105780.1",68064439,68095537,"gene:ENSBOLG00010013130","tpd52","tumor protein D52 [Ensembl NN prediction with score 100%]","-",68095537,68064439,FALSE,33247,33247,64345,"upstream","intergenic",FALSE,"intergenic"
"CM105765.1",61678369,-4.976903545,6.46e-07,0.033050635,"CM105765.1",61678369,61678369,0,"CM105765.1",61676661,61684516,"gene:ENSBOLG00010019538","CYP2A13","cytochrome P450 family 2 subfamily A member 13 [Ensembl NN prediction with score 99.91%]","+",61676661,61684516,TRUE,1708,1708,6147,"overlapping","gene_body",TRUE,"exon"
"CM105783.1",30741550,-4.976609223,6.47e-07,0.033066533,"CM105783.1",30741550,30741550,0,"CM105783.1",30611092,30785016,"gene:ENSBOLG00010006921","ZFAT","zinc finger and AT-hook domain containing [Ensembl NN prediction with score 100%]","-",30785016,30611092,TRUE,43466,43466,130458,"overlapping","gene_body",FALSE,"intron"
"CM105767.1",103671533,4.975328619,6.51e-07,0.033182524,"CM105767.1",103671533,103671533,12364,"CM105767.1",103591897,103659168,"gene:ENSBOLG00010001663","ANLN","anillin actin binding protein [Ensembl NN prediction with score 100%]","+",103591897,103659168,FALSE,79636,79636,12365,"downstream","intergenic",FALSE,"intergenic"
"CM105769.1",20086881,-4.975385857,6.51e-07,0.033182524,"CM105769.1",20086881,20086881,0,"CM105769.1",19715854,20106396,"gene:ENSBOLG00010018411","RGS7","regulator of G protein signaling 7 [Ensembl NN prediction with score 100%]","+",19715854,20106396,TRUE,371027,371027,19515,"overlapping","gene_body",FALSE,"intron"
"CM105774.1",67549338,4.975334101,6.51e-07,0.033182524,"CM105774.1",67549338,67549338,3280,"CM105774.1",67552619,67607282,"gene:ENSBOLG00010022622","SLC7A8","solute carrier family 7 member 8 [Ensembl NN prediction with score 78.11%]","+",67552619,67607282,FALSE,3281,3281,57944,"upstream","intergenic",FALSE,"intergenic"
"CM105774.1",5848350,4.9747254,6.53e-07,0.033217244,"CM105774.1",5848350,5848350,54492,"CM105774.1",5574863,5793857,"gene:ENSBOLG00010007102","ABCC4","ATP binding cassette subfamily C member 4 [Ensembl NN prediction with score 100%]","+",5574863,5793857,FALSE,273487,273487,54493,"downstream","intergenic",FALSE,"intergenic"
"CM105783.1",31598264,-4.97477593,6.53e-07,0.033217244,"CM105783.1",31598264,31598264,41894,"CM105783.1",31402268,31556369,"gene:ENSBOLG00010012751","KHDRBS3","KH RNA binding domain containing, signal transduction associated 3 [Ensembl NN prediction with score 100%]","+",31402268,31556369,FALSE,195996,195996,41895,"downstream","intergenic",FALSE,"intergenic"
"CM105770.1",29417129,-4.974406741,6.54e-07,0.033237591,"CM105770.1",29417129,29417129,245787,"CM105770.1",29018009,29171341,"gene:ENSBOLG00010003822","VWC2","von Willebrand factor C domain containing 2 [Ensembl NN prediction with score 100%]","-",29171341,29018009,FALSE,245788,245788,399120,"upstream","intergenic",FALSE,"intergenic"
"CM105772.1",31141446,-4.973077507,6.59e-07,0.033431894,"CM105772.1",31141446,31141446,0,"CM105772.1",30358616,31506621,"gene:ENSBOLG00010011622","PRKG1","protein kinase cGMP-dependent 1 [Ensembl NN prediction with score 99.94%]","+",30358616,31506621,TRUE,782830,782830,365175,"overlapping","gene_body",FALSE,"intron"
"CM105765.1",45784599,-4.972776483,6.6e-07,0.033449383,"CM105765.1",45784599,45784599,177365,"CM105765.1",45516460,45607233,"gene:ENSBOLG00010007994","Zfp536","zinc finger protein 536 [Ensembl NN prediction with score 99.99%]","+",45516460,45607233,FALSE,268139,268139,177366,"downstream","intergenic",FALSE,"intergenic"
"CM105769.1",109054512,-4.972376059,6.61e-07,0.033484083,"CM105769.1",109054512,109054512,0,"CM105769.1",108356139,109294210,"gene:ENSBOLG00010003427","CNTNAP5","contactin associated protein family member 5 [Ensembl NN prediction with score 77.44%]","+",108356139,109294210,TRUE,698373,698373,239698,"overlapping","gene_body",FALSE,"intron"
"CM105765.1",45048700,-4.971635856,6.64e-07,0.033541486,"CM105765.1",45048700,45048700,25074,"CM105765.1",45073775,45135547,"gene:ENSBOLG00010007477","URI1","URI1 prefoldin like chaperone [Ensembl NN prediction with score 100%]","+",45073775,45135547,FALSE,25075,25075,86847,"upstream","intergenic",FALSE,"intergenic"
"CM105783.1",30724880,-4.971446767,6.65e-07,0.033541486,"CM105783.1",30724880,30724880,0,"CM105783.1",30611092,30785016,"gene:ENSBOLG00010006921","ZFAT","zinc finger and AT-hook domain containing [Ensembl NN prediction with score 100%]","-",30785016,30611092,TRUE,60136,60136,113788,"overlapping","gene_body",FALSE,"intron"
"CM105789.1",17559031,4.971643633,6.64e-07,0.033541486,"CM105789.1",17559031,17559031,197803,"CM105789.1",17756835,17766382,"gene:ENSBOLG00010009140","mgat4c","MGAT4 family member C [Ensembl NN prediction with score 100%]","+",17756835,17766382,FALSE,197804,197804,207351,"upstream","intergenic",FALSE,"intergenic"
"CM105773.1",38094142,-4.9712317,6.65e-07,0.033544316,"CM105773.1",38094142,38094142,116030,"CM105773.1",38210173,38221744,"gene:ENSBOLG00010021505","SEMA6D","semaphorin 6D [Ensembl NN prediction with score 100%]","+",38210173,38221744,FALSE,116031,116031,127602,"upstream","intergenic",FALSE,"intergenic"
"CM105782.1",10007103,-4.970951379,6.66e-07,0.033558474,"CM105782.1",10007103,10007103,80024,"CM105782.1",9758941,9927078,"gene:ENSBOLG00010004969","Zfp827","zinc finger protein 827 [Ensembl NN prediction with score 99.36%]","-",9927078,9758941,FALSE,80025,80025,248162,"upstream","intergenic",FALSE,"intergenic"
"CM105768.1",110164390,-4.970467927,6.68e-07,0.0335846,"CM105768.1",110164390,110164390,0,"CM105768.1",110147620,110530998,"gene:ENSBOLG00010016490","KAZN","kazrin, periplakin interacting protein [Ensembl NN prediction with score 99.89%]","-",110530998,110147620,TRUE,366608,366608,16770,"overlapping","gene_body",FALSE,"intron"
"CM105770.1",75226222,4.970404046,6.68e-07,0.0335846,"CM105770.1",75226222,75226222,19293,"CM105770.1",75126187,75206928,"gene:ENSBOLG00010001243","TEC","tec protein tyrosine kinase [Ensembl NN prediction with score 100%]","-",75206928,75126187,FALSE,19294,19294,100035,"upstream","intergenic",FALSE,"intergenic"
"CM105779.1",60762251,4.969976489,6.7e-07,0.033624397,"CM105779.1",60762251,60762251,0,"CM105779.1",60655761,60866879,"gene:ENSBOLG00010009894","RCAN2","regulator of calcineurin 2 [Ensembl NN prediction with score 100%]","+",60655761,60866879,TRUE,106490,106490,104628,"overlapping","gene_body",FALSE,"intron"
"CM105771.1",27310008,-4.969701014,6.71e-07,0.033637878,"CM105771.1",27310008,27310008,119420,"CM105771.1",26803053,27190587,"gene:ENSBOLG00010012929","EBF1","EBF transcription factor 1 [Ensembl NN prediction with score 100%]","+",26803053,27190587,FALSE,506955,506955,119421,"downstream","intergenic",FALSE,"intergenic"
"CM105773.1",32705209,4.968584493,6.74e-07,0.033786577,"CM105773.1",32705209,32705209,1449,"CM105773.1",32702662,32703759,"gene:ENSBOLG00010019968","RHOV","ras homolog family member V [Ensembl NN prediction with score 100%]","-",32703759,32702662,FALSE,1450,1450,2547,"upstream","promoter",FALSE,"promoter"
"CM105775.1",27812846,-4.968450673,6.75e-07,0.033786577,"CM105775.1",27812846,27812846,463347,"CM105775.1",28276194,28317991,"gene:ENSBOLG00010013210","SEL1L","SEL1L adaptor subunit of ERAD E3 ubiquitin ligase [Ensembl NN prediction with score 100%]","+",28276194,28317991,FALSE,463348,463348,505145,"upstream","intergenic",FALSE,"intergenic"
"CM105773.1",83583911,-4.967710036,6.77e-07,0.033881369,"CM105773.1",83583911,83583911,0,"CM105773.1",83471732,83731770,"gene:ENSBOLG00010011210","TSHZ2","teashirt zinc finger homeobox 2 [Ensembl NN prediction with score 100%]","+",83471732,83731770,TRUE,112179,112179,147859,"overlapping","gene_body",FALSE,"intron"
"CM105771.1",93407978,4.967335781,6.79e-07,0.033912336,"CM105771.1",93407978,93407978,28582,"CM105771.1",92981488,93379395,"gene:ENSBOLG00010001449","CEP112","centrosomal protein 112 [Ensembl NN prediction with score 100%]","+",92981488,93379395,FALSE,426490,426490,28583,"downstream","intergenic",FALSE,"intergenic"
"CM105770.1",72048575,-4.967089783,6.8e-07,0.033920327,"CM105770.1",72048575,72048575,0,"CM105770.1",71847953,72074261,"gene:ENSBOLG00010004746","KCTD8","potassium channel tetramerization domain containing 8 [Ensembl NN prediction with score 99.98%]","-",72074261,71847953,TRUE,25686,25686,200622,"overlapping","gene_body",FALSE,"intron"
"CM105784.1",45214165,4.966896568,6.8e-07,0.033920327,"CM105784.1",45214165,45214165,549228,"CM105784.1",45763394,45897585,"gene:ENSBOLG00010007891","FAT4","FAT atypical cadherin 4 [Ensembl NN prediction with score 100%]","-",45897585,45763394,FALSE,683420,683420,549229,"downstream","intergenic",FALSE,"intergenic"
"CM105787.1",55327475,4.966361988,6.82e-07,0.033979491,"CM105787.1",55327475,55327475,791041,"CM105787.1",56118517,56588174,"gene:ENSBOLG00010009467","TENM4","teneurin transmembrane protein 4 [Ensembl NN prediction with score 100%]","+",56118517,56588174,FALSE,791042,791042,1260699,"upstream","intergenic",FALSE,"intergenic"
"CM105764.1",2147827,4.965801628,6.84e-07,0.034043306,"CM105764.1",2147827,2147827,75717,"CM105764.1",2223545,2787779,"gene:ENSBOLG00010001858","DSCAM","DS cell adhesion molecule [Ensembl NN prediction with score 100%]","+",2223545,2787779,FALSE,75718,75718,639952,"upstream","intergenic",FALSE,"intergenic"
"CM105778.1",67670285,4.964762906,6.88e-07,0.034191439,"CM105778.1",67670285,67670285,476238,"CM105778.1",67052670,67194046,"gene:ENSBOLG00010005604","MEF2C","myocyte enhancer factor 2C [Ensembl NN prediction with score 100%]","-",67194046,67052670,FALSE,476239,476239,617615,"upstream","intergenic",FALSE,"intergenic"
"CM105783.1",6190007,-4.964475445,6.89e-07,0.034207563,"CM105783.1",6190007,6190007,0,"CM105783.1",6121382,6190754,"gene:ENSBOLG00010006700","DPYS","dihydropyrimidinase [Ensembl NN prediction with score 100%]","-",6190754,6121382,TRUE,747,747,68625,"overlapping","gene_body",FALSE,"intron"
"CM105770.1",77555183,4.963044631,6.94e-07,0.034425893,"CM105770.1",77555183,77555183,14717,"CM105770.1",77569901,77610652,"gene:ENSBOLG00010001237","PDGFRA","platelet derived growth factor receptor alpha [Ensembl NN prediction with score 100%]","+",77569901,77610652,FALSE,14718,14718,55469,"upstream","intergenic",FALSE,"intergenic"
"CM105776.1",42817132,4.962707626,6.95e-07,0.034450972,"CM105776.1",42817132,42817132,0,"CM105776.1",42788785,43275905,"gene:ENSBOLG00010008384","POU6F2","POU class 6 homeobox 2 [Ensembl NN prediction with score 100%]","+",42788785,43275905,TRUE,28347,28347,458773,"overlapping","gene_body",FALSE,"intron"
"CM105770.1",83838112,-4.962395021,6.96e-07,0.034471768,"CM105770.1",83838112,83838112,0,"CM105770.1",83511131,83961361,"gene:ENSBOLG00010001303","ADGRL3","adhesion G protein-coupled receptor L3 [Ensembl NN prediction with score 100%]","+",83511131,83961361,TRUE,326981,326981,123249,"overlapping","gene_body",FALSE,"intron"
"CM105784.1",64728330,-4.961880135,6.98e-07,0.034528557,"CM105784.1",64728330,64728330,44947,"CM105784.1",64773278,64774357,"gene:ENSBOLG00010003859",NA,NA,"+",64773278,64774357,FALSE,44948,44948,46027,"upstream","intergenic",FALSE,"intergenic"
"CM105784.1",46221924,-4.960972098,7.01e-07,0.03465555,"CM105784.1",46221924,46221924,28498,"CM105784.1",46250423,46279862,"gene:ENSBOLG00010007795",NA,NA,"+",46250423,46279862,FALSE,28499,28499,57938,"upstream","intergenic",FALSE,"intergenic"
"CM105768.1",29231297,4.960191159,7.04e-07,0.034666738,"CM105768.1",29231297,29231297,0,"CM105768.1",29190369,29286190,"gene:ENSBOLG00010002722","VIT","vitrin [Ensembl NN prediction with score 100%]","+",29190369,29286190,TRUE,40928,40928,54893,"overlapping","gene_body",FALSE,"intron"
"CM105770.1",42866844,-4.960130897,7.04e-07,0.034666738,"CM105770.1",42866844,42866844,14208,"CM105770.1",42717810,42852635,"gene:ENSBOLG00010013532","SLC2A9","solute carrier family 2 member 9 [Ensembl NN prediction with score 100%]","-",42852635,42717810,FALSE,14209,14209,149034,"upstream","intergenic",FALSE,"intergenic"
"CM105784.1",13596101,-4.960545238,7.03e-07,0.034666738,"CM105784.1",13596101,13596101,779510,"CM105784.1",14375612,14794860,"gene:ENSBOLG00010013395","FSTL5","follistatin like 5 [Ensembl NN prediction with score 100%]","-",14794860,14375612,FALSE,1198759,1198759,779511,"downstream","intergenic",FALSE,"intergenic"
"CM105790.1",38680814,-4.960287914,7.04e-07,0.034666738,"CM105790.1",38680814,38680814,0,"CM105790.1",38519428,38755920,"gene:ENSBOLG00010010053","ANKRD44","ankyrin repeat domain 44 [Ensembl NN prediction with score 100%]","-",38755920,38519428,TRUE,75106,75106,161386,"overlapping","gene_body",FALSE,"intron"
"CM105764.1",52673416,-4.959372682,7.07e-07,0.034767538,"CM105764.1",52673416,52673416,0,"CM105764.1",52597511,52676400,"gene:ENSBOLG00010000143","CD96","CD96 molecule [Ensembl NN prediction with score 100%]","-",52676400,52597511,TRUE,2984,2984,75905,"overlapping","gene_body",FALSE,"intron"
"CM105769.1",33703819,-4.957180092,7.15e-07,0.035091942,"CM105769.1",33703819,33703819,0,"CM105769.1",33616010,33714278,"gene:ENSBOLG00010002280","PARG","poly(ADP-ribose) glycohydrolase [Ensembl NN prediction with score 100%]","+",33616010,33714278,TRUE,87809,87809,10459,"overlapping","gene_body",FALSE,"intron"
"CM105774.1",16475359,-4.957205013,7.15e-07,0.035091942,"CM105774.1",16475359,16475359,500742,"CM105774.1",16976102,16981999,"gene:ENSBOLG00010004005","SPRY2","sprouty RTK signaling antagonist 2 [Ensembl NN prediction with score 99.98%]","+",16976102,16981999,FALSE,500743,500743,506640,"upstream","intergenic",FALSE,"intergenic"
"CM105782.1",44565298,4.955441034,7.22e-07,0.035372022,"CM105782.1",44565298,44565298,17815,"CM105782.1",44583114,44591219,"gene:ENSBOLG00010016069","PSMD7","proteasome 26S subunit, non-ATPase 7 [Ensembl NN prediction with score 100%]","+",44583114,44591219,FALSE,17816,17816,25921,"upstream","intergenic",FALSE,"intergenic"
"CM105776.1",51123424,4.955162384,7.23e-07,0.035387506,"CM105776.1",51123424,51123424,0,"CM105776.1",51018473,51552492,"gene:ENSBOLG00010008511","ADARB2","adenosine deaminase RNA specific B2 (inactive) [Ensembl NN prediction with score 100%]","-",51552492,51018473,TRUE,429068,429068,104951,"overlapping","gene_body",FALSE,"intron"
"CM105775.1",78345344,4.954844471,7.24e-07,0.035410179,"CM105775.1",78345344,78345344,0,"CM105775.1",78302433,78350744,"gene:ENSBOLG00010014822","ANKMY2","ankyrin repeat and MYND domain containing 2 [Ensembl NN prediction with score 99.98%]","-",78350744,78302433,TRUE,5400,5400,42911,"overlapping","gene_body",FALSE,"intron"
"CM105779.1",17607678,-4.953701468,7.28e-07,0.035548248,"CM105779.1",17607678,17607678,60930,"CM105779.1",17504569,17546747,"gene:ENSBOLG00010009863","RHOBTB1","Rho related BTB domain containing 1 [Ensembl NN prediction with score 100%]","-",17546747,17504569,FALSE,60931,60931,103109,"upstream","intergenic",FALSE,"intergenic"
"JBCDMM020000051.1",184974,4.953819843,7.28e-07,0.035548248,"JBCDMM020000051.1",184974,184974,51066,"JBCDMM020000051.1",106397,133907,"gene:ENSBOLG00010004605","CARF","calcium responsive transcription factor [Ensembl NN prediction with score 95.42%]","+",106397,133907,FALSE,78577,78577,51067,"downstream","intergenic",FALSE,"intergenic"
"CM105786.1",15880859,-4.95299476,7.31e-07,0.035642286,"CM105786.1",15880859,15880859,0,"CM105786.1",15838071,16132916,"gene:ENSBOLG00010009684","ZMAT4","zinc finger matrin-type 4 [Ensembl NN prediction with score 99.99%]","+",15838071,16132916,TRUE,42788,42788,252057,"overlapping","gene_body",FALSE,"intron"
"CM105781.1",47344357,-4.952751593,7.32e-07,0.035651537,"CM105781.1",47344357,47344357,23865,"CM105781.1",47368223,47590930,"gene:ENSBOLG00010015043","BANK1","B cell scaffold protein with ankyrin repeats 1 [Ensembl NN prediction with score 100%]","-",47590930,47368223,FALSE,246573,246573,23866,"downstream","intergenic",FALSE,"intergenic"
"CM105780.1",53831636,4.951266511,7.37e-07,0.035889189,"CM105780.1",53831636,53831636,312305,"CM105780.1",54143942,54145027,"gene:ENSBOLG00010008200","BHLHE22","basic helix-loop-helix family member e22 [Ensembl NN prediction with score 100%]","+",54143942,54145027,FALSE,312306,312306,313391,"upstream","intergenic",FALSE,"intergenic"
"CM105764.1",22382081,4.95078956,7.39e-07,0.035906235,"CM105764.1",22382081,22382081,359432,"CM105764.1",22741514,22849557,"gene:ENSBOLG00010000097","USP25","ubiquitin specific peptidase 25 [Ensembl NN prediction with score 100%]","-",22849557,22741514,FALSE,467476,467476,359433,"downstream","intergenic",FALSE,"intergenic"
"CM105767.1",96837401,-4.950918885,7.39e-07,0.035906235,"CM105767.1",96837401,96837401,0,"CM105767.1",95894806,96871320,"gene:ENSBOLG00010000410","NTM","neurotrimin [Ensembl NN prediction with score 100%]","+",95894806,96871320,TRUE,942595,942595,33919,"overlapping","gene_body",FALSE,"intron"
"CM105784.1",38973815,4.950362948,7.41e-07,0.035949548,"CM105784.1",38973815,38973815,488084,"CM105784.1",39461900,39463012,"gene:ENSBOLG00010006296","PABPC4L","poly(A) binding protein cytoplasmic 4 like [Ensembl NN prediction with score 100%]","+",39461900,39463012,FALSE,488085,488085,489197,"upstream","intergenic",FALSE,"intergenic"
"CM105770.1",43020009,-4.949690672,7.43e-07,0.036036876,"CM105770.1",43020009,43020009,80389,"CM105770.1",42904054,42939619,"gene:ENSBOLG00010014058","WDR1","WD repeat domain 1 [Ensembl NN prediction with score 100%]","-",42939619,42904054,FALSE,80390,80390,115955,"upstream","intergenic",FALSE,"intergenic"
"CM105776.1",16363237,-4.949507246,7.44e-07,0.036036876,"CM105776.1",16363237,16363237,128793,"CM105776.1",16220468,16234443,"gene:ENSBOLG00010013958","Fbxw17","F-box and WD-40 domain protein 17 [Ensembl NN prediction with score 99.99%]","-",16234443,16220468,FALSE,128794,128794,142769,"upstream","intergenic",FALSE,"intergenic"
"CM105777.1",27380777,4.949095818,7.46e-07,0.036077618,"CM105777.1",27380777,27380777,1968,"CM105777.1",27382746,27414023,"gene:ENSBOLG00010017755","TCOF1","treacle ribosome biogenesis factor 1 [Ensembl NN prediction with score 100%]","+",27382746,27414023,FALSE,1969,1969,33246,"upstream","promoter",FALSE,"promoter"
"CM105775.1",28460303,4.94866075,7.47e-07,0.036087452,"CM105775.1",28460303,28460303,0,"CM105775.1",28379774,28493362,"gene:ENSBOLG00010013215","STON2","stonin 2 [Ensembl NN prediction with score 100%]","+",28379774,28493362,TRUE,80529,80529,33059,"overlapping","gene_body",FALSE,"intron"
"CM105775.1",35948208,4.948595568,7.48e-07,0.036087452,"CM105775.1",35948208,35948208,0,"CM105775.1",35712162,35975635,"gene:ENSBOLG00010016308","DPF3","double PHD fingers 3 [Ensembl NN prediction with score 100%]","+",35712162,35975635,TRUE,236046,236046,27427,"overlapping","gene_body",FALSE,"intron"
"CM105780.1",5290052,-4.948469371,7.48e-07,0.036087452,"CM105780.1",5290052,5290052,246752,"CM105780.1",5024298,5043299,"gene:ENSBOLG00010007277","TRIQK","triple QxxK/R motif containing [Ensembl NN prediction with score 100%]","-",5043299,5024298,FALSE,246753,246753,265754,"upstream","intergenic",FALSE,"intergenic"
"CM105786.1",42607283,4.947614276,7.51e-07,0.036210795,"CM105786.1",42607283,42607283,54108,"CM105786.1",42661392,42673245,"gene:ENSBOLG00010006086","AGA","aspartylglucosaminidase [Ensembl NN prediction with score 100%]","+",42661392,42673245,FALSE,54109,54109,65962,"upstream","intergenic",FALSE,"intergenic"
"CM105764.1",22363689,4.947194894,7.53e-07,0.036253362,"CM105764.1",22363689,22363689,377824,"CM105764.1",22741514,22849557,"gene:ENSBOLG00010000097","USP25","ubiquitin specific peptidase 25 [Ensembl NN prediction with score 100%]","-",22849557,22741514,FALSE,485868,485868,377825,"downstream","intergenic",FALSE,"intergenic"
"CM105786.1",21497517,-4.946438179,7.56e-07,0.036358933,"CM105786.1",21497517,21497517,709422,"CM105786.1",20267983,20788094,"gene:ENSBOLG00010010559","UNC5D","unc-5 netrin receptor D [Ensembl NN prediction with score 100%]","-",20788094,20267983,FALSE,709423,709423,1229534,"upstream","intergenic",FALSE,"intergenic"
"CM105764.1",121583083,4.944657322,7.63e-07,0.036609263,"CM105764.1",121583083,121583083,92025,"CM105764.1",121181715,121491057,"gene:ENSBOLG00010003055","TMEM132C","transmembrane protein 132C [Ensembl NN prediction with score 100%]","-",121491057,121181715,FALSE,92026,92026,401368,"upstream","intergenic",FALSE,"intergenic"
"CM105779.1",64546102,-4.944809278,7.62e-07,0.036609263,"CM105779.1",64546102,64546102,10793,"CM105779.1",64522711,64535308,"gene:ENSBOLG00010014493","med20","mediator complex subunit 20 [Ensembl NN prediction with score 100%]","+",64522711,64535308,FALSE,23391,23391,10794,"downstream","intergenic",FALSE,"intergenic"
"CM105783.1",42759561,-4.944531275,7.63e-07,0.036609263,"CM105783.1",42759561,42759561,0,"CM105783.1",42757929,42764965,"gene:ENSBOLG00010019564","TST","thiosulfate sulfurtransferase [Ensembl NN prediction with score 99.99%]","+",42757929,42764965,TRUE,1632,1632,5404,"overlapping","gene_body",FALSE,"intron"
"CM105778.1",69424896,-4.943807998,7.66e-07,0.036709639,"CM105778.1",69424896,69424896,0,"CM105778.1",69027538,69569107,"gene:ENSBOLG00010005410","ADGRV1","adhesion G protein-coupled receptor V1 [Ensembl NN prediction with score 100%]","+",69027538,69569107,TRUE,397358,397358,144211,"overlapping","gene_body",FALSE,"intron"
"CM105774.1",51220242,-4.943521647,7.67e-07,0.036727863,"CM105774.1",51220242,51220242,54446,"CM105774.1",51274689,51332183,"gene:ENSBOLG00010007746","ADAM28","ADAM metallopeptidase domain 28 [Ensembl NN prediction with score 100%]","+",51274689,51332183,FALSE,54447,54447,111941,"upstream","intergenic",FALSE,"intergenic"
"CM105768.1",53286129,-4.943008513,7.69e-07,0.036753199,"CM105768.1",53286129,53286129,1074146,"CM105768.1",52081994,52211982,"gene:ENSBOLG00010000303","KLHL29","kelch like family member 29 [Ensembl NN prediction with score 100%]","-",52211982,52081994,FALSE,1074147,1074147,1204135,"upstream","intergenic",FALSE,"intergenic"
"CM105774.1",61201243,-4.94317792,7.69e-07,0.036753199,"CM105774.1",61201243,61201243,80565,"CM105774.1",61080339,61120677,"gene:ENSBOLG00010008945","MTMR6","myotubularin related protein 6 [Ensembl NN prediction with score 99.99%]","+",61080339,61120677,FALSE,120904,120904,80566,"downstream","intergenic",FALSE,"intergenic"
"CM105774.1",76755349,-4.942200423,7.72e-07,0.036870109,"CM105774.1",76755349,76755349,0,"CM105774.1",76746187,77459488,"gene:ENSBOLG00010013141","KCNMA1","potassium calcium-activated channel subfamily M alpha 1 [Ensembl NN prediction with score 100%]","+",76746187,77459488,TRUE,9162,9162,704139,"overlapping","gene_body",FALSE,"intron"
"CM105773.1",26351694,-4.94162407,7.75e-07,0.036943458,"CM105773.1",26351694,26351694,0,"CM105773.1",26163420,26694538,"gene:ENSBOLG00010018537","RYR3","ryanodine receptor 3 [Ensembl NN prediction with score 100%]","-",26694538,26163420,TRUE,342844,342844,188274,"overlapping","gene_body",FALSE,"intron"
"CM105774.1",4870090,4.940317483,7.8e-07,0.037068275,"CM105774.1",4870090,4870090,0,"CM105774.1",4447508,5141611,"gene:ENSBOLG00010007576","HS6ST3","heparan sulfate 6-O-sulfotransferase 3 [Ensembl NN prediction with score 100%]","-",5141611,4447508,TRUE,271521,271521,422582,"overlapping","gene_body",FALSE,"intron"
"CM105774.1",75807999,-4.940024207,7.81e-07,0.037068275,"CM105774.1",75807999,75807999,33221,"CM105774.1",75841221,75935396,"gene:ENSBOLG00010013736","ARMH4","armadillo like helical domain containing 4 [Ensembl NN prediction with score 94.34%]","-",75935396,75841221,FALSE,127397,127397,33222,"downstream","intergenic",FALSE,"intergenic"
"CM105782.1",59514537,-4.940041298,7.81e-07,0.037068275,"CM105782.1",59514537,59514537,45040,"CM105782.1",59559578,59777674,"gene:ENSBOLG00010018778","SLC35F3","solute carrier family 35 member F3 [Ensembl NN prediction with score 100%]","+",59559578,59777674,FALSE,45041,45041,263137,"upstream","intergenic",FALSE,"intergenic"
"CM105786.1",56762886,-4.940072067,7.81e-07,0.037068275,"CM105786.1",56762886,56762886,16861,"CM105786.1",56657922,56746024,"gene:ENSBOLG00010006274","CSGALNACT1","chondroitin sulfate N-acetylgalactosaminyltransferase 1 [Ensembl NN prediction with score 99.85%]","-",56746024,56657922,FALSE,16862,16862,104964,"upstream","intergenic",FALSE,"intergenic"
"CM105790.1",32315719,4.940288027,7.8e-07,0.037068275,"CM105790.1",32315719,32315719,85798,"CM105790.1",32098790,32229920,"gene:ENSBOLG00010010032","COL5A2","collagen type V alpha 2 chain [Ensembl NN prediction with score 99.99%]","-",32229920,32098790,FALSE,85799,85799,216929,"upstream","intergenic",FALSE,"intergenic"
"CM105776.1",26244844,-4.939141415,7.85e-07,0.037200591,"CM105776.1",26244844,26244844,35015,"CM105776.1",26141503,26209828,"gene:ENSBOLG00010015688","LY86","lymphocyte antigen 86 [Ensembl NN prediction with score 99.98%]","-",26209828,26141503,FALSE,35016,35016,103341,"upstream","intergenic",FALSE,"intergenic"
"CM105774.1",78813456,-4.938720585,7.86e-07,0.037245067,"CM105774.1",78813456,78813456,55137,"CM105774.1",78868594,78870761,"gene:ENSBOLG00010013352","COMTD1","catechol-O-methyltransferase domain containing 1 [Ensembl NN prediction with score 100%]","+",78868594,78870761,FALSE,55138,55138,57305,"upstream","intergenic",FALSE,"intergenic"
"CM105765.1",134064805,-4.938234216,7.88e-07,0.037261585,"CM105765.1",134064805,134064805,0,"CM105765.1",133282075,134474553,"gene:ENSBOLG00010003122","PRKN","parkin RBR E3 ubiquitin protein ligase [Ensembl NN prediction with score 99.07%]","-",134474553,133282075,TRUE,409748,409748,782730,"overlapping","gene_body",FALSE,"intron"
"CM105769.1",59533494,-4.938301492,7.88e-07,0.037261585,"CM105769.1",59533494,59533494,112396,"CM105769.1",59645891,59665690,"gene:ENSBOLG00010001520","ATP1B1","ATPase Na+/K+ transporting subunit beta 1 [Ensembl NN prediction with score 100%]","+",59645891,59665690,FALSE,112397,112397,132196,"upstream","intergenic",FALSE,"intergenic"
"CM105775.1",62936360,-4.938071732,7.89e-07,0.037261585,"CM105775.1",62936360,62936360,0,"CM105775.1",62922823,63751507,"gene:ENSBOLG00010008123","NPAS3","neuronal PAS domain protein 3 [Ensembl NN prediction with score 100%]","-",63751507,62922823,TRUE,815147,815147,13537,"overlapping","gene_body",FALSE,"intron"
"CM105766.1",109306707,-4.937868039,7.9e-07,0.037264753,"CM105766.1",109306707,109306707,423364,"CM105766.1",109730072,109857048,"gene:ENSBOLG00010008431","MPDZ","multiple PDZ domain crumbs cell polarity complex component [Ensembl NN prediction with score 100%]","+",109730072,109857048,FALSE,423365,423365,550341,"upstream","intergenic",FALSE,"intergenic"
"CM105787.1",28468797,-4.937536371,7.91e-07,0.03729241,"CM105787.1",28468797,28468797,41510,"CM105787.1",28510308,28581733,"gene:ENSBOLG00010010025","TJP1","tight junction protein 1 [Ensembl NN prediction with score 100%]","-",28581733,28510308,FALSE,112936,112936,41511,"downstream","intergenic",FALSE,"intergenic"
"CM105782.1",59424216,4.936657154,7.95e-07,0.037425003,"CM105782.1",59424216,59424216,11068,"CM105782.1",59435285,59468653,"gene:ENSBOLG00010018706","KCNK1","potassium two pore domain channel subfamily K member 1 [Ensembl NN prediction with score 98.13%]","+",59435285,59468653,FALSE,11069,11069,44437,"upstream","intergenic",FALSE,"intergenic"
"CM105767.1",96829096,-4.93412178,8.05e-07,0.037715933,"CM105767.1",96829096,96829096,0,"CM105767.1",95894806,96871320,"gene:ENSBOLG00010000410","NTM","neurotrimin [Ensembl NN prediction with score 100%]","+",95894806,96871320,TRUE,934290,934290,42224,"overlapping","gene_body",FALSE,"intron"
"CM105768.1",9874829,4.934219058,8.05e-07,0.037715933,"CM105768.1",9874829,9874829,142174,"CM105768.1",10017004,10023109,"gene:ENSBOLG00010002447","NPY","neuropeptide Y [Ensembl NN prediction with score 100%]","+",10017004,10023109,FALSE,142175,142175,148280,"upstream","intergenic",FALSE,"intergenic"
"CM105770.1",85459525,-4.934097422,8.05e-07,0.037715933,"CM105770.1",85459525,85459525,53705,"CM105770.1",85326835,85405819,"gene:ENSBOLG00010006771","TECRL","trans-2,3-enoyl-CoA reductase like [Ensembl NN prediction with score 100%]","-",85405819,85326835,FALSE,53706,53706,132690,"upstream","intergenic",FALSE,"intergenic"
"CM105771.1",50512637,4.934623261,8.03e-07,0.037715933,"CM105771.1",50512637,50512637,0,"CM105771.1",50457667,50519822,"gene:ENSBOLG00010005264","GLP2R","glucagon like peptide 2 receptor [Ensembl NN prediction with score 93.05%]","-",50519822,50457667,TRUE,7185,7185,54970,"overlapping","gene_body",FALSE,"intron"
"CM105785.1",46029223,-4.934655164,8.03e-07,0.037715933,"CM105785.1",46029223,46029223,50862,"CM105785.1",45711641,45978360,"gene:ENSBOLG00010010490","STK39","serine/threonine kinase 39 [Ensembl NN prediction with score 99.87%]","-",45978360,45711641,FALSE,50863,50863,317582,"upstream","intergenic",FALSE,"intergenic"
"JBCDMM020000045.1",540215,4.934028569,8.06e-07,0.037715933,"JBCDMM020000045.1",540215,540215,103235,"JBCDMM020000045.1",434982,436979,"gene:ENSBOLG00010005554","PTPN11","protein tyrosine phosphatase non-receptor type 11 [Ensembl NN prediction with score 99.99%]","-",436979,434982,FALSE,103236,103236,105233,"upstream","intergenic",FALSE,"intergenic"
"CM105786.1",49062006,-4.933702389,8.07e-07,0.037743092,"CM105786.1",49062006,49062006,21587,"CM105786.1",49083594,49097914,"gene:ENSBOLG00010006066","MFAP3L","microfibril associated protein 3 like [Ensembl NN prediction with score 100%]","+",49083594,49097914,FALSE,21588,21588,35908,"upstream","intergenic",FALSE,"intergenic"
"CM105770.1",95862026,4.93253409,8.12e-07,0.037933559,"CM105770.1",95862026,95862026,25638,"CM105770.1",95544417,95836387,"gene:ENSBOLG00010001662","SHROOM3","shroom family member 3 [Ensembl NN prediction with score 99.99%]","+",95544417,95836387,FALSE,317609,317609,25639,"downstream","intergenic",FALSE,"intergenic"
"CM105764.1",135952464,-4.932323944,8.13e-07,0.037938376,"CM105764.1",135952464,135952464,142777,"CM105764.1",135739369,135809686,"gene:ENSBOLG00010020133","SGSM1","small G protein signaling modulator 1 [Ensembl NN prediction with score 100%]","-",135809686,135739369,FALSE,142778,142778,213095,"upstream","intergenic",FALSE,"intergenic"
"CM105782.1",32621654,4.93147448,8.16e-07,0.038067643,"CM105782.1",32621654,32621654,711116,"CM105782.1",31550513,31910537,"gene:ENSBOLG00010008446","CDH8","cadherin 8 [Ensembl NN prediction with score 100%]","-",31910537,31550513,FALSE,711117,711117,1071141,"upstream","intergenic",FALSE,"intergenic"
"CM105765.1",138888285,4.931269779,8.17e-07,0.038071476,"CM105765.1",138888285,138888285,33204,"CM105765.1",138921490,139013707,"gene:ENSBOLG00010000050","WDR27","WD repeat domain 27 [Ensembl NN prediction with score 100%]","-",139013707,138921490,FALSE,125422,125422,33205,"downstream","intergenic",FALSE,"intergenic"
"CM105767.1",40728282,-4.93086943,8.19e-07,0.038077476,"CM105767.1",40728282,40728282,17675,"CM105767.1",40745958,40746218,"gene:ENSBOLG00010002509","cox6b1","cytochrome c oxidase subunit 6B1 [Ensembl NN prediction with score 99.37%]","+",40745958,40746218,FALSE,17676,17676,17936,"upstream","intergenic",FALSE,"intergenic"
"CM105768.1",56489032,-4.93103424,8.18e-07,0.038077476,"CM105768.1",56489032,56489032,251596,"CM105768.1",56235923,56237435,"gene:ENSBOLG00010000688","OSR1","odd-skipped related transcription factor 1 [Ensembl NN prediction with score 100%]","+",56235923,56237435,FALSE,253109,253109,251597,"downstream","intergenic",FALSE,"intergenic"
"CM105768.1",67848064,4.929587256,8.24e-07,0.038183857,"CM105768.1",67848064,67848064,320438,"CM105768.1",68168503,68247717,"gene:ENSBOLG00010002455","DCDC2C","doublecortin domain containing 2C [Ensembl NN prediction with score 100%]","-",68247717,68168503,FALSE,399653,399653,320439,"downstream","intergenic",FALSE,"intergenic"
"CM105768.1",119039169,-4.929814727,8.23e-07,0.038183857,"CM105768.1",119039169,119039169,96066,"CM105768.1",119135236,119234627,"gene:ENSBOLG00010013943","AJAP1","adherens junctions associated protein 1 [Ensembl NN prediction with score 100%]","-",119234627,119135236,FALSE,195458,195458,96067,"downstream","intergenic",FALSE,"intergenic"
"CM105790.1",8667021,4.929940236,8.23e-07,0.038183857,"CM105790.1",8667021,8667021,567843,"CM105790.1",9234865,9235882,"gene:ENSBOLG00010004583","PHB","prohibitin [Ensembl NN prediction with score 100%]","-",9235882,9234865,FALSE,568861,568861,567844,"downstream","intergenic",FALSE,"intergenic"
"CM105790.1",12238594,-4.929597269,8.24e-07,0.038183857,"CM105790.1",12238594,12238594,0,"CM105790.1",12179825,12387793,"gene:ENSBOLG00010013273","ADAM22","ADAM metallopeptidase domain 22 [Ensembl NN prediction with score 100%]","+",12179825,12387793,TRUE,58769,58769,149199,"overlapping","gene_body",FALSE,"intron"
"CM105765.1",136032260,4.929294352,8.25e-07,0.038201912,"CM105765.1",136032260,136032260,340269,"CM105765.1",135690050,135691990,"gene:ENSBOLG00010003508","Pabpc6","poly(A) binding protein, cytoplasmic 6 [Ensembl NN prediction with score 100%]","+",135690050,135691990,FALSE,342210,342210,340270,"downstream","intergenic",FALSE,"intergenic"
"CM105779.1",57830818,4.928760346,8.28e-07,0.038201912,"CM105779.1",57830818,57830818,0,"CM105779.1",57806739,57833866,"gene:ENSBOLG00010010030","MMUT","methylmalonyl-CoA mutase [Ensembl NN prediction with score 94.3%]","+",57806739,57833866,TRUE,24079,24079,3048,"overlapping","gene_body",FALSE,"intron"
"CM105786.1",22660786,-4.928775561,8.27e-07,0.038201912,"CM105786.1",22660786,22660786,140067,"CM105786.1",22455467,22520718,"gene:ENSBOLG00010007421","FUT10","fucosyltransferase 10 [Ensembl NN prediction with score 100%]","+",22455467,22520718,FALSE,205319,205319,140068,"downstream","intergenic",FALSE,"intergenic"
"CM105788.1",27656086,4.928864572,8.27e-07,0.038201912,"CM105788.1",27656086,27656086,11922,"CM105788.1",27635549,27644163,"gene:ENSBOLG00010015070","PRRT4","proline rich transmembrane protein 4 [Ensembl NN prediction with score 100%]","-",27644163,27635549,FALSE,11923,11923,20537,"upstream","intergenic",FALSE,"intergenic"
"CM105766.1",63738579,4.927870259,8.31e-07,0.038270077,"CM105766.1",63738579,63738579,257374,"CM105766.1",63995954,64004740,"gene:ENSBOLG00010009908","MATN1","matrilin 1 [Ensembl NN prediction with score 100%]","-",64004740,63995954,FALSE,266161,266161,257375,"downstream","intergenic",FALSE,"intergenic"
"CM105767.1",64266560,-4.928161942,8.3e-07,0.038270077,"CM105767.1",64266560,64266560,54208,"CM105767.1",64320769,64375792,"gene:ENSBOLG00010003525","PIK3R4","phosphoinositide-3-kinase regulatory subunit 4 [Ensembl NN prediction with score 100%]","+",64320769,64375792,FALSE,54209,54209,109232,"upstream","intergenic",FALSE,"intergenic"
"CM105780.1",13159150,-4.927862772,8.31e-07,0.038270077,"CM105780.1",13159150,13159150,93186,"CM105780.1",12708701,13065963,"gene:ENSBOLG00010014895","XKR4","XK related 4 [Ensembl NN prediction with score 100%]","-",13065963,12708701,FALSE,93187,93187,450449,"upstream","intergenic",FALSE,"intergenic"
"CM105788.1",36910760,4.927554755,8.33e-07,0.038272957,"CM105788.1",36910760,36910760,153,"CM105788.1",36910914,36916786,"gene:ENSBOLG00010016117","ZC3HAV1L","zinc finger CCCH-type containing, antiviral 1 like [Ensembl NN prediction with score 100%]","-",36916786,36910914,FALSE,6026,6026,154,"downstream","downstream",FALSE,"downstream"
"CM105790.1",41230548,-4.927482749,8.33e-07,0.038272957,"CM105790.1",41230548,41230548,7344,"CM105790.1",41237893,41328994,"gene:ENSBOLG00010010170","SPATS2L","spermatogenesis associated serine rich 2 like [Ensembl NN prediction with score 100%]","+",41237893,41328994,FALSE,7345,7345,98446,"upstream","intergenic",FALSE,"intergenic"
"CM105771.1",94953767,-4.927001911,8.35e-07,0.038331436,"CM105771.1",94953767,94953767,13863,"CM105771.1",94814151,94939903,"gene:ENSBOLG00010001512","MAP2K6","mitogen-activated protein kinase kinase 6 [Ensembl NN prediction with score 99.99%]","+",94814151,94939903,FALSE,139616,139616,13864,"downstream","intergenic",FALSE,"intergenic"
"CM105786.1",53567138,-4.92679026,8.36e-07,0.0383372,"CM105786.1",53567138,53567138,0,"CM105786.1",53562344,53582642,"gene:ENSBOLG00010006325","TMEM192","transmembrane protein 192 [Ensembl NN prediction with score 100%]","+",53562344,53582642,TRUE,4794,4794,15504,"overlapping","gene_body",FALSE,"intron"
"CM105765.1",43115006,-4.92642571,8.37e-07,0.038372998,"CM105765.1",43115006,43115006,580407,"CM105765.1",43695414,43707849,"gene:ENSBOLG00010008564","Zfp619","zinc finger protein 619 [Ensembl NN prediction with score 98.1%]","-",43707849,43695414,FALSE,592843,592843,580408,"downstream","intergenic",FALSE,"intergenic"
"CM105784.1",14250369,4.925056951,8.43e-07,0.038606636,"CM105784.1",14250369,14250369,125242,"CM105784.1",14375612,14794860,"gene:ENSBOLG00010013395","FSTL5","follistatin like 5 [Ensembl NN prediction with score 100%]","-",14794860,14375612,FALSE,544491,544491,125243,"downstream","intergenic",FALSE,"intergenic"
"CM105766.1",56784177,-4.924365422,8.46e-07,0.038707395,"CM105766.1",56784177,56784177,51152,"CM105766.1",56835330,56937154,"gene:ENSBOLG00010000897","LRIG1","leucine rich repeats and immunoglobulin like domains 1 [Ensembl NN prediction with score 100%]","+",56835330,56937154,FALSE,51153,51153,152977,"upstream","intergenic",FALSE,"intergenic"
"CM105765.1",45061745,-4.924037861,8.48e-07,0.038736279,"CM105765.1",45061745,45061745,12029,"CM105765.1",45073775,45135547,"gene:ENSBOLG00010007477","URI1","URI1 prefoldin like chaperone [Ensembl NN prediction with score 100%]","+",45073775,45135547,FALSE,12030,12030,73802,"upstream","intergenic",FALSE,"intergenic"
"CM105764.1",22265613,4.923501127,8.5e-07,0.038806694,"CM105764.1",22265613,22265613,475900,"CM105764.1",22741514,22849557,"gene:ENSBOLG00010000097","USP25","ubiquitin specific peptidase 25 [Ensembl NN prediction with score 100%]","-",22849557,22741514,FALSE,583944,583944,475901,"downstream","intergenic",FALSE,"intergenic"
"CM105770.1",17488189,-4.92328505,8.51e-07,0.038813581,"CM105770.1",17488189,17488189,67046,"CM105770.1",17555236,17587018,"gene:ENSBOLG00010000468","PAPOLG","poly(A) polymerase gamma [Ensembl NN prediction with score 100%]","+",17555236,17587018,FALSE,67047,67047,98829,"upstream","intergenic",FALSE,"intergenic"
"CM105764.1",33274709,-4.922217635,8.56e-07,0.038881803,"CM105764.1",33274709,33274709,267210,"CM105764.1",32714038,33007498,"gene:ENSBOLG00010001294","CADM2","cell adhesion molecule 2 [Ensembl NN prediction with score 99.99%]","+",32714038,33007498,FALSE,560671,560671,267211,"downstream","intergenic",FALSE,"intergenic"
"CM105775.1",38553600,-4.922243249,8.56e-07,0.038881803,"CM105775.1",38553600,38553600,7863,"CM105775.1",38561464,38598612,"gene:ENSBOLG00010016829","SLC39A9","solute carrier family 39 member 9 [Ensembl NN prediction with score 100%]","-",38598612,38561464,FALSE,45012,45012,7864,"downstream","intergenic",FALSE,"intergenic"
"CM105776.1",81252412,4.922505505,8.54e-07,0.038881803,"CM105776.1",81252412,81252412,2376818,"CM105776.1",78805861,78875593,"gene:ENSBOLG00010012347","WAC","WW domain containing adaptor with coiled-coil [Ensembl NN prediction with score 100%]","+",78805861,78875593,FALSE,2446551,2446551,2376819,"downstream","intergenic",FALSE,"intergenic"
"CM105781.1",41465823,4.922479028,8.55e-07,0.038881803,"CM105781.1",41465823,41465823,0,"CM105781.1",41389981,41494420,"gene:ENSBOLG00010015397","ELOVL6","ELOVL fatty acid elongase 6 [Ensembl NN prediction with score 99.97%]","+",41389981,41494420,TRUE,75842,75842,28597,"overlapping","gene_body",FALSE,"intron"
"CM105764.1",33178890,-4.92113982,8.6e-07,0.038952704,"CM105764.1",33178890,33178890,171391,"CM105764.1",32714038,33007498,"gene:ENSBOLG00010001294","CADM2","cell adhesion molecule 2 [Ensembl NN prediction with score 99.99%]","+",32714038,33007498,FALSE,464852,464852,171392,"downstream","intergenic",FALSE,"intergenic"
"CM105766.1",30785929,-4.921187538,8.6e-07,0.038952704,"CM105766.1",30785929,30785929,44139,"CM105766.1",30830069,30849307,"gene:ENSBOLG00010016919",NA,NA,"+",30830069,30849307,FALSE,44140,44140,63378,"upstream","intergenic",FALSE,"intergenic"
"CM105777.1",71563157,-4.921142339,8.6e-07,0.038952704,"CM105777.1",71563157,71563157,0,"CM105777.1",71512024,71723547,"gene:ENSBOLG00010007818","KCTD1","potassium channel tetramerization domain containing 1 [Ensembl NN prediction with score 99.94%]","+",71512024,71723547,TRUE,51133,51133,160390,"overlapping","gene_body",FALSE,"intron"
"CM105781.1",41459236,4.921262921,8.6e-07,0.038952704,"CM105781.1",41459236,41459236,0,"CM105781.1",41389981,41494420,"gene:ENSBOLG00010015397","ELOVL6","ELOVL fatty acid elongase 6 [Ensembl NN prediction with score 99.97%]","+",41389981,41494420,TRUE,69255,69255,35184,"overlapping","gene_body",FALSE,"intron"
"CM105765.1",21689107,-4.919789928,8.66e-07,0.039186256,"CM105765.1",21689107,21689107,0,"CM105765.1",21595983,21810417,"gene:ENSBOLG00010005125","SP100","SP100 nuclear antigen [Ensembl NN prediction with score 99.9%]","+",21595983,21810417,TRUE,93124,93124,121310,"overlapping","gene_body",FALSE,"intron"
"CM105769.1",57241362,4.919501983,8.68e-07,0.039207907,"CM105769.1",57241362,57241362,6279,"CM105769.1",57247642,57325315,"gene:ENSBOLG00010001731","FAM78B","family with sequence similarity 78 member B [Ensembl NN prediction with score 99.61%]","-",57325315,57247642,FALSE,83953,83953,6280,"downstream","intergenic",FALSE,"intergenic"
"CM105764.1",5552155,-4.918205832,8.73e-07,0.039367796,"CM105764.1",5552155,5552155,0,"CM105764.1",5519286,5686617,"gene:ENSBOLG00010001951","HLCS","holocarboxylase synthetase [Ensembl NN prediction with score 99.29%]","+",5519286,5686617,TRUE,32869,32869,134462,"overlapping","gene_body",FALSE,"intron"
"CM105780.1",53845192,4.918442866,8.72e-07,0.039367796,"CM105780.1",53845192,53845192,298749,"CM105780.1",54143942,54145027,"gene:ENSBOLG00010008200","BHLHE22","basic helix-loop-helix family member e22 [Ensembl NN prediction with score 100%]","+",54143942,54145027,FALSE,298750,298750,299835,"upstream","intergenic",FALSE,"intergenic"
"CM105786.1",20266556,4.918166689,8.74e-07,0.039367796,"CM105786.1",20266556,20266556,1426,"CM105786.1",20267983,20788094,"gene:ENSBOLG00010010559","UNC5D","unc-5 netrin receptor D [Ensembl NN prediction with score 100%]","-",20788094,20267983,FALSE,521538,521538,1427,"downstream","downstream",FALSE,"downstream"
"CM105787.1",33911779,4.917584926,8.76e-07,0.039413505,"CM105787.1",33911779,33911779,252920,"CM105787.1",33646716,33658858,"gene:ENSBOLG00010003809","NR2F2","nuclear receptor subfamily 2 group F member 2 [Ensembl NN prediction with score 99.86%]","-",33658858,33646716,FALSE,252921,252921,265063,"upstream","intergenic",FALSE,"intergenic"
"CM105789.1",25062038,-4.91740227,8.77e-07,0.039413505,"CM105789.1",25062038,25062038,15311,"CM105789.1",25077350,25117150,"gene:ENSBOLG00010009752","E2F7","E2F transcription factor 7 [Ensembl NN prediction with score 100%]","+",25077350,25117150,FALSE,15312,15312,55112,"upstream","intergenic",FALSE,"intergenic"
"CM105789.1",25775608,-4.917483824,8.77e-07,0.039413505,"CM105789.1",25775608,25775608,3778,"CM105789.1",25779387,25804913,"gene:ENSBOLG00010009438","NAP1L1","nucleosome assembly protein 1 like 1 [Ensembl NN prediction with score 100%]","+",25779387,25804913,FALSE,3779,3779,29305,"upstream","intergenic",FALSE,"intergenic"
"CM105774.1",3781928,-4.916662035,8.8e-07,0.039526667,"CM105774.1",3781928,3781928,62657,"CM105774.1",3844586,3872114,"gene:ENSBOLG00010007612","RAP2A","RAP2A, member of RAS oncogene family [Ensembl NN prediction with score 99.97%]","-",3872114,3844586,FALSE,90186,90186,62658,"downstream","intergenic",FALSE,"intergenic"
"CM105790.1",34147942,4.915759927,8.84e-07,0.039672937,"CM105790.1",34147942,34147942,3104,"CM105790.1",34151047,34151466,"gene:ENSBOLG00010011163","CHCHD4","coiled-coil-helix-coiled-coil-helix domain containing 4 [Ensembl NN prediction with score 99.97%]","+",34151047,34151466,FALSE,3105,3105,3524,"upstream","intergenic",FALSE,"intergenic"
"CM105773.1",91561730,4.915378605,8.86e-07,0.039677901,"CM105773.1",91561730,91561730,825,"CM105773.1",91557349,91560904,"gene:ENSBOLG00010010820","MRGBP","MRG domain binding protein [Ensembl NN prediction with score 100%]","+",91557349,91560904,FALSE,4381,4381,826,"downstream","downstream",FALSE,"downstream"
"CM105781.1",62049943,4.915535499,8.85e-07,0.039677901,"CM105781.1",62049943,62049943,429187,"CM105781.1",61620242,61620755,"gene:ENSBOLG00010007442","RPL27A","ribosomal protein L27a [Ensembl NN prediction with score 99.98%]","-",61620755,61620242,FALSE,429188,429188,429701,"upstream","intergenic",FALSE,"intergenic"
"CM105769.1",44469097,4.915138568,8.87e-07,0.039690432,"CM105769.1",44469097,44469097,167258,"CM105769.1",44636356,44636992,"gene:ENSBOLG00010000378","rpl29","ribosomal protein L29 [Ensembl NN prediction with score 98%]","+",44636356,44636992,FALSE,167259,167259,167895,"upstream","intergenic",FALSE,"intergenic"
"CM105772.1",30598751,-4.91450761,8.9e-07,0.039755946,"CM105772.1",30598751,30598751,0,"CM105772.1",30358616,31506621,"gene:ENSBOLG00010011622","PRKG1","protein kinase cGMP-dependent 1 [Ensembl NN prediction with score 99.94%]","+",30358616,31506621,TRUE,240135,240135,907870,"overlapping","gene_body",FALSE,"intron"
"CM105788.1",35810499,-4.914459552,8.9e-07,0.039755946,"CM105788.1",35810499,35810499,0,"CM105788.1",35364523,35821532,"gene:ENSBOLG00010016605","DGKI","diacylglycerol kinase iota [Ensembl NN prediction with score 100%]","-",35821532,35364523,TRUE,11033,11033,445976,"overlapping","gene_body",FALSE,"intron"
"CM105766.1",96915972,-4.913698449,8.94e-07,0.039766325,"CM105766.1",96915972,96915972,0,"CM105766.1",96904329,97010470,"gene:ENSBOLG00010012352","TEK","TEK receptor tyrosine kinase [Ensembl NN prediction with score 100%]","-",97010470,96904329,TRUE,94498,94498,11643,"overlapping","gene_body",FALSE,"intron"
"CM105767.1",103696714,4.913967288,8.93e-07,0.039766325,"CM105767.1",103696714,103696714,0,"CM105767.1",103686778,103729379,"gene:ENSBOLG00010001683","Zfp810","zinc finger protein 810 [Ensembl NN prediction with score 100%]","+",103686778,103729379,TRUE,9936,9936,32665,"overlapping","gene_body",FALSE,"intron"
"CM105775.1",1520218,-4.91406229,8.92e-07,0.039766325,"CM105775.1",1520218,1520218,0,"CM105775.1",1375558,2106593,"gene:ENSBOLG00010021380","ptprn2","protein tyrosine phosphatase receptor type N2 [Ensembl NN prediction with score 100%]","-",2106593,1375558,TRUE,586375,586375,144660,"overlapping","gene_body",FALSE,"intron"
"CM105781.1",41462305,4.913761108,8.93e-07,0.039766325,"CM105781.1",41462305,41462305,0,"CM105781.1",41389981,41494420,"gene:ENSBOLG00010015397","ELOVL6","ELOVL fatty acid elongase 6 [Ensembl NN prediction with score 99.97%]","+",41389981,41494420,TRUE,72324,72324,32115,"overlapping","gene_body",FALSE,"intron"
"CM105773.1",48456033,-4.913182734,8.96e-07,0.039835095,"CM105773.1",48456033,48456033,148795,"CM105773.1",48604829,48650682,"gene:ENSBOLG00010017097","HAO1","hydroxyacid oxidase 1 [Ensembl NN prediction with score 100%]","-",48650682,48604829,FALSE,194649,194649,148796,"downstream","intergenic",FALSE,"intergenic"
"CM105771.1",97998354,4.91262473,8.99e-07,0.039840702,"CM105771.1",97998354,97998354,0,"CM105771.1",97721942,98068719,"gene:ENSBOLG00010001515","SLC39A11","solute carrier family 39 member 11 [Ensembl NN prediction with score 100%]","-",98068719,97721942,TRUE,70365,70365,276412,"overlapping","gene_body",FALSE,"intron"
"CM105773.1",89479680,4.912632652,8.99e-07,0.039840702,"CM105773.1",89479680,89479680,93670,"CM105773.1",89339286,89386009,"gene:ENSBOLG00010010785","CDH26","cadherin 26 [Ensembl NN prediction with score 99.96%]","+",89339286,89386009,FALSE,140394,140394,93671,"downstream","intergenic",FALSE,"intergenic"
"CM105784.1",16584501,4.912713555,8.98e-07,0.039840702,"CM105784.1",16584501,16584501,4164,"CM105784.1",16588666,16647122,"gene:ENSBOLG00010013373","BCHE","butyrylcholinesterase [Ensembl NN prediction with score 100%]","+",16588666,16647122,FALSE,4165,4165,62621,"upstream","intergenic",FALSE,"intergenic"
"CM105777.1",25488198,-4.911806132,9.02e-07,0.039971421,"CM105777.1",25488198,25488198,83836,"CM105777.1",25572035,25585122,"gene:ENSBOLG00010017061","Spink10","serine peptidase inhibitor, Kazal type 10 [Ensembl NN prediction with score 78.7%]","-",25585122,25572035,FALSE,96924,96924,83837,"downstream","intergenic",FALSE,"intergenic"
"CM105784.1",36801770,-4.910203231,9.1e-07,0.040263308,"CM105784.1",36801770,36801770,5679,"CM105784.1",36807450,36820967,"gene:ENSBOLG00010006241","PCDH18","protocadherin 18 [Ensembl NN prediction with score 100%]","+",36807450,36820967,FALSE,5680,5680,19197,"upstream","intergenic",FALSE,"intergenic"
"CM105766.1",30797503,-4.908718275,9.17e-07,0.040496493,"CM105766.1",30797503,30797503,32565,"CM105766.1",30830069,30849307,"gene:ENSBOLG00010016919",NA,NA,"+",30830069,30849307,FALSE,32566,32566,51804,"upstream","intergenic",FALSE,"intergenic"
"CM105768.1",5027149,-4.90883769,9.16e-07,0.040496493,"CM105768.1",5027149,5027149,0,"CM105768.1",4946801,5820396,"gene:ENSBOLG00010002792","DPP6","dipeptidyl peptidase like 6 [Ensembl NN prediction with score 100%]","-",5820396,4946801,TRUE,793247,793247,80348,"overlapping","gene_body",FALSE,"intron"
"CM105769.1",97958417,-4.908460156,9.18e-07,0.040513451,"CM105769.1",97958417,97958417,0,"CM105769.1",97471229,98258274,"gene:ENSBOLG00010015159",NA,NA,"+",97471229,98258274,TRUE,487188,487188,299857,"overlapping","gene_body",FALSE,"intron"
"CM105765.1",5467831,-4.907713785,9.21e-07,0.04052488,"CM105765.1",5467831,5467831,0,"CM105765.1",5000032,6026775,"gene:ENSBOLG00010000517","ERBB4","erb-b2 receptor tyrosine kinase 4 [Ensembl NN prediction with score 100%]","-",6026775,5000032,TRUE,558944,558944,467799,"overlapping","gene_body",FALSE,"intron"
"CM105770.1",16064572,4.907351998,9.23e-07,0.04052488,"CM105770.1",16064572,16064572,824847,"CM105770.1",15239407,15239724,"gene:ENSBOLG00010000507","Rpl36-ps3","ribosomal protein L36, pseudogene 3 [Ensembl NN prediction with score 86.04%]","-",15239724,15239407,FALSE,824848,824848,825165,"upstream","intergenic",FALSE,"intergenic"
"CM105774.1",45327059,-4.907656324,9.22e-07,0.04052488,"CM105774.1",45327059,45327059,0,"CM105774.1",45257096,45441513,"gene:ENSBOLG00010007696","LRCH1","leucine rich repeats and calponin homology domain containing 1 [Ensembl NN prediction with score 100%]","+",45257096,45441513,TRUE,69963,69963,114454,"overlapping","gene_body",FALSE,"intron"
"CM105777.1",59697923,-4.908140728,9.19e-07,0.04052488,"CM105777.1",59697923,59697923,651913,"CM105777.1",59045755,59046009,"gene:ENSBOLG00010015068","RPS27L","ribosomal protein S27 like [Ensembl NN prediction with score 99.75%]","+",59045755,59046009,FALSE,652168,652168,651914,"downstream","intergenic",FALSE,"intergenic"
"CM105779.1",14933660,-4.90746482,9.23e-07,0.04052488,"CM105779.1",14933660,14933660,459399,"CM105779.1",14471692,14474260,"gene:ENSBOLG00010010245","ZWINT","ZW10 interacting kinetochore protein [Ensembl NN prediction with score 99.94%]","-",14474260,14471692,FALSE,459400,459400,461968,"upstream","intergenic",FALSE,"intergenic"
"CM105784.1",46361312,4.907482686,9.23e-07,0.04052488,"CM105784.1",46361312,46361312,81449,"CM105784.1",46250423,46279862,"gene:ENSBOLG00010007795",NA,NA,"+",46250423,46279862,FALSE,110889,110889,81450,"downstream","intergenic",FALSE,"intergenic"
"CM105782.1",21194640,-4.906937281,9.25e-07,0.040538303,"CM105782.1",21194640,21194640,144050,"CM105782.1",21009879,21050589,"gene:ENSBOLG00010017210","CYLD","CYLD lysine 63 deubiquitinase [Ensembl NN prediction with score 100%]","+",21009879,21050589,FALSE,184761,184761,144051,"downstream","intergenic",FALSE,"intergenic"
"CM105785.1",10653675,4.906953541,9.25e-07,0.040538303,"CM105785.1",10653675,10653675,0,"CM105785.1",10549613,10675385,"gene:ENSBOLG00010011567","FNBP1","formin binding protein 1 [Ensembl NN prediction with score 100%]","+",10549613,10675385,TRUE,104062,104062,21710,"overlapping","gene_body",FALSE,"intron"
"CM105783.1",30750660,-4.906302887,9.28e-07,0.040633393,"CM105783.1",30750660,30750660,0,"CM105783.1",30611092,30785016,"gene:ENSBOLG00010006921","ZFAT","zinc finger and AT-hook domain containing [Ensembl NN prediction with score 100%]","-",30785016,30611092,TRUE,34356,34356,139568,"overlapping","gene_body",FALSE,"intron"
"CM105789.1",25056322,-4.905958694,9.3e-07,0.040668541,"CM105789.1",25056322,25056322,21027,"CM105789.1",25077350,25117150,"gene:ENSBOLG00010009752","E2F7","E2F transcription factor 7 [Ensembl NN prediction with score 100%]","+",25077350,25117150,FALSE,21028,21028,60828,"upstream","intergenic",FALSE,"intergenic"
"CM105768.1",94992012,4.90553467,9.32e-07,0.040697107,"CM105768.1",94992012,94992012,0,"CM105768.1",94986553,94997220,"gene:ENSBOLG00010000638","FBXO41","F-box protein 41 [Ensembl NN prediction with score 100%]","+",94986553,94997220,TRUE,5459,5459,5208,"overlapping","gene_body",TRUE,"exon"
"CM105769.1",45152639,4.90495052,9.35e-07,0.040697107,"CM105769.1",45152639,45152639,35880,"CM105769.1",44835585,45116758,"gene:ENSBOLG00010000346","UBE2E2","ubiquitin conjugating enzyme E2 E2 [Ensembl NN prediction with score 99.99%]","+",44835585,45116758,FALSE,317054,317054,35881,"downstream","intergenic",FALSE,"intergenic"
"CM105775.1",1553347,-4.905258968,9.33e-07,0.040697107,"CM105775.1",1553347,1553347,0,"CM105775.1",1375558,2106593,"gene:ENSBOLG00010021380","ptprn2","protein tyrosine phosphatase receptor type N2 [Ensembl NN prediction with score 100%]","-",2106593,1375558,TRUE,553246,553246,177789,"overlapping","gene_body",FALSE,"intron"
"CM105784.1",38914228,4.90539112,9.32e-07,0.040697107,"CM105784.1",38914228,38914228,547671,"CM105784.1",39461900,39463012,"gene:ENSBOLG00010006296","PABPC4L","poly(A) binding protein cytoplasmic 4 like [Ensembl NN prediction with score 100%]","+",39461900,39463012,FALSE,547672,547672,548784,"upstream","intergenic",FALSE,"intergenic"
"CM105788.1",35834501,-4.904977299,9.34e-07,0.040697107,"CM105788.1",35834501,35834501,12968,"CM105788.1",35364523,35821532,"gene:ENSBOLG00010016605","DGKI","diacylglycerol kinase iota [Ensembl NN prediction with score 100%]","-",35821532,35364523,FALSE,12969,12969,469978,"upstream","intergenic",FALSE,"intergenic"
"CM105779.1",17598664,4.904436877,9.37e-07,0.04076766,"CM105779.1",17598664,17598664,51916,"CM105779.1",17504569,17546747,"gene:ENSBOLG00010009863","RHOBTB1","Rho related BTB domain containing 1 [Ensembl NN prediction with score 100%]","-",17546747,17504569,FALSE,51917,51917,94095,"upstream","intergenic",FALSE,"intergenic"
"CM105764.1",33282705,-4.903929177,9.39e-07,0.040837121,"CM105764.1",33282705,33282705,275206,"CM105764.1",32714038,33007498,"gene:ENSBOLG00010001294","CADM2","cell adhesion molecule 2 [Ensembl NN prediction with score 99.99%]","+",32714038,33007498,FALSE,568667,568667,275207,"downstream","intergenic",FALSE,"intergenic"
"CM105775.1",45360992,-4.903104194,9.43e-07,0.040972877,"CM105775.1",45360992,45360992,0,"CM105775.1",45290021,45490599,"gene:ENSBOLG00010011268","Prkch","protein kinase C eta [Ensembl NN prediction with score 100%]","-",45490599,45290021,TRUE,129607,129607,70971,"overlapping","gene_body",FALSE,"intron"
"CM105764.1",118157292,4.902843026,9.45e-07,0.04099123,"CM105764.1",118157292,118157292,0,"CM105764.1",117838180,118255842,"gene:ENSBOLG00010002967","CALN1","calneuron 1 [Ensembl NN prediction with score 100%]","-",118255842,117838180,TRUE,98550,98550,319112,"overlapping","gene_body",FALSE,"intron"
"CM105766.1",69752057,-4.90236256,9.47e-07,0.041055442,"CM105766.1",69752057,69752057,0,"CM105766.1",69747340,69754516,"gene:ENSBOLG00010008532","SNIP1","Smad nuclear interacting protein 1 [Ensembl NN prediction with score 100%]","-",69754516,69747340,TRUE,2459,2459,4717,"overlapping","gene_body",FALSE,"intron"
"CM105770.1",21561461,4.900489217,9.56e-07,0.041412398,"CM105770.1",21561461,21561461,267337,"CM105770.1",21187700,21294123,"gene:ENSBOLG00010003725","SPRED2","sprouty related EVH1 domain containing 2 [Ensembl NN prediction with score 100%]","-",21294123,21187700,FALSE,267338,267338,373761,"upstream","intergenic",FALSE,"intergenic"
"CM105764.1",79354606,4.9002976,9.57e-07,0.041416352,"CM105764.1",79354606,79354606,0,"CM105764.1",79311573,79507616,"gene:ENSBOLG00010001659","VPS8","VPS8 subunit of CORVET complex [Ensembl NN prediction with score 100%]","-",79507616,79311573,TRUE,153010,153010,43033,"overlapping","gene_body",FALSE,"intron"
"CM105778.1",23173970,-4.899774452,9.59e-07,0.041466444,"CM105778.1",23173970,23173970,185948,"CM105778.1",23359919,23417372,"gene:ENSBOLG00010010899","CDH6","cadherin 6 [Ensembl NN prediction with score 100%]","+",23359919,23417372,FALSE,185949,185949,243402,"upstream","intergenic",FALSE,"intergenic"
"CM105787.1",27047626,4.89971483,9.6e-07,0.041466444,"CM105787.1",27047626,27047626,0,"CM105787.1",26979287,27095925,"gene:ENSBOLG00010009835","OTUD7A","OTU deubiquitinase 7A [Ensembl NN prediction with score 100%]","+",26979287,27095925,TRUE,68339,68339,48299,"overlapping","gene_body",FALSE,"intron"
"CM105771.1",46798218,4.898819753,9.64e-07,0.041619221,"CM105771.1",46798218,46798218,0,"CM105771.1",46736499,46846894,"gene:ENSBOLG00010005056","COX10","cytochrome c oxidase assembly factor heme A:farnesyltransferase COX10 [Ensembl NN prediction with score 100%]","-",46846894,46736499,TRUE,48676,48676,61719,"overlapping","gene_body",FALSE,"intron"
"CM105766.1",7674245,-4.897997683,9.68e-07,0.041757046,"CM105766.1",7674245,7674245,376030,"CM105766.1",7224164,7298214,"gene:ENSBOLG00010002764","BCAT1","branched chain amino acid transaminase 1 [Ensembl NN prediction with score 99.9%]","+",7224164,7298214,FALSE,450081,450081,376031,"downstream","intergenic",FALSE,"intergenic"
"CM105775.1",53279535,4.897383813,9.71e-07,0.041850984,"CM105775.1",53279535,53279535,265267,"CM105775.1",53544803,53580903,"gene:ENSBOLG00010005451","MIS18BP1","MIS18 binding protein 1 [Ensembl NN prediction with score 97.95%]","+",53544803,53580903,FALSE,265268,265268,301368,"upstream","intergenic",FALSE,"intergenic"
"CM105764.1",113979992,-4.896626939,9.75e-07,0.041900706,"CM105764.1",113979992,113979992,79659,"CM105764.1",113895921,113900332,"gene:ENSBOLG00010002635","TMEM270","transmembrane protein 270 [Ensembl NN prediction with score 100%]","+",113895921,113900332,FALSE,84071,84071,79660,"downstream","intergenic",FALSE,"intergenic"
"CM105771.1",73570193,-4.896092468,9.78e-07,0.041900706,"CM105771.1",73570193,73570193,46645,"CM105771.1",73616839,73617537,"gene:ENSBOLG00010002125","NOG","noggin [Ensembl NN prediction with score 100%]","-",73617537,73616839,FALSE,47344,47344,46646,"downstream","intergenic",FALSE,"intergenic"
"CM105775.1",44766157,-4.896615904,9.75e-07,0.041900706,"CM105775.1",44766157,44766157,42177,"CM105775.1",44808335,45056049,"gene:ENSBOLG00010012342","SYT16","synaptotagmin 16 [Ensembl NN prediction with score 100%]","-",45056049,44808335,FALSE,289892,289892,42178,"downstream","intergenic",FALSE,"intergenic"
"CM105778.1",69252160,-4.896001768,9.78e-07,0.041900706,"CM105778.1",69252160,69252160,0,"CM105778.1",69027538,69569107,"gene:ENSBOLG00010005410","ADGRV1","adhesion G protein-coupled receptor V1 [Ensembl NN prediction with score 100%]","+",69027538,69569107,TRUE,224622,224622,316947,"overlapping","gene_body",FALSE,"intron"
"CM105783.1",6237145,-4.896922475,9.73e-07,0.041900706,"CM105783.1",6237145,6237145,0,"CM105783.1",6212914,6292448,"gene:ENSBOLG00010006936","LRP12","LDL receptor related protein 12 [Ensembl NN prediction with score 100%]","-",6292448,6212914,TRUE,55303,55303,24231,"overlapping","gene_body",FALSE,"intron"
"CM105785.1",50478901,4.895949013,9.78e-07,0.041900706,"CM105785.1",50478901,50478901,0,"CM105785.1",50462087,50499754,"gene:ENSBOLG00010010276","CIR1","corepressor interacting with RBPJ, CIR1 [Ensembl NN prediction with score 100%]","-",50499754,50462087,TRUE,20853,20853,16814,"overlapping","gene_body",FALSE,"intron"
"JBCDMM020000036.1",172750,4.896141517,9.77e-07,0.041900706,"JBCDMM020000036.1",172750,172750,NA,NA,NA,NA,NA,NA,NA,"+",NA,NA,NA,NA,NA,NA,"overlapping","intergenic",FALSE,"intergenic"
"CM105764.1",77467468,4.894199883,9.87e-07,0.0420705,"CM105764.1",77467468,77467468,2532,"CM105764.1",77470001,77580735,"gene:ENSBOLG00010001769","ST6GAL1","ST6 beta-galactoside alpha-2,6-sialyltransferase 1 [Ensembl NN prediction with score 99.69%]","-",77580735,77470001,FALSE,113267,113267,2533,"downstream","intergenic",FALSE,"intergenic"
"CM105765.1",136833633,4.894508063,9.86e-07,0.0420705,"CM105765.1",136833633,136833633,0,"CM105765.1",136458968,136902447,"gene:ENSBOLG00010003155","PDE10A","phosphodiesterase 10A [Ensembl NN prediction with score 99.98%]","-",136902447,136458968,TRUE,68814,68814,374665,"overlapping","gene_body",FALSE,"intron"
"CM105767.1",25698936,4.894850613,9.84e-07,0.0420705,"CM105767.1",25698936,25698936,0,"CM105767.1",25689338,25711095,"gene:ENSBOLG00010018196","APH1B","aph-1 homolog B, gamma-secretase subunit [Ensembl NN prediction with score 97.46%]","-",25711095,25689338,TRUE,12159,12159,9598,"overlapping","gene_body",FALSE,"intron"
"CM105778.1",3450304,4.89431576,9.86e-07,0.0420705,"CM105778.1",3450304,3450304,11033,"CM105778.1",3461338,3510837,"gene:ENSBOLG00010007103","ICE1","interactor of little elongation complex ELL subunit 1 [Ensembl NN prediction with score 99.82%]","+",3461338,3510837,FALSE,11034,11034,60533,"upstream","intergenic",FALSE,"intergenic"
"CM105779.1",413278,4.894279132,9.87e-07,0.0420705,"CM105779.1",413278,413278,1874,"CM105779.1",410411,411403,"gene:ENSBOLG00010023504","Olfr129","olfactory receptor 129 [Ensembl NN prediction with score 100%]","-",411403,410411,FALSE,1875,1875,2867,"upstream","promoter",FALSE,"promoter"
"CM105783.1",27743916,-4.894129465,9.87e-07,0.0420705,"CM105783.1",27743916,27743916,53872,"CM105783.1",27475114,27690043,"gene:ENSBOLG00010007422","ADCY8","adenylate cyclase 8 [Ensembl NN prediction with score 99.99%]","-",27690043,27475114,FALSE,53873,53873,268802,"upstream","intergenic",FALSE,"intergenic"
"CM105789.1",10519396,-4.892603333,9.95e-07,0.042361475,"CM105789.1",10519396,10519396,8883,"CM105789.1",10486436,10510512,"gene:ENSBOLG00010009204","NDUFA12","NADH:ubiquinone oxidoreductase subunit A12 [Ensembl NN prediction with score 100%]","+",10486436,10510512,FALSE,32960,32960,8884,"downstream","intergenic",FALSE,"intergenic"
"CM105776.1",52078592,4.89229842,9.97e-07,0.042390505,"CM105776.1",52078592,52078592,526099,"CM105776.1",51018473,51552492,"gene:ENSBOLG00010008511","ADARB2","adenosine deaminase RNA specific B2 (inactive) [Ensembl NN prediction with score 100%]","-",51552492,51018473,FALSE,526100,526100,1060119,"upstream","intergenic",FALSE,"intergenic"
"CM105764.1",22356139,4.891415521,1e-06,0.042434427,"CM105764.1",22356139,22356139,385374,"CM105764.1",22741514,22849557,"gene:ENSBOLG00010000097","USP25","ubiquitin specific peptidase 25 [Ensembl NN prediction with score 100%]","-",22849557,22741514,FALSE,493418,493418,385375,"downstream","intergenic",FALSE,"intergenic"
"CM105767.1",64263693,-4.891486043,1e-06,0.042434427,"CM105767.1",64263693,64263693,57075,"CM105767.1",64320769,64375792,"gene:ENSBOLG00010003525","PIK3R4","phosphoinositide-3-kinase regulatory subunit 4 [Ensembl NN prediction with score 100%]","+",64320769,64375792,FALSE,57076,57076,112099,"upstream","intergenic",FALSE,"intergenic"
"CM105780.1",67889489,4.8917136,1e-06,0.042434427,"CM105780.1",67889489,67889489,44188,"CM105780.1",67933678,68058923,"gene:ENSBOLG00010013212","MRPS28","mitochondrial ribosomal protein S28 [Ensembl NN prediction with score 99.97%]","-",68058923,67933678,FALSE,169434,169434,44189,"downstream","intergenic",FALSE,"intergenic"
"CM105783.1",12281343,-4.891902606,9.99e-07,0.042434427,"CM105783.1",12281343,12281343,30791,"CM105783.1",12312135,13381689,"gene:ENSBOLG00010013435","CSMD3","CUB and Sushi multiple domains 3 [Ensembl NN prediction with score 100%]","-",13381689,12312135,FALSE,1100346,1100346,30792,"downstream","intergenic",FALSE,"intergenic"
"CM105767.1",43473450,4.890272804,1.01e-06,0.042532449,"CM105767.1",43473450,43473450,107348,"CM105767.1",43364028,43366101,"gene:ENSBOLG00010000812",NA,NA,"+",43364028,43366101,FALSE,109422,109422,107349,"downstream","intergenic",FALSE,"intergenic"
"CM105769.1",17202737,4.889778266,1.01e-06,0.042532449,"CM105769.1",17202737,17202737,0,"CM105769.1",17184870,17222370,"gene:ENSBOLG00010018499","DESI2","desumoylating isopeptidase 2 [Ensembl NN prediction with score 100%]","-",17222370,17184870,TRUE,19633,19633,17867,"overlapping","gene_body",FALSE,"intron"
"CM105771.1",84326790,-4.889964608,1.01e-06,0.042532449,"CM105771.1",84326790,84326790,14248,"CM105771.1",84293777,84312541,"gene:ENSBOLG00010021068","Krtap9-5","keratin associated protein 9-5 [Ensembl NN prediction with score 86.92%]","+",84293777,84312541,FALSE,33013,33013,14249,"downstream","intergenic",FALSE,"intergenic"
"CM105775.1",28268177,-4.890322675,1.01e-06,0.042532449,"CM105775.1",28268177,28268177,8016,"CM105775.1",28276194,28317991,"gene:ENSBOLG00010013210","SEL1L","SEL1L adaptor subunit of ERAD E3 ubiquitin ligase [Ensembl NN prediction with score 100%]","+",28276194,28317991,FALSE,8017,8017,49814,"upstream","intergenic",FALSE,"intergenic"
"CM105782.1",14653754,4.889849345,1.01e-06,0.042532449,"CM105782.1",14653754,14653754,203893,"CM105782.1",14857648,14890741,"gene:ENSBOLG00010015697","USP38","ubiquitin specific peptidase 38 [Ensembl NN prediction with score 100%]","+",14857648,14890741,FALSE,203894,203894,236987,"upstream","intergenic",FALSE,"intergenic"
"CM105782.1",22358525,4.890178539,1.01e-06,0.042532449,"CM105782.1",22358525,22358525,277973,"CM105782.1",22636499,22739945,"gene:ENSBOLG00010017301","TOX3","TOX high mobility group box family member 3 [Ensembl NN prediction with score 100%]","-",22739945,22636499,FALSE,381420,381420,277974,"downstream","intergenic",FALSE,"intergenic"
"CM105784.1",44847589,4.890129937,1.01e-06,0.042532449,"CM105784.1",44847589,44847589,487008,"CM105784.1",44297181,44360580,"gene:ENSBOLG00010007821","INTU","inturned planar cell polarity protein [Ensembl NN prediction with score 100%]","-",44360580,44297181,FALSE,487009,487009,550408,"upstream","intergenic",FALSE,"intergenic"
"CM105789.1",31144216,4.8894949,1.01e-06,0.04255728,"CM105789.1",31144216,31144216,11504,"CM105789.1",31155721,31197852,"gene:ENSBOLG00010006864","BEST3","bestrophin 3 [Ensembl NN prediction with score 100%]","+",31155721,31197852,FALSE,11505,11505,53636,"upstream","intergenic",FALSE,"intergenic"
"CM105764.1",33272918,-4.8890002,1.01e-06,0.042560529,"CM105764.1",33272918,33272918,265419,"CM105764.1",32714038,33007498,"gene:ENSBOLG00010001294","CADM2","cell adhesion molecule 2 [Ensembl NN prediction with score 99.99%]","+",32714038,33007498,FALSE,558880,558880,265420,"downstream","intergenic",FALSE,"intergenic"
"CM105765.1",5467693,-4.889011154,1.01e-06,0.042560529,"CM105765.1",5467693,5467693,0,"CM105765.1",5000032,6026775,"gene:ENSBOLG00010000517","ERBB4","erb-b2 receptor tyrosine kinase 4 [Ensembl NN prediction with score 100%]","-",6026775,5000032,TRUE,559082,559082,467661,"overlapping","gene_body",FALSE,"intron"
"CM105777.1",73402166,-4.888975285,1.01e-06,0.042560529,"CM105777.1",73402166,73402166,185896,"CM105777.1",73588063,73603285,"gene:ENSBOLG00010005507","HRH4","histamine receptor H4 [Ensembl NN prediction with score 99.86%]","-",73603285,73588063,FALSE,201119,201119,185897,"downstream","intergenic",FALSE,"intergenic"
"CM105787.1",24793586,4.8887707,1.01e-06,0.042568456,"CM105787.1",24793586,24793586,0,"CM105787.1",24589371,24953235,"gene:ENSBOLG00010009694","GABRB3","gamma-aminobutyric acid type A receptor subunit beta3 [Ensembl NN prediction with score 100%]","-",24953235,24589371,TRUE,159649,159649,204215,"overlapping","gene_body",FALSE,"intron"
"CM105778.1",1489703,4.888285796,1.02e-06,0.04263707,"CM105778.1",1489703,1489703,245562,"CM105778.1",1735266,1738767,"gene:ENSBOLG00010006683","IRX2","iroquois homeobox 2 [Ensembl NN prediction with score 100%]","-",1738767,1735266,FALSE,249064,249064,245563,"downstream","intergenic",FALSE,"intergenic"
"CM105778.1",48378860,4.887927233,1.02e-06,0.042678425,"CM105778.1",48378860,48378860,0,"CM105778.1",47996141,48580351,"gene:ENSBOLG00010015667","MAST4","microtubule associated serine/threonine kinase family member 4 [Ensembl NN prediction with score 99.88%]","+",47996141,48580351,TRUE,382719,382719,201491,"overlapping","gene_body",FALSE,"intron"
"CM105775.1",20803720,4.887541366,1.02e-06,0.04272577,"CM105775.1",20803720,20803720,0,"CM105775.1",20758790,21022212,"gene:ENSBOLG00010013086","FOXN3","forkhead box N3 [Ensembl NN prediction with score 100%]","+",20758790,21022212,TRUE,44930,44930,218492,"overlapping","gene_body",FALSE,"intron"
"CM105764.1",35490151,4.886038409,1.03e-06,0.042788182,"CM105764.1",35490151,35490151,117242,"CM105764.1",35607394,35913132,"gene:ENSBOLG00010001286","EPHA3","EPH receptor A3 [Ensembl NN prediction with score 100%]","+",35607394,35913132,FALSE,117243,117243,422981,"upstream","intergenic",FALSE,"intergenic"
"CM105764.1",111810504,4.88674172,1.03e-06,0.042788182,"CM105764.1",111810504,111810504,0,"CM105764.1",111809363,111822092,"gene:ENSBOLG00010009813","FIS1","fission, mitochondrial 1 [Ensembl NN prediction with score 100%]","-",111822092,111809363,TRUE,11588,11588,1141,"overlapping","gene_body",FALSE,"intron"
"CM105764.1",115869234,4.885480295,1.03e-06,0.042788182,"CM105764.1",115869234,115869234,276956,"CM105764.1",116146191,117237516,"gene:ENSBOLG00010003108","AUTS2","activator of transcription and developmental regulator AUTS2 [Ensembl NN prediction with score 99.99%]","+",116146191,117237516,FALSE,276957,276957,1368282,"upstream","intergenic",FALSE,"intergenic"
"CM105765.1",131300420,4.884836073,1.04e-06,0.042788182,"CM105765.1",131300420,131300420,3864,"CM105765.1",131289903,131296555,"gene:ENSBOLG00010003328","GTF2H5","general transcription factor IIH subunit 5 [Ensembl NN prediction with score 100%]","+",131289903,131296555,FALSE,10517,10517,3865,"downstream","intergenic",FALSE,"intergenic"
"CM105766.1",105790142,4.884654966,1.04e-06,0.042788182,"CM105766.1",105790142,105790142,0,"CM105766.1",105539974,105951028,"gene:ENSBOLG00010008416","SH3GL2","SH3 domain containing GRB2 like 2, endophilin A1 [Ensembl NN prediction with score 100%]","-",105951028,105539974,TRUE,160886,160886,250168,"overlapping","gene_body",FALSE,"intron"
"CM105773.1",60239924,4.885046386,1.03e-06,0.042788182,"CM105773.1",60239924,60239924,3343,"CM105773.1",59972419,60236580,"gene:ENSBOLG00010008089","RALGAPA2","Ral GTPase activating protein catalytic subunit alpha 2 [Ensembl NN prediction with score 100%]","-",60236580,59972419,FALSE,3344,3344,267505,"upstream","intergenic",FALSE,"intergenic"
"CM105776.1",16406019,-4.886656011,1.03e-06,0.042788182,"CM105776.1",16406019,16406019,152597,"CM105776.1",16558617,16579930,"gene:ENSBOLG00010013871","TPMT","thiopurine S-methyltransferase [Ensembl NN prediction with score 99.97%]","+",16558617,16579930,FALSE,152598,152598,173911,"upstream","intergenic",FALSE,"intergenic"
"CM105776.1",52079346,4.884426494,1.04e-06,0.042788182,"CM105776.1",52079346,52079346,526853,"CM105776.1",51018473,51552492,"gene:ENSBOLG00010008511","ADARB2","adenosine deaminase RNA specific B2 (inactive) [Ensembl NN prediction with score 100%]","-",51552492,51018473,FALSE,526854,526854,1060873,"upstream","intergenic",FALSE,"intergenic"
"CM105778.1",10338053,-4.885142542,1.03e-06,0.042788182,"CM105778.1",10338053,10338053,0,"CM105778.1",10190126,10435436,"gene:ENSBOLG00010006642","DNAH5","dynein axonemal heavy chain 5 [Ensembl NN prediction with score 100%]","-",10435436,10190126,TRUE,97383,97383,147927,"overlapping","gene_body",FALSE,"intron"
"CM105778.1",56709064,4.884843345,1.04e-06,0.042788182,"CM105778.1",56709064,56709064,59393,"CM105778.1",56768458,56776268,"gene:ENSBOLG00010008868","OTP","orthopedia homeobox [Ensembl NN prediction with score 100%]","-",56776268,56768458,FALSE,67204,67204,59394,"downstream","intergenic",FALSE,"intergenic"
"CM105778.1",69204222,-4.885576036,1.03e-06,0.042788182,"CM105778.1",69204222,69204222,0,"CM105778.1",69027538,69569107,"gene:ENSBOLG00010005410","ADGRV1","adhesion G protein-coupled receptor V1 [Ensembl NN prediction with score 100%]","+",69027538,69569107,TRUE,176684,176684,364885,"overlapping","gene_body",TRUE,"exon"
"CM105782.1",13025958,4.886993959,1.02e-06,0.042788182,"CM105782.1",13025958,13025958,0,"CM105782.1",12939686,13146828,"gene:ENSBOLG00010014870","RNF150","ring finger protein 150 [Ensembl NN prediction with score 100%]","-",13146828,12939686,TRUE,120870,120870,86272,"overlapping","gene_body",FALSE,"intron"
"CM105783.1",29310986,4.884563774,1.04e-06,0.042788182,"CM105783.1",29310986,29310986,0,"CM105783.1",29223707,29400830,"gene:ENSBOLG00010006995","TG","thyroglobulin [Ensembl NN prediction with score 100%]","+",29223707,29400830,TRUE,87279,87279,89844,"overlapping","gene_body",FALSE,"intron"
"CM105787.1",6729959,4.885417204,1.03e-06,0.042788182,"CM105787.1",6729959,6729959,3783,"CM105787.1",6725441,6726175,"gene:ENSBOLG00010010191","EMG1","EMG1 N1-specific pseudouridine methyltransferase [Ensembl NN prediction with score 100%]","-",6726175,6725441,FALSE,3784,3784,4518,"upstream","intergenic",FALSE,"intergenic"
"CM105787.1",34288959,4.884981325,1.03e-06,0.042788182,"CM105787.1",34288959,34288959,630100,"CM105787.1",33646716,33658858,"gene:ENSBOLG00010003809","NR2F2","nuclear receptor subfamily 2 group F member 2 [Ensembl NN prediction with score 99.86%]","-",33658858,33646716,FALSE,630101,630101,642243,"upstream","intergenic",FALSE,"intergenic"
"CM105788.1",35668184,-4.885021424,1.03e-06,0.042788182,"CM105788.1",35668184,35668184,0,"CM105788.1",35364523,35821532,"gene:ENSBOLG00010016605","DGKI","diacylglycerol kinase iota [Ensembl NN prediction with score 100%]","-",35821532,35364523,TRUE,153348,153348,303661,"overlapping","gene_body",FALSE,"intron"
"CM105790.1",8670887,4.885761014,1.03e-06,0.042788182,"CM105790.1",8670887,8670887,563977,"CM105790.1",9234865,9235882,"gene:ENSBOLG00010004583","PHB","prohibitin [Ensembl NN prediction with score 100%]","-",9235882,9234865,FALSE,564995,564995,563978,"downstream","intergenic",FALSE,"intergenic"
"CM105772.1",56577578,-4.884099873,1.04e-06,0.042823266,"CM105772.1",56577578,56577578,0,"CM105772.1",56572149,56583681,"gene:ENSBOLG00010022946",NA,NA,"-",56583681,56572149,TRUE,6103,6103,5429,"overlapping","gene_body",FALSE,"intron"
"CM105786.1",24678475,4.883449488,1.04e-06,0.042928869,"CM105786.1",24678475,24678475,0,"CM105786.1",24671518,24725579,"gene:ENSBOLG00010007669","GTF2E2","general transcription factor IIE subunit 2 [Ensembl NN prediction with score 100%]","+",24671518,24725579,TRUE,6957,6957,47104,"overlapping","gene_body",FALSE,"intron"
"CM105778.1",69446114,-4.883092608,1.04e-06,0.042970712,"CM105778.1",69446114,69446114,0,"CM105778.1",69027538,69569107,"gene:ENSBOLG00010005410","ADGRV1","adhesion G protein-coupled receptor V1 [Ensembl NN prediction with score 100%]","+",69027538,69569107,TRUE,418576,418576,122993,"overlapping","gene_body",FALSE,"intron"
"CM105776.1",52044642,4.882908028,1.05e-06,0.042975038,"CM105776.1",52044642,52044642,492149,"CM105776.1",51018473,51552492,"gene:ENSBOLG00010008511","ADARB2","adenosine deaminase RNA specific B2 (inactive) [Ensembl NN prediction with score 100%]","-",51552492,51018473,FALSE,492150,492150,1026169,"upstream","intergenic",FALSE,"intergenic"
"CM105776.1",47253940,-4.882663072,1.05e-06,0.04299256,"CM105776.1",47253940,47253940,0,"CM105776.1",47242748,47322689,"gene:ENSBOLG00010008645","NID1","nidogen 1 [Ensembl NN prediction with score 100%]","-",47322689,47242748,TRUE,68749,68749,11192,"overlapping","gene_body",FALSE,"intron"
"CM105764.1",107267189,4.88238261,1.05e-06,0.043005993,"CM105764.1",107267189,107267189,10824,"CM105764.1",106937017,107256364,"gene:ENSBOLG00010009825","MAD1L1","mitotic arrest deficient 1 like 1 [Ensembl NN prediction with score 100%]","+",106937017,107256364,FALSE,330172,330172,10825,"downstream","intergenic",FALSE,"intergenic"
"CM105774.1",74040753,-4.88227267,1.05e-06,0.043005993,"CM105774.1",74040753,74040753,83709,"CM105774.1",74124463,74259516,"gene:ENSBOLG00010013123","PELI2","pellino E3 ubiquitin protein ligase family member 2 [Ensembl NN prediction with score 96.96%]","+",74124463,74259516,FALSE,83710,83710,218763,"upstream","intergenic",FALSE,"intergenic"
"CM105765.1",14347376,4.881329376,1.05e-06,0.043168092,"CM105765.1",14347376,14347376,96928,"CM105765.1",14250013,14250447,"gene:ENSBOLG00010001218","rps15","ribosomal protein S15 [Ensembl NN prediction with score 98.71%]","+",14250013,14250447,FALSE,97363,97363,96929,"downstream","intergenic",FALSE,"intergenic"
"CM105771.1",84596186,4.881202637,1.05e-06,0.043168092,"CM105771.1",84596186,84596186,0,"CM105771.1",84596100,84599999,"gene:ENSBOLG00010022202","krt15","keratin 15 [Ensembl NN prediction with score 99.95%]","-",84599999,84596100,TRUE,3813,3813,86,"overlapping","gene_body",TRUE,"exon"
"CM105776.1",42611251,-4.881024967,1.06e-06,0.043171091,"CM105776.1",42611251,42611251,0,"CM105776.1",42547304,42701331,"gene:ENSBOLG00010008327","VPS41","VPS41 subunit of HOPS complex [Ensembl NN prediction with score 100%]","-",42701331,42547304,TRUE,90080,90080,63947,"overlapping","gene_body",FALSE,"intron"
"CM105772.1",92039656,4.8806514,1.06e-06,0.04319366,"CM105772.1",92039656,92039656,48376,"CM105772.1",92088033,92242712,"gene:ENSBOLG00010005300","PARVA","parvin alpha [Ensembl NN prediction with score 100%]","-",92242712,92088033,FALSE,203056,203056,48377,"downstream","intergenic",FALSE,"intergenic"
"CM105785.1",54317820,4.88059435,1.06e-06,0.04319366,"CM105785.1",54317820,54317820,64391,"CM105785.1",54382212,54681381,"gene:ENSBOLG00010007792","Zfp385b","zinc finger protein 385B [Ensembl NN prediction with score 99.87%]","-",54681381,54382212,FALSE,363561,363561,64392,"downstream","intergenic",FALSE,"intergenic"
"CM105772.1",73320412,-4.879961137,1.06e-06,0.043296642,"CM105772.1",73320412,73320412,0,"CM105772.1",73301775,73364489,"gene:ENSBOLG00010011985","CSMD1","CUB and Sushi multiple domains 1 [Ensembl NN prediction with score 91.2%]","-",73364489,73301775,TRUE,44077,44077,18637,"overlapping","gene_body",FALSE,"intron"
"CM105784.1",16607730,4.879057947,1.07e-06,0.043459325,"CM105784.1",16607730,16607730,0,"CM105784.1",16588666,16647122,"gene:ENSBOLG00010013373","BCHE","butyrylcholinesterase [Ensembl NN prediction with score 100%]","+",16588666,16647122,TRUE,19064,19064,39392,"overlapping","gene_body",FALSE,"intron"
"CM105765.1",8476021,-4.878755321,1.07e-06,0.043490017,"CM105765.1",8476021,8476021,3296,"CM105765.1",8406763,8472724,"gene:ENSBOLG00010000477","FN1","fibronectin 1 [Ensembl NN prediction with score 100%]","-",8472724,8406763,FALSE,3297,3297,69258,"upstream","intergenic",FALSE,"intergenic"
"CM105775.1",26880211,4.878494075,1.07e-06,0.043501636,"CM105775.1",26880211,26880211,576541,"CM105775.1",26303105,26303669,"gene:ENSBOLG00010013219","COX4I1","cytochrome c oxidase subunit 4I1 [Ensembl NN prediction with score 100%]","+",26303105,26303669,FALSE,577106,577106,576542,"downstream","intergenic",FALSE,"intergenic"
"CM105776.1",16369715,-4.87821331,1.07e-06,0.043501636,"CM105776.1",16369715,16369715,135271,"CM105776.1",16220468,16234443,"gene:ENSBOLG00010013958","Fbxw17","F-box and WD-40 domain protein 17 [Ensembl NN prediction with score 99.99%]","-",16234443,16220468,FALSE,135272,135272,149247,"upstream","intergenic",FALSE,"intergenic"
"CM105781.1",7247987,4.878324929,1.07e-06,0.043501636,"CM105781.1",7247987,7247987,0,"CM105781.1",7228783,7253590,"gene:ENSBOLG00010019763","RORC","RAR related orphan receptor C [Ensembl NN prediction with score 100%]","+",7228783,7253590,TRUE,19204,19204,5603,"overlapping","gene_body",FALSE,"intron"
"CM105770.1",14226408,-4.877444253,1.07e-06,0.043635499,"CM105770.1",14226408,14226408,122783,"CM105770.1",14103178,14103624,"gene:ENSBOLG00010000483","elob","elongin B [Ensembl NN prediction with score 97.47%]","-",14103624,14103178,FALSE,122784,122784,123230,"upstream","intergenic",FALSE,"intergenic"
"CM105764.1",118715237,-4.87715277,1.08e-06,0.043663979,"CM105764.1",118715237,118715237,1394,"CM105764.1",118716632,118732360,"gene:ENSBOLG00010002788","asl","argininosuccinate lyase [Ensembl NN prediction with score 100%]","+",118716632,118732360,FALSE,1395,1395,17123,"upstream","promoter",FALSE,"promoter"
"CM105767.1",36883685,-4.876461809,1.08e-06,0.04376617,"CM105767.1",36883685,36883685,2952,"CM105767.1",36867920,36880732,"gene:ENSBOLG00010002372","GCM1","glial cells missing transcription factor 1 [Ensembl NN prediction with score 100%]","+",36867920,36880732,FALSE,15765,15765,2953,"downstream","intergenic",FALSE,"intergenic"
"CM105786.1",22682135,-4.876366343,1.08e-06,0.04376617,"CM105786.1",22682135,22682135,161416,"CM105786.1",22455467,22520718,"gene:ENSBOLG00010007421","FUT10","fucosyltransferase 10 [Ensembl NN prediction with score 100%]","+",22455467,22520718,FALSE,226668,226668,161417,"downstream","intergenic",FALSE,"intergenic"
"CM105771.1",59698689,-4.87585063,1.08e-06,0.043844594,"CM105771.1",59698689,59698689,0,"CM105771.1",59665354,59707551,"gene:ENSBOLG00010018891","SLC43A2","solute carrier family 43 member 2 [Ensembl NN prediction with score 99.98%]","+",59665354,59707551,TRUE,33335,33335,8862,"overlapping","gene_body",FALSE,"intron"
"CM105768.1",5011717,-4.875324027,1.09e-06,0.043889537,"CM105768.1",5011717,5011717,0,"CM105768.1",4946801,5820396,"gene:ENSBOLG00010002792","DPP6","dipeptidyl peptidase like 6 [Ensembl NN prediction with score 100%]","-",5820396,4946801,TRUE,808679,808679,64916,"overlapping","gene_body",FALSE,"intron"
"CM105776.1",20236220,4.875478595,1.09e-06,0.043889537,"CM105776.1",20236220,20236220,2870,"CM105776.1",20239091,20334310,"gene:ENSBOLG00010015851","GFOD1","glucose-fructose oxidoreductase domain containing 1 [Ensembl NN prediction with score 100%]","+",20239091,20334310,FALSE,2871,2871,98090,"upstream","intergenic",FALSE,"intergenic"
"CM105786.1",54388119,-4.875005553,1.09e-06,0.04392434,"CM105786.1",54388119,54388119,126457,"CM105786.1",54514577,54995045,"gene:ENSBOLG00010006750","MARCHF1","membrane associated ring-CH-type finger 1 [Ensembl NN prediction with score 100%]","+",54514577,54995045,FALSE,126458,126458,606926,"upstream","intergenic",FALSE,"intergenic"
"CM105766.1",30755087,4.874116991,1.09e-06,0.043953447,"CM105766.1",30755087,30755087,72315,"CM105766.1",30574373,30682771,"gene:ENSBOLG00010019059","CECR2","CECR2 histone acetyl-lysine reader [Ensembl NN prediction with score 100%]","-",30682771,30574373,FALSE,72316,72316,180714,"upstream","intergenic",FALSE,"intergenic"
"CM105770.1",33387214,4.874284797,1.09e-06,0.043953447,"CM105770.1",33387214,33387214,0,"CM105770.1",33337053,33394851,"gene:ENSBOLG00010016681","CCM2","CCM2 scaffold protein [Ensembl NN prediction with score 100%]","-",33394851,33337053,TRUE,7637,7637,50161,"overlapping","gene_body",FALSE,"intron"
"CM105780.1",64751516,-4.874450885,1.09e-06,0.043953447,"CM105780.1",64751516,64751516,49959,"CM105780.1",64801476,64958823,"gene:ENSBOLG00010013209","ZFHX4","zinc finger homeobox 4 [Ensembl NN prediction with score 100%]","+",64801476,64958823,FALSE,49960,49960,207307,"upstream","intergenic",FALSE,"intergenic"
"CM105785.1",38143507,-4.874477452,1.09e-06,0.043953447,"CM105785.1",38143507,38143507,0,"CM105785.1",38096857,38311077,"gene:ENSBOLG00010003757","BAZ2B","bromodomain adjacent to zinc finger domain 2B [Ensembl NN prediction with score 99.95%]","-",38311077,38096857,TRUE,167570,167570,46650,"overlapping","gene_body",FALSE,"intron"
"CM105786.1",31809766,4.874066646,1.09e-06,0.043953447,"CM105786.1",31809766,31809766,154975,"CM105786.1",31635778,31654790,"gene:ENSBOLG00010006003","frg1","FSHD region gene 1 [Ensembl NN prediction with score 100%]","-",31654790,31635778,FALSE,154976,154976,173988,"upstream","intergenic",FALSE,"intergenic"
"CM105782.1",21041069,-4.873523649,1.1e-06,0.044038507,"CM105782.1",21041069,21041069,0,"CM105782.1",21009879,21050589,"gene:ENSBOLG00010017210","CYLD","CYLD lysine 63 deubiquitinase [Ensembl NN prediction with score 100%]","+",21009879,21050589,TRUE,31190,31190,9520,"overlapping","gene_body",FALSE,"intron"
"CM105768.1",86456752,4.873188969,1.1e-06,0.044067774,"CM105768.1",86456752,86456752,1329111,"CM105768.1",87785864,88835111,"gene:ENSBOLG00010000651","CTNNA2","catenin alpha 2 [Ensembl NN prediction with score 100%]","-",88835111,87785864,FALSE,2378359,2378359,1329112,"downstream","intergenic",FALSE,"intergenic"
"CM105784.1",16584686,4.873070316,1.1e-06,0.044067774,"CM105784.1",16584686,16584686,3979,"CM105784.1",16588666,16647122,"gene:ENSBOLG00010013373","BCHE","butyrylcholinesterase [Ensembl NN prediction with score 100%]","+",16588666,16647122,FALSE,3980,3980,62436,"upstream","intergenic",FALSE,"intergenic"
"CM105765.1",81542350,4.872534092,1.1e-06,0.044151606,"CM105765.1",81542350,81542350,220877,"CM105765.1",81763228,81888694,"gene:ENSBOLG00010013488","HACE1","HECT domain and ankyrin repeat containing E3 ubiquitin protein ligase 1 [Ensembl NN prediction with score 100%]","-",81888694,81763228,FALSE,346344,346344,220878,"downstream","intergenic",FALSE,"intergenic"
"CM105781.1",41898278,4.871813603,1.11e-06,0.044266577,"CM105781.1",41898278,41898278,0,"CM105781.1",41859948,41922374,"gene:ENSBOLG00010015445","MCUB","mitochondrial calcium uniporter dominant negative subunit beta [Ensembl NN prediction with score 100%]","-",41922374,41859948,TRUE,24096,24096,38330,"overlapping","gene_body",FALSE,"intron"
"CM105784.1",8905368,-4.871699005,1.11e-06,0.044266577,"CM105784.1",8905368,8905368,125121,"CM105784.1",8773695,8780246,"gene:ENSBOLG00010006018","SFRP2","secreted frizzled related protein 2 [Ensembl NN prediction with score 100%]","-",8780246,8773695,FALSE,125122,125122,131673,"upstream","intergenic",FALSE,"intergenic"
"CM105766.1",86820675,-4.871475963,1.11e-06,0.044280587,"CM105766.1",86820675,86820675,67525,"CM105766.1",86888201,86964241,"gene:ENSBOLG00010019104","plpp3","phospholipid phosphatase 3 [Ensembl NN prediction with score 100%]","-",86964241,86888201,FALSE,143566,143566,67526,"downstream","intergenic",FALSE,"intergenic"
"CM105787.1",33683506,4.870743978,1.11e-06,0.044408887,"CM105787.1",33683506,33683506,24647,"CM105787.1",33646716,33658858,"gene:ENSBOLG00010003809","NR2F2","nuclear receptor subfamily 2 group F member 2 [Ensembl NN prediction with score 99.86%]","-",33658858,33646716,FALSE,24648,24648,36790,"upstream","intergenic",FALSE,"intergenic"
"CM105765.1",124812846,4.870358214,1.11e-06,0.044459592,"CM105765.1",124812846,124812846,0,"CM105765.1",124808368,124902553,"gene:ENSBOLG00010003351","PPP1R14C","protein phosphatase 1 regulatory inhibitor subunit 14C [Ensembl NN prediction with score 100%]","+",124808368,124902553,TRUE,4478,4478,89707,"overlapping","gene_body",FALSE,"intron"
"CM105785.1",14145319,4.869572383,1.12e-06,0.044585924,"CM105785.1",14145319,14145319,39008,"CM105785.1",14021472,14106310,"gene:ENSBOLG00010011335","RXRA","retinoid X receptor alpha [Ensembl NN prediction with score 99.8%]","-",14106310,14021472,FALSE,39009,39009,123847,"upstream","intergenic",FALSE,"intergenic"
"CM105786.1",39593222,4.869317331,1.12e-06,0.044585924,"CM105786.1",39593222,39593222,1323078,"CM105786.1",37823814,38270143,"gene:ENSBOLG00010006012","TENM3","teneurin transmembrane protein 3 [Ensembl NN prediction with score 100%]","-",38270143,37823814,FALSE,1323079,1323079,1769408,"upstream","intergenic",FALSE,"intergenic"
"CM105787.1",46833322,-4.869444142,1.12e-06,0.044585924,"CM105787.1",46833322,46833322,0,"CM105787.1",46695728,46851867,"gene:ENSBOLG00010017421","ARNT2","aryl hydrocarbon receptor nuclear translocator 2 [Ensembl NN prediction with score 100%]","-",46851867,46695728,TRUE,18545,18545,137594,"overlapping","gene_body",FALSE,"intron"
"CM105780.1",36558446,-4.868723961,1.12e-06,0.044683837,"CM105780.1",36558446,36558446,1373007,"CM105780.1",37931454,37933274,"gene:ENSBOLG00010011758","LINGO2","leucine rich repeat and Ig domain containing 2 [Ensembl NN prediction with score 100%]","+",37931454,37933274,FALSE,1373008,1373008,1374828,"upstream","intergenic",FALSE,"intergenic"
"CM105767.1",3411540,-4.867435857,1.13e-06,0.044939641,"CM105767.1",3411540,3411540,59033,"CM105767.1",3324404,3352506,"gene:ENSBOLG00010002849","CTNNB1","catenin beta 1 [Ensembl NN prediction with score 100%]","-",3352506,3324404,FALSE,59034,59034,87136,"upstream","intergenic",FALSE,"intergenic"
"CM105769.1",7425707,-4.866998769,1.13e-06,0.044966463,"CM105769.1",7425707,7425707,136347,"CM105769.1",7077551,7289359,"gene:ENSBOLG00010006258","ESRRG","estrogen related receptor gamma [Ensembl NN prediction with score 100%]","-",7289359,7077551,FALSE,136348,136348,348156,"upstream","intergenic",FALSE,"intergenic"
"CM105775.1",28479720,4.867017496,1.13e-06,0.044966463,"CM105775.1",28479720,28479720,0,"CM105775.1",28379774,28493362,"gene:ENSBOLG00010013215","STON2","stonin 2 [Ensembl NN prediction with score 100%]","+",28379774,28493362,TRUE,99946,99946,13642,"overlapping","gene_body",FALSE,"intron"
"CM105775.1",44754248,-4.866806617,1.13e-06,0.044973917,"CM105775.1",44754248,44754248,54086,"CM105775.1",44808335,45056049,"gene:ENSBOLG00010012342","SYT16","synaptotagmin 16 [Ensembl NN prediction with score 100%]","-",45056049,44808335,FALSE,301801,301801,54087,"downstream","intergenic",FALSE,"intergenic"
"CM105786.1",16441244,4.866580544,1.14e-06,0.044989117,"CM105786.1",16441244,16441244,43230,"CM105786.1",16484475,16486338,"gene:ENSBOLG00010010649","TCIM","transcriptional and immune response regulator [Ensembl NN prediction with score 91.61%]","-",16486338,16484475,FALSE,45094,45094,43231,"downstream","intergenic",FALSE,"intergenic"
"CM105764.1",32229496,-4.865536224,1.14e-06,0.045139547,"CM105764.1",32229496,32229496,484541,"CM105764.1",32714038,33007498,"gene:ENSBOLG00010001294","CADM2","cell adhesion molecule 2 [Ensembl NN prediction with score 99.99%]","+",32714038,33007498,FALSE,484542,484542,778002,"upstream","intergenic",FALSE,"intergenic"
"CM105764.1",113627619,4.865692912,1.14e-06,0.045139547,"CM105764.1",113627619,113627619,0,"CM105764.1",113618410,113628488,"gene:ENSBOLG00010003008","TBL2","transducin beta like 2 [Ensembl NN prediction with score 100%]","-",113628488,113618410,TRUE,869,869,9209,"overlapping","gene_body",FALSE,"intron"
"CM105782.1",49697064,4.865443372,1.14e-06,0.045139547,"CM105782.1",49697064,49697064,4405,"CM105782.1",49675557,49692658,"gene:ENSBOLG00010016055","ATMIN","ATM interactor [Ensembl NN prediction with score 99.98%]","+",49675557,49692658,FALSE,21507,21507,4406,"downstream","intergenic",FALSE,"intergenic"
"CM105784.1",45587254,-4.864858939,1.15e-06,0.045236797,"CM105784.1",45587254,45587254,176139,"CM105784.1",45763394,45897585,"gene:ENSBOLG00010007891","FAT4","FAT atypical cadherin 4 [Ensembl NN prediction with score 100%]","-",45897585,45763394,FALSE,310331,310331,176140,"downstream","intergenic",FALSE,"intergenic"
"CM105768.1",38673144,4.864617379,1.15e-06,0.045255756,"CM105768.1",38673144,38673144,0,"CM105768.1",38661509,38716334,"gene:ENSBOLG00010002666","KCNK12","potassium two pore domain channel subfamily K member 12 [Ensembl NN prediction with score 100%]","-",38716334,38661509,TRUE,43190,43190,11635,"overlapping","gene_body",FALSE,"intron"
"CM105764.1",108495070,-4.864078742,1.15e-06,0.045270246,"CM105764.1",108495070,108495070,0,"CM105764.1",108473736,108526306,"gene:ENSBOLG00010009423","FAM20C","FAM20C golgi associated secretory pathway kinase [Ensembl NN prediction with score 99.98%]","-",108526306,108473736,TRUE,31236,31236,21334,"overlapping","gene_body",FALSE,"intron"
"CM105766.1",4800322,4.864224252,1.15e-06,0.045270246,"CM105766.1",4800322,4800322,59349,"CM105766.1",4554987,4740972,"gene:ENSBOLG00010002748","CCDC91","coiled-coil domain containing 91 [Ensembl NN prediction with score 100%]","-",4740972,4554987,FALSE,59350,59350,245335,"upstream","intergenic",FALSE,"intergenic"
"CM105779.1",42391523,-4.864289263,1.15e-06,0.045270246,"CM105779.1",42391523,42391523,0,"CM105779.1",42382718,42415234,"gene:ENSBOLG00010012490",NA,NA,"+",42382718,42415234,TRUE,8805,8805,23711,"overlapping","gene_body",FALSE,"intron"
"CM105769.1",43580500,4.863562584,1.15e-06,0.045352234,"CM105769.1",43580500,43580500,185838,"CM105769.1",43108357,43394661,"gene:ENSBOLG00010000350","ZNF385D","zinc finger protein 385D [Ensembl NN prediction with score 95.21%]","-",43394661,43108357,FALSE,185839,185839,472143,"upstream","intergenic",FALSE,"intergenic"
"CM105784.1",16607067,4.863300917,1.15e-06,0.045375985,"CM105784.1",16607067,16607067,0,"CM105784.1",16588666,16647122,"gene:ENSBOLG00010013373","BCHE","butyrylcholinesterase [Ensembl NN prediction with score 100%]","+",16588666,16647122,TRUE,18401,18401,40055,"overlapping","gene_body",FALSE,"intron"
"CM105767.1",11499898,-4.863018633,1.16e-06,0.045404504,"CM105767.1",11499898,11499898,490108,"CM105767.1",11005768,11009789,"gene:ENSBOLG00010022355","AFF1","AF4/FMR2 family member 1 [Ensembl NN prediction with score 99.91%]","-",11009789,11005768,FALSE,490109,490109,494130,"upstream","intergenic",FALSE,"intergenic"
"CM105767.1",60511240,4.862736995,1.16e-06,0.045432919,"CM105767.1",60511240,60511240,0,"CM105767.1",60480883,60920315,"gene:ENSBOLG00010000949","EPHB1","EPH receptor B1 [Ensembl NN prediction with score 100%]","-",60920315,60480883,TRUE,409075,409075,30357,"overlapping","gene_body",FALSE,"intron"
"CM105775.1",1573840,-4.862234103,1.16e-06,0.045476,"CM105775.1",1573840,1573840,0,"CM105775.1",1375558,2106593,"gene:ENSBOLG00010021380","ptprn2","protein tyrosine phosphatase receptor type N2 [Ensembl NN prediction with score 100%]","-",2106593,1375558,TRUE,532753,532753,198282,"overlapping","gene_body",FALSE,"intron"
"CM105777.1",46712871,4.86226772,1.16e-06,0.045476,"CM105777.1",46712871,46712871,0,"CM105777.1",46689617,46951540,"gene:ENSBOLG00010010107","KCTD16","potassium channel tetramerization domain containing 16 [Ensembl NN prediction with score 100%]","-",46951540,46689617,TRUE,238669,238669,23254,"overlapping","gene_body",FALSE,"intron"
"CM105765.1",19584317,-4.861895737,1.16e-06,0.045517583,"CM105765.1",19584317,19584317,119,"CM105765.1",19584437,19584940,"gene:ENSBOLG00010001132",NA,NA,"+",19584437,19584940,FALSE,120,120,623,"upstream","promoter",FALSE,"promoter"
"CM105768.1",5068911,-4.85994967,1.17e-06,0.045930765,"CM105768.1",5068911,5068911,0,"CM105768.1",4946801,5820396,"gene:ENSBOLG00010002792","DPP6","dipeptidyl peptidase like 6 [Ensembl NN prediction with score 100%]","-",5820396,4946801,TRUE,751485,751485,122110,"overlapping","gene_body",FALSE,"intron"
"CM105766.1",28741286,-4.859268928,1.18e-06,0.046052353,"CM105766.1",28741286,28741286,12107,"CM105766.1",28753394,28761461,"gene:ENSBOLG00010007929","Clec4a3","C-type lectin domain family 4, member a3 [Ensembl NN prediction with score 99.97%]","-",28761461,28753394,FALSE,20175,20175,12108,"downstream","intergenic",FALSE,"intergenic"
"CM105770.1",43745608,-4.858478581,1.18e-06,0.046182469,"CM105770.1",43745608,43745608,229166,"CM105770.1",43974775,44004321,"gene:ENSBOLG00010013999","HS3ST1","heparan sulfate-glucosamine 3-sulfotransferase 1 [Ensembl NN prediction with score 100%]","-",44004321,43974775,FALSE,258713,258713,229167,"downstream","intergenic",FALSE,"intergenic"
"CM105774.1",14559923,4.858395924,1.18e-06,0.046182469,"CM105774.1",14559923,14559923,52748,"CM105774.1",14505084,14507174,"gene:ENSBOLG00010004090","SLITRK1","SLIT and NTRK like family member 1 [Ensembl NN prediction with score 100%]","+",14505084,14507174,FALSE,54839,54839,52749,"downstream","intergenic",FALSE,"intergenic"
"CM105771.1",98039163,4.857733643,1.19e-06,0.04628949,"CM105771.1",98039163,98039163,0,"CM105771.1",97721942,98068719,"gene:ENSBOLG00010001515","SLC39A11","solute carrier family 39 member 11 [Ensembl NN prediction with score 100%]","-",98068719,97721942,TRUE,29556,29556,317221,"overlapping","gene_body",FALSE,"intron"
"CM105777.1",53232288,4.857623644,1.19e-06,0.04628949,"CM105777.1",53232288,53232288,0,"CM105777.1",53217702,53418495,"gene:ENSBOLG00010014945","EPB41L4A","erythrocyte membrane protein band 4.1 like 4A [Ensembl NN prediction with score 100%]","+",53217702,53418495,TRUE,14586,14586,186207,"overlapping","gene_body",FALSE,"intron"
"CM105783.1",18866961,-4.856858068,1.19e-06,0.046431983,"CM105783.1",18866961,18866961,29744,"CM105783.1",18697911,18837216,"gene:ENSBOLG00010013379","DEPTOR","DEP domain containing MTOR interacting protein [Ensembl NN prediction with score 100%]","+",18697911,18837216,FALSE,169050,169050,29745,"downstream","intergenic",FALSE,"intergenic"
"CM105769.1",58045681,-4.856618746,1.19e-06,0.046451362,"CM105769.1",58045681,58045681,0,"CM105769.1",58030004,58058043,"gene:ENSBOLG00010001818","dusp27","dual specificity phosphatase 27 (putative) [Ensembl NN prediction with score 70.21%]","+",58030004,58058043,TRUE,15677,15677,12362,"overlapping","gene_body",FALSE,"intron"
"CM105764.1",29390816,4.855761319,1.2e-06,0.046573889,"CM105764.1",29390816,29390816,0,"CM105764.1",29167203,29414059,"gene:ENSBOLG00010000103","GBE1","1,4-alpha-glucan branching enzyme 1 [Ensembl NN prediction with score 100%]","-",29414059,29167203,TRUE,23243,23243,223613,"overlapping","gene_body",FALSE,"intron"
"CM105782.1",20229338,-4.855687075,1.2e-06,0.046573889,"CM105782.1",20229338,20229338,0,"CM105782.1",19946163,20249200,"gene:ENSBOLG00010016960","Zfp423","zinc finger protein 423 [Ensembl NN prediction with score 99.66%]","-",20249200,19946163,TRUE,19862,19862,283175,"overlapping","gene_body",FALSE,"intron"
"CM105783.1",64511613,4.855627552,1.2e-06,0.046573889,"CM105783.1",64511613,64511613,0,"CM105783.1",64504631,64519357,"gene:ENSBOLG00010014579","ACVRL1","activin A receptor like type 1 [Ensembl NN prediction with score 100%]","+",64504631,64519357,TRUE,6982,6982,7744,"overlapping","gene_body",TRUE,"exon"
"CM105769.1",79449883,-4.853827379,1.21e-06,0.046912281,"CM105769.1",79449883,79449883,76704,"CM105769.1",79526588,79531345,"gene:ENSBOLG00010007586","RGS1","regulator of G protein signaling 1 [Ensembl NN prediction with score 100%]","+",79526588,79531345,FALSE,76705,76705,81462,"upstream","intergenic",FALSE,"intergenic"
"CM105773.1",89427099,4.85399579,1.21e-06,0.046912281,"CM105773.1",89427099,89427099,41089,"CM105773.1",89339286,89386009,"gene:ENSBOLG00010010785","CDH26","cadherin 26 [Ensembl NN prediction with score 99.96%]","+",89339286,89386009,FALSE,87813,87813,41090,"downstream","intergenic",FALSE,"intergenic"
"CM105783.1",6235742,-4.853724564,1.21e-06,0.046912281,"CM105783.1",6235742,6235742,0,"CM105783.1",6212914,6292448,"gene:ENSBOLG00010006936","LRP12","LDL receptor related protein 12 [Ensembl NN prediction with score 100%]","-",6292448,6212914,TRUE,56706,56706,22828,"overlapping","gene_body",FALSE,"intron"
"CM105764.1",32197498,-4.853419393,1.21e-06,0.046947624,"CM105764.1",32197498,32197498,516539,"CM105764.1",32714038,33007498,"gene:ENSBOLG00010001294","CADM2","cell adhesion molecule 2 [Ensembl NN prediction with score 99.99%]","+",32714038,33007498,FALSE,516540,516540,810000,"upstream","intergenic",FALSE,"intergenic"
"CM105776.1",52090101,4.852627161,1.22e-06,0.047098593,"CM105776.1",52090101,52090101,537608,"CM105776.1",51018473,51552492,"gene:ENSBOLG00010008511","ADARB2","adenosine deaminase RNA specific B2 (inactive) [Ensembl NN prediction with score 100%]","-",51552492,51018473,FALSE,537609,537609,1071628,"upstream","intergenic",FALSE,"intergenic"
"CM105770.1",55537331,-4.851664126,1.22e-06,0.047129227,"CM105770.1",55537331,55537331,288371,"CM105770.1",55157911,55248959,"gene:ENSBOLG00010001260","PPARGC1A","PPARG coactivator 1 alpha [Ensembl NN prediction with score 100%]","-",55248959,55157911,FALSE,288372,288372,379420,"upstream","intergenic",FALSE,"intergenic"
"CM105778.1",58235518,4.851760484,1.22e-06,0.047129227,"CM105778.1",58235518,58235518,0,"CM105778.1",58175951,58239486,"gene:ENSBOLG00010008937","JMY","junction mediating and regulatory protein, p53 cofactor [Ensembl NN prediction with score 100%]","+",58175951,58239486,TRUE,59567,59567,3968,"overlapping","gene_body",FALSE,"intron"
"CM105783.1",23704532,-4.851959113,1.22e-06,0.047129227,"CM105783.1",23704532,23704532,159312,"CM105783.1",23863845,23867354,"gene:ENSBOLG00010007415","IL6R","interleukin 6 receptor [Ensembl NN prediction with score 84.57%]","+",23863845,23867354,FALSE,159313,159313,162822,"upstream","intergenic",FALSE,"intergenic"
"CM105783.1",30065114,-4.851643268,1.22e-06,0.047129227,"CM105783.1",30065114,30065114,387819,"CM105783.1",29668926,29677294,"gene:ENSBOLG00010006988","ST3GAL1","ST3 beta-galactoside alpha-2,3-sialyltransferase 1 [Ensembl NN prediction with score 99.99%]","-",29677294,29668926,FALSE,387820,387820,396188,"upstream","intergenic",FALSE,"intergenic"
"CM105783.1",53599084,-4.851444793,1.23e-06,0.047129227,"CM105783.1",53599084,53599084,7424,"CM105783.1",53555696,53591659,"gene:ENSBOLG00010008518","ABCD2","ATP binding cassette subfamily D member 2 [Ensembl NN prediction with score 100%]","-",53591659,53555696,FALSE,7425,7425,43388,"upstream","intergenic",FALSE,"intergenic"
"CM105787.1",11280284,-4.851410942,1.23e-06,0.047129227,"CM105787.1",11280284,11280284,0,"CM105787.1",11226607,11425626,"gene:ENSBOLG00010014134","SERGEF","secretion regulating guanine nucleotide exchange factor [Ensembl NN prediction with score 100%]","+",11226607,11425626,TRUE,53677,53677,145342,"overlapping","gene_body",FALSE,"intron"
"CM105788.1",23511748,-4.852085029,1.22e-06,0.047129227,"CM105788.1",23511748,23511748,22488,"CM105788.1",23534237,23535346,"gene:ENSBOLG00010016373","TMEM229A","transmembrane protein 229A [Ensembl NN prediction with score 99.97%]","-",23535346,23534237,FALSE,23598,23598,22489,"downstream","intergenic",FALSE,"intergenic"
"CM105771.1",19569090,-4.85089786,1.23e-06,0.047172098,"CM105771.1",19569090,19569090,0,"CM105771.1",18710151,19659286,"gene:ENSBOLG00010017956","TENM2","teneurin transmembrane protein 2 [Ensembl NN prediction with score 100%]","-",19659286,18710151,TRUE,90196,90196,858939,"overlapping","gene_body",FALSE,"intron"
"CM105772.1",84725142,-4.850997428,1.23e-06,0.047172098,"CM105772.1",84725142,84725142,3227,"CM105772.1",84728370,84733457,"gene:ENSBOLG00010005974","THUMPD1","THUMP domain containing 1 [Ensembl NN prediction with score 100%]","+",84728370,84733457,FALSE,3228,3228,8315,"upstream","intergenic",FALSE,"intergenic"
"CM105774.1",39187911,-4.850457462,1.23e-06,0.047172098,"CM105774.1",39187911,39187911,997925,"CM105774.1",40185837,40206964,"gene:ENSBOLG00010011783","OLFM4","olfactomedin 4 [Ensembl NN prediction with score 99.99%]","-",40206964,40185837,FALSE,1019053,1019053,997926,"downstream","intergenic",FALSE,"intergenic"
"CM105778.1",69444083,-4.850512475,1.23e-06,0.047172098,"CM105778.1",69444083,69444083,0,"CM105778.1",69027538,69569107,"gene:ENSBOLG00010005410","ADGRV1","adhesion G protein-coupled receptor V1 [Ensembl NN prediction with score 100%]","+",69027538,69569107,TRUE,416545,416545,125024,"overlapping","gene_body",FALSE,"intron"
"CM105789.1",8220405,-4.850482411,1.23e-06,0.047172098,"CM105789.1",8220405,8220405,541387,"CM105789.1",7656815,7679017,"gene:ENSBOLG00010007515","TMPO","thymopoietin [Ensembl NN prediction with score 100%]","-",7679017,7656815,FALSE,541388,541388,563590,"upstream","intergenic",FALSE,"intergenic"
"CM105772.1",33068942,-4.850006465,1.23e-06,0.047242716,"CM105772.1",33068942,33068942,13972,"CM105772.1",33010418,33054969,"gene:ENSBOLG00010006039","RCL1","RNA terminal phosphate cyclase like 1 [Ensembl NN prediction with score 100%]","-",33054969,33010418,FALSE,13973,13973,58524,"upstream","intergenic",FALSE,"intergenic"
"CM105765.1",131263244,4.849784253,1.24e-06,0.047258921,"CM105765.1",131263244,131263244,0,"CM105765.1",131254782,131289745,"gene:ENSBOLG00010003317","SERAC1","serine active site containing 1 [Ensembl NN prediction with score 100%]","-",131289745,131254782,TRUE,26501,26501,8462,"overlapping","gene_body",FALSE,"intron"
"CM105789.1",12666359,4.849405538,1.24e-06,0.04731247,"CM105789.1",12666359,12666359,63843,"CM105789.1",12730203,12732538,"gene:ENSBOLG00010009161",NA,NA,"+",12730203,12732538,FALSE,63844,63844,66179,"upstream","intergenic",FALSE,"intergenic"
"CM105783.1",8477844,4.848535704,1.24e-06,0.047449048,"CM105783.1",8477844,8477844,0,"CM105783.1",8374978,8609140,"gene:ENSBOLG00010006724","ANGPT1","angiopoietin 1 [Ensembl NN prediction with score 100%]","-",8609140,8374978,TRUE,131296,131296,102866,"overlapping","gene_body",FALSE,"intron"
"CM105786.1",25557058,-4.848525837,1.24e-06,0.047449048,"CM105786.1",25557058,25557058,90613,"CM105786.1",25647672,25659457,"gene:ENSBOLG00010007257","DUSP4","dual specificity phosphatase 4 [Ensembl NN prediction with score 99.98%]","+",25647672,25659457,FALSE,90614,90614,102399,"upstream","intergenic",FALSE,"intergenic"
"CM105768.1",5019138,-4.848002497,1.25e-06,0.047537513,"CM105768.1",5019138,5019138,0,"CM105768.1",4946801,5820396,"gene:ENSBOLG00010002792","DPP6","dipeptidyl peptidase like 6 [Ensembl NN prediction with score 100%]","-",5820396,4946801,TRUE,801258,801258,72337,"overlapping","gene_body",FALSE,"intron"
"CM105767.1",42692073,4.847797473,1.25e-06,0.047549823,"CM105767.1",42692073,42692073,0,"CM105767.1",42621594,42716899,"gene:ENSBOLG00010000770","SH3BGRL2","SH3 domain binding glutamate rich protein like 2 [Ensembl NN prediction with score 100%]","+",42621594,42716899,TRUE,70479,70479,24826,"overlapping","gene_body",FALSE,"intron"
"CM105781.1",57735748,-4.847629266,1.25e-06,0.047553339,"CM105781.1",57735748,57735748,0,"CM105781.1",57708323,57750932,"gene:ENSBOLG00010006482","LPAR3","lysophosphatidic acid receptor 3 [Ensembl NN prediction with score 100%]","+",57708323,57750932,TRUE,27425,27425,15184,"overlapping","gene_body",FALSE,"intron"
"CM105766.1",25373842,-4.847469741,1.25e-06,0.047554803,"CM105766.1",25373842,25373842,114327,"CM105766.1",25223158,25259514,"gene:ENSBOLG00010006981","PARP11","poly(ADP-ribose) polymerase family member 11 [Ensembl NN prediction with score 100%]","-",25259514,25223158,FALSE,114328,114328,150684,"upstream","intergenic",FALSE,"intergenic"
"CM105764.1",61963528,-4.845250797,1.26e-06,0.047941209,"CM105764.1",61963528,61963528,109602,"CM105764.1",62073131,62083221,"gene:ENSBOLG00010003920","NFKBIZ","NFKB inhibitor zeta [Ensembl NN prediction with score 99.3%]","-",62083221,62073131,FALSE,119693,119693,109603,"downstream","intergenic",FALSE,"intergenic"
"CM105773.1",60230082,4.845658977,1.26e-06,0.047941209,"CM105773.1",60230082,60230082,0,"CM105773.1",59972419,60236580,"gene:ENSBOLG00010008089","RALGAPA2","Ral GTPase activating protein catalytic subunit alpha 2 [Ensembl NN prediction with score 100%]","-",60236580,59972419,TRUE,6498,6498,257663,"overlapping","gene_body",FALSE,"intron"
"CM105783.1",60955735,-4.845299694,1.26e-06,0.047941209,"CM105783.1",60955735,60955735,5083,"CM105783.1",60960819,60961406,"gene:ENSBOLG00010009192","CCDC184","coiled-coil domain containing 184 [Ensembl NN prediction with score 100%]","+",60960819,60961406,FALSE,5084,5084,5671,"upstream","intergenic",FALSE,"intergenic"
"CM105790.1",11691079,-4.845394995,1.26e-06,0.047941209,"CM105790.1",11691079,11691079,35307,"CM105790.1",11643138,11655771,"gene:ENSBOLG00010013341","TYMS","thymidylate synthetase [Ensembl NN prediction with score 99.94%]","-",11655771,11643138,FALSE,35308,35308,47941,"upstream","intergenic",FALSE,"intergenic"
"CM105765.1",36066265,4.84473708,1.27e-06,0.04801285,"CM105765.1",36066265,36066265,1242964,"CM105765.1",34814456,34823300,"gene:ENSBOLG00010000073","NUDT12","nudix hydrolase 12 [Ensembl NN prediction with score 99.7%]","-",34823300,34814456,FALSE,1242965,1242965,1251809,"upstream","intergenic",FALSE,"intergenic"
"CM105776.1",81246947,-4.844547085,1.27e-06,0.04801285,"CM105776.1",81246947,81246947,2371353,"CM105776.1",78805861,78875593,"gene:ENSBOLG00010012347","WAC","WW domain containing adaptor with coiled-coil [Ensembl NN prediction with score 100%]","+",78805861,78875593,FALSE,2441086,2441086,2371354,"downstream","intergenic",FALSE,"intergenic"
"CM105784.1",16606878,4.844495958,1.27e-06,0.04801285,"CM105784.1",16606878,16606878,0,"CM105784.1",16588666,16647122,"gene:ENSBOLG00010013373","BCHE","butyrylcholinesterase [Ensembl NN prediction with score 100%]","+",16588666,16647122,TRUE,18212,18212,40244,"overlapping","gene_body",FALSE,"intron"
"CM105768.1",9879441,4.8430189,1.28e-06,0.048297042,"CM105768.1",9879441,9879441,137562,"CM105768.1",10017004,10023109,"gene:ENSBOLG00010002447","NPY","neuropeptide Y [Ensembl NN prediction with score 100%]","+",10017004,10023109,FALSE,137563,137563,143668,"upstream","intergenic",FALSE,"intergenic"
"CM105769.1",16513434,-4.843076273,1.28e-06,0.048297042,"CM105769.1",16513434,16513434,0,"CM105769.1",16493078,16907916,"gene:ENSBOLG00010018469","KIF26B","kinesin family member 26B [Ensembl NN prediction with score 100%]","-",16907916,16493078,TRUE,394482,394482,20356,"overlapping","gene_body",FALSE,"intron"
"CM105783.1",31221411,-4.842559709,1.28e-06,0.048371702,"CM105783.1",31221411,31221411,18791,"CM105783.1",31201948,31202619,"gene:ENSBOLG00010012971","UBE2S","ubiquitin conjugating enzyme E2 S [Ensembl NN prediction with score 100%]","+",31201948,31202619,FALSE,19463,19463,18792,"downstream","intergenic",FALSE,"intergenic"
"CM105775.1",34378977,-4.842056394,1.29e-06,0.048457258,"CM105775.1",34378977,34378977,18575,"CM105775.1",34343448,34360401,"gene:ENSBOLG00010016977","NPC2","NPC intracellular cholesterol transporter 2 [Ensembl NN prediction with score 100%]","+",34343448,34360401,FALSE,35529,35529,18576,"downstream","intergenic",FALSE,"intergenic"
"CM105782.1",43292017,-4.841640788,1.29e-06,0.048521557,"CM105782.1",43292017,43292017,0,"CM105782.1",43260186,43418819,"gene:ENSBOLG00010016695","ZFHX3","zinc finger homeobox 3 [Ensembl NN prediction with score 100%]","-",43418819,43260186,TRUE,126802,126802,31831,"overlapping","gene_body",FALSE,"intron"
"CM105769.1",621492,-4.841303685,1.29e-06,0.048529637,"CM105769.1",621492,621492,0,"CM105769.1",516059,689472,"gene:ENSBOLG00010006263","PLXNA2","plexin A2 [Ensembl NN prediction with score 100%]","-",689472,516059,TRUE,67980,67980,105433,"overlapping","gene_body",FALSE,"intron"
"CM105777.1",32851769,4.841333198,1.29e-06,0.048529637,"CM105777.1",32851769,32851769,359807,"CM105777.1",33211577,33318133,"gene:ENSBOLG00010013515","ZNF608","zinc finger protein 608 [Ensembl NN prediction with score 99.96%]","+",33211577,33318133,FALSE,359808,359808,466364,"upstream","intergenic",FALSE,"intergenic"
"CM105770.1",94647151,4.841079111,1.29e-06,0.048547405,"CM105770.1",94647151,94647151,87283,"CM105770.1",94464471,94559867,"gene:ENSBOLG00010001579","PARM1","prostate androgen-regulated mucin-like protein 1 [Ensembl NN prediction with score 100%]","+",94464471,94559867,FALSE,182680,182680,87284,"downstream","intergenic",FALSE,"intergenic"
"CM105767.1",52622522,4.840473506,1.3e-06,0.048623888,"CM105767.1",52622522,52622522,426081,"CM105767.1",53048604,53065607,"gene:ENSBOLG00010001094","1190002N15Rik","RIKEN cDNA 1190002N15 gene [Ensembl NN prediction with score 95.43%]","-",53065607,53048604,FALSE,443085,443085,426082,"downstream","intergenic",FALSE,"intergenic"
"CM105776.1",52944146,4.840462951,1.3e-06,0.048623888,"CM105776.1",52944146,52944146,0,"CM105776.1",52894736,52957865,"gene:ENSBOLG00010014597","PFKP","phosphofructokinase, platelet [Ensembl NN prediction with score 100%]","+",52894736,52957865,TRUE,49410,49410,13719,"overlapping","gene_body",FALSE,"intron"
"CM105764.1",116387806,4.839989974,1.3e-06,0.048702604,"CM105764.1",116387806,116387806,0,"CM105764.1",116146191,117237516,"gene:ENSBOLG00010003108","AUTS2","activator of transcription and developmental regulator AUTS2 [Ensembl NN prediction with score 99.99%]","+",116146191,117237516,TRUE,241615,241615,849710,"overlapping","gene_body",FALSE,"intron"
"CM105764.1",74565519,-4.83938867,1.3e-06,0.048753087,"CM105764.1",74565519,74565519,19974,"CM105764.1",74532537,74545544,"gene:ENSBOLG00010001521","CLDN1","claudin 1 [Ensembl NN prediction with score 100%]","+",74532537,74545544,FALSE,32982,32982,19975,"downstream","intergenic",FALSE,"intergenic"
"CM105770.1",76677056,-4.8392296,1.3e-06,0.048753087,"CM105770.1",76677056,76677056,0,"CM105770.1",76600579,76930825,"gene:ENSBOLG00010001144","SCFD2","sec1 family domain containing 2 [Ensembl NN prediction with score 100%]","-",76930825,76600579,TRUE,253769,253769,76477,"overlapping","gene_body",FALSE,"intron"
"CM105774.1",43332905,-4.839606353,1.3e-06,0.048753087,"CM105774.1",43332905,43332905,209512,"CM105774.1",43542418,43543107,"gene:ENSBOLG00010011807","WTIP","WT1 interacting protein [Ensembl NN prediction with score 73.07%]","+",43542418,43543107,FALSE,209513,209513,210202,"upstream","intergenic",FALSE,"intergenic"
"CM105789.1",9149405,-4.839179047,1.3e-06,0.048753087,"CM105789.1",9149405,9149405,0,"CM105789.1",9139466,9428196,"gene:ENSBOLG00010007603","CFAP54","cilia and flagella associated protein 54 [Ensembl NN prediction with score 99.99%]","-",9428196,9139466,TRUE,278791,278791,9939,"overlapping","gene_body",FALSE,"intron"
"CM105772.1",73323459,-4.838613537,1.31e-06,0.048817795,"CM105772.1",73323459,73323459,0,"CM105772.1",73301775,73364489,"gene:ENSBOLG00010011985","CSMD1","CUB and Sushi multiple domains 1 [Ensembl NN prediction with score 91.2%]","-",73364489,73301775,TRUE,41030,41030,21684,"overlapping","gene_body",FALSE,"intron"
"CM105775.1",52755264,-4.838701363,1.31e-06,0.048817795,"CM105775.1",52755264,52755264,117501,"CM105775.1",52872766,52874968,"gene:ENSBOLG00010005934","RBBP4","RB binding protein 4, chromatin remodeling factor [Ensembl NN prediction with score 99.96%]","-",52874968,52872766,FALSE,119704,119704,117502,"downstream","intergenic",FALSE,"intergenic"
"CM105767.1",71428449,-4.838359524,1.31e-06,0.048843155,"CM105767.1",71428449,71428449,0,"CM105767.1",71159379,71443011,"gene:ENSBOLG00010004248","GRIK4","glutamate ionotropic receptor kainate type subunit 4 [Ensembl NN prediction with score 100%]","-",71443011,71159379,TRUE,14562,14562,269070,"overlapping","gene_body",FALSE,"intron"
"CM105765.1",134080522,-4.838171742,1.31e-06,0.048852276,"CM105765.1",134080522,134080522,0,"CM105765.1",133282075,134474553,"gene:ENSBOLG00010003122","PRKN","parkin RBR E3 ubiquitin protein ligase [Ensembl NN prediction with score 99.07%]","-",134474553,133282075,TRUE,394031,394031,798447,"overlapping","gene_body",FALSE,"intron"
"CM105768.1",83883690,4.837816063,1.31e-06,0.048895121,"CM105768.1",83883690,83883690,0,"CM105768.1",83837998,83901221,"gene:ENSBOLG00010021124","KCMF1","potassium channel modulatory factor 1 [Ensembl NN prediction with score 100%]","-",83901221,83837998,TRUE,17531,17531,45692,"overlapping","gene_body",FALSE,"intron"
"CM105784.1",32950089,4.837696453,1.31e-06,0.048895121,"CM105784.1",32950089,32950089,44396,"CM105784.1",32994486,33129095,"gene:ENSBOLG00010006252","FREM2","FRAS1 related extracellular matrix 2 [Ensembl NN prediction with score 100%]","+",32994486,33129095,FALSE,44397,44397,179006,"upstream","intergenic",FALSE,"intergenic"
"CM105764.1",8558431,-4.837418977,1.32e-06,0.048926396,"CM105764.1",8558431,8558431,0,"CM105764.1",8545595,8566684,"gene:ENSBOLG00010001617","IL10RB","interleukin 10 receptor subunit beta [Ensembl NN prediction with score 98.91%]","-",8566684,8545595,TRUE,8253,8253,12836,"overlapping","gene_body",FALSE,"intron"
"CM105782.1",61860332,-4.836627816,1.32e-06,0.049084349,"CM105782.1",61860332,61860332,80479,"CM105782.1",61634926,61779852,"gene:ENSBOLG00010018580","NRP1","neuropilin 1 [Ensembl NN prediction with score 100%]","+",61634926,61779852,FALSE,225406,225406,80480,"downstream","intergenic",FALSE,"intergenic"
"CM105769.1",45256181,-4.835903043,1.33e-06,0.049143801,"CM105769.1",45256181,45256181,57986,"CM105769.1",45314168,45370126,"gene:ENSBOLG00010000355","UBE2E1","ubiquitin conjugating enzyme E2 E1 [Ensembl NN prediction with score 100%]","+",45314168,45370126,FALSE,57987,57987,113945,"upstream","intergenic",FALSE,"intergenic"
"CM105770.1",28666535,-4.835787144,1.33e-06,0.049143801,"CM105770.1",28666535,28666535,0,"CM105770.1",28597282,28686195,"gene:ENSBOLG00010003705","IKZF1","IKAROS family zinc finger 1 [Ensembl NN prediction with score 100%]","-",28686195,28597282,TRUE,19660,19660,69253,"overlapping","gene_body",FALSE,"intron"
"CM105771.1",79344596,4.835942191,1.33e-06,0.049143801,"CM105771.1",79344596,79344596,25729,"CM105771.1",79313443,79318866,"gene:ENSBOLG00010001289","DLX4","distal-less homeobox 4 [Ensembl NN prediction with score 97.91%]","-",79318866,79313443,FALSE,25730,25730,31153,"upstream","intergenic",FALSE,"intergenic"
"CM105778.1",6384862,4.835812612,1.33e-06,0.049143801,"CM105778.1",6384862,6384862,101949,"CM105778.1",6486812,6758870,"gene:ENSBOLG00010006896","SEMA5A","semaphorin 5A [Ensembl NN prediction with score 100%]","-",6758870,6486812,FALSE,374008,374008,101950,"downstream","intergenic",FALSE,"intergenic"
"CM105776.1",36643725,4.835578652,1.33e-06,0.049158325,"CM105776.1",36643725,36643725,258079,"CM105776.1",36901805,36911773,"gene:ENSBOLG00010012675","NRSN1","neurensin 1 [Ensembl NN prediction with score 100%]","+",36901805,36911773,FALSE,258080,258080,268048,"upstream","intergenic",FALSE,"intergenic"
"CM105764.1",62863063,4.83360146,1.34e-06,0.049174467,"CM105764.1",62863063,62863063,0,"CM105764.1",62753321,62907433,"gene:ENSBOLG00010003617","ABI3BP","ABI family member 3 binding protein [Ensembl NN prediction with score 99.46%]","+",62753321,62907433,TRUE,109742,109742,44370,"overlapping","gene_body",FALSE,"intron"
"CM105765.1",104160525,-4.833497108,1.34e-06,0.049174467,"CM105765.1",104160525,104160525,0,"CM105765.1",103932609,104457962,"gene:ENSBOLG00010016820","PTPRK","protein tyrosine phosphatase receptor type K [Ensembl NN prediction with score 100%]","-",104457962,103932609,TRUE,297437,297437,227916,"overlapping","gene_body",FALSE,"intron"
"CM105771.1",17419635,4.834562064,1.33e-06,0.049174467,"CM105771.1",17419635,17419635,0,"CM105771.1",17024816,17434714,"gene:ENSBOLG00010019375","DOCK2","dedicator of cytokinesis 2 [Ensembl NN prediction with score 100%]","-",17434714,17024816,TRUE,15079,15079,394819,"overlapping","gene_body",FALSE,"intron"
"CM105771.1",67676811,4.834245871,1.34e-06,0.049174467,"CM105771.1",67676811,67676811,3546,"CM105771.1",67651892,67673264,"gene:ENSBOLG00010021138","MMP28","matrix metallopeptidase 28 [Ensembl NN prediction with score 99.99%]","-",67673264,67651892,FALSE,3547,3547,24919,"upstream","intergenic",FALSE,"intergenic"
"CM105772.1",21512167,-4.833783379,1.34e-06,0.049174467,"CM105772.1",21512167,21512167,0,"CM105772.1",21482878,21565440,"gene:ENSBOLG00010011012","ENTPD1","ectonucleoside triphosphate diphosphohydrolase 1 [Ensembl NN prediction with score 100%]","-",21565440,21482878,TRUE,53273,53273,29289,"overlapping","gene_body",FALSE,"intron"
"CM105774.1",13699648,-4.834936122,1.33e-06,0.049174467,"CM105774.1",13699648,13699648,130663,"CM105774.1",13568097,13568984,"gene:ENSBOLG00010004109","rpsa","ribosomal protein SA [Ensembl NN prediction with score 100%]","-",13568984,13568097,FALSE,130664,130664,131551,"upstream","intergenic",FALSE,"intergenic"
"CM105775.1",38558480,-4.833507612,1.34e-06,0.049174467,"CM105775.1",38558480,38558480,2983,"CM105775.1",38561464,38598612,"gene:ENSBOLG00010016829","SLC39A9","solute carrier family 39 member 9 [Ensembl NN prediction with score 100%]","-",38598612,38561464,FALSE,40132,40132,2984,"downstream","intergenic",FALSE,"intergenic"
"CM105776.1",51927532,-4.83342859,1.34e-06,0.049174467,"CM105776.1",51927532,51927532,375039,"CM105776.1",51018473,51552492,"gene:ENSBOLG00010008511","ADARB2","adenosine deaminase RNA specific B2 (inactive) [Ensembl NN prediction with score 100%]","-",51552492,51018473,FALSE,375040,375040,909059,"upstream","intergenic",FALSE,"intergenic"
"CM105777.1",73418451,-4.833728986,1.34e-06,0.049174467,"CM105777.1",73418451,73418451,169611,"CM105777.1",73588063,73603285,"gene:ENSBOLG00010005507","HRH4","histamine receptor H4 [Ensembl NN prediction with score 99.86%]","-",73603285,73588063,FALSE,184834,184834,169612,"downstream","intergenic",FALSE,"intergenic"
"CM105778.1",26696734,4.834316708,1.34e-06,0.049174467,"CM105778.1",26696734,26696734,5130,"CM105778.1",26701865,26729566,"gene:ENSBOLG00010010698","UGT3A2","UDP glycosyltransferase family 3 member A2 [Ensembl NN prediction with score 99.8%]","-",26729566,26701865,FALSE,32832,32832,5131,"downstream","intergenic",FALSE,"intergenic"
"CM105779.1",20065119,4.833507699,1.34e-06,0.049174467,"CM105779.1",20065119,20065119,365310,"CM105779.1",19624283,19699808,"gene:ENSBOLG00010010169","REEP3","receptor accessory protein 3 [Ensembl NN prediction with score 99.96%]","+",19624283,19699808,FALSE,440836,440836,365311,"downstream","intergenic",FALSE,"intergenic"
"CM105783.1",6221499,-4.835308869,1.33e-06,0.049174467,"CM105783.1",6221499,6221499,0,"CM105783.1",6212914,6292448,"gene:ENSBOLG00010006936","LRP12","LDL receptor related protein 12 [Ensembl NN prediction with score 100%]","-",6292448,6212914,TRUE,70949,70949,8585,"overlapping","gene_body",FALSE,"intron"
"CM105783.1",29026840,4.83449646,1.33e-06,0.049174467,"CM105783.1",29026840,29026840,0,"CM105783.1",28960835,29060776,"gene:ENSBOLG00010006889","lrrc6","leucine rich repeat containing 6 (testis) [Ensembl NN prediction with score 99.82%]","-",29060776,28960835,TRUE,33936,33936,66005,"overlapping","gene_body",FALSE,"intron"
"CM105786.1",21373662,4.833583025,1.34e-06,0.049174467,"CM105786.1",21373662,21373662,585567,"CM105786.1",20267983,20788094,"gene:ENSBOLG00010010559","UNC5D","unc-5 netrin receptor D [Ensembl NN prediction with score 100%]","-",20788094,20267983,FALSE,585568,585568,1105679,"upstream","intergenic",FALSE,"intergenic"
"CM105765.1",122965676,-4.832252012,1.35e-06,0.049182874,"CM105765.1",122965676,122965676,0,"CM105765.1",122734212,123015673,"gene:ENSBOLG00010004308","UST","uronyl 2-sulfotransferase [Ensembl NN prediction with score 99.99%]","+",122734212,123015673,TRUE,231464,231464,49997,"overlapping","gene_body",FALSE,"intron"
"CM105767.1",41606781,-4.832807072,1.35e-06,0.049182874,"CM105767.1",41606781,41606781,313536,"CM105767.1",41920318,41936782,"gene:ENSBOLG00010000800","IRAK1BP1","interleukin 1 receptor associated kinase 1 binding protein 1 [Ensembl NN prediction with score 100%]","+",41920318,41936782,FALSE,313537,313537,330001,"upstream","intergenic",FALSE,"intergenic"
"CM105768.1",5019326,-4.832212637,1.35e-06,0.049182874,"CM105768.1",5019326,5019326,0,"CM105768.1",4946801,5820396,"gene:ENSBOLG00010002792","DPP6","dipeptidyl peptidase like 6 [Ensembl NN prediction with score 100%]","-",5820396,4946801,TRUE,801070,801070,72525,"overlapping","gene_body",FALSE,"intron"
"CM105769.1",93639205,4.832447695,1.35e-06,0.049182874,"CM105769.1",93639205,93639205,37836,"CM105769.1",93584899,93601368,"gene:ENSBOLG00010014806","CD55","CD55 molecule (Cromer blood group) [Ensembl NN prediction with score 98.82%]","+",93584899,93601368,FALSE,54306,54306,37837,"downstream","intergenic",FALSE,"intergenic"
"CM105770.1",83815755,-4.832353405,1.35e-06,0.049182874,"CM105770.1",83815755,83815755,0,"CM105770.1",83511131,83961361,"gene:ENSBOLG00010001303","ADGRL3","adhesion G protein-coupled receptor L3 [Ensembl NN prediction with score 100%]","+",83511131,83961361,TRUE,304624,304624,145606,"overlapping","gene_body",TRUE,"exon"
"CM105773.1",86225447,4.833114393,1.34e-06,0.049182874,"CM105773.1",86225447,86225447,5972,"CM105773.1",86231420,86238713,"gene:ENSBOLG00010011190","FAM210B","family with sequence similarity 210 member B [Ensembl NN prediction with score 99.89%]","+",86231420,86238713,FALSE,5973,5973,13266,"upstream","intergenic",FALSE,"intergenic"
"CM105777.1",34099229,4.832560939,1.35e-06,0.049182874,"CM105777.1",34099229,34099229,52287,"CM105777.1",34151517,34209520,"gene:ENSBOLG00010013583","CSNK1G3","casein kinase 1 gamma 3 [Ensembl NN prediction with score 100%]","-",34209520,34151517,FALSE,110291,110291,52288,"downstream","intergenic",FALSE,"intergenic"
"CM105788.1",43497200,4.832858275,1.35e-06,0.049182874,"CM105788.1",43497200,43497200,0,"CM105788.1",43343393,45374859,"gene:ENSBOLG00010004388","CNTNAP2","contactin associated protein 2 [Ensembl NN prediction with score 100%]","+",43343393,45374859,TRUE,153807,153807,1877659,"overlapping","gene_body",FALSE,"intron"
"CM105774.1",44291487,-4.83157275,1.35e-06,0.049304748,"CM105774.1",44291487,44291487,23161,"CM105774.1",44314649,44317914,"gene:ENSBOLG00010007881","TPT1","tumor protein, translationally-controlled 1 [Ensembl NN prediction with score 100%]","-",44317914,44314649,FALSE,26427,26427,23162,"downstream","intergenic",FALSE,"intergenic"
"CM105768.1",9867168,4.830864627,1.36e-06,0.049334486,"CM105768.1",9867168,9867168,149835,"CM105768.1",10017004,10023109,"gene:ENSBOLG00010002447","NPY","neuropeptide Y [Ensembl NN prediction with score 100%]","+",10017004,10023109,FALSE,149836,149836,155941,"upstream","intergenic",FALSE,"intergenic"
"CM105773.1",48315948,-4.830937697,1.36e-06,0.049334486,"CM105773.1",48315948,48315948,288880,"CM105773.1",48604829,48650682,"gene:ENSBOLG00010017097","HAO1","hydroxyacid oxidase 1 [Ensembl NN prediction with score 100%]","-",48650682,48604829,FALSE,334734,334734,288881,"downstream","intergenic",FALSE,"intergenic"
"CM105777.1",38200763,-4.830982374,1.36e-06,0.049334486,"CM105777.1",38200763,38200763,37685,"CM105777.1",38117760,38163077,"gene:ENSBOLG00010013484","DTWD2","DTW domain containing 2 [Ensembl NN prediction with score 100%]","+",38117760,38163077,FALSE,83003,83003,37686,"downstream","intergenic",FALSE,"intergenic"
"CM105788.1",16971721,-4.831150625,1.36e-06,0.049334486,"CM105788.1",16971721,16971721,0,"CM105788.1",16913300,17065887,"gene:ENSBOLG00010009459","CTTNBP2","cortactin binding protein 2 [Ensembl NN prediction with score 100%]","-",17065887,16913300,TRUE,94166,94166,58421,"overlapping","gene_body",FALSE,"intron"
"CM105767.1",25699494,4.830542077,1.36e-06,0.049341704,"CM105767.1",25699494,25699494,0,"CM105767.1",25689338,25711095,"gene:ENSBOLG00010018196","APH1B","aph-1 homolog B, gamma-secretase subunit [Ensembl NN prediction with score 97.46%]","-",25711095,25689338,TRUE,11601,11601,10156,"overlapping","gene_body",FALSE,"intron"
"CM105782.1",48603948,-4.830602042,1.36e-06,0.049341704,"CM105782.1",48603948,48603948,132706,"CM105782.1",48457644,48471241,"gene:ENSBOLG00010016961","MAF","MAF bZIP transcription factor [Ensembl NN prediction with score 100%]","-",48471241,48457644,FALSE,132707,132707,146304,"upstream","intergenic",FALSE,"intergenic"
"CM105766.1",53759007,-4.829429511,1.37e-06,0.049545206,"CM105766.1",53759007,53759007,42171,"CM105766.1",53501068,53716835,"gene:ENSBOLG00010000876","MITF","melanocyte inducing transcription factor [Ensembl NN prediction with score 100%]","-",53716835,53501068,FALSE,42172,42172,257939,"upstream","intergenic",FALSE,"intergenic"
"CM105789.1",28198505,-4.8295344,1.37e-06,0.049545206,"CM105789.1",28198505,28198505,335075,"CM105789.1",28533581,28926308,"gene:ENSBOLG00010009525","TRHDE","thyrotropin releasing hormone degrading enzyme [Ensembl NN prediction with score 99.99%]","-",28926308,28533581,FALSE,727803,727803,335076,"downstream","intergenic",FALSE,"intergenic"
"CM105770.1",43452283,-4.82910758,1.37e-06,0.049552494,"CM105770.1",43452283,43452283,131448,"CM105770.1",43145016,43320834,"gene:ENSBOLG00010013483","CLNK","cytokine dependent hematopoietic cell linker [Ensembl NN prediction with score 99.99%]","-",43320834,43145016,FALSE,131449,131449,307267,"upstream","intergenic",FALSE,"intergenic"
"CM105772.1",38039405,4.829175976,1.37e-06,0.049552494,"CM105772.1",38039405,38039405,0,"CM105772.1",38028412,38099319,"gene:ENSBOLG00010005725","APBA1","amyloid beta precursor protein binding family A member 1 [Ensembl NN prediction with score 100%]","-",38099319,38028412,TRUE,59914,59914,10993,"overlapping","gene_body",FALSE,"intron"
"CM105767.1",96870709,-4.828478825,1.38e-06,0.049672709,"CM105767.1",96870709,96870709,0,"CM105767.1",95894806,96871320,"gene:ENSBOLG00010000410","NTM","neurotrimin [Ensembl NN prediction with score 100%]","+",95894806,96871320,TRUE,975903,975903,611,"overlapping","gene_body",FALSE,"intron"
"CM105764.1",22265612,4.828241015,1.38e-06,0.049695591,"CM105764.1",22265612,22265612,475901,"CM105764.1",22741514,22849557,"gene:ENSBOLG00010000097","USP25","ubiquitin specific peptidase 25 [Ensembl NN prediction with score 100%]","-",22849557,22741514,FALSE,583945,583945,475902,"downstream","intergenic",FALSE,"intergenic"
"CM105775.1",26863705,4.827633477,1.38e-06,0.04977441,"CM105775.1",26863705,26863705,560035,"CM105775.1",26303105,26303669,"gene:ENSBOLG00010013219","COX4I1","cytochrome c oxidase subunit 4I1 [Ensembl NN prediction with score 100%]","+",26303105,26303669,FALSE,560600,560600,560036,"downstream","intergenic",FALSE,"intergenic"
"CM105780.1",4895024,-4.82770543,1.38e-06,0.04977441,"CM105780.1",4895024,4895024,129273,"CM105780.1",5024298,5043299,"gene:ENSBOLG00010007277","TRIQK","triple QxxK/R motif containing [Ensembl NN prediction with score 100%]","-",5043299,5024298,FALSE,148275,148275,129274,"downstream","intergenic",FALSE,"intergenic"
"CM105779.1",41334523,-4.826938367,1.39e-06,0.049911846,"CM105779.1",41334523,41334523,80324,"CM105779.1",41414848,41442227,"gene:ENSBOLG00010012359","PLEKHB2","pleckstrin homology domain containing B2 [Ensembl NN prediction with score 99.95%]","-",41442227,41414848,FALSE,107704,107704,80325,"downstream","intergenic",FALSE,"intergenic"
