"chr","start","end","length","nCG","areaStat","DMR_chr","DMR_start","DMR_end","distance","gene_chr","gene_start","gene_end","gene_id","gene_name","gene_desc","gene_strand","TSS","TES","overlaps_gene","distance_bp","dist_to_TSS","dist_to_TES","direction","feature_strand","exon_overlap","refined_feature"
"CM105776.1",80890806,80891038,233,58,170.029746609757,"CM105776.1",80890806,80891038,2015212,"CM105776.1",78805861,78875593,"gene:ENSBOLG00010012347","WAC","WW domain containing adaptor with coiled-coil [Ensembl NN prediction with score 100%]","+",78805861,78875593,FALSE,2084945,2084945,2015213,"downstream","intergenic",FALSE,"intergenic"
"CM105782.1",454164,454219,56,14,39.3591254978628,"CM105782.1",454164,454219,112412,"CM105782.1",566632,568629,"gene:ENSBOLG00010004988","PTPN11","protein tyrosine phosphatase non-receptor type 11 [Ensembl NN prediction with score 99.99%]","+",566632,568629,FALSE,112413,112413,114410,"upstream","intergenic",FALSE,"intergenic"
"CM105785.1",51209479,51209587,109,12,30.9187514633332,"CM105785.1",51209479,51209587,145828,"CM105785.1",51060406,51063650,"gene:ENSBOLG00010010821","Atp5g3","ATP synthase, H+ transporting, mitochondrial F0 complex, subunit C3 (subunit 9) [Ensembl NN prediction with score 98.86%]","-",51063650,51060406,FALSE,145829,145829,149073,"upstream","intergenic",FALSE,"intergenic"
"CM105770.1",53825893,53826006,114,19,30.5758230040124,"CM105770.1",53825893,53826006,0,"CM105770.1",53735257,53834179,"gene:ENSBOLG00010001295","ADGRA3","adhesion G protein-coupled receptor A3 [Ensembl NN prediction with score 100%]","-",53834179,53735257,TRUE,8173,8173,90636,"overlapping","gene_body",FALSE,"intron"
"CM105768.1",2636232,2636441,210,11,-29.4491983395802,"CM105768.1",2636232,2636441,67002,"CM105768.1",2703444,2827830,"gene:ENSBOLG00010002575","G6PD","glucose-6-phosphate dehydrogenase [Ensembl NN prediction with score 95.35%]","-",2827830,2703444,FALSE,191389,191389,67003,"downstream","intergenic",FALSE,"intergenic"
"CM105770.1",21420521,21421108,588,9,-28.8905833208137,"CM105770.1",21420521,21421108,126397,"CM105770.1",21187700,21294123,"gene:ENSBOLG00010003725","SPRED2","sprouty related EVH1 domain containing 2 [Ensembl NN prediction with score 100%]","-",21294123,21187700,FALSE,126398,126398,232821,"upstream","intergenic",FALSE,"intergenic"
"CM105771.1",24453556,24453776,221,8,-28.0925214870393,"CM105771.1",24453556,24453776,33887,"CM105771.1",24487664,24487972,"gene:ENSBOLG00010013133","Gm10767","predicted gene 10767 [Ensembl NN prediction with score 96.51%]","+",24487664,24487972,FALSE,33888,33888,34196,"upstream","intergenic",FALSE,"intergenic"
"CM105771.1",46439052,46439207,156,13,27.764608661827,"CM105771.1",46439052,46439207,218284,"CM105771.1",46657492,46691136,"gene:ENSBOLG00010004760","HS3ST3B1","heparan sulfate-glucosamine 3-sulfotransferase 3B1 [Ensembl NN prediction with score 100%]","-",46691136,46657492,FALSE,251929,251929,218285,"downstream","intergenic",FALSE,"intergenic"
"CM105774.1",23810395,23810748,354,11,-27.3835470805059,"CM105774.1",23810395,23810748,391647,"CM105774.1",23405670,23418747,"gene:ENSBOLG00010003630","MZT1","mitotic spindle organizing protein 1 [Ensembl NN prediction with score 99.98%]","+",23405670,23418747,FALSE,404725,404725,391648,"downstream","intergenic",FALSE,"intergenic"
"CM105781.1",3298818,3298888,71,12,-25.4194618523299,"CM105781.1",3298818,3298888,0,"CM105781.1",3288781,3300803,"gene:ENSBOLG00010018291","TRIM46","tripartite motif containing 46 [Ensembl NN prediction with score 100%]","-",3300803,3288781,TRUE,1915,1915,10037,"overlapping","gene_body",TRUE,"exon"
"CM105765.1",54159957,54160020,64,11,25.31752352198,"CM105765.1",54159957,54160020,0,"CM105765.1",54154952,54185395,"gene:ENSBOLG00010023122","AXL","AXL receptor tyrosine kinase [Ensembl NN prediction with score 100%]","+",54154952,54185395,TRUE,5005,5005,25375,"overlapping","gene_body",FALSE,"intron"
"CM105768.1",9832026,9832145,120,6,24.4943198261061,"CM105768.1",9832026,9832145,145645,"CM105768.1",9684874,9686380,"gene:ENSBOLG00010002294",NA,NA,"-",9686380,9684874,FALSE,145646,145646,147152,"upstream","intergenic",FALSE,"intergenic"
"CM105764.1",7319684,7319759,76,8,24.0602233554656,"CM105764.1",7319684,7319759,22944,"CM105764.1",7342704,7383723,"gene:ENSBOLG00010002037",NA,NA,"-",7383723,7342704,FALSE,63964,63964,22945,"downstream","intergenic",FALSE,"intergenic"
"CM105774.1",17244693,17244779,87,9,23.6907203065012,"CM105774.1",17244693,17244779,262693,"CM105774.1",16976102,16981999,"gene:ENSBOLG00010004005","SPRY2","sprouty RTK signaling antagonist 2 [Ensembl NN prediction with score 99.98%]","+",16976102,16981999,FALSE,268591,268591,262694,"downstream","intergenic",FALSE,"intergenic"
"CM105766.1",122421782,122421866,85,8,-23.4467058926834,"CM105766.1",122421782,122421866,484962,"CM105766.1",121802668,121936819,"gene:ENSBOLG00010000268","BRINP1","BMP/retinoic acid inducible neural specific 1 [Ensembl NN prediction with score 100%]","+",121802668,121936819,FALSE,619114,619114,484963,"downstream","intergenic",FALSE,"intergenic"
"CM105766.1",2710328,2711193,866,7,-23.1639890270888,"CM105766.1",2710328,2711193,3125,"CM105766.1",2563304,2707202,"gene:ENSBOLG00010003118","BICD1","BICD cargo adaptor 1 [Ensembl NN prediction with score 100%]","-",2707202,2563304,FALSE,3126,3126,147024,"upstream","intergenic",FALSE,"intergenic"
"CM105780.1",5020054,5020173,120,7,-22.8091834771134,"CM105780.1",5020054,5020173,4124,"CM105780.1",5024298,5043299,"gene:ENSBOLG00010007277","TRIQK","triple QxxK/R motif containing [Ensembl NN prediction with score 100%]","-",5043299,5024298,FALSE,23126,23126,4125,"downstream","intergenic",FALSE,"intergenic"
"JBCDMM020000029.1",2647105,2647178,74,9,-22.4248658325777,"JBCDMM020000029.1",2647105,2647178,1282449,"JBCDMM020000029.1",1363888,1364655,"gene:ENSBOLG00010004365","DMAC2","distal membrane arm assembly component 2 [Ensembl NN prediction with score 99.72%]","+",1363888,1364655,FALSE,1283217,1283217,1282450,"downstream","intergenic",FALSE,"intergenic"
"CM105782.1",23036727,23036929,203,12,22.3719587278025,"CM105782.1",23036727,23036929,172379,"CM105782.1",23209309,23209464,"gene:ENSBOLG00010018156",NA,NA,"-",23209464,23209309,FALSE,172535,172535,172380,"downstream","intergenic",FALSE,"intergenic"
"CM105772.1",72506553,72506640,88,6,-22.0299022817906,"CM105772.1",72506553,72506640,28790,"CM105772.1",72458535,72477762,"gene:ENSBOLG00010012192","GPR26","G protein-coupled receptor 26 [Ensembl NN prediction with score 100%]","-",72477762,72458535,FALSE,28791,28791,48018,"upstream","intergenic",FALSE,"intergenic"
"CM105783.1",23991507,23992216,710,9,-21.4171284060084,"CM105783.1",23991507,23992216,47563,"CM105783.1",24039780,24043606,"gene:ENSBOLG00010006976","A1BG","alpha-1-B glycoprotein [Ensembl NN prediction with score 100%]","-",24043606,24039780,FALSE,51390,51390,47564,"downstream","intergenic",FALSE,"intergenic"
"CM105777.1",67205987,67206357,371,7,21.3446369876245,"CM105777.1",67205987,67206357,340816,"CM105777.1",66828664,66865170,"gene:ENSBOLG00010008167","DSC3","desmocollin 3 [Ensembl NN prediction with score 100%]","+",66828664,66865170,FALSE,377323,377323,340817,"downstream","intergenic",FALSE,"intergenic"
"CM105783.1",29883396,29883486,91,6,21.3335287938563,"CM105783.1",29883396,29883486,206101,"CM105783.1",29668926,29677294,"gene:ENSBOLG00010006988","ST3GAL1","ST3 beta-galactoside alpha-2,3-sialyltransferase 1 [Ensembl NN prediction with score 99.99%]","-",29677294,29668926,FALSE,206102,206102,214470,"upstream","intergenic",FALSE,"intergenic"
"CM105769.1",74550544,74550622,79,7,20.6664885084902,"CM105769.1",74550544,74550622,221390,"CM105769.1",74177974,74329153,"gene:ENSBOLG00010007602","PLA2G4A","phospholipase A2 group IVA [Ensembl NN prediction with score 99.98%]","+",74177974,74329153,FALSE,372570,372570,221391,"downstream","intergenic",FALSE,"intergenic"
"CM105783.1",42224192,42224252,61,8,-20.6329847039881,"CM105783.1",42224192,42224252,2314,"CM105783.1",42226567,42230037,"gene:ENSBOLG00010021410","LGALS1","galectin 1 [Ensembl NN prediction with score 100%]","-",42230037,42226567,FALSE,5785,5785,2315,"downstream","intergenic",FALSE,"intergenic"
"CM105776.1",80786643,80786694,52,8,-20.4456743870313,"CM105776.1",80786643,80786694,1911049,"CM105776.1",78805861,78875593,"gene:ENSBOLG00010012347","WAC","WW domain containing adaptor with coiled-coil [Ensembl NN prediction with score 100%]","+",78805861,78875593,FALSE,1980782,1980782,1911050,"downstream","intergenic",FALSE,"intergenic"
"CM105789.1",31139219,31139499,281,6,20.2303075991803,"CM105789.1",31139219,31139499,16221,"CM105789.1",31155721,31197852,"gene:ENSBOLG00010006864","BEST3","bestrophin 3 [Ensembl NN prediction with score 100%]","+",31155721,31197852,FALSE,16222,16222,58353,"upstream","intergenic",FALSE,"intergenic"
"CM105775.1",43744595,43744705,111,5,20.1418357163813,"CM105775.1",43744595,43744705,0,"CM105775.1",43706625,43786753,"gene:ENSBOLG00010012227","RHOJ","ras homolog family member J [Ensembl NN prediction with score 100%]","-",43786753,43706625,TRUE,42048,42048,37970,"overlapping","gene_body",FALSE,"intron"
"CM105783.1",49872212,49872305,94,6,20.1033457753626,"CM105783.1",49872212,49872305,0,"CM105783.1",49834296,50034762,"gene:ENSBOLG00010020960","TAFA5","TAFA chemokine like family member 5 [Ensembl NN prediction with score 98.49%]","+",49834296,50034762,TRUE,37916,37916,162457,"overlapping","gene_body",FALSE,"intron"
"CM105768.1",9811368,9811505,138,6,19.8053948682782,"CM105768.1",9811368,9811505,124987,"CM105768.1",9684874,9686380,"gene:ENSBOLG00010002294",NA,NA,"-",9686380,9684874,FALSE,124988,124988,126494,"upstream","intergenic",FALSE,"intergenic"
"CM105773.1",11549904,11549979,76,9,19.7496427584758,"CM105773.1",11549904,11549979,0,"CM105773.1",11473108,11554034,"gene:ENSBOLG00010005244","CD44","CD44 molecule (Indian blood group) [Ensembl NN prediction with score 100%]","+",11473108,11554034,TRUE,76796,76796,4055,"overlapping","gene_body",FALSE,"intron"
"CM105769.1",85115019,85115113,95,13,19.7443933365058,"CM105769.1",85115019,85115113,0,"CM105769.1",85074973,85202497,"gene:ENSBOLG00010018366","NEK7","NIMA related kinase 7 [Ensembl NN prediction with score 100%]","+",85074973,85202497,TRUE,40046,40046,87384,"overlapping","gene_body",FALSE,"intron"
"CM105775.1",62925248,62925319,72,6,-19.7427571457038,"CM105775.1",62925248,62925319,0,"CM105775.1",62922823,63751507,"gene:ENSBOLG00010008123","NPAS3","neuronal PAS domain protein 3 [Ensembl NN prediction with score 100%]","-",63751507,62922823,TRUE,826188,826188,2425,"overlapping","gene_body",FALSE,"intron"
"CM105778.1",69207241,69207304,64,7,-19.6182484383478,"CM105778.1",69207241,69207304,0,"CM105778.1",69027538,69569107,"gene:ENSBOLG00010005410","ADGRV1","adhesion G protein-coupled receptor V1 [Ensembl NN prediction with score 100%]","+",69027538,69569107,TRUE,179703,179703,361803,"overlapping","gene_body",FALSE,"intron"
"CM105769.1",47787218,47787487,270,5,-19.5568190756683,"CM105769.1",47787218,47787487,35875,"CM105769.1",47750563,47751342,"gene:ENSBOLG00010000381","LRRC3B","leucine rich repeat containing 3B [Ensembl NN prediction with score 100%]","+",47750563,47751342,FALSE,36655,36655,35876,"downstream","intergenic",FALSE,"intergenic"
"CM105789.1",35012446,35012521,76,9,19.4887660244702,"CM105789.1",35012446,35012521,0,"CM105789.1",35012187,35030952,"gene:ENSBOLG00010006984","AVIL","advillin [Ensembl NN prediction with score 100%]","-",35030952,35012187,TRUE,18431,18431,259,"overlapping","gene_body",TRUE,"exon"
"CM105775.1",55984928,55985052,125,7,-19.4606194028519,"CM105775.1",55984928,55985052,49228,"CM105775.1",56034281,56034817,"gene:ENSBOLG00010005936","rpl23a","ribosomal protein L23a [Ensembl NN prediction with score 100%]","+",56034281,56034817,FALSE,49229,49229,49765,"upstream","intergenic",FALSE,"intergenic"
"CM105769.1",35328976,35329032,57,7,-19.0709423531645,"CM105769.1",35328976,35329032,100529,"CM105769.1",35429562,35441218,"gene:ENSBOLG00010002062","GDF10","growth differentiation factor 10 [Ensembl NN prediction with score 99.99%]","+",35429562,35441218,FALSE,100530,100530,112186,"upstream","intergenic",FALSE,"intergenic"
"CM105773.1",167560,167641,82,8,19.0376423092883,"CM105773.1",167560,167641,3357770,"CM105773.1",3525412,3778786,"gene:ENSBOLG00010006509","ANO3","anoctamin 3 [Ensembl NN prediction with score 100%]","+",3525412,3778786,FALSE,3357771,3357771,3611145,"upstream","intergenic",FALSE,"intergenic"
"CM105785.1",18117082,18117222,141,6,18.9410457132681,"CM105785.1",18117082,18117222,5286,"CM105785.1",18108676,18111795,"gene:ENSBOLG00010010562",NA,NA,"+",18108676,18111795,FALSE,8406,8406,5287,"downstream","intergenic",FALSE,"intergenic"
"CM105772.1",87143435,87143531,97,11,18.8432597777903,"CM105772.1",87143435,87143531,0,"CM105772.1",86915482,87192287,"gene:ENSBOLG00010005578","xylt1","xylosyltransferase 1 [Ensembl NN prediction with score 100%]","-",87192287,86915482,TRUE,48756,48756,227953,"overlapping","gene_body",FALSE,"intron"
"CM105775.1",1527120,1527222,103,8,-18.797717835232,"CM105775.1",1527120,1527222,0,"CM105775.1",1375558,2106593,"gene:ENSBOLG00010021380","ptprn2","protein tyrosine phosphatase receptor type N2 [Ensembl NN prediction with score 100%]","-",2106593,1375558,TRUE,579371,579371,151562,"overlapping","gene_body",FALSE,"intron"
"CM105775.1",78411370,78411433,64,7,18.7738155798349,"CM105775.1",78411370,78411433,7550,"CM105775.1",78351129,78403819,"gene:ENSBOLG00010014851","BZW2","basic leucine zipper and W2 domains 2 [Ensembl NN prediction with score 100%]","+",78351129,78403819,FALSE,60241,60241,7551,"downstream","intergenic",FALSE,"intergenic"
"CM105774.1",33349782,33350111,330,6,-18.6652839321695,"CM105774.1",33349782,33350111,88926,"CM105774.1",33439038,33441201,"gene:ENSBOLG00010011828","eef1g","eukaryotic translation elongation factor 1 gamma [Ensembl NN prediction with score 100%]","+",33439038,33441201,FALSE,88927,88927,91090,"upstream","intergenic",FALSE,"intergenic"
"CM105775.1",35032553,35032612,60,5,-18.302125469789,"CM105775.1",35032553,35032612,0,"CM105775.1",35027312,35035063,"gene:ENSBOLG00010017647","ACOT6","acyl-CoA thioesterase 6 [Ensembl NN prediction with score 100%]","-",35035063,35027312,TRUE,2451,2451,5241,"overlapping","gene_body",FALSE,"intron"
"CM105777.1",15821134,15821196,63,4,-18.1077783997769,"CM105777.1",15821134,15821196,235646,"CM105777.1",16056843,17130023,"gene:ENSBOLG00010014476","DCC","DCC netrin 1 receptor [Ensembl NN prediction with score 100%]","+",16056843,17130023,FALSE,235647,235647,1308827,"upstream","intergenic",FALSE,"intergenic"
"CM105769.1",27683601,27683654,54,4,-18.0503270232764,"CM105769.1",27683601,27683654,0,"CM105769.1",27668563,28498988,"gene:ENSBOLG00010021022","CACNA2D3","calcium voltage-gated channel auxiliary subunit alpha2delta 3 [Ensembl NN prediction with score 100%]","+",27668563,28498988,TRUE,15038,15038,815334,"overlapping","gene_body",FALSE,"intron"
"CM105784.1",23269437,23269499,63,7,17.9986670669971,"CM105784.1",23269437,23269499,0,"CM105784.1",23164763,23325625,"gene:ENSBOLG00010013767","LEKR1","leucine, glutamate and lysine rich 1 [Ensembl NN prediction with score 99.73%]","-",23325625,23164763,TRUE,56126,56126,104674,"overlapping","gene_body",FALSE,"intron"
"CM105777.1",63810240,63811043,804,6,-17.966416508819,"CM105777.1",63810240,63811043,147083,"CM105777.1",63958127,64306060,"gene:ENSBOLG00010008027","NOL4","nucleolar protein 4 [Ensembl NN prediction with score 100%]","+",63958127,64306060,FALSE,147084,147084,495017,"upstream","intergenic",FALSE,"intergenic"
"CM105777.1",15831708,15831768,61,4,-17.9328358466481,"CM105777.1",15831708,15831768,225074,"CM105777.1",16056843,17130023,"gene:ENSBOLG00010014476","DCC","DCC netrin 1 receptor [Ensembl NN prediction with score 100%]","+",16056843,17130023,FALSE,225075,225075,1298255,"upstream","intergenic",FALSE,"intergenic"
"CM105773.1",69341329,69341457,129,6,-17.9271340559899,"CM105773.1",69341329,69341457,0,"CM105773.1",69330604,69354015,"gene:ENSBOLG00010020124","MYH7B","myosin heavy chain 7B [Ensembl NN prediction with score 100%]","+",69330604,69354015,TRUE,10725,10725,12558,"overlapping","gene_body",FALSE,"intron"
"CM105780.1",68712824,68712891,68,7,17.59709236918,"CM105780.1",68712824,68712891,0,"CM105780.1",68580615,68765275,"gene:ENSBOLG00010013186","Zfp704","zinc finger protein 704 [Ensembl NN prediction with score 99.77%]","-",68765275,68580615,TRUE,52384,52384,132209,"overlapping","gene_body",FALSE,"intron"
"CM105766.1",59070412,59070470,59,4,17.5328975419901,"CM105766.1",59070412,59070470,0,"CM105766.1",58849060,59181050,"gene:ENSBOLG00010000911","PRICKLE2","prickle planar cell polarity protein 2 [Ensembl NN prediction with score 100%]","+",58849060,59181050,TRUE,221352,221352,110580,"overlapping","gene_body",FALSE,"intron"
"CM105789.1",24231412,24231732,321,6,17.3001761381879,"CM105789.1",24231412,24231732,0,"CM105789.1",24077620,24606442,"gene:ENSBOLG00010009642","NAV3","neuron navigator 3 [Ensembl NN prediction with score 100%]","-",24606442,24077620,TRUE,374710,374710,153792,"overlapping","gene_body",FALSE,"intron"
"CM105765.1",16515838,16516006,169,5,16.901273822099,"CM105765.1",16515838,16516006,138510,"CM105765.1",16317901,16377327,"gene:ENSBOLG00010001135","SERPINE2","serpin family E member 2 [Ensembl NN prediction with score 100%]","-",16377327,16317901,FALSE,138511,138511,197937,"upstream","intergenic",FALSE,"intergenic"
"CM105771.1",9705652,9705734,83,7,16.8861109199699,"CM105771.1",9705652,9705734,5810,"CM105771.1",9659774,9699841,"gene:ENSBOLG00010016718","SRL","sarcalumenin [Ensembl NN prediction with score 99.99%]","+",9659774,9699841,FALSE,45878,45878,5811,"downstream","intergenic",FALSE,"intergenic"
"CM105782.1",48608261,48608325,65,4,-16.8215363412403,"CM105782.1",48608261,48608325,137019,"CM105782.1",48457644,48471241,"gene:ENSBOLG00010016961","MAF","MAF bZIP transcription factor [Ensembl NN prediction with score 100%]","-",48471241,48457644,FALSE,137020,137020,150617,"upstream","intergenic",FALSE,"intergenic"
"CM105770.1",46582807,46582997,191,5,16.8139795257346,"CM105770.1",46582807,46582997,457291,"CM105770.1",46071880,46125515,"gene:ENSBOLG00010013514","Bod1l","biorientation of chromosomes in cell division 1-like [Ensembl NN prediction with score 100%]","-",46125515,46071880,FALSE,457292,457292,510927,"upstream","intergenic",FALSE,"intergenic"
"CM105775.1",79792882,79792970,89,6,16.755527300021,"CM105775.1",79792882,79792970,0,"CM105775.1",79541983,80291403,"gene:ENSBOLG00010014692",NA,NA,"+",79541983,80291403,TRUE,250899,250899,498433,"overlapping","gene_body",FALSE,"intron"
"CM105768.1",98782043,98782114,72,5,-16.7504422869283,"CM105768.1",98782043,98782114,6476,"CM105768.1",98741831,98775566,"gene:ENSBOLG00010013485","EFCC1","EF-hand and coiled-coil domain containing 1 [Ensembl NN prediction with score 100%]","+",98741831,98775566,FALSE,40212,40212,6477,"downstream","intergenic",FALSE,"intergenic"
"CM105788.1",43400667,43400830,164,5,16.7341566973709,"CM105788.1",43400667,43400830,0,"CM105788.1",43343393,45374859,"gene:ENSBOLG00010004388","CNTNAP2","contactin associated protein 2 [Ensembl NN prediction with score 100%]","+",43343393,45374859,TRUE,57274,57274,1974029,"overlapping","gene_body",FALSE,"intron"
"CM105769.1",119142422,119142472,51,6,16.6664204516263,"CM105769.1",119142422,119142472,404516,"CM105769.1",118730698,118737905,"gene:ENSBOLG00010004555","DSEL","dermatan sulfate epimerase like [Ensembl NN prediction with score 99.96%]","+",118730698,118737905,FALSE,411724,411724,404517,"downstream","intergenic",FALSE,"intergenic"
"CM105778.1",53677165,53678017,853,6,-16.6085197712544,"CM105778.1",53677165,53678017,179476,"CM105778.1",53495901,53497688,"gene:ENSBOLG00010009317",NA,NA,"-",53497688,53495901,FALSE,179477,179477,181264,"upstream","intergenic",FALSE,"intergenic"
"CM105774.1",45648491,45648560,70,4,16.5831175595899,"CM105774.1",45648491,45648560,94730,"CM105774.1",45495826,45553760,"gene:ENSBOLG00010007819","HTR2A","5-hydroxytryptamine receptor 2A [Ensembl NN prediction with score 100%]","-",45553760,45495826,FALSE,94731,94731,152665,"upstream","intergenic",FALSE,"intergenic"
"CM105773.1",69371336,69371447,112,7,-16.5194366788627,"CM105773.1",69371336,69371447,0,"CM105773.1",69354193,69422389,"gene:ENSBOLG00010019235","TRPC4AP","transient receptor potential cation channel subfamily C member 4 associated protein [Ensembl NN prediction with score 100%]","-",69422389,69354193,TRUE,50942,50942,17143,"overlapping","gene_body",FALSE,"intron"
"CM105768.1",117240053,117240135,83,7,16.4800034257059,"CM105768.1",117240053,117240135,0,"CM105768.1",116759750,117582088,"gene:ENSBOLG00010014056","CAMTA1","calmodulin binding transcription activator 1 [Ensembl NN prediction with score 100%]","-",117582088,116759750,TRUE,341953,341953,480303,"overlapping","gene_body",FALSE,"intron"
"CM105773.1",79930387,79930439,53,7,16.4646867096431,"CM105773.1",79930387,79930439,12965,"CM105773.1",79832711,79917421,"gene:ENSBOLG00010016926","SULF2","sulfatase 2 [Ensembl NN prediction with score 100%]","-",79917421,79832711,FALSE,12966,12966,97676,"upstream","intergenic",FALSE,"intergenic"
"CM105771.1",79261980,79262032,53,6,-16.4130338398327,"CM105771.1",79261980,79262032,9696,"CM105771.1",79251979,79252283,"gene:ENSBOLG00010002044","Defb13","defensin beta 13 [Ensembl NN prediction with score 85.5%]","-",79252283,79251979,FALSE,9697,9697,10001,"upstream","intergenic",FALSE,"intergenic"
"CM105781.1",41459123,41459237,115,4,16.3595944821677,"CM105781.1",41459123,41459237,0,"CM105781.1",41389981,41494420,"gene:ENSBOLG00010015397","ELOVL6","ELOVL fatty acid elongase 6 [Ensembl NN prediction with score 99.97%]","+",41389981,41494420,TRUE,69142,69142,35183,"overlapping","gene_body",FALSE,"intron"
"CM105766.1",98077221,98077684,464,4,16.3514582720846,"CM105766.1",98077221,98077684,213998,"CM105766.1",98291683,98292306,"gene:ENSBOLG00010012588","TUSC1","tumor suppressor candidate 1 [Ensembl NN prediction with score 100%]","+",98291683,98292306,FALSE,213999,213999,214622,"upstream","intergenic",FALSE,"intergenic"
"CM105769.1",24845647,24845746,100,7,-16.3338501303542,"CM105769.1",24845647,24845746,15071,"CM105769.1",24860818,24910017,"gene:ENSBOLG00010021276","DDR2","discoidin domain receptor tyrosine kinase 2 [Ensembl NN prediction with score 100%]","+",24860818,24910017,FALSE,15072,15072,64271,"upstream","intergenic",FALSE,"intergenic"
"CM105784.1",11243512,11243594,83,7,-16.2776349118438,"CM105784.1",11243512,11243594,0,"CM105784.1",11221309,11334615,"gene:ENSBOLG00010013317","GRIA2","glutamate ionotropic receptor AMPA type subunit 2 [Ensembl NN prediction with score 99.93%]","+",11221309,11334615,TRUE,22203,22203,91021,"overlapping","gene_body",FALSE,"intron"
"CM105766.1",112781081,112781156,76,5,16.2174406427701,"CM105766.1",112781081,112781156,1064133,"CM105766.1",111716295,111716947,"gene:ENSBOLG00010008663","rpl12","ribosomal protein L12 [Ensembl NN prediction with score 99.7%]","+",111716295,111716947,FALSE,1064786,1064786,1064134,"downstream","intergenic",FALSE,"intergenic"
"CM105766.1",73012746,73012814,69,7,-16.2147174621687,"CM105766.1",73012746,73012814,7682,"CM105766.1",73020497,73039877,"gene:ENSBOLG00010021491","FOXO6","forkhead box O6 [Ensembl NN prediction with score 100%]","+",73020497,73039877,FALSE,7683,7683,27063,"upstream","intergenic",FALSE,"intergenic"
"CM105766.1",98067249,98067609,361,5,16.1453730932178,"CM105766.1",98067249,98067609,224073,"CM105766.1",98291683,98292306,"gene:ENSBOLG00010012588","TUSC1","tumor suppressor candidate 1 [Ensembl NN prediction with score 100%]","+",98291683,98292306,FALSE,224074,224074,224697,"upstream","intergenic",FALSE,"intergenic"
"CM105767.1",25698492,25698936,445,5,16.1017785864104,"CM105767.1",25698492,25698936,0,"CM105767.1",25689338,25711095,"gene:ENSBOLG00010018196","APH1B","aph-1 homolog B, gamma-secretase subunit [Ensembl NN prediction with score 97.46%]","-",25711095,25689338,TRUE,12159,12159,9154,"overlapping","gene_body",FALSE,"intron"
"CM105772.1",9020050,9020101,52,6,-16.0424741190852,"CM105772.1",9020050,9020101,346010,"CM105772.1",8625779,8674039,"gene:ENSBOLG00010017312","XPNPEP1","X-prolyl aminopeptidase 1 [Ensembl NN prediction with score 100%]","+",8625779,8674039,FALSE,394271,394271,346011,"downstream","intergenic",FALSE,"intergenic"
"CM105780.1",35144870,35145609,740,5,-15.9897753638751,"CM105780.1",35144870,35145609,466215,"CM105780.1",34678004,34678654,"gene:ENSBOLG00010011785","1700009N14Rik","RIKEN cDNA 1700009N14 gene [Ensembl NN prediction with score 96.73%]","-",34678654,34678004,FALSE,466216,466216,466866,"upstream","intergenic",FALSE,"intergenic"
"CM105768.1",9786171,9786324,154,4,15.908440329878,"CM105768.1",9786171,9786324,99790,"CM105768.1",9684874,9686380,"gene:ENSBOLG00010002294",NA,NA,"-",9686380,9684874,FALSE,99791,99791,101297,"upstream","intergenic",FALSE,"intergenic"
"CM105771.1",16672644,16672704,61,5,15.8642559730069,"CM105771.1",16672644,16672704,0,"CM105771.1",16411391,16784833,"gene:ENSBOLG00010018036","KCNIP1","potassium voltage-gated channel interacting protein 1 [Ensembl NN prediction with score 100%]","-",16784833,16411391,TRUE,112129,112129,261253,"overlapping","gene_body",FALSE,"intron"
"CM105775.1",42538709,42538770,62,7,15.8635325131606,"CM105775.1",42538709,42538770,0,"CM105775.1",42535984,42579532,"gene:ENSBOLG00010012216","PLEKHG3","pleckstrin homology and RhoGEF domain containing G3 [Ensembl NN prediction with score 100%]","-",42579532,42535984,TRUE,40762,40762,2725,"overlapping","gene_body",TRUE,"exon"
"CM105773.1",81953630,81953710,81,5,15.8360518875428,"CM105773.1",81953630,81953710,23979,"CM105773.1",81977690,81993036,"gene:ENSBOLG00010011075","ADNP","activity dependent neuroprotector homeobox [Ensembl NN prediction with score 100%]","-",81993036,81977690,FALSE,39326,39326,23980,"downstream","intergenic",FALSE,"intergenic"
"CM105787.1",15557702,15557755,54,5,15.8043610876088,"CM105787.1",15557702,15557755,0,"CM105787.1",15078024,15898830,"gene:ENSBOLG00010014387","NELL1","neural EGFL like 1 [Ensembl NN prediction with score 100%]","-",15898830,15078024,TRUE,341075,341075,479678,"overlapping","gene_body",FALSE,"intron"
"CM105769.1",81588030,81588108,79,4,-15.7602683474792,"CM105769.1",81588030,81588108,78778,"CM105769.1",81666887,81667508,"gene:ENSBOLG00010018660","rpl17","ribosomal protein L17 [Ensembl NN prediction with score 99.99%]","-",81667508,81666887,FALSE,79400,79400,78779,"downstream","intergenic",FALSE,"intergenic"
"CM105785.1",33431791,33431861,71,4,15.635441727071,"CM105785.1",33431791,33431861,0,"CM105785.1",33406183,33880657,"gene:ENSBOLG00010003735","GALNT13","polypeptide N-acetylgalactosaminyltransferase 13 [Ensembl NN prediction with score 100%]","+",33406183,33880657,TRUE,25608,25608,448796,"overlapping","gene_body",FALSE,"intron"
"CM105786.1",6308338,6308393,56,5,15.5912864236841,"CM105786.1",6308338,6308393,24748,"CM105786.1",6333142,6357089,"gene:ENSBOLG00010012197","IRS2","insulin receptor substrate 2 [Ensembl NN prediction with score 100%]","-",6357089,6333142,FALSE,48696,48696,24749,"downstream","intergenic",FALSE,"intergenic"
"CM105786.1",38241602,38241715,114,6,15.5085176430994,"CM105786.1",38241602,38241715,0,"CM105786.1",37823814,38270143,"gene:ENSBOLG00010006012","TENM3","teneurin transmembrane protein 3 [Ensembl NN prediction with score 100%]","-",38270143,37823814,TRUE,28428,28428,417788,"overlapping","gene_body",FALSE,"intron"
"CM105788.1",43399449,43400267,819,4,15.5018738909527,"CM105788.1",43399449,43400267,0,"CM105788.1",43343393,45374859,"gene:ENSBOLG00010004388","CNTNAP2","contactin associated protein 2 [Ensembl NN prediction with score 100%]","+",43343393,45374859,TRUE,56056,56056,1974592,"overlapping","gene_body",FALSE,"intron"
"CM105788.1",41718770,41718893,124,5,15.486170402662,"CM105788.1",41718770,41718893,1785,"CM105788.1",41720679,41737955,"gene:ENSBOLG00010004454","ARHGEF5","Rho guanine nucleotide exchange factor 5 [Ensembl NN prediction with score 100%]","+",41720679,41737955,FALSE,1786,1786,19062,"upstream","promoter",FALSE,"promoter"
"CM105769.1",79306163,79306315,153,4,-15.3896575197541,"CM105769.1",79306163,79306315,264,"CM105769.1",79281303,79305898,"gene:ENSBOLG00010007552","RGS21","regulator of G protein signaling 21 [Ensembl NN prediction with score 100%]","+",79281303,79305898,FALSE,24860,24860,265,"downstream","downstream",FALSE,"downstream"
"CM105773.1",84729813,84729959,147,5,15.3676109410515,"CM105773.1",84729813,84729959,0,"CM105773.1",84605556,84754957,"gene:ENSBOLG00010010780","DOK5","docking protein 5 [Ensembl NN prediction with score 99.99%]","+",84605556,84754957,TRUE,124257,124257,24998,"overlapping","gene_body",FALSE,"intron"
"CM105773.1",70225762,70225834,73,6,-15.3333345233408,"CM105773.1",70225762,70225834,21583,"CM105773.1",70247418,70292625,"gene:ENSBOLG00010019681","EPB41L1","erythrocyte membrane protein band 4.1 like 1 [Ensembl NN prediction with score 100%]","+",70247418,70292625,FALSE,21584,21584,66791,"upstream","intergenic",FALSE,"intergenic"
"CM105776.1",32189099,32189201,103,4,15.2325436352085,"CM105776.1",32189099,32189201,54710,"CM105776.1",32243912,32249461,"gene:ENSBOLG00010012674","UQCRFS1","ubiquinol-cytochrome c reductase, Rieske iron-sulfur polypeptide 1 [Ensembl NN prediction with score 100%]","+",32243912,32249461,FALSE,54711,54711,60260,"upstream","intergenic",FALSE,"intergenic"
"CM105769.1",47822029,47822080,52,5,-15.2300099738588,"CM105769.1",47822029,47822080,70686,"CM105769.1",47750563,47751342,"gene:ENSBOLG00010000381","LRRC3B","leucine rich repeat containing 3B [Ensembl NN prediction with score 100%]","+",47750563,47751342,FALSE,71466,71466,70687,"downstream","intergenic",FALSE,"intergenic"
"CM105778.1",73323334,73323384,51,7,15.2127068054717,"CM105778.1",73323334,73323384,0,"CM105778.1",73269078,73858075,"gene:ENSBOLG00010005480","MCTP1","multiple C2 and transmembrane domain containing 1 [Ensembl NN prediction with score 100%]","-",73858075,73269078,TRUE,534691,534691,54256,"overlapping","gene_body",FALSE,"intron"
"CM105765.1",122330342,122330397,56,7,-15.1640105362361,"CM105765.1",122330342,122330397,70121,"CM105765.1",122400519,122561732,"gene:ENSBOLG00010004289","SASH1","SAM and SH3 domain containing 1 [Ensembl NN prediction with score 100%]","+",122400519,122561732,FALSE,70122,70122,231335,"upstream","intergenic",FALSE,"intergenic"
"CM105771.1",18747512,18747588,77,5,15.1422542628667,"CM105771.1",18747512,18747588,0,"CM105771.1",18710151,19659286,"gene:ENSBOLG00010017956","TENM2","teneurin transmembrane protein 2 [Ensembl NN prediction with score 100%]","-",19659286,18710151,TRUE,911698,911698,37361,"overlapping","gene_body",FALSE,"intron"
"CM105789.1",16112212,16112315,104,4,-15.0878789441478,"CM105789.1",16112212,16112315,0,"CM105789.1",16102371,16133995,"gene:ENSBOLG00010009199","TMTC3","transmembrane O-mannosyltransferase targeting cadherins 3 [Ensembl NN prediction with score 100%]","-",16133995,16102371,TRUE,21680,21680,9841,"overlapping","gene_body",FALSE,"intron"
"CM105787.1",39592877,39592929,53,5,-15.0544106368577,"CM105787.1",39592877,39592929,0,"CM105787.1",39196235,39986803,"gene:ENSBOLG00010003778","AGBL1","AGBL carboxypeptidase 1 [Ensembl NN prediction with score 100%]","+",39196235,39986803,TRUE,396642,396642,393874,"overlapping","gene_body",FALSE,"intron"
"CM105789.1",16905657,16905742,86,4,15.0538500952067,"CM105789.1",16905657,16905742,647534,"CM105789.1",16235121,16258122,"gene:ENSBOLG00010009224","1700017N19Rik","RIKEN cDNA 1700017N19 gene [Ensembl NN prediction with score 99.99%]","+",16235121,16258122,FALSE,670536,670536,647535,"downstream","intergenic",FALSE,"intergenic"
"CM105776.1",11752002,11752090,89,5,-14.9893856942755,"CM105776.1",11752002,11752090,22324,"CM105776.1",11774415,11775014,"gene:ENSBOLG00010013976","DIRAS2","DIRAS family GTPase 2 [Ensembl NN prediction with score 100%]","+",11774415,11775014,FALSE,22325,22325,22924,"upstream","intergenic",FALSE,"intergenic"
"CM105773.1",41222374,41222435,62,5,14.9623991214791,"CM105773.1",41222374,41222435,4047,"CM105773.1",41226483,41250853,"gene:ENSBOLG00010015550","MAL","mal, T cell differentiation protein [Ensembl NN prediction with score 100%]","-",41250853,41226483,FALSE,28418,28418,4048,"downstream","intergenic",FALSE,"intergenic"
"CM105789.1",22363715,22363785,71,7,-14.9083877645331,"CM105789.1",22363715,22363785,0,"CM105789.1",22251902,22385884,"gene:ENSBOLG00010009383","OTOGL","otogelin like [Ensembl NN prediction with score 100%]","-",22385884,22251902,TRUE,22099,22099,111813,"overlapping","gene_body",FALSE,"intron"
"CM105773.1",63717517,63717700,184,4,14.9060420502728,"CM105773.1",63717517,63717700,21227,"CM105773.1",63738928,63742018,"gene:ENSBOLG00010018919","Cst10","cystatin 10 (chondrocytes) [Ensembl NN prediction with score 99.99%]","+",63738928,63742018,FALSE,21228,21228,24318,"upstream","intergenic",FALSE,"intergenic"
"CM105775.1",46011170,46011228,59,5,-14.8787070596897,"CM105775.1",46011170,46011228,15541,"CM105775.1",46026770,46029582,"gene:ENSBOLG00010012284","SIX1","SIX homeobox 1 [Ensembl NN prediction with score 100%]","+",46026770,46029582,FALSE,15542,15542,18354,"upstream","intergenic",FALSE,"intergenic"
"CM105769.1",50673114,50673201,88,7,14.857446984832,"CM105769.1",50673114,50673201,0,"CM105769.1",50417445,51084583,"gene:ENSBOLG00010000337","PTPRG","protein tyrosine phosphatase receptor type G [Ensembl NN prediction with score 100%]","-",51084583,50417445,TRUE,411382,411382,255669,"overlapping","gene_body",FALSE,"intron"
"CM105772.1",8676678,8676734,57,7,14.8220474406028,"CM105772.1",8676678,8676734,2638,"CM105772.1",8625779,8674039,"gene:ENSBOLG00010017312","XPNPEP1","X-prolyl aminopeptidase 1 [Ensembl NN prediction with score 100%]","+",8625779,8674039,FALSE,50899,50899,2639,"downstream","intergenic",FALSE,"intergenic"
"CM105765.1",110447923,110447985,63,7,-14.6447248693806,"CM105765.1",110447923,110447985,72590,"CM105765.1",110520576,110538763,"gene:ENSBOLG00010017005","ALDH8A1","aldehyde dehydrogenase 8 family member A1 [Ensembl NN prediction with score 99.97%]","-",110538763,110520576,FALSE,90778,90778,72591,"downstream","intergenic",FALSE,"intergenic"
"CM105783.1",22846595,22846646,52,4,14.6071149911943,"CM105783.1",22846595,22846646,0,"CM105783.1",22666177,22877826,"gene:ENSBOLG00010006909","NSMCE2","NSE2 (MMS21) homolog, SMC5-SMC6 complex SUMO ligase [Ensembl NN prediction with score 100%]","+",22666177,22877826,TRUE,180418,180418,31180,"overlapping","gene_body",FALSE,"intron"
"CM105767.1",70355880,70355942,63,6,-14.5486139863623,"CM105767.1",70355880,70355942,234924,"CM105767.1",70590867,70750080,"gene:ENSBOLG00010003807","SORL1","sortilin related receptor 1 [Ensembl NN prediction with score 100%]","-",70750080,70590867,FALSE,394138,394138,234925,"downstream","intergenic",FALSE,"intergenic"
"CM105770.1",94510199,94510286,88,4,-14.5390174864173,"CM105770.1",94510199,94510286,0,"CM105770.1",94464471,94559867,"gene:ENSBOLG00010001579","PARM1","prostate androgen-regulated mucin-like protein 1 [Ensembl NN prediction with score 100%]","+",94464471,94559867,TRUE,45728,45728,49581,"overlapping","gene_body",FALSE,"intron"
"CM105767.1",43155463,43155573,111,6,14.504956279914,"CM105767.1",43155463,43155573,0,"CM105767.1",43050143,43232091,"gene:ENSBOLG00010000813","BCKDHB","branched chain keto acid dehydrogenase E1 subunit beta [Ensembl NN prediction with score 100%]","+",43050143,43232091,TRUE,105320,105320,76518,"overlapping","gene_body",FALSE,"intron"
"CM105781.1",67371275,67371393,119,4,-14.4966396227542,"CM105781.1",67371275,67371393,0,"CM105781.1",67311672,68026517,"gene:ENSBOLG00010005809","NEGR1","neuronal growth regulator 1 [Ensembl NN prediction with score 100%]","+",67311672,68026517,TRUE,59603,59603,655124,"overlapping","gene_body",FALSE,"intron"
"CM105781.1",49084451,49084519,69,5,14.4925381496085,"CM105781.1",49084451,49084519,959,"CM105781.1",49073098,49083491,"gene:ENSBOLG00010015879","LAMTOR3","late endosomal/lysosomal adaptor, MAPK and MTOR activator 3 [Ensembl NN prediction with score 100%]","+",49073098,49083491,FALSE,11353,11353,960,"downstream","downstream",FALSE,"downstream"
"CM105778.1",69240182,69240244,63,4,-14.485918576745,"CM105778.1",69240182,69240244,0,"CM105778.1",69027538,69569107,"gene:ENSBOLG00010005410","ADGRV1","adhesion G protein-coupled receptor V1 [Ensembl NN prediction with score 100%]","+",69027538,69569107,TRUE,212644,212644,328863,"overlapping","gene_body",FALSE,"intron"
"CM105768.1",5027149,5027253,105,4,-14.466696935031,"CM105768.1",5027149,5027253,0,"CM105768.1",4946801,5820396,"gene:ENSBOLG00010002792","DPP6","dipeptidyl peptidase like 6 [Ensembl NN prediction with score 100%]","-",5820396,4946801,TRUE,793143,793143,80348,"overlapping","gene_body",FALSE,"intron"
"CM105764.1",128742804,128742877,74,5,-14.3755072620048,"CM105764.1",128742804,128742877,0,"CM105764.1",128683525,128756021,"gene:ENSBOLG00010002495","IFT81","intraflagellar transport 81 [Ensembl NN prediction with score 100%]","+",128683525,128756021,TRUE,59279,59279,13144,"overlapping","gene_body",FALSE,"intron"
"CM105775.1",43936114,43936248,135,5,14.3595700417935,"CM105775.1",43936114,43936248,0,"CM105775.1",43894981,44181413,"gene:ENSBOLG00010012239","KCNH5","potassium voltage-gated channel subfamily H member 5 [Ensembl NN prediction with score 99.99%]","+",43894981,44181413,TRUE,41133,41133,245165,"overlapping","gene_body",FALSE,"intron"
"CM105765.1",20961975,20962037,63,7,-14.3324729792292,"CM105765.1",20961975,20962037,0,"CM105765.1",20739934,21034920,"gene:ENSBOLG00010001182","DNER","delta/notch like EGF repeat containing [Ensembl NN prediction with score 100%]","-",21034920,20739934,TRUE,72883,72883,222041,"overlapping","gene_body",FALSE,"intron"
"CM105781.1",14974940,14975004,65,5,14.3314136450853,"CM105781.1",14974940,14975004,62726,"CM105781.1",15037731,15076681,"gene:ENSBOLG00010011212","TSPAN2","tetraspanin 2 [Ensembl NN prediction with score 100%]","+",15037731,15076681,FALSE,62727,62727,101677,"upstream","intergenic",FALSE,"intergenic"
"CM105764.1",74652150,74652386,237,4,14.2968434701773,"CM105764.1",74652150,74652386,95166,"CM105764.1",74747553,74889039,"gene:ENSBOLG00010001387","P3H2","prolyl 3-hydroxylase 2 [Ensembl NN prediction with score 99.2%]","+",74747553,74889039,FALSE,95167,95167,236653,"upstream","intergenic",FALSE,"intergenic"
"CM105770.1",53712814,53712990,177,4,-14.2864853317647,"CM105770.1",53712814,53712990,22266,"CM105770.1",53735257,53834179,"gene:ENSBOLG00010001295","ADGRA3","adhesion G protein-coupled receptor A3 [Ensembl NN prediction with score 100%]","-",53834179,53735257,FALSE,121189,121189,22267,"downstream","intergenic",FALSE,"intergenic"
"CM105782.1",65426788,65426899,112,4,-14.2664760540623,"CM105782.1",65426788,65426899,245468,"CM105782.1",65672368,65673182,"gene:ENSBOLG00010004177","NACA2","nascent polypeptide associated complex subunit alpha 2 [Ensembl NN prediction with score 98.96%]","+",65672368,65673182,FALSE,245469,245469,246283,"upstream","intergenic",FALSE,"intergenic"
"CM105787.1",39621666,39621724,59,4,-14.2447739079262,"CM105787.1",39621666,39621724,0,"CM105787.1",39196235,39986803,"gene:ENSBOLG00010003778","AGBL1","AGBL carboxypeptidase 1 [Ensembl NN prediction with score 100%]","+",39196235,39986803,TRUE,425431,425431,365079,"overlapping","gene_body",FALSE,"intron"
"CM105780.1",19690408,19690581,174,4,-14.239013498139,"CM105780.1",19690408,19690581,325703,"CM105780.1",19363451,19364704,"gene:ENSBOLG00010014918","ACTL7B","actin like 7B [Ensembl NN prediction with score 100%]","+",19363451,19364704,FALSE,326957,326957,325704,"downstream","intergenic",FALSE,"intergenic"
"CM105788.1",20755290,20755353,64,4,-14.1768492434326,"CM105788.1",20755290,20755353,52065,"CM105788.1",20662275,20703224,"gene:ENSBOLG00010016284","FAM3C","FAM3 metabolism regulating signaling molecule C [Ensembl NN prediction with score 100%]","-",20703224,20662275,FALSE,52066,52066,93015,"upstream","intergenic",FALSE,"intergenic"
"CM105765.1",65431041,65431359,319,4,14.1266024898379,"CM105765.1",65431041,65431359,0,"CM105765.1",65417274,65435943,"gene:ENSBOLG00010019309","ZSWIM9","zinc finger SWIM-type containing 9 [Ensembl NN prediction with score 100%]","+",65417274,65435943,TRUE,13767,13767,4584,"overlapping","gene_body",FALSE,"intron"
"CM105768.1",64799766,64799824,59,6,-14.1126726794958,"CM105768.1",64799766,64799824,0,"CM105768.1",64692091,64814065,"gene:ENSBOLG00010002915","MBOAT2","membrane bound O-acyltransferase domain containing 2 [Ensembl NN prediction with score 99.72%]","+",64692091,64814065,TRUE,107675,107675,14241,"overlapping","gene_body",FALSE,"intron"
"CM105789.1",21285450,21285560,111,4,-14.0790430777404,"CM105789.1",21285450,21285560,0,"CM105789.1",21085754,21492273,"gene:ENSBOLG00010009449","PPFIA2","PTPRF interacting protein alpha 2 [Ensembl NN prediction with score 100%]","+",21085754,21492273,TRUE,199696,199696,206713,"overlapping","gene_body",FALSE,"intron"
"CM105780.1",19686188,19686281,94,4,-14.0724302681489,"CM105780.1",19686188,19686281,321483,"CM105780.1",19363451,19364704,"gene:ENSBOLG00010014918","ACTL7B","actin like 7B [Ensembl NN prediction with score 100%]","+",19363451,19364704,FALSE,322737,322737,321484,"downstream","intergenic",FALSE,"intergenic"
"CM105781.1",10237526,10237622,97,4,14.0401170036366,"CM105781.1",10237526,10237622,28472,"CM105781.1",10266095,10267673,"gene:ENSBOLG00010011286",NA,NA,"-",10267673,10266095,FALSE,30051,30051,28473,"downstream","intergenic",FALSE,"intergenic"
"CM105773.1",69450373,69450426,54,4,13.9165361881777,"CM105773.1",69450373,69450426,0,"CM105773.1",69434148,69462593,"gene:ENSBOLG00010018869","EDEM2","ER degradation enhancing alpha-mannosidase like protein 2 [Ensembl NN prediction with score 100%]","-",69462593,69434148,TRUE,12167,12167,16225,"overlapping","gene_body",FALSE,"intron"
"CM105790.1",38209095,38209146,52,5,-13.9112344679869,"CM105790.1",38209095,38209146,21101,"CM105790.1",38230248,38309332,"gene:ENSBOLG00010009893","CCDC150","coiled-coil domain containing 150 [Ensembl NN prediction with score 100%]","+",38230248,38309332,FALSE,21102,21102,100186,"upstream","intergenic",FALSE,"intergenic"
"CM105789.1",39824866,39824949,84,5,13.8784907925758,"CM105789.1",39824866,39824949,113830,"CM105789.1",39938780,39962991,"gene:ENSBOLG00010006447","RXYLT1","ribitol xylosyltransferase 1 [Ensembl NN prediction with score 99.99%]","+",39938780,39962991,FALSE,113831,113831,138042,"upstream","intergenic",FALSE,"intergenic"
"CM105766.1",74041063,74041138,76,4,-13.8748911114358,"CM105766.1",74041063,74041138,0,"CM105766.1",74029679,74043854,"gene:ENSBOLG00010021346","ybx1","Y-box binding protein 1 [Ensembl NN prediction with score 100%]","+",74029679,74043854,TRUE,11384,11384,2716,"overlapping","gene_body",FALSE,"intron"
"CM105784.1",36754690,36754994,305,4,-13.8293294963893,"CM105784.1",36754690,36754994,52455,"CM105784.1",36807450,36820967,"gene:ENSBOLG00010006241","PCDH18","protocadherin 18 [Ensembl NN prediction with score 100%]","+",36807450,36820967,FALSE,52456,52456,65973,"upstream","intergenic",FALSE,"intergenic"
"CM105783.1",64716891,64717247,357,5,13.7322981789754,"CM105783.1",64716891,64717247,1625,"CM105783.1",64718873,64738736,"gene:ENSBOLG00010014668","KRT80","keratin 80 [Ensembl NN prediction with score 99.98%]","-",64738736,64718873,FALSE,21489,21489,1626,"downstream","downstream",FALSE,"downstream"
"CM105777.1",63763989,63764460,472,4,-13.6447935238117,"CM105777.1",63763989,63764460,193666,"CM105777.1",63958127,64306060,"gene:ENSBOLG00010008027","NOL4","nucleolar protein 4 [Ensembl NN prediction with score 100%]","+",63958127,64306060,FALSE,193667,193667,541600,"upstream","intergenic",FALSE,"intergenic"
"CM105775.1",45379430,45379494,65,5,-13.6447408910875,"CM105775.1",45379430,45379494,0,"CM105775.1",45290021,45490599,"gene:ENSBOLG00010011268","Prkch","protein kinase C eta [Ensembl NN prediction with score 100%]","-",45490599,45290021,TRUE,111105,111105,89409,"overlapping","gene_body",FALSE,"intron"
"CM105775.1",45583112,45583266,155,6,13.622355400935,"CM105775.1",45583112,45583266,53181,"CM105775.1",45528869,45529930,"gene:ENSBOLG00010012388","TMEM30B","transmembrane protein 30B [Ensembl NN prediction with score 100%]","+",45528869,45529930,FALSE,54243,54243,53182,"downstream","intergenic",FALSE,"intergenic"
"CM105776.1",16353830,16353989,160,4,-13.6213093337591,"CM105776.1",16353830,16353989,119386,"CM105776.1",16220468,16234443,"gene:ENSBOLG00010013958","Fbxw17","F-box and WD-40 domain protein 17 [Ensembl NN prediction with score 99.99%]","-",16234443,16220468,FALSE,119387,119387,133362,"upstream","intergenic",FALSE,"intergenic"
"CM105769.1",119143121,119143241,121,4,13.5602269334913,"CM105769.1",119143121,119143241,405215,"CM105769.1",118730698,118737905,"gene:ENSBOLG00010004555","DSEL","dermatan sulfate epimerase like [Ensembl NN prediction with score 99.96%]","+",118730698,118737905,FALSE,412423,412423,405216,"downstream","intergenic",FALSE,"intergenic"
"CM105772.1",75213519,75213580,62,7,-13.5069278466759,"CM105772.1",75213519,75213580,2440,"CM105772.1",75090133,75211078,"gene:ENSBOLG00010011711","PLPP4","phospholipid phosphatase 4 [Ensembl NN prediction with score 100%]","-",75211078,75090133,FALSE,2441,2441,123386,"upstream","intergenic",FALSE,"intergenic"
"CM105774.1",36576923,36577265,343,4,-13.5054631713298,"CM105774.1",36576923,36577265,249624,"CM105774.1",36240401,36327298,"gene:ENSBOLG00010011652","PCDH17","protocadherin 17 [Ensembl NN prediction with score 100%]","-",36327298,36240401,FALSE,249625,249625,336522,"upstream","intergenic",FALSE,"intergenic"
"CM105787.1",34100014,34100073,60,7,13.4940811387541,"CM105787.1",34100014,34100073,441155,"CM105787.1",33646716,33658858,"gene:ENSBOLG00010003809","NR2F2","nuclear receptor subfamily 2 group F member 2 [Ensembl NN prediction with score 99.86%]","-",33658858,33646716,FALSE,441156,441156,453298,"upstream","intergenic",FALSE,"intergenic"
"CM105768.1",5012619,5012839,221,4,-13.459385744807,"CM105768.1",5012619,5012839,0,"CM105768.1",4946801,5820396,"gene:ENSBOLG00010002792","DPP6","dipeptidyl peptidase like 6 [Ensembl NN prediction with score 100%]","-",5820396,4946801,TRUE,807557,807557,65818,"overlapping","gene_body",FALSE,"intron"
"CM105772.1",21526688,21526830,143,4,-13.4299022356828,"CM105772.1",21526688,21526830,0,"CM105772.1",21482878,21565440,"gene:ENSBOLG00010011012","ENTPD1","ectonucleoside triphosphate diphosphohydrolase 1 [Ensembl NN prediction with score 100%]","-",21565440,21482878,TRUE,38610,38610,43810,"overlapping","gene_body",FALSE,"intron"
"CM105764.1",45179566,45179621,56,7,13.3633788303269,"CM105764.1",45179566,45179621,0,"CM105764.1",45170837,45290422,"gene:ENSBOLG00010000699","IGSF11","immunoglobulin superfamily member 11 [Ensembl NN prediction with score 100%]","+",45170837,45290422,TRUE,8729,8729,110801,"overlapping","gene_body",FALSE,"intron"
"CM105782.1",18577721,18577879,159,5,13.3591186542037,"CM105782.1",18577721,18577879,96341,"CM105782.1",18674221,18674880,"gene:ENSBOLG00010016990","NAA11","N-alpha-acetyltransferase 11, NatA catalytic subunit [Ensembl NN prediction with score 96.15%]","+",18674221,18674880,FALSE,96342,96342,97001,"upstream","intergenic",FALSE,"intergenic"
"CM105766.1",10953478,10953536,59,4,13.3409317562227,"CM105766.1",10953478,10953536,6455,"CM105766.1",10959992,11231674,"gene:ENSBOLG00010002138","PDE3A","phosphodiesterase 3A [Ensembl NN prediction with score 99.98%]","-",11231674,10959992,FALSE,278138,278138,6456,"downstream","intergenic",FALSE,"intergenic"
"CM105766.1",110493684,110494165,482,4,13.3319404989415,"CM105766.1",110493684,110494165,163013,"CM105766.1",110312025,110330670,"gene:ENSBOLG00010008423","TYRP1","tyrosinase related protein 1 [Ensembl NN prediction with score 100%]","-",110330670,110312025,FALSE,163014,163014,181659,"upstream","intergenic",FALSE,"intergenic"
"CM105764.1",131447018,131447178,161,5,-13.29580771962,"CM105764.1",131447018,131447178,346593,"CM105764.1",131051118,131100424,"gene:ENSBOLG00010002800","CHFR","checkpoint with forkhead and ring finger domains [Ensembl NN prediction with score 100%]","-",131100424,131051118,FALSE,346594,346594,395900,"upstream","intergenic",FALSE,"intergenic"
"CM105773.1",61538002,61538156,155,4,13.2840279634627,"CM105773.1",61538002,61538156,204465,"CM105773.1",61742622,61744001,"gene:ENSBOLG00010018841",NA,NA,"+",61742622,61744001,FALSE,204466,204466,205845,"upstream","intergenic",FALSE,"intergenic"
"CM105766.1",106515970,106516040,71,5,13.2834966574023,"CM105766.1",106515970,106516040,6484,"CM105766.1",106522525,106918647,"gene:ENSBOLG00010008374","BNC2","basonuclin 2 [Ensembl NN prediction with score 100%]","+",106522525,106918647,FALSE,6485,6485,402607,"upstream","intergenic",FALSE,"intergenic"
"CM105768.1",98084966,98085199,234,6,13.2652333499823,"CM105768.1",98084966,98085199,3482,"CM105768.1",98036232,98081483,"gene:ENSBOLG00010012684","GFPT1","glutamine--fructose-6-phosphate transaminase 1 [Ensembl NN prediction with score 100%]","+",98036232,98081483,FALSE,48734,48734,3483,"downstream","intergenic",FALSE,"intergenic"
"CM105784.1",7666000,7666051,52,5,-13.2325687389585,"CM105784.1",7666000,7666051,28419,"CM105784.1",7694471,7835231,"gene:ENSBOLG00010006071","FBXW7","F-box and WD repeat domain containing 7 [Ensembl NN prediction with score 100%]","-",7835231,7694471,FALSE,169180,169180,28420,"downstream","intergenic",FALSE,"intergenic"
"CM105782.1",65327237,65327958,722,4,-13.2202644202922,"CM105782.1",65327237,65327958,344409,"CM105782.1",65672368,65673182,"gene:ENSBOLG00010004177","NACA2","nascent polypeptide associated complex subunit alpha 2 [Ensembl NN prediction with score 98.96%]","+",65672368,65673182,FALSE,344410,344410,345224,"upstream","intergenic",FALSE,"intergenic"
"CM105777.1",14699859,14699910,52,4,13.2096143212784,"CM105777.1",14699859,14699910,21974,"CM105777.1",14721885,14770421,"gene:ENSBOLG00010014553","ME2","malic enzyme 2 [Ensembl NN prediction with score 100%]","+",14721885,14770421,FALSE,21975,21975,70511,"upstream","intergenic",FALSE,"intergenic"
"CM105774.1",42539401,42539548,148,7,-13.1906670471235,"CM105774.1",42539401,42539548,0,"CM105774.1",42427588,42628968,"gene:ENSBOLG00010011857","ENOX1","ecto-NOX disulfide-thiol exchanger 1 [Ensembl NN prediction with score 100%]","-",42628968,42427588,TRUE,89420,89420,111813,"overlapping","gene_body",FALSE,"intron"
"CM105770.1",32187689,32187742,54,5,13.1281759687204,"CM105770.1",32187689,32187742,149333,"CM105770.1",32038104,32038355,"gene:ENSBOLG00010017154","RPS21","ribosomal protein S21 [Ensembl NN prediction with score 100%]","-",32038355,32038104,FALSE,149334,149334,149585,"upstream","intergenic",FALSE,"intergenic"
"CM105782.1",65396355,65396659,305,4,-13.11598635063,"CM105782.1",65396355,65396659,275708,"CM105782.1",65672368,65673182,"gene:ENSBOLG00010004177","NACA2","nascent polypeptide associated complex subunit alpha 2 [Ensembl NN prediction with score 98.96%]","+",65672368,65673182,FALSE,275709,275709,276523,"upstream","intergenic",FALSE,"intergenic"
"CM105777.1",15825563,15825619,57,4,-13.1061281887111,"CM105777.1",15825563,15825619,231223,"CM105777.1",16056843,17130023,"gene:ENSBOLG00010014476","DCC","DCC netrin 1 receptor [Ensembl NN prediction with score 100%]","+",16056843,17130023,FALSE,231224,231224,1304404,"upstream","intergenic",FALSE,"intergenic"
"CM105773.1",36320454,36320504,51,5,-13.0403424925256,"CM105773.1",36320454,36320504,0,"CM105773.1",36307828,36346896,"gene:ENSBOLG00010019630","sqor","sulfide quinone oxidoreductase [Ensembl NN prediction with score 88.77%]","+",36307828,36346896,TRUE,12626,12626,26392,"overlapping","gene_body",FALSE,"intron"
"CM105783.1",23917354,23917873,520,4,-12.9790633266648,"CM105783.1",23917354,23917873,17348,"CM105783.1",23935222,23936154,"gene:ENSBOLG00010007443","Fam84b","family with sequence similarity 84, member B [Ensembl NN prediction with score 91.77%]","-",23936154,23935222,FALSE,18281,18281,17349,"downstream","intergenic",FALSE,"intergenic"
"CM105776.1",34636664,34637093,430,4,-12.9563198123702,"CM105776.1",34636664,34637093,11741,"CM105776.1",34648835,34656110,"gene:ENSBOLG00010012625","Prl2a1","prolactin family 2, subfamily a, member 1 [Ensembl NN prediction with score 100%]","-",34656110,34648835,FALSE,19017,19017,11742,"downstream","intergenic",FALSE,"intergenic"
"CM105767.1",107614742,107614929,188,4,12.949637591515,"CM105767.1",107614742,107614929,0,"CM105767.1",107591746,107639621,"gene:ENSBOLG00010002006","NAALAD2","N-acetylated alpha-linked acidic dipeptidase 2 [Ensembl NN prediction with score 99.99%]","+",107591746,107639621,TRUE,22996,22996,24692,"overlapping","gene_body",FALSE,"intron"
"CM105775.1",44090149,44090467,319,4,12.8966088171851,"CM105775.1",44090149,44090467,0,"CM105775.1",43894981,44181413,"gene:ENSBOLG00010012239","KCNH5","potassium voltage-gated channel subfamily H member 5 [Ensembl NN prediction with score 99.99%]","+",43894981,44181413,TRUE,195168,195168,90946,"overlapping","gene_body",FALSE,"intron"
"CM105779.1",23625055,23625127,73,5,-12.8958947785799,"CM105779.1",23625055,23625127,0,"CM105779.1",23599403,23634293,"gene:ENSBOLG00010009528","SRGN","serglycin [Ensembl NN prediction with score 100%]","+",23599403,23634293,TRUE,25652,25652,9166,"overlapping","gene_body",FALSE,"intron"
"CM105772.1",72519759,72519841,83,4,-12.8822657949837,"CM105772.1",72519759,72519841,41996,"CM105772.1",72458535,72477762,"gene:ENSBOLG00010012192","GPR26","G protein-coupled receptor 26 [Ensembl NN prediction with score 100%]","-",72477762,72458535,FALSE,41997,41997,61224,"upstream","intergenic",FALSE,"intergenic"
"CM105768.1",9794386,9794519,134,5,12.8437570579363,"CM105768.1",9794386,9794519,108005,"CM105768.1",9684874,9686380,"gene:ENSBOLG00010002294",NA,NA,"-",9686380,9684874,FALSE,108006,108006,109512,"upstream","intergenic",FALSE,"intergenic"
"CM105768.1",13776758,13776912,155,4,12.8426957790832,"CM105768.1",13776758,13776912,0,"CM105768.1",13573931,13962993,"gene:ENSBOLG00010016509","CREB5","cAMP responsive element binding protein 5 [Ensembl NN prediction with score 99.87%]","+",13573931,13962993,TRUE,202827,202827,186081,"overlapping","gene_body",FALSE,"intron"
"CM105786.1",43059611,43059728,118,5,-12.7898899458726,"CM105786.1",43059611,43059728,131941,"CM105786.1",43191670,43292900,"gene:ENSBOLG00010006210","VEGFC","vascular endothelial growth factor C [Ensembl NN prediction with score 100%]","+",43191670,43292900,FALSE,131942,131942,233172,"upstream","intergenic",FALSE,"intergenic"
"CM105764.1",52631640,52631891,252,4,-12.7541584000252,"CM105764.1",52631640,52631891,0,"CM105764.1",52597511,52676400,"gene:ENSBOLG00010000143","CD96","CD96 molecule [Ensembl NN prediction with score 100%]","-",52676400,52597511,TRUE,44509,44509,34129,"overlapping","gene_body",FALSE,"intron"
"CM105785.1",37209415,37209473,59,4,12.7501173355255,"CM105785.1",37209415,37209473,0,"CM105785.1",37074980,37246843,"gene:ENSBOLG00010003768","CCDC148","coiled-coil domain containing 148 [Ensembl NN prediction with score 100%]","-",37246843,37074980,TRUE,37370,37370,134435,"overlapping","gene_body",FALSE,"intron"
"CM105780.1",66593604,66593733,130,4,-12.7439245946655,"CM105780.1",66593604,66593733,0,"CM105780.1",66571120,66655018,"gene:ENSBOLG00010013236","PKIA","cAMP-dependent protein kinase inhibitor alpha [Ensembl NN prediction with score 100%]","+",66571120,66655018,TRUE,22484,22484,61285,"overlapping","gene_body",FALSE,"intron"
"CM105764.1",54771153,54771210,58,5,-12.6533168733049,"CM105764.1",54771153,54771210,0,"CM105764.1",54717349,54869531,"gene:ENSBOLG00010000135","MORC1","MORC family CW-type zinc finger 1 [Ensembl NN prediction with score 100%]","+",54717349,54869531,TRUE,53804,53804,98321,"overlapping","gene_body",FALSE,"intron"
"CM105770.1",79057582,79057674,93,4,12.6319727596877,"CM105770.1",79057582,79057674,7381,"CM105770.1",78992952,79050200,"gene:ENSBOLG00010001681","CEP135","centrosomal protein 135 [Ensembl NN prediction with score 99.99%]","+",78992952,79050200,FALSE,64630,64630,7382,"downstream","intergenic",FALSE,"intergenic"
"CM105775.1",42069971,42070051,81,5,12.625980563932,"CM105775.1",42069971,42070051,106971,"CM105775.1",42177023,42201400,"gene:ENSBOLG00010011349",NA,NA,"+",42177023,42201400,FALSE,106972,106972,131349,"upstream","intergenic",FALSE,"intergenic"
"CM105778.1",17748415,17749259,845,4,-12.6246886704668,"CM105778.1",17748415,17749259,283641,"CM105778.1",18032901,18033191,"gene:ENSBOLG00010011135","SEC61B","SEC61 translocon subunit beta [Ensembl NN prediction with score 95.3%]","+",18032901,18033191,FALSE,283642,283642,283932,"upstream","intergenic",FALSE,"intergenic"
"CM105769.1",51001393,51001454,62,4,12.6113027047571,"CM105769.1",51001393,51001454,0,"CM105769.1",50417445,51084583,"gene:ENSBOLG00010000337","PTPRG","protein tyrosine phosphatase receptor type G [Ensembl NN prediction with score 100%]","-",51084583,50417445,TRUE,83129,83129,583948,"overlapping","gene_body",FALSE,"intron"
"CM105768.1",5132990,5133058,69,4,-12.5407057728877,"CM105768.1",5132990,5133058,0,"CM105768.1",4946801,5820396,"gene:ENSBOLG00010002792","DPP6","dipeptidyl peptidase like 6 [Ensembl NN prediction with score 100%]","-",5820396,4946801,TRUE,687338,687338,186189,"overlapping","gene_body",FALSE,"intron"
"CM105786.1",7088059,7088115,57,5,12.4964980870136,"CM105786.1",7088059,7088115,0,"CM105786.1",7026914,7131250,"gene:ENSBOLG00010012201","ARHGEF7","Rho guanine nucleotide exchange factor 7 [Ensembl NN prediction with score 99.63%]","+",7026914,7131250,TRUE,61145,61145,43135,"overlapping","gene_body",FALSE,"intron"
"CM105770.1",38929657,38929716,60,5,12.4517191218885,"CM105770.1",38929657,38929716,0,"CM105770.1",38926716,38986477,"gene:ENSBOLG00010017014","ADD1","adducin 1 [Ensembl NN prediction with score 100%]","+",38926716,38986477,TRUE,2941,2941,56761,"overlapping","gene_body",FALSE,"intron"
"CM105789.1",16106433,16106484,52,4,-12.4337291603226,"CM105789.1",16106433,16106484,0,"CM105789.1",16102371,16133995,"gene:ENSBOLG00010009199","TMTC3","transmembrane O-mannosyltransferase targeting cadherins 3 [Ensembl NN prediction with score 100%]","-",16133995,16102371,TRUE,27511,27511,4062,"overlapping","gene_body",FALSE,"intron"
"CM105771.1",89800677,89800727,51,5,12.413345738587,"CM105771.1",89800677,89800727,0,"CM105771.1",89785665,89844215,"gene:ENSBOLG00010022214","MRC2","mannose receptor C type 2 [Ensembl NN prediction with score 100%]","+",89785665,89844215,TRUE,15012,15012,43488,"overlapping","gene_body",FALSE,"intron"
"CM105768.1",5012408,5012517,110,4,-12.4087271625543,"CM105768.1",5012408,5012517,0,"CM105768.1",4946801,5820396,"gene:ENSBOLG00010002792","DPP6","dipeptidyl peptidase like 6 [Ensembl NN prediction with score 100%]","-",5820396,4946801,TRUE,807879,807879,65607,"overlapping","gene_body",FALSE,"intron"
"CM105768.1",96373203,96373267,65,5,-12.3849435088835,"CM105768.1",96373203,96373267,0,"CM105768.1",96283066,96485848,"gene:ENSBOLG00010000664","DYSF","dysferlin [Ensembl NN prediction with score 100%]","-",96485848,96283066,TRUE,112581,112581,90137,"overlapping","gene_body",FALSE,"intron"
"CM105764.1",38692666,38692938,273,4,12.3520842150235,"CM105764.1",38692666,38692938,0,"CM105764.1",38680091,39607187,"gene:ENSBOLG00010001321","EPHA6","EPH receptor A6 [Ensembl NN prediction with score 100%]","+",38680091,39607187,TRUE,12575,12575,914249,"overlapping","gene_body",FALSE,"intron"
"CM105788.1",20752226,20752328,103,6,-12.3211457789623,"CM105788.1",20752226,20752328,49001,"CM105788.1",20662275,20703224,"gene:ENSBOLG00010016284","FAM3C","FAM3 metabolism regulating signaling molecule C [Ensembl NN prediction with score 100%]","-",20703224,20662275,FALSE,49002,49002,89951,"upstream","intergenic",FALSE,"intergenic"
"CM105769.1",74502053,74502367,315,4,12.2974449658054,"CM105769.1",74502053,74502367,172899,"CM105769.1",74177974,74329153,"gene:ENSBOLG00010007602","PLA2G4A","phospholipase A2 group IVA [Ensembl NN prediction with score 99.98%]","+",74177974,74329153,FALSE,324079,324079,172900,"downstream","intergenic",FALSE,"intergenic"
"CM105766.1",95637506,95637810,305,4,12.2490795505944,"CM105766.1",95637506,95637810,1359,"CM105766.1",95639170,95662081,"gene:ENSBOLG00010012329","Cyp2j13","cytochrome P450, family 2, subfamily j, polypeptide 13 [Ensembl NN prediction with score 98.8%]","+",95639170,95662081,FALSE,1360,1360,24271,"upstream","promoter",FALSE,"promoter"
"CM105765.1",103393623,103393876,254,4,12.2010415317822,"CM105765.1",103393623,103393876,9248,"CM105765.1",103403125,103413418,"gene:ENSBOLG00010016380","9330159F19Rik","RIKEN cDNA 9330159F19 gene [Ensembl NN prediction with score 100%]","-",103413418,103403125,FALSE,19542,19542,9249,"downstream","intergenic",FALSE,"intergenic"
"CM105770.1",68957186,68957241,56,5,12.1764972161333,"CM105770.1",68957186,68957241,36487,"CM105770.1",68993729,68995152,"gene:ENSBOLG00010004659","rpsa","ribosomal protein SA [Ensembl NN prediction with score 100%]","+",68993729,68995152,FALSE,36488,36488,37911,"upstream","intergenic",FALSE,"intergenic"
"CM105764.1",114790277,114790774,498,4,12.1451454319308,"CM105764.1",114790277,114790774,94448,"CM105764.1",114657425,114695828,"gene:ENSBOLG00010003164","CASTOR2","cytosolic arginine sensor for mTORC1 subunit 2 [Ensembl NN prediction with score 90.25%]","-",114695828,114657425,FALSE,94449,94449,132852,"upstream","intergenic",FALSE,"intergenic"
"CM105768.1",8830827,8831013,187,4,-12.1307463840957,"CM105768.1",8830827,8831013,0,"CM105768.1",8820564,8919411,"gene:ENSBOLG00010002776","FAM126A","family with sequence similarity 126 member A [Ensembl NN prediction with score 99.99%]","-",8919411,8820564,TRUE,88398,88398,10263,"overlapping","gene_body",FALSE,"intron"
"CM105772.1",39346808,39346860,53,5,12.1169109034385,"CM105772.1",39346808,39346860,0,"CM105772.1",39030189,39868577,"gene:ENSBOLG00010005820","TRPM3","transient receptor potential cation channel subfamily M member 3 [Ensembl NN prediction with score 100%]","-",39868577,39030189,TRUE,521717,521717,316619,"overlapping","gene_body",FALSE,"intron"
"CM105776.1",27992651,27992712,62,4,12.1148418037027,"CM105776.1",27992651,27992712,105672,"CM105776.1",27886573,27886978,"gene:ENSBOLG00010015699",NA,NA,"-",27886978,27886573,FALSE,105673,105673,106078,"upstream","intergenic",FALSE,"intergenic"
"CM105785.1",7390298,7390348,51,5,12.0992754231504,"CM105785.1",7390298,7390348,0,"CM105785.1",7342276,7532532,"gene:ENSBOLG00010006863","PBX3","PBX homeobox 3 [Ensembl NN prediction with score 100%]","+",7342276,7532532,TRUE,48022,48022,142184,"overlapping","gene_body",FALSE,"intron"
"CM105781.1",58923760,58923891,132,4,12.0804516963895,"CM105781.1",58923760,58923891,506038,"CM105781.1",58345277,58417721,"gene:ENSBOLG00010006941","TTLL7","tubulin tyrosine ligase like 7 [Ensembl NN prediction with score 100%]","+",58345277,58417721,FALSE,578483,578483,506039,"downstream","intergenic",FALSE,"intergenic"
"CM105780.1",45151889,45152250,362,4,12.0634053362408,"CM105780.1",45151889,45152250,570776,"CM105780.1",44432593,44581112,"gene:ENSBOLG00010005188","EPHA7","EPH receptor A7 [Ensembl NN prediction with score 100%]","-",44581112,44432593,FALSE,570777,570777,719296,"upstream","intergenic",FALSE,"intergenic"
"CM105774.1",57930958,57931139,182,4,12.0053290322059,"CM105774.1",57930958,57931139,63476,"CM105774.1",57866253,57867481,"gene:ENSBOLG00010008791","PSMB6","proteasome 20S subunit beta 6 [Ensembl NN prediction with score 91.85%]","-",57867481,57866253,FALSE,63477,63477,64705,"upstream","intergenic",FALSE,"intergenic"
"CM105784.1",2386392,2386615,224,5,11.9861094424955,"CM105784.1",2386392,2386615,98524,"CM105784.1",1553695,2287867,"gene:ENSBOLG00010006088","CNTNAP5","contactin associated protein family member 5 [Ensembl NN prediction with score 98.41%]","+",1553695,2287867,FALSE,832697,832697,98525,"downstream","intergenic",FALSE,"intergenic"
"CM105781.1",46527658,46527742,85,4,-11.9538155452504,"CM105781.1",46527658,46527742,49401,"CM105781.1",46577144,46638171,"gene:ENSBOLG00010015944","CENPE","centromere protein E [Ensembl NN prediction with score 100%]","+",46577144,46638171,FALSE,49402,49402,110429,"upstream","intergenic",FALSE,"intergenic"
"CM105783.1",57644841,57644920,80,4,11.9499734910917,"CM105783.1",57644841,57644920,0,"CM105783.1",57613177,58072934,"gene:ENSBOLG00010009071","NELL2","neural EGFL like 2 [Ensembl NN prediction with score 100%]","-",58072934,57613177,TRUE,428014,428014,31664,"overlapping","gene_body",FALSE,"intron"
"CM105769.1",51154822,51155032,211,4,11.9423151599675,"CM105769.1",51154822,51155032,70238,"CM105769.1",50417445,51084583,"gene:ENSBOLG00010000337","PTPRG","protein tyrosine phosphatase receptor type G [Ensembl NN prediction with score 100%]","-",51084583,50417445,FALSE,70239,70239,737377,"upstream","intergenic",FALSE,"intergenic"
"CM105765.1",103384975,103385026,52,5,11.8982900132513,"CM105765.1",103384975,103385026,18098,"CM105765.1",103403125,103413418,"gene:ENSBOLG00010016380","9330159F19Rik","RIKEN cDNA 9330159F19 gene [Ensembl NN prediction with score 100%]","-",103413418,103403125,FALSE,28392,28392,18099,"downstream","intergenic",FALSE,"intergenic"
"CM105771.1",22745787,22745838,52,5,11.8914791239005,"CM105771.1",22745787,22745838,337841,"CM105771.1",23083680,23100192,"gene:ENSBOLG00010013095","MAT2B","methionine adenosyltransferase 2B [Ensembl NN prediction with score 100%]","-",23100192,23083680,FALSE,354354,354354,337842,"downstream","intergenic",FALSE,"intergenic"
"CM105771.1",96940604,96940654,51,4,-11.8827969164889,"CM105771.1",96940604,96940654,311443,"CM105771.1",97252098,97256178,"gene:ENSBOLG00010001564","SOX9","SRY-box transcription factor 9 [Ensembl NN prediction with score 100%]","+",97252098,97256178,FALSE,311444,311444,315524,"upstream","intergenic",FALSE,"intergenic"
"CM105777.1",65153741,65153826,86,4,11.8492610804733,"CM105777.1",65153741,65153826,46454,"CM105777.1",64748893,65107286,"gene:ENSBOLG00010007925","CCDC178","coiled-coil domain containing 178 [Ensembl NN prediction with score 100%]","+",64748893,65107286,FALSE,404848,404848,46455,"downstream","intergenic",FALSE,"intergenic"
"CM105771.1",52831545,52831595,51,5,11.8090375530302,"CM105771.1",52831545,52831595,4316,"CM105771.1",52824611,52827228,"gene:ENSBOLG00010019166","ASGR1","asialoglycoprotein receptor 1 [Ensembl NN prediction with score 100%]","+",52824611,52827228,FALSE,6934,6934,4317,"downstream","intergenic",FALSE,"intergenic"
"CM105767.1",114552234,114552286,53,5,11.7580761512193,"CM105767.1",114552234,114552286,353027,"CM105767.1",114905314,115598629,"gene:ENSBOLG00010001985","CNTN5","contactin 5 [Ensembl NN prediction with score 99.99%]","+",114905314,115598629,FALSE,353028,353028,1046343,"upstream","intergenic",FALSE,"intergenic"
"CM105771.1",72882019,72882095,77,7,-11.7349035246412,"CM105771.1",72882019,72882095,0,"CM105771.1",72682343,73044071,"gene:ENSBOLG00010001414","MSI2","musashi RNA binding protein 2 [Ensembl NN prediction with score 100%]","-",73044071,72682343,TRUE,161976,161976,199676,"overlapping","gene_body",FALSE,"intron"
"CM105769.1",7461656,7461755,100,4,11.7287284798663,"CM105769.1",7461656,7461755,172296,"CM105769.1",7077551,7289359,"gene:ENSBOLG00010006258","ESRRG","estrogen related receptor gamma [Ensembl NN prediction with score 100%]","-",7289359,7077551,FALSE,172297,172297,384105,"upstream","intergenic",FALSE,"intergenic"
"CM105777.1",52034189,52034254,66,7,11.7272642455494,"CM105777.1",52034189,52034254,0,"CM105777.1",51992453,52120484,"gene:ENSBOLG00010014646","CTNNA1","catenin alpha 1 [Ensembl NN prediction with score 100%]","-",52120484,51992453,TRUE,86230,86230,41736,"overlapping","gene_body",FALSE,"intron"
"CM105766.1",76046581,76046660,80,4,11.7013825264907,"CM105766.1",76046581,76046660,5841,"CM105766.1",76037219,76040739,"gene:ENSBOLG00010022246","klf17","Kruppel like factor 17 [Ensembl NN prediction with score 99.5%]","+",76037219,76040739,FALSE,9362,9362,5842,"downstream","intergenic",FALSE,"intergenic"
"CM105767.1",32711386,32711452,67,6,-11.6986495829385,"CM105767.1",32711386,32711452,499,"CM105767.1",32300773,32710886,"gene:ENSBOLG00010001779","UNC13C","unc-13 homolog C [Ensembl NN prediction with score 100%]","-",32710886,32300773,FALSE,500,500,410613,"upstream","promoter",FALSE,"promoter"
"CM105774.1",52916986,52917144,159,7,-11.6881980108311,"CM105774.1",52916986,52917144,0,"CM105774.1",52915694,52936139,"gene:ENSBOLG00010008111","BNIP3L","BCL2 interacting protein 3 like [Ensembl NN prediction with score 99.99%]","+",52915694,52936139,TRUE,1292,1292,18995,"overlapping","gene_body",FALSE,"intron"
"CM105770.1",46593611,46593690,80,4,11.6171059548728,"CM105770.1",46593611,46593690,468095,"CM105770.1",46071880,46125515,"gene:ENSBOLG00010013514","Bod1l","biorientation of chromosomes in cell division 1-like [Ensembl NN prediction with score 100%]","-",46125515,46071880,FALSE,468096,468096,521731,"upstream","intergenic",FALSE,"intergenic"
"CM105768.1",18678069,18678128,60,4,11.5902378956817,"CM105768.1",18678069,18678128,20897,"CM105768.1",18655192,18657171,"gene:ENSBOLG00010017848","G3BP1","G3BP stress granule assembly factor 1 [Ensembl NN prediction with score 99.99%]","-",18657171,18655192,FALSE,20898,20898,22877,"upstream","intergenic",FALSE,"intergenic"
"CM105770.1",95782102,95782165,64,5,11.5811584724094,"CM105770.1",95782102,95782165,0,"CM105770.1",95544417,95836387,"gene:ENSBOLG00010001662","SHROOM3","shroom family member 3 [Ensembl NN prediction with score 99.99%]","+",95544417,95836387,TRUE,237685,237685,54222,"overlapping","gene_body",FALSE,"intron"
"CM105772.1",23553782,23553870,89,9,11.5287108405888,"CM105772.1",23553782,23553870,0,"CM105772.1",23541025,23779351,"gene:ENSBOLG00010011179","PLCE1","phospholipase C epsilon 1 [Ensembl NN prediction with score 99.93%]","-",23779351,23541025,TRUE,225481,225481,12757,"overlapping","gene_body",TRUE,"exon"
"CM105781.1",29885378,29885463,86,4,11.4974013036143,"CM105781.1",29885378,29885463,0,"CM105781.1",29864014,29898175,"gene:ENSBOLG00010008984","PLPPR4","phospholipid phosphatase related 4 [Ensembl NN prediction with score 100%]","-",29898175,29864014,TRUE,12712,12712,21364,"overlapping","gene_body",FALSE,"intron"
"CM105782.1",65310446,65310727,282,4,-11.4674821783737,"CM105782.1",65310446,65310727,361640,"CM105782.1",65672368,65673182,"gene:ENSBOLG00010004177","NACA2","nascent polypeptide associated complex subunit alpha 2 [Ensembl NN prediction with score 98.96%]","+",65672368,65673182,FALSE,361641,361641,362455,"upstream","intergenic",FALSE,"intergenic"
"CM105769.1",58325722,58325775,54,5,11.4436363219888,"CM105769.1",58325722,58325775,0,"CM105769.1",58301316,58373808,"gene:ENSBOLG00010001548","CD247","CD247 molecule [Ensembl NN prediction with score 100%]","-",58373808,58301316,TRUE,48033,48033,24406,"overlapping","gene_body",FALSE,"intron"
"CM105774.1",3042337,3042414,78,4,-11.4416325030154,"CM105774.1",3042337,3042414,13783,"CM105774.1",3056198,3140903,"gene:ENSBOLG00010007171","STK24","serine/threonine kinase 24 [Ensembl NN prediction with score 100%]","+",3056198,3140903,FALSE,13784,13784,98489,"upstream","intergenic",FALSE,"intergenic"
"CM105768.1",13769176,13769252,77,5,11.3773193695678,"CM105768.1",13769176,13769252,0,"CM105768.1",13573931,13962993,"gene:ENSBOLG00010016509","CREB5","cAMP responsive element binding protein 5 [Ensembl NN prediction with score 99.87%]","+",13573931,13962993,TRUE,195245,195245,193741,"overlapping","gene_body",FALSE,"intron"
"CM105774.1",17311995,17312986,992,4,11.3499588920113,"CM105774.1",17311995,17312986,234688,"CM105774.1",17547675,17589180,"gene:ENSBOLG00010003975","NDFIP2","Nedd4 family interacting protein 2 [Ensembl NN prediction with score 99.99%]","-",17589180,17547675,FALSE,276194,276194,234689,"downstream","intergenic",FALSE,"intergenic"
"CM105771.1",49143675,49143741,67,4,11.3376576311594,"CM105771.1",49143675,49143741,0,"CM105771.1",48996744,49288779,"gene:ENSBOLG00010004612","SHISA6","shisa family member 6 [Ensembl NN prediction with score 99.99%]","-",49288779,48996744,TRUE,145038,145038,146931,"overlapping","gene_body",FALSE,"intron"
"CM105787.1",45144964,45145044,81,5,11.2680181517403,"CM105787.1",45144964,45145044,0,"CM105787.1",45014720,45265541,"gene:ENSBOLG00010015915","ADAMTSL3","ADAMTS like 3 [Ensembl NN prediction with score 100%]","+",45014720,45265541,TRUE,130244,130244,120497,"overlapping","gene_body",FALSE,"intron"
"CM105770.1",106061284,106061735,452,4,11.212219569294,"CM105770.1",106061284,106061735,18612,"CM105770.1",106026436,106042671,"gene:ENSBOLG00010000537","GBP6","guanylate binding protein family member 6 [Ensembl NN prediction with score 99.88%]","-",106042671,106026436,FALSE,18613,18613,34848,"upstream","intergenic",FALSE,"intergenic"
"CM105774.1",70416903,70417108,206,5,-11.080388747335,"CM105774.1",70416903,70417108,106282,"CM105774.1",70310026,70310620,"gene:ENSBOLG00010022583",NA,NA,"-",70310620,70310026,FALSE,106283,106283,106877,"upstream","intergenic",FALSE,"intergenic"
"CM105781.1",42240839,42240916,78,5,-11.0609316436303,"CM105781.1",42240839,42240916,0,"CM105781.1",42154138,42540291,"gene:ENSBOLG00010015592","COL25A1","collagen type XXV alpha 1 chain [Ensembl NN prediction with score 99.83%]","+",42154138,42540291,TRUE,86701,86701,299375,"overlapping","gene_body",FALSE,"intron"
"CM105780.1",6958566,6958644,79,5,11.0450116940952,"CM105780.1",6958566,6958644,72547,"CM105780.1",6884525,6886018,"gene:ENSBOLG00010007323","PPIL4","peptidylprolyl isomerase like 4 [Ensembl NN prediction with score 100%]","-",6886018,6884525,FALSE,72548,72548,74041,"upstream","intergenic",FALSE,"intergenic"
"CM105785.1",24788381,24788432,52,4,11.0160826454609,"CM105785.1",24788381,24788432,0,"CM105785.1",24683370,24808982,"gene:ENSBOLG00010004189","ZEB2","zinc finger E-box binding homeobox 2 [Ensembl NN prediction with score 99.89%]","-",24808982,24683370,TRUE,20550,20550,105011,"overlapping","gene_body",FALSE,"intron"
"CM105772.1",74644985,74645047,63,5,-10.9795603273759,"CM105772.1",74644985,74645047,188357,"CM105772.1",74833405,74881765,"gene:ENSBOLG00010011654","WDR11","WD repeat domain 11 [Ensembl NN prediction with score 100%]","-",74881765,74833405,FALSE,236718,236718,188358,"downstream","intergenic",FALSE,"intergenic"
"CM105775.1",55353108,55353319,212,4,-10.979378099596,"CM105775.1",55353108,55353319,520325,"CM105775.1",54830996,54832782,"gene:ENSBOLG00010005718","EIF4A1","eukaryotic translation initiation factor 4A1 [Ensembl NN prediction with score 99.88%]","+",54830996,54832782,FALSE,522112,522112,520326,"downstream","intergenic",FALSE,"intergenic"
"CM105780.1",35252580,35252631,52,5,-10.8783008498595,"CM105780.1",35252580,35252631,573925,"CM105780.1",34678004,34678654,"gene:ENSBOLG00010011785","1700009N14Rik","RIKEN cDNA 1700009N14 gene [Ensembl NN prediction with score 96.73%]","-",34678654,34678004,FALSE,573926,573926,574576,"upstream","intergenic",FALSE,"intergenic"
"CM105788.1",31434527,31434588,62,4,-10.8714502836458,"CM105788.1",31434527,31434588,0,"CM105788.1",31340359,31611841,"gene:ENSBOLG00010015220","CHCHD3","coiled-coil-helix-coiled-coil-helix domain containing 3 [Ensembl NN prediction with score 100%]","-",31611841,31340359,TRUE,177253,177253,94168,"overlapping","gene_body",FALSE,"intron"
"CM105773.1",89359305,89359360,56,5,10.8625186012709,"CM105773.1",89359305,89359360,0,"CM105773.1",89339286,89386009,"gene:ENSBOLG00010010785","CDH26","cadherin 26 [Ensembl NN prediction with score 99.96%]","+",89339286,89386009,TRUE,20019,20019,26649,"overlapping","gene_body",FALSE,"intron"
"CM105768.1",14798254,14798406,153,4,-10.8548334754065,"CM105768.1",14798254,14798406,0,"CM105768.1",14784636,14848439,"gene:ENSBOLG00010016673","SCRN1","secernin 1 [Ensembl NN prediction with score 100%]","-",14848439,14784636,TRUE,50033,50033,13618,"overlapping","gene_body",FALSE,"intron"
"CM105764.1",74810684,74810796,113,4,-10.8470281165655,"CM105764.1",74810684,74810796,0,"CM105764.1",74747553,74889039,"gene:ENSBOLG00010001387","P3H2","prolyl 3-hydroxylase 2 [Ensembl NN prediction with score 99.2%]","+",74747553,74889039,TRUE,63131,63131,78243,"overlapping","gene_body",FALSE,"intron"
"CM105771.1",6532967,6533146,180,4,-10.8063197019911,"CM105771.1",6532967,6533146,224918,"CM105771.1",6758065,6759480,"gene:ENSBOLG00010016250",NA,NA,"+",6758065,6759480,FALSE,224919,224919,226334,"upstream","intergenic",FALSE,"intergenic"
"CM105776.1",9370372,9370438,67,5,-10.7467000073312,"CM105776.1",9370372,9370438,46614,"CM105776.1",9266757,9323757,"gene:ENSBOLG00010015977","UNC5A","unc-5 netrin receptor A [Ensembl NN prediction with score 100%]","-",9323757,9266757,FALSE,46615,46615,103615,"upstream","intergenic",FALSE,"intergenic"
"CM105776.1",6293721,6293807,87,4,-10.7449210533338,"CM105776.1",6293721,6293807,21576,"CM105776.1",6315384,6797584,"gene:ENSBOLG00010015482","SPOCK1","SPARC (osteonectin), cwcv and kazal like domains proteoglycan 1 [Ensembl NN prediction with score 99.97%]","+",6315384,6797584,FALSE,21577,21577,503777,"upstream","intergenic",FALSE,"intergenic"
"CM105783.1",46690734,46690798,65,5,10.7335235156857,"CM105783.1",46690734,46690798,3330,"CM105783.1",46653056,46687403,"gene:ENSBOLG00010020188","SHISAL1","shisa like 1 [Ensembl NN prediction with score 100%]","-",46687403,46653056,FALSE,3331,3331,37678,"upstream","intergenic",FALSE,"intergenic"
"CM105768.1",66823283,66823372,90,5,10.728860751504,"CM105768.1",66823283,66823372,367804,"CM105768.1",67191177,67192364,"gene:ENSBOLG00010002972","SOX11","SRY-box transcription factor 11 [Ensembl NN prediction with score 100%]","-",67192364,67191177,FALSE,368992,368992,367805,"downstream","intergenic",FALSE,"intergenic"
"CM105785.1",38805556,38805640,85,5,-10.7079696013388,"CM105785.1",38805556,38805640,0,"CM105785.1",38752140,38834562,"gene:ENSBOLG00010003998","ITGB6","integrin subunit beta 6 [Ensembl NN prediction with score 100%]","-",38834562,38752140,TRUE,28922,28922,53416,"overlapping","gene_body",FALSE,"intron"
"CM105771.1",47195066,47195340,275,4,10.5376768652457,"CM105771.1",47195066,47195340,2619,"CM105771.1",47197960,47287542,"gene:ENSBOLG00010004976","HS3ST3A1","heparan sulfate-glucosamine 3-sulfotransferase 3A1 [Ensembl NN prediction with score 100%]","+",47197960,47287542,FALSE,2620,2620,92202,"upstream","intergenic",FALSE,"intergenic"
"CM105767.1",109673889,109673947,59,5,-10.5249460832114,"CM105767.1",109673889,109673947,0,"CM105767.1",109446503,109905918,"gene:ENSBOLG00010001935","FAT3","FAT atypical cadherin 3 [Ensembl NN prediction with score 99.99%]","+",109446503,109905918,TRUE,227386,227386,231971,"overlapping","gene_body",FALSE,"intron"
"CM105769.1",94886714,94886787,74,4,10.5057436748657,"CM105769.1",94886714,94886787,379704,"CM105769.1",93789310,94507009,"gene:ENSBOLG00010014975","THSD7B","thrombospondin type 1 domain containing 7B [Ensembl NN prediction with score 100%]","-",94507009,93789310,FALSE,379705,379705,1097404,"upstream","intergenic",FALSE,"intergenic"
"CM105768.1",117195243,117195308,66,5,10.4928889726041,"CM105768.1",117195243,117195308,0,"CM105768.1",116759750,117582088,"gene:ENSBOLG00010014056","CAMTA1","calmodulin binding transcription activator 1 [Ensembl NN prediction with score 100%]","-",117582088,116759750,TRUE,386780,386780,435493,"overlapping","gene_body",FALSE,"intron"
"CM105768.1",22033823,22033885,63,5,10.4639915390391,"CM105768.1",22033823,22033885,0,"CM105768.1",21699627,22079593,"gene:ENSBOLG00010003512","BABAM2","BRISC and BRCA1 A complex member 2 [Ensembl NN prediction with score 94.33%]","+",21699627,22079593,TRUE,334196,334196,45708,"overlapping","gene_body",FALSE,"intron"
"CM105790.1",6400045,6400103,59,5,10.3770013565892,"CM105790.1",6400045,6400103,37669,"CM105790.1",6437773,6499522,"gene:ENSBOLG00010004689","HGF","hepatocyte growth factor [Ensembl NN prediction with score 100%]","-",6499522,6437773,FALSE,99419,99419,37670,"downstream","intergenic",FALSE,"intergenic"
"CM105767.1",58391117,58391173,57,5,10.370603678596,"CM105767.1",58391117,58391173,18796,"CM105767.1",58409970,58410692,"gene:ENSBOLG00010001197","SOX14","SRY-box transcription factor 14 [Ensembl NN prediction with score 99.95%]","-",58410692,58409970,FALSE,19519,19519,18797,"downstream","intergenic",FALSE,"intergenic"
"CM105778.1",48168304,48168363,60,4,10.3578899417767,"CM105778.1",48168304,48168363,0,"CM105778.1",47996141,48580351,"gene:ENSBOLG00010015667","MAST4","microtubule associated serine/threonine kinase family member 4 [Ensembl NN prediction with score 99.88%]","+",47996141,48580351,TRUE,172163,172163,411988,"overlapping","gene_body",FALSE,"intron"
"CM105778.1",16727557,16727742,186,4,10.2474719037379,"CM105778.1",16727557,16727742,269722,"CM105778.1",16200649,16457834,"gene:ENSBOLG00010011100","CDH12","cadherin 12 [Ensembl NN prediction with score 99.99%]","-",16457834,16200649,FALSE,269723,269723,526908,"upstream","intergenic",FALSE,"intergenic"
"CM105774.1",17242976,17243038,63,5,10.2291559119477,"CM105774.1",17242976,17243038,260976,"CM105774.1",16976102,16981999,"gene:ENSBOLG00010004005","SPRY2","sprouty RTK signaling antagonist 2 [Ensembl NN prediction with score 99.98%]","+",16976102,16981999,FALSE,266874,266874,260977,"downstream","intergenic",FALSE,"intergenic"
"CM105775.1",33336486,33336632,147,4,10.2067107978091,"CM105775.1",33336486,33336632,0,"CM105775.1",33335748,33396750,"gene:ENSBOLG00010015871",NA,NA,"-",33396750,33335748,TRUE,60118,60118,738,"overlapping","gene_body",FALSE,"intron"
"CM105764.1",136173307,136173359,53,5,-10.1780580539188,"CM105764.1",136173307,136173359,5726,"CM105764.1",136179086,136180201,"gene:ENSBOLG00010021743","CMKLR1","chemerin chemokine-like receptor 1 [Ensembl NN prediction with score 100%]","-",136180201,136179086,FALSE,6842,6842,5727,"downstream","intergenic",FALSE,"intergenic"
"CM105771.1",49141915,49141987,73,4,10.1235352192704,"CM105771.1",49141915,49141987,0,"CM105771.1",48996744,49288779,"gene:ENSBOLG00010004612","SHISA6","shisa family member 6 [Ensembl NN prediction with score 99.99%]","-",49288779,48996744,TRUE,146792,146792,145171,"overlapping","gene_body",FALSE,"intron"
"CM105787.1",31299066,31299137,72,7,-10.0978812006613,"CM105787.1",31299066,31299137,0,"CM105787.1",31204525,31487322,"gene:ENSBOLG00010009610","IGF1R","insulin like growth factor 1 receptor [Ensembl NN prediction with score 100%]","+",31204525,31487322,TRUE,94541,94541,188185,"overlapping","gene_body",FALSE,"intron"
"CM105766.1",66337416,66337481,66,5,-9.98478402471961,"CM105766.1",66337416,66337481,0,"CM105766.1",66218625,66779441,"gene:ENSBOLG00010008578","CSMD2","CUB and Sushi multiple domains 2 [Ensembl NN prediction with score 99.99%]","-",66779441,66218625,TRUE,441960,441960,118791,"overlapping","gene_body",FALSE,"intron"
"CM105782.1",54691545,54691608,64,7,9.95567598534791,"CM105782.1",54691545,54691608,113671,"CM105782.1",54805280,54807085,"gene:ENSBOLG00010019341",NA,NA,"+",54805280,54807085,FALSE,113672,113672,115477,"upstream","intergenic",FALSE,"intergenic"
"CM105765.1",134115942,134116599,658,4,9.9406214698081,"CM105765.1",134115942,134116599,0,"CM105765.1",133282075,134474553,"gene:ENSBOLG00010003122","PRKN","parkin RBR E3 ubiquitin protein ligase [Ensembl NN prediction with score 99.07%]","-",134474553,133282075,TRUE,357954,357954,833867,"overlapping","gene_body",FALSE,"intron"
"CM105764.1",2767677,2767735,59,5,-9.92490416461794,"CM105764.1",2767677,2767735,0,"CM105764.1",2223545,2787779,"gene:ENSBOLG00010001858","DSCAM","DS cell adhesion molecule [Ensembl NN prediction with score 100%]","+",2223545,2787779,TRUE,544132,544132,20044,"overlapping","gene_body",FALSE,"intron"
"CM105767.1",92985646,92985697,52,4,-9.88721079341482,"CM105767.1",92985646,92985697,98406,"CM105767.1",93084104,93144880,"gene:ENSBOLG00010005142","ETS1","ETS proto-oncogene 1, transcription factor [Ensembl NN prediction with score 100%]","-",93144880,93084104,FALSE,159183,159183,98407,"downstream","intergenic",FALSE,"intergenic"
"CM105766.1",94330547,94330656,110,4,9.84524336058325,"CM105766.1",94330547,94330656,172958,"CM105766.1",93816878,94157588,"gene:ENSBOLG00010012381","NFIA","nuclear factor I A [Ensembl NN prediction with score 99.99%]","-",94157588,93816878,FALSE,172959,172959,513669,"upstream","intergenic",FALSE,"intergenic"
"CM105771.1",35518646,35518714,69,5,9.84440785613164,"CM105771.1",35518646,35518714,0,"CM105771.1",35232123,35647685,"gene:ENSBOLG00010005276","FSTL4","follistatin like 4 [Ensembl NN prediction with score 100%]","+",35232123,35647685,TRUE,286523,286523,128971,"overlapping","gene_body",FALSE,"intron"
"CM105786.1",31740958,31741008,51,5,-9.78230406422671,"CM105786.1",31740958,31741008,86167,"CM105786.1",31635778,31654790,"gene:ENSBOLG00010006003","frg1","FSHD region gene 1 [Ensembl NN prediction with score 100%]","-",31654790,31635778,FALSE,86168,86168,105180,"upstream","intergenic",FALSE,"intergenic"
"CM105777.1",5574902,5574976,75,4,9.77837871806563,"CM105777.1",5574902,5574976,304246,"CM105777.1",5199401,5270655,"gene:ENSBOLG00010006469","TSHZ1","teashirt zinc finger homeobox 1 [Ensembl NN prediction with score 100%]","+",5199401,5270655,FALSE,375501,375501,304247,"downstream","intergenic",FALSE,"intergenic"
"CM105780.1",5358573,5358630,58,5,9.75893564811468,"CM105780.1",5358573,5358630,315273,"CM105780.1",5024298,5043299,"gene:ENSBOLG00010007277","TRIQK","triple QxxK/R motif containing [Ensembl NN prediction with score 100%]","-",5043299,5024298,FALSE,315274,315274,334275,"upstream","intergenic",FALSE,"intergenic"
"CM105772.1",92522773,92522841,69,5,9.75164328858565,"CM105772.1",92522773,92522841,8268,"CM105772.1",92531110,92572439,"gene:ENSBOLG00010018009","DKK3","dickkopf WNT signaling pathway inhibitor 3 [Ensembl NN prediction with score 100%]","+",92531110,92572439,FALSE,8269,8269,49598,"upstream","intergenic",FALSE,"intergenic"
"CM105781.1",49200035,49200096,62,5,9.73977805948387,"CM105781.1",49200035,49200096,52502,"CM105781.1",49252599,49292643,"gene:ENSBOLG00010015224","MTTP","microsomal triglyceride transfer protein [Ensembl NN prediction with score 99.99%]","-",49292643,49252599,FALSE,92547,92547,52503,"downstream","intergenic",FALSE,"intergenic"
"CM105768.1",79961140,79961628,489,4,-9.73254604847631,"CM105768.1",79961140,79961628,0,"CM105768.1",79961568,79962466,"gene:ENSBOLG00010021026",NA,NA,"+",79961568,79962466,TRUE,60,60,838,"overlapping","gene_body",TRUE,"exon"
"CM105784.1",55264480,55264545,66,5,-9.71213800725531,"CM105784.1",55264480,55264545,87808,"CM105784.1",55352354,55373456,"gene:ENSBOLG00010003761","QRFPR","pyroglutamylated RFamide peptide receptor [Ensembl NN prediction with score 100%]","+",55352354,55373456,FALSE,87809,87809,108911,"upstream","intergenic",FALSE,"intergenic"
"CM105765.1",84636428,84636481,54,4,-9.68685947643734,"CM105765.1",84636428,84636481,29353,"CM105765.1",84665835,84761027,"gene:ENSBOLG00010015868","SCML4","Scm polycomb group protein like 4 [Ensembl NN prediction with score 100%]","-",84761027,84665835,FALSE,124546,124546,29354,"downstream","intergenic",FALSE,"intergenic"
"CM105776.1",2640665,2640733,69,5,-9.6781392760268,"CM105776.1",2640665,2640733,0,"CM105776.1",2478070,2748472,"gene:ENSBOLG00010015428","AOPEP","aminopeptidase O (putative) [Ensembl NN prediction with score 100%]","-",2748472,2478070,TRUE,107739,107739,162595,"overlapping","gene_body",FALSE,"intron"
"CM105784.1",40357425,40357516,92,5,-9.61814091376364,"CM105784.1",40357425,40357516,0,"CM105784.1",40307548,40361243,"gene:ENSBOLG00010006196","PCDH10","protocadherin 10 [Ensembl NN prediction with score 100%]","-",40361243,40307548,TRUE,3727,3727,49877,"overlapping","gene_body",FALSE,"intron"
"CM105772.1",16279568,16279621,54,5,-9.61118744387637,"CM105772.1",16279568,16279621,0,"CM105772.1",16202002,16291996,"gene:ENSBOLG00010018447","FBXW4","F-box and WD repeat domain containing 4 [Ensembl NN prediction with score 99.77%]","+",16202002,16291996,TRUE,77566,77566,12375,"overlapping","gene_body",FALSE,"intron"
"CM105766.1",126918235,126918316,82,5,-9.5737853494838,"CM105766.1",126918235,126918316,0,"CM105766.1",126896030,126919343,"gene:ENSBOLG00010000167","TNFSF8","TNF superfamily member 8 [Ensembl NN prediction with score 100%]","+",126896030,126919343,TRUE,22205,22205,1027,"overlapping","gene_body",TRUE,"exon"
"CM105776.1",37704070,37704135,66,5,9.56890413219565,"CM105776.1",37704070,37704135,0,"CM105776.1",37681554,37761383,"gene:ENSBOLG00010012607","cmah","cytidine monophospho-N-acetylneuraminic acid hydroxylase [Ensembl NN prediction with score 100%]","-",37761383,37681554,TRUE,57248,57248,22516,"overlapping","gene_body",FALSE,"intron"
"CM105768.1",5115847,5115898,52,5,-9.56457035073903,"CM105768.1",5115847,5115898,0,"CM105768.1",4946801,5820396,"gene:ENSBOLG00010002792","DPP6","dipeptidyl peptidase like 6 [Ensembl NN prediction with score 100%]","-",5820396,4946801,TRUE,704498,704498,169046,"overlapping","gene_body",FALSE,"intron"
"CM105786.1",24726520,24726614,95,5,9.56008971892608,"CM105786.1",24726520,24726614,940,"CM105786.1",24671518,24725579,"gene:ENSBOLG00010007669","GTF2E2","general transcription factor IIE subunit 2 [Ensembl NN prediction with score 100%]","+",24671518,24725579,FALSE,55002,55002,941,"downstream","downstream",FALSE,"downstream"
"CM105770.1",24809994,24810333,340,4,-9.52654477213401,"CM105770.1",24809994,24810333,69482,"CM105770.1",24717004,24740511,"gene:ENSBOLG00010003797","VSTM2A","V-set and transmembrane domain containing 2A [Ensembl NN prediction with score 100%]","-",24740511,24717004,FALSE,69483,69483,92990,"upstream","intergenic",FALSE,"intergenic"
"CM105772.1",3178527,3178597,71,5,-9.50013221871143,"CM105772.1",3178527,3178597,0,"CM105772.1",3032401,3245039,"gene:ENSBOLG00010016723","GFRA1","GDNF family receptor alpha 1 [Ensembl NN prediction with score 100%]","+",3032401,3245039,TRUE,146126,146126,66442,"overlapping","gene_body",FALSE,"intron"
"CM105787.1",39555466,39555516,51,5,-9.45991102265811,"CM105787.1",39555466,39555516,0,"CM105787.1",39196235,39986803,"gene:ENSBOLG00010003778","AGBL1","AGBL carboxypeptidase 1 [Ensembl NN prediction with score 100%]","+",39196235,39986803,TRUE,359231,359231,431287,"overlapping","gene_body",FALSE,"intron"
"CM105771.1",7706319,7706404,86,5,9.3886730793562,"CM105771.1",7706319,7706404,0,"CM105771.1",6775374,8888577,"gene:ENSBOLG00010017336","RBFOX1","RNA binding fox-1 homolog 1 [Ensembl NN prediction with score 93.22%]","-",8888577,6775374,TRUE,1182173,1182173,930945,"overlapping","gene_body",FALSE,"intron"
"CM105789.1",7599673,7599771,99,4,-9.33513426112616,"CM105789.1",7599673,7599771,0,"CM105789.1",7523897,7600884,"gene:ENSBOLG00010006910","APAF1","apoptotic peptidase activating factor 1 [Ensembl NN prediction with score 100%]","-",7600884,7523897,TRUE,1113,1113,75776,"overlapping","gene_body",FALSE,"intron"
"CM105770.1",101408392,101408444,53,5,-9.31993507453533,"CM105770.1",101408392,101408444,112566,"CM105770.1",101235021,101295825,"gene:ENSBOLG00010001810",NA,NA,"+",101235021,101295825,FALSE,173371,173371,112567,"downstream","intergenic",FALSE,"intergenic"
"CM105785.1",42028309,42028455,147,4,-9.28388207213215,"CM105785.1",42028309,42028455,0,"CM105785.1",41921668,42036358,"gene:ENSBOLG00010004019","FIGN","fidgetin, microtubule severing factor [Ensembl NN prediction with score 100%]","-",42036358,41921668,TRUE,7903,7903,106641,"overlapping","gene_body",FALSE,"intron"
"CM105769.1",24822495,24822641,147,4,-9.27317444333424,"CM105769.1",24822495,24822641,38176,"CM105769.1",24860818,24910017,"gene:ENSBOLG00010021276","DDR2","discoidin domain receptor tyrosine kinase 2 [Ensembl NN prediction with score 100%]","+",24860818,24910017,FALSE,38177,38177,87376,"upstream","intergenic",FALSE,"intergenic"
"CM105785.1",50280412,50280858,447,4,-9.25679685987897,"CM105785.1",50280412,50280858,0,"CM105785.1",50263177,50386399,"gene:ENSBOLG00010010748","OLA1","Obg like ATPase 1 [Ensembl NN prediction with score 100%]","-",50386399,50263177,TRUE,105541,105541,17235,"overlapping","gene_body",FALSE,"intron"
"CM105767.1",60758585,60758758,174,4,9.15679453733586,"CM105767.1",60758585,60758758,0,"CM105767.1",60480883,60920315,"gene:ENSBOLG00010000949","EPHB1","EPH receptor B1 [Ensembl NN prediction with score 100%]","-",60920315,60480883,TRUE,161557,161557,277702,"overlapping","gene_body",FALSE,"intron"
"CM105768.1",5106653,5106724,72,5,-8.9894186937162,"CM105768.1",5106653,5106724,0,"CM105768.1",4946801,5820396,"gene:ENSBOLG00010002792","DPP6","dipeptidyl peptidase like 6 [Ensembl NN prediction with score 100%]","-",5820396,4946801,TRUE,713672,713672,159852,"overlapping","gene_body",FALSE,"intron"
"CM105789.1",25044063,25044114,52,5,-8.97156192332738,"CM105789.1",25044063,25044114,33235,"CM105789.1",25077350,25117150,"gene:ENSBOLG00010009752","E2F7","E2F transcription factor 7 [Ensembl NN prediction with score 100%]","+",25077350,25117150,FALSE,33236,33236,73036,"upstream","intergenic",FALSE,"intergenic"
"CM105774.1",23812413,23812572,160,5,8.96364832126272,"CM105774.1",23812413,23812572,393665,"CM105774.1",23405670,23418747,"gene:ENSBOLG00010003630","MZT1","mitotic spindle organizing protein 1 [Ensembl NN prediction with score 99.98%]","+",23405670,23418747,FALSE,406743,406743,393666,"downstream","intergenic",FALSE,"intergenic"
"CM105768.1",35319001,35319058,58,5,8.90317253030734,"CM105768.1",35319001,35319058,0,"CM105768.1",35309780,35409004,"gene:ENSBOLG00010002110","PLEKHH2","pleckstrin homology, MyTH4 and FERM domain containing H2 [Ensembl NN prediction with score 100%]","+",35309780,35409004,TRUE,9221,9221,89946,"overlapping","gene_body",FALSE,"intron"
"CM105784.1",51954316,51954603,288,4,-8.77438186856114,"CM105784.1",51954316,51954603,47550,"CM105784.1",51707303,51906765,"gene:ENSBOLG00010007956","PEX5L","peroxisomal biogenesis factor 5 like [Ensembl NN prediction with score 100%]","-",51906765,51707303,FALSE,47551,47551,247013,"upstream","intergenic",FALSE,"intergenic"
"CM105778.1",37201757,37201819,63,5,8.75741379300804,"CM105778.1",37201757,37201819,44582,"CM105778.1",37246402,37251393,"gene:ENSBOLG00010015484","FST","follistatin [Ensembl NN prediction with score 100%]","+",37246402,37251393,FALSE,44583,44583,49574,"upstream","intergenic",FALSE,"intergenic"
"CM105787.1",58723409,58723595,187,4,-8.75466117294581,"CM105787.1",58723409,58723595,0,"CM105787.1",58654678,58725023,"gene:ENSBOLG00010009441","MAP6","microtubule associated protein 6 [Ensembl NN prediction with score 100%]","+",58654678,58725023,TRUE,68731,68731,1428,"overlapping","gene_body",FALSE,"intron"
"CM105771.1",16789780,16789846,67,5,8.66539671987559,"CM105771.1",16789780,16789846,4946,"CM105771.1",16411391,16784833,"gene:ENSBOLG00010018036","KCNIP1","potassium voltage-gated channel interacting protein 1 [Ensembl NN prediction with score 100%]","-",16784833,16411391,FALSE,4947,4947,378389,"upstream","intergenic",FALSE,"intergenic"
"CM105765.1",23658308,23658364,57,5,-8.47562005911591,"CM105765.1",23658308,23658364,0,"CM105765.1",23625248,23691705,"gene:ENSBOLG00010004920","NGEF","neuronal guanine nucleotide exchange factor [Ensembl NN prediction with score 100%]","-",23691705,23625248,TRUE,33341,33341,33060,"overlapping","gene_body",FALSE,"intron"
"CM105773.1",64382201,64383017,817,4,8.41437366831076,"CM105773.1",64382201,64383017,0,"CM105773.1",64323160,64420096,"gene:ENSBOLG00010019305","SYNDIG1","synapse differentiation inducing 1 [Ensembl NN prediction with score 100%]","+",64323160,64420096,TRUE,59041,59041,37079,"overlapping","gene_body",FALSE,"intron"
"CM105765.1",117392699,117392755,57,5,8.34389399713415,"CM105765.1",117392699,117392755,18994,"CM105765.1",117411750,117432380,"gene:ENSBOLG00010004261","HIVEP2","HIVEP zinc finger 2 [Ensembl NN prediction with score 100%]","-",117432380,117411750,FALSE,39625,39625,18995,"downstream","intergenic",FALSE,"intergenic"
"CM105776.1",15110976,15111033,58,5,8.31771998208716,"CM105776.1",15110976,15111033,33138,"CM105776.1",15144172,15216904,"gene:ENSBOLG00010013494","PHF2","PHD finger protein 2 [Ensembl NN prediction with score 100%]","-",15216904,15144172,FALSE,105871,105871,33139,"downstream","intergenic",FALSE,"intergenic"
"CM105771.1",98964026,98964084,59,5,-8.31011312177166,"CM105771.1",98964026,98964084,203608,"CM105771.1",99167693,99171992,"gene:ENSBOLG00010001440","RPL38","ribosomal protein L38 [Ensembl NN prediction with score 100%]","+",99167693,99171992,FALSE,203609,203609,207908,"upstream","intergenic",FALSE,"intergenic"
"CM105770.1",76582925,76583013,89,4,-8.3086476896114,"CM105770.1",76582925,76583013,8640,"CM105770.1",76591654,76595832,"gene:ENSBOLG00010001275","RASL11B","RAS like family 11 member B [Ensembl NN prediction with score 99.98%]","+",76591654,76595832,FALSE,8641,8641,12819,"upstream","intergenic",FALSE,"intergenic"
"CM105769.1",8001951,8002001,51,5,8.28328424377567,"CM105769.1",8001951,8002001,0,"CM105769.1",7928984,8078528,"gene:ENSBOLG00010006233","GPATCH2","G-patch domain containing 2 [Ensembl NN prediction with score 100%]","-",8078528,7928984,TRUE,76527,76527,72967,"overlapping","gene_body",FALSE,"intron"
"CM105790.1",27511682,27511740,59,5,-8.23710224845486,"CM105790.1",27511682,27511740,1612069,"CM105790.1",29123810,29190003,"gene:ENSBOLG00010004866","Zfp950","zinc finger protein 950 [Ensembl NN prediction with score 99.6%]","+",29123810,29190003,FALSE,1612070,1612070,1678263,"upstream","intergenic",FALSE,"intergenic"
"CM105770.1",95815185,95815262,78,5,-8.12353293298321,"CM105770.1",95815185,95815262,0,"CM105770.1",95544417,95836387,"gene:ENSBOLG00010001662","SHROOM3","shroom family member 3 [Ensembl NN prediction with score 99.99%]","+",95544417,95836387,TRUE,270768,270768,21125,"overlapping","gene_body",FALSE,"intron"
"CM105786.1",13936529,13936579,51,5,8.11065216777556,"CM105786.1",13936529,13936579,0,"CM105786.1",13935881,13936746,"gene:ENSBOLG00010009896","DEFA5","defensin alpha 5 [Ensembl NN prediction with score 95.33%]","-",13936746,13935881,TRUE,167,167,648,"overlapping","gene_body",TRUE,"exon"
"CM105771.1",26122042,26122111,70,4,8.09746675374338,"CM105771.1",26122042,26122111,90422,"CM105771.1",25974174,26031619,"gene:ENSBOLG00010013019","ADRA1B","adrenoceptor alpha 1B [Ensembl NN prediction with score 99.99%]","-",26031619,25974174,FALSE,90423,90423,147868,"upstream","intergenic",FALSE,"intergenic"
"CM105784.1",27984929,27985032,104,4,8.07861708663616,"CM105784.1",27984929,27985032,0,"CM105784.1",27823300,28139659,"gene:ENSBOLG00010014020","MED12L","mediator complex subunit 12L [Ensembl NN prediction with score 100%]","-",28139659,27823300,TRUE,154627,154627,161629,"overlapping","gene_body",FALSE,"intron"
"CM105771.1",103063938,103063998,61,5,-7.97509975700161,"CM105771.1",103063938,103063998,2518,"CM105771.1",103056180,103061419,"gene:ENSBOLG00010015729","C1QTNF1","C1q and TNF related 1 [Ensembl NN prediction with score 100%]","+",103056180,103061419,FALSE,7758,7758,2519,"downstream","intergenic",FALSE,"intergenic"
"JBCDMM020000029.1",2648422,2648497,76,5,-7.91302479761375,"JBCDMM020000029.1",2648422,2648497,1283766,"JBCDMM020000029.1",1363888,1364655,"gene:ENSBOLG00010004365","DMAC2","distal membrane arm assembly component 2 [Ensembl NN prediction with score 99.72%]","+",1363888,1364655,FALSE,1284534,1284534,1283767,"downstream","intergenic",FALSE,"intergenic"
"CM105786.1",22856883,22857149,267,5,-7.75547880070775,"CM105786.1",22856883,22857149,128562,"CM105786.1",22985712,23177554,"gene:ENSBOLG00010007440","NRG1","neuregulin 1 [Ensembl NN prediction with score 100%]","-",23177554,22985712,FALSE,320405,320405,128563,"downstream","intergenic",FALSE,"intergenic"
"CM105764.1",67313425,67313506,82,5,7.66054424209248,"CM105764.1",67313425,67313506,0,"CM105764.1",67304941,67387485,"gene:ENSBOLG00010003551","HEG1","heart development protein with EGF like domains 1 [Ensembl NN prediction with score 97.41%]","-",67387485,67304941,TRUE,73979,73979,8484,"overlapping","gene_body",FALSE,"intron"
"CM105772.1",52651181,52651240,60,5,-7.60573810157449,"CM105772.1",52651181,52651240,29417,"CM105772.1",52680658,52703266,"gene:ENSBOLG00010023714","DAGLA","diacylglycerol lipase alpha [Ensembl NN prediction with score 100%]","+",52680658,52703266,FALSE,29418,29418,52026,"upstream","intergenic",FALSE,"intergenic"
"CM105778.1",60283873,60283945,73,5,7.57169670525612,"CM105778.1",60283873,60283945,98121,"CM105778.1",59929806,60185751,"gene:ENSBOLG00010008816","SSBP2","single stranded DNA binding protein 2 [Ensembl NN prediction with score 100%]","-",60185751,59929806,FALSE,98122,98122,354067,"upstream","intergenic",FALSE,"intergenic"
"CM105780.1",28342677,28342756,80,5,-7.56269701961063,"CM105780.1",28342677,28342756,0,"CM105780.1",28175999,28524759,"gene:ENSBOLG00010012631","GABBR2","gamma-aminobutyric acid type B receptor subunit 2 [Ensembl NN prediction with score 100%]","+",28175999,28524759,TRUE,166678,166678,182003,"overlapping","gene_body",FALSE,"intron"
"CM105777.1",22176483,22176545,63,5,7.25369401680118,"CM105777.1",22176483,22176545,0,"CM105777.1",22064766,22305889,"gene:ENSBOLG00010017223","CCBE1","collagen and calcium binding EGF domains 1 [Ensembl NN prediction with score 100%]","+",22064766,22305889,TRUE,111717,111717,129344,"overlapping","gene_body",FALSE,"intron"
"CM105786.1",20628821,20628905,85,9,7.24016527143431,"CM105786.1",20628821,20628905,0,"CM105786.1",20267983,20788094,"gene:ENSBOLG00010010559","UNC5D","unc-5 netrin receptor D [Ensembl NN prediction with score 100%]","-",20788094,20267983,TRUE,159189,159189,360838,"overlapping","gene_body",FALSE,"intron"
"CM105785.1",47738274,47738335,62,5,7.09613466787227,"CM105785.1",47738274,47738335,255,"CM105785.1",47736138,47738018,"gene:ENSBOLG00010010355","SP5","Sp5 transcription factor [Ensembl NN prediction with score 100%]","+",47736138,47738018,FALSE,2136,2136,256,"downstream","downstream",FALSE,"downstream"
"CM105768.1",118601308,118601386,79,5,7.07494883804207,"CM105768.1",118601308,118601386,206116,"CM105768.1",118394726,118395191,"gene:ENSBOLG00010014189","rpl29","ribosomal protein L29 [Ensembl NN prediction with score 92.48%]","-",118395191,118394726,FALSE,206117,206117,206582,"upstream","intergenic",FALSE,"intergenic"
"CM105781.1",60361532,60361753,222,6,-7.00041760745736,"CM105781.1",60361532,60361753,46208,"CM105781.1",60176337,60315323,"gene:ENSBOLG00010007095","ADGRL2","adhesion G protein-coupled receptor L2 [Ensembl NN prediction with score 100%]","-",60315323,60176337,FALSE,46209,46209,185195,"upstream","intergenic",FALSE,"intergenic"
"CM105768.1",115909961,115910037,77,5,6.91561525957552,"CM105768.1",115909961,115910037,5070,"CM105768.1",115915108,115926506,"gene:ENSBOLG00010014726","ENO1","enolase 1 [Ensembl NN prediction with score 99.89%]","+",115915108,115926506,FALSE,5071,5071,16469,"upstream","intergenic",FALSE,"intergenic"
"CM105764.1",3996182,3996248,67,5,-6.90919698028817,"CM105764.1",3996182,3996248,80960,"CM105764.1",4077209,4092987,"gene:ENSBOLG00010001556","ETS2","ETS proto-oncogene 2, transcription factor [Ensembl NN prediction with score 100%]","-",4092987,4077209,FALSE,96739,96739,80961,"downstream","intergenic",FALSE,"intergenic"
"CM105767.1",81124116,81124176,61,5,-6.89712006360158,"CM105767.1",81124116,81124176,129339,"CM105767.1",80942269,80994776,"gene:ENSBOLG00010004199","ZC3H12C","zinc finger CCCH-type containing 12C [Ensembl NN prediction with score 100%]","-",80994776,80942269,FALSE,129340,129340,181847,"upstream","intergenic",FALSE,"intergenic"
"CM105771.1",27358804,27358864,61,5,6.60931137864991,"CM105771.1",27358804,27358864,168216,"CM105771.1",26803053,27190587,"gene:ENSBOLG00010012929","EBF1","EBF transcription factor 1 [Ensembl NN prediction with score 100%]","+",26803053,27190587,FALSE,555751,555751,168217,"downstream","intergenic",FALSE,"intergenic"
"CM105781.1",22694541,22694604,64,5,6.55965357903115,"CM105781.1",22694541,22694604,0,"CM105781.1",22470804,22786477,"gene:ENSBOLG00010008766","VAV3","vav guanine nucleotide exchange factor 3 [Ensembl NN prediction with score 100%]","+",22470804,22786477,TRUE,223737,223737,91873,"overlapping","gene_body",FALSE,"intron"
"CM105764.1",68276977,68277036,60,5,6.42722233028478,"CM105764.1",68276977,68277036,0,"CM105764.1",68273802,68278766,"gene:ENSBOLG00010003948",NA,NA,"+",68273802,68278766,TRUE,3175,3175,1730,"overlapping","gene_body",TRUE,"exon"
"CM105768.1",95001716,95001917,202,5,-6.31754865701758,"CM105768.1",95001716,95001917,79,"CM105768.1",95001997,95018329,"gene:ENSBOLG00010000639","CCT7","chaperonin containing TCP1 subunit 7 [Ensembl NN prediction with score 99.27%]","-",95018329,95001997,FALSE,16412,16412,80,"downstream","downstream",FALSE,"downstream"
"CM105774.1",65772505,65772568,64,5,-5.92431764869545,"CM105774.1",65772505,65772568,13563,"CM105774.1",65757839,65758941,"gene:ENSBOLG00010022523","TRAV17","T cell receptor alpha variable 17 [Ensembl NN prediction with score 74.2%]","+",65757839,65758941,FALSE,14666,14666,13564,"downstream","intergenic",FALSE,"intergenic"
"CM105782.1",52990405,52990465,61,5,5.72292483369227,"CM105782.1",52990405,52990465,53748,"CM105782.1",53044214,53130776,"gene:ENSBOLG00010018405","GSE1","Gse1 coiled-coil protein [Ensembl NN prediction with score 89.34%]","+",53044214,53130776,FALSE,53749,53749,140311,"upstream","intergenic",FALSE,"intergenic"
"CM105772.1",48390833,48391421,589,5,5.67004452807817,"CM105772.1",48390833,48391421,11866,"CM105772.1",48403288,48404238,"gene:ENSBOLG00010015400","OR9I1","olfactory receptor family 9 subfamily I member 1 [Ensembl NN prediction with score 97.41%]","-",48404238,48403288,FALSE,12817,12817,11867,"downstream","intergenic",FALSE,"intergenic"
"CM105768.1",65702119,65702184,66,5,5.53671728979783,"CM105768.1",65702119,65702184,433525,"CM105768.1",66135710,66226554,"gene:ENSBOLG00010002572","RNF144A","ring finger protein 144A [Ensembl NN prediction with score 99.99%]","-",66226554,66135710,FALSE,524370,524370,433526,"downstream","intergenic",FALSE,"intergenic"
"CM105780.1",39336991,39337046,56,5,5.09469176971252,"CM105780.1",39336991,39337046,3616,"CM105780.1",39340663,39341106,"gene:ENSBOLG00010011789","RPL23","ribosomal protein L23 [Ensembl NN prediction with score 100%]","+",39340663,39341106,FALSE,3617,3617,4060,"upstream","intergenic",FALSE,"intergenic"
"CM105765.1",88674298,88674422,125,4,-4.90130450996699,"CM105765.1",88674298,88674422,78255,"CM105765.1",88454924,88596042,"gene:ENSBOLG00010015371","LAMA4","laminin subunit alpha 4 [Ensembl NN prediction with score 100%]","-",88596042,88454924,FALSE,78256,78256,219374,"upstream","intergenic",FALSE,"intergenic"
"CM105765.1",55177267,55177491,225,4,-4.31825850931675,"CM105765.1",55177267,55177491,0,"CM105765.1",55152545,55197702,"gene:ENSBOLG00010023493","megf8","multiple EGF like domains 8 [Ensembl NN prediction with score 100%]","-",55197702,55152545,TRUE,20211,20211,24722,"overlapping","gene_body",TRUE,"exon"
"CM105766.1",86062467,86062550,84,5,4.09358728974944,"CM105766.1",86062467,86062550,255789,"CM105766.1",85666656,85806677,"gene:ENSBOLG00010018386","USP24","ubiquitin specific peptidase 24 [Ensembl NN prediction with score 100%]","-",85806677,85666656,FALSE,255790,255790,395811,"upstream","intergenic",FALSE,"intergenic"
"CM105768.1",24103730,24103880,151,5,-3.93339539811203,"CM105768.1",24103730,24103880,106315,"CM105768.1",23972184,23997414,"gene:ENSBOLG00010003063","LBH","LBH regulator of WNT signaling pathway [Ensembl NN prediction with score 97.32%]","+",23972184,23997414,FALSE,131546,131546,106316,"downstream","intergenic",FALSE,"intergenic"
"CM105777.1",48165151,48165224,74,4,-3.82370815485104,"CM105777.1",48165151,48165224,0,"CM105777.1",47833471,48226075,"gene:ENSBOLG00010010014","ARHGAP26","Rho GTPase activating protein 26 [Ensembl NN prediction with score 100%]","-",48226075,47833471,TRUE,60851,60851,331680,"overlapping","gene_body",FALSE,"intron"
"CM105774.1",48543782,48544068,287,4,3.77526172753324,"CM105774.1",48543782,48544068,617415,"CM105774.1",49161484,49257936,"gene:ENSBOLG00010007996","GFRA2","GDNF family receptor alpha 2 [Ensembl NN prediction with score 100%]","-",49257936,49161484,FALSE,713868,713868,617416,"downstream","intergenic",FALSE,"intergenic"
"CM105779.1",33500963,33501165,203,4,-3.46234228295276,"CM105779.1",33500963,33501165,17652,"CM105779.1",33481820,33483310,"gene:ENSBOLG00010012537","POU3F3","POU class 3 homeobox 3 [Ensembl NN prediction with score 100%]","-",33483310,33481820,FALSE,17653,17653,19143,"upstream","intergenic",FALSE,"intergenic"
"CM105775.1",37864300,37864409,110,8,-3.4299148591926,"CM105775.1",37864300,37864409,7095,"CM105775.1",37871505,37997831,"gene:ENSBOLG00010017342","SLC8A3","solute carrier family 8 member A3 [Ensembl NN prediction with score 100%]","+",37871505,37997831,FALSE,7096,7096,133422,"upstream","intergenic",FALSE,"intergenic"
"CM105774.1",3882162,3882295,134,4,-2.71012872026702,"CM105774.1",3882162,3882295,10047,"CM105774.1",3844586,3872114,"gene:ENSBOLG00010007612","RAP2A","RAP2A, member of RAS oncogene family [Ensembl NN prediction with score 99.97%]","-",3872114,3844586,FALSE,10048,10048,37576,"upstream","intergenic",FALSE,"intergenic"
"CM105775.1",42322634,42322737,104,4,2.39294214522587,"CM105775.1",42322634,42322737,18786,"CM105775.1",42341524,42346497,"gene:ENSBOLG00010011260","RAB15","RAB15, member RAS oncogene family [Ensembl NN prediction with score 93.96%]","+",42341524,42346497,FALSE,18787,18787,23760,"upstream","intergenic",FALSE,"intergenic"
"CM105769.1",74149309,74149400,92,4,-2.35603007998639,"CM105769.1",74149309,74149400,28573,"CM105769.1",74177974,74329153,"gene:ENSBOLG00010007602","PLA2G4A","phospholipase A2 group IVA [Ensembl NN prediction with score 99.98%]","+",74177974,74329153,FALSE,28574,28574,179753,"upstream","intergenic",FALSE,"intergenic"
"CM105778.1",2640266,2640316,51,5,-2.06801988087447,"CM105778.1",2640266,2640316,288187,"CM105778.1",2347126,2352078,"gene:ENSBOLG00010006813","IRX1","iroquois homeobox 1 [Ensembl NN prediction with score 100%]","+",2347126,2352078,FALSE,293140,293140,288188,"downstream","intergenic",FALSE,"intergenic"
"CM105779.1",9783838,9783966,129,4,-1.87679739484779,"CM105779.1",9783838,9783966,0,"CM105779.1",9783644,9796341,"gene:ENSBOLG00010020647","Krtap4-9","keratin associated protein 4-9 [Ensembl NN prediction with score 97.48%]","+",9783644,9796341,TRUE,194,194,12375,"overlapping","gene_body",FALSE,"intron"
"CM105781.1",28664509,28664636,128,4,-1.69904537046773,"CM105781.1",28664509,28664636,39175,"CM105781.1",28703812,28722640,"gene:ENSBOLG00010008528","VCAM1","vascular cell adhesion molecule 1 [Ensembl NN prediction with score 99.84%]","-",28722640,28703812,FALSE,58004,58004,39176,"downstream","intergenic",FALSE,"intergenic"
"CM105764.1",8860766,8860822,57,5,-1.16816553297721,"CM105764.1",8860766,8860822,59823,"CM105764.1",8920646,8951333,"gene:ENSBOLG00010001850","PAXBP1","PAX3 and PAX7 binding protein 1 [Ensembl NN prediction with score 100%]","+",8920646,8951333,FALSE,59824,59824,90511,"upstream","intergenic",FALSE,"intergenic"
"CM105783.1",34028223,34028337,115,6,-1.13304802268922,"CM105783.1",34028223,34028337,84139,"CM105783.1",33770707,33944083,"gene:ENSBOLG00010012595","FAM135B","family with sequence similarity 135 member B [Ensembl NN prediction with score 100%]","-",33944083,33770707,FALSE,84140,84140,257516,"upstream","intergenic",FALSE,"intergenic"
"CM105766.1",108970913,108971005,93,5,-0.661333334914451,"CM105766.1",108970913,108971005,92020,"CM105766.1",108668091,108878892,"gene:ENSBOLG00010008595","NFIB","nuclear factor I B [Ensembl NN prediction with score 100%]","+",108668091,108878892,FALSE,302822,302822,92021,"downstream","intergenic",FALSE,"intergenic"
"CM105774.1",16472548,16472897,350,4,-0.43899401500692,"CM105774.1",16472548,16472897,503204,"CM105774.1",16976102,16981999,"gene:ENSBOLG00010004005","SPRY2","sprouty RTK signaling antagonist 2 [Ensembl NN prediction with score 99.98%]","+",16976102,16981999,FALSE,503205,503205,509102,"upstream","intergenic",FALSE,"intergenic"
"CM105776.1",1334224,1334335,112,5,0.3756589146594,"CM105776.1",1334224,1334335,8277,"CM105776.1",1342613,1349098,"gene:ENSBOLG00010016697","CTSL","cathepsin L [Ensembl NN prediction with score 98.66%]","+",1342613,1349098,FALSE,8278,8278,14763,"upstream","intergenic",FALSE,"intergenic"
"CM105781.1",10236926,10236998,73,5,0.288790862977945,"CM105781.1",10236926,10236998,29096,"CM105781.1",10266095,10267673,"gene:ENSBOLG00010011286",NA,NA,"-",10267673,10266095,FALSE,30675,30675,29097,"downstream","intergenic",FALSE,"intergenic"
