"chr","start","end","length","nCG","areaStat","DMR_chr","DMR_start","DMR_end","distance","gene_chr","gene_start","gene_end","gene_id","gene_name","gene_desc","gene_strand","TSS","TES","overlaps_gene","distance_bp","dist_to_TSS","dist_to_TES","direction","feature_strand","exon_overlap","refined_feature"
"CM105776.1",81246791,81247057,267,57,-153.617719365472,"CM105776.1",81246791,81247057,2371197,"CM105776.1",78805861,78875593,"gene:ENSBOLG00010012347","WAC","WW domain containing adaptor with coiled-coil [Ensembl NN prediction with score 100%]","+",78805861,78875593,FALSE,2440930,2440930,2371198,"downstream","intergenic",FALSE,"intergenic"
"CM105776.1",81252328,81252620,293,66,133.692476054767,"CM105776.1",81252328,81252620,2376734,"CM105776.1",78805861,78875593,"gene:ENSBOLG00010012347","WAC","WW domain containing adaptor with coiled-coil [Ensembl NN prediction with score 100%]","+",78805861,78875593,FALSE,2446467,2446467,2376735,"downstream","intergenic",FALSE,"intergenic"
"CM105776.1",80885697,80885826,130,41,-87.7887978529797,"CM105776.1",80885697,80885826,2010103,"CM105776.1",78805861,78875593,"gene:ENSBOLG00010012347","WAC","WW domain containing adaptor with coiled-coil [Ensembl NN prediction with score 100%]","+",78805861,78875593,FALSE,2079836,2079836,2010104,"downstream","intergenic",FALSE,"intergenic"
"CM105776.1",80954739,80954820,82,16,-46.2224229195566,"CM105776.1",80954739,80954820,2079145,"CM105776.1",78805861,78875593,"gene:ENSBOLG00010012347","WAC","WW domain containing adaptor with coiled-coil [Ensembl NN prediction with score 100%]","+",78805861,78875593,FALSE,2148878,2148878,2079146,"downstream","intergenic",FALSE,"intergenic"
"CM105772.1",75213451,75213558,108,8,-34.663813483399,"CM105772.1",75213451,75213558,2372,"CM105772.1",75090133,75211078,"gene:ENSBOLG00010011711","PLPP4","phospholipid phosphatase 4 [Ensembl NN prediction with score 100%]","-",75211078,75090133,FALSE,2373,2373,123318,"upstream","intergenic",FALSE,"intergenic"
"JBCDMM020000048.1",419025,419231,207,12,34.5464419883036,"JBCDMM020000048.1",419025,419231,NA,NA,NA,NA,NA,NA,NA,"+",NA,NA,NA,NA,NA,NA,"overlapping","intergenic",FALSE,"intergenic"
"CM105764.1",112977846,112978197,352,13,-34.2108263469116,"CM105764.1",112977846,112978197,21737,"CM105764.1",112919634,112956108,"gene:ENSBOLG00010002735","SRRM3","serine/arginine repetitive matrix 3 [Ensembl NN prediction with score 100%]","-",112956108,112919634,FALSE,21738,21738,58212,"upstream","intergenic",FALSE,"intergenic"
"CM105776.1",80786635,80786701,67,12,-30.0845512821727,"CM105776.1",80786635,80786701,1911041,"CM105776.1",78805861,78875593,"gene:ENSBOLG00010012347","WAC","WW domain containing adaptor with coiled-coil [Ensembl NN prediction with score 100%]","+",78805861,78875593,FALSE,1980774,1980774,1911042,"downstream","intergenic",FALSE,"intergenic"
"CM105786.1",18571475,18571571,97,11,28.9996115358034,"CM105786.1",18571475,18571571,295931,"CM105786.1",18867503,18871362,"gene:ENSBOLG00010009814","Zfp703","zinc finger protein 703 [Ensembl NN prediction with score 99.75%]","+",18867503,18871362,FALSE,295932,295932,299791,"upstream","intergenic",FALSE,"intergenic"
"CM105764.1",29663122,29663874,753,9,-27.9586014181869,"CM105764.1",29663122,29663874,94177,"CM105764.1",29758052,29759041,"gene:ENSBOLG00010000111","PRKAG1","protein kinase AMP-activated non-catalytic subunit gamma 1 [Ensembl NN prediction with score 99.97%]","-",29759041,29758052,FALSE,95167,95167,94178,"downstream","intergenic",FALSE,"intergenic"
"CM105764.1",7357338,7357533,196,13,27.2808687630283,"CM105764.1",7357338,7357533,0,"CM105764.1",7342704,7383723,"gene:ENSBOLG00010002037",NA,NA,"-",7383723,7342704,TRUE,26190,26190,14634,"overlapping","gene_body",FALSE,"intron"
"CM105772.1",75214252,75214474,223,6,-26.9560911376953,"CM105772.1",75214252,75214474,3173,"CM105772.1",75090133,75211078,"gene:ENSBOLG00010011711","PLPP4","phospholipid phosphatase 4 [Ensembl NN prediction with score 100%]","-",75211078,75090133,FALSE,3174,3174,124119,"upstream","intergenic",FALSE,"intergenic"
"CM105764.1",22377059,22377463,405,6,26.3023617669738,"CM105764.1",22377059,22377463,364050,"CM105764.1",22741514,22849557,"gene:ENSBOLG00010000097","USP25","ubiquitin specific peptidase 25 [Ensembl NN prediction with score 100%]","-",22849557,22741514,FALSE,472094,472094,364051,"downstream","intergenic",FALSE,"intergenic"
"CM105780.1",49826229,49826774,546,9,-26.0657990565424,"CM105780.1",49826229,49826774,338389,"CM105780.1",50165164,50166498,"gene:ENSBOLG00010005242","POU3F2","POU class 3 homeobox 2 [Ensembl NN prediction with score 99.99%]","+",50165164,50166498,FALSE,338390,338390,339724,"upstream","intergenic",FALSE,"intergenic"
"CM105777.1",25483952,25484135,184,7,-25.7567019342867,"CM105777.1",25483952,25484135,87899,"CM105777.1",25572035,25585122,"gene:ENSBOLG00010017061","Spink10","serine peptidase inhibitor, Kazal type 10 [Ensembl NN prediction with score 78.7%]","-",25585122,25572035,FALSE,100987,100987,87900,"downstream","intergenic",FALSE,"intergenic"
"CM105787.1",31346726,31346820,95,7,24.5076072744329,"CM105787.1",31346726,31346820,0,"CM105787.1",31204525,31487322,"gene:ENSBOLG00010009610","IGF1R","insulin like growth factor 1 receptor [Ensembl NN prediction with score 100%]","+",31204525,31487322,TRUE,142201,142201,140502,"overlapping","gene_body",FALSE,"intron"
"CM105770.1",76276202,76276262,61,8,24.3876932364444,"CM105770.1",76276202,76276262,124819,"CM105770.1",76401082,76473247,"gene:ENSBOLG00010001168","USP46","ubiquitin specific peptidase 46 [Ensembl NN prediction with score 99.97%]","-",76473247,76401082,FALSE,196985,196985,124820,"downstream","intergenic",FALSE,"intergenic"
"CM105779.1",41128510,41128946,437,9,24.2029234881098,"CM105779.1",41128510,41128946,285901,"CM105779.1",41414848,41442227,"gene:ENSBOLG00010012359","PLEKHB2","pleckstrin homology domain containing B2 [Ensembl NN prediction with score 99.95%]","-",41442227,41414848,FALSE,313281,313281,285902,"downstream","intergenic",FALSE,"intergenic"
"CM105775.1",62925248,62925319,72,6,-23.9952328477778,"CM105775.1",62925248,62925319,0,"CM105775.1",62922823,63751507,"gene:ENSBOLG00010008123","NPAS3","neuronal PAS domain protein 3 [Ensembl NN prediction with score 100%]","-",63751507,62922823,TRUE,826188,826188,2425,"overlapping","gene_body",FALSE,"intron"
"CM105774.1",39152496,39153145,650,7,-23.9910803746225,"CM105774.1",39152496,39153145,1032691,"CM105774.1",40185837,40206964,"gene:ENSBOLG00010011783","OLFM4","olfactomedin 4 [Ensembl NN prediction with score 99.99%]","-",40206964,40185837,FALSE,1053819,1053819,1032692,"downstream","intergenic",FALSE,"intergenic"
"CM105767.1",5780607,5780664,58,9,-23.3589765891595,"CM105767.1",5780607,5780664,0,"CM105767.1",5756131,5845156,"gene:ENSBOLG00010003413","GOLGA4","golgin A4 [Ensembl NN prediction with score 100%]","-",5845156,5756131,TRUE,64492,64492,24476,"overlapping","gene_body",TRUE,"exon"
"CM105768.1",5019138,5019327,190,6,-23.0117461969024,"CM105768.1",5019138,5019327,0,"CM105768.1",4946801,5820396,"gene:ENSBOLG00010002792","DPP6","dipeptidyl peptidase like 6 [Ensembl NN prediction with score 100%]","-",5820396,4946801,TRUE,801069,801069,72337,"overlapping","gene_body",FALSE,"intron"
"CM105774.1",67732234,67732286,53,10,-22.925632676116,"CM105774.1",67732234,67732286,0,"CM105774.1",67728977,67743584,"gene:ENSBOLG00010022548","4931414P19Rik","RIKEN cDNA 4931414P19 gene [Ensembl NN prediction with score 99.64%]","+",67728977,67743584,TRUE,3257,3257,11298,"overlapping","gene_body",TRUE,"exon"
"CM105764.1",59964958,59966082,1125,8,22.8709995432874,"CM105764.1",59964958,59966082,1196818,"CM105764.1",58582783,58768139,"gene:ENSBOLG00010000119","ALCAM","activated leukocyte cell adhesion molecule [Ensembl NN prediction with score 100%]","-",58768139,58582783,FALSE,1196819,1196819,1382175,"upstream","intergenic",FALSE,"intergenic"
"CM105788.1",38779172,38779342,171,10,22.808870852282,"CM105788.1",38779172,38779342,0,"CM105788.1",38536019,38922318,"gene:ENSBOLG00010016301","TMEM178B","transmembrane protein 178B [Ensembl NN prediction with score 100%]","+",38536019,38922318,TRUE,243153,243153,142976,"overlapping","gene_body",FALSE,"intron"
"CM105790.1",8669648,8669702,55,7,22.5200103243409,"CM105790.1",8669648,8669702,565162,"CM105790.1",9234865,9235882,"gene:ENSBOLG00010004583","PHB","prohibitin [Ensembl NN prediction with score 100%]","-",9235882,9234865,FALSE,566180,566180,565163,"downstream","intergenic",FALSE,"intergenic"
"CM105783.1",49872212,49872305,94,6,22.1186856686622,"CM105783.1",49872212,49872305,0,"CM105783.1",49834296,50034762,"gene:ENSBOLG00010020960","TAFA5","TAFA chemokine like family member 5 [Ensembl NN prediction with score 98.49%]","+",49834296,50034762,TRUE,37916,37916,162457,"overlapping","gene_body",FALSE,"intron"
"CM105788.1",35842574,35842698,125,4,-21.9687798049843,"CM105788.1",35842574,35842698,14406,"CM105788.1",35857105,35970390,"gene:ENSBOLG00010016767","CREB3L2","cAMP responsive element binding protein 3 like 2 [Ensembl NN prediction with score 100%]","-",35970390,35857105,FALSE,127692,127692,14407,"downstream","intergenic",FALSE,"intergenic"
"CM105776.1",52165086,52165166,81,6,21.6587271482814,"CM105776.1",52165086,52165166,612593,"CM105776.1",51018473,51552492,"gene:ENSBOLG00010008511","ADARB2","adenosine deaminase RNA specific B2 (inactive) [Ensembl NN prediction with score 100%]","-",51552492,51018473,FALSE,612594,612594,1146613,"upstream","intergenic",FALSE,"intergenic"
"CM105790.1",23470214,23470408,195,9,-21.6438237083201,"CM105790.1",23470214,23470408,79261,"CM105790.1",23549670,23550572,"gene:ENSBOLG00010004888","LRRC30","leucine rich repeat containing 30 [Ensembl NN prediction with score 100%]","-",23550572,23549670,FALSE,80164,80164,79262,"downstream","intergenic",FALSE,"intergenic"
"CM105786.1",22676783,22676874,92,7,-21.400249826151,"CM105786.1",22676783,22676874,156064,"CM105786.1",22455467,22520718,"gene:ENSBOLG00010007421","FUT10","fucosyltransferase 10 [Ensembl NN prediction with score 100%]","+",22455467,22520718,FALSE,221316,221316,156065,"downstream","intergenic",FALSE,"intergenic"
"CM105764.1",115302301,115302390,90,9,21.3105234090325,"CM105764.1",115302301,115302390,606472,"CM105764.1",114657425,114695828,"gene:ENSBOLG00010003164","CASTOR2","cytosolic arginine sensor for mTORC1 subunit 2 [Ensembl NN prediction with score 90.25%]","-",114695828,114657425,FALSE,606473,606473,644876,"upstream","intergenic",FALSE,"intergenic"
"CM105776.1",52003546,52003697,152,4,21.1591739193233,"CM105776.1",52003546,52003697,451053,"CM105776.1",51018473,51552492,"gene:ENSBOLG00010008511","ADARB2","adenosine deaminase RNA specific B2 (inactive) [Ensembl NN prediction with score 100%]","-",51552492,51018473,FALSE,451054,451054,985073,"upstream","intergenic",FALSE,"intergenic"
"CM105765.1",86454922,86455052,131,11,21.0968502031179,"CM105765.1",86454922,86455052,26856,"CM105765.1",86314734,86428065,"gene:ENSBOLG00010015941","FIG4","FIG4 phosphoinositide 5-phosphatase [Ensembl NN prediction with score 100%]","+",86314734,86428065,FALSE,140188,140188,26857,"downstream","intergenic",FALSE,"intergenic"
"CM105785.1",42779644,42779735,92,8,-21.0098498074763,"CM105785.1",42779644,42779735,0,"CM105785.1",42730254,42837191,"gene:ENSBOLG00010003776","GRB14","growth factor receptor bound protein 14 [Ensembl NN prediction with score 99.96%]","-",42837191,42730254,TRUE,57456,57456,49390,"overlapping","gene_body",FALSE,"intron"
"CM105770.1",70401439,70401500,62,6,20.7511268325343,"CM105770.1",70401439,70401500,57945,"CM105770.1",70459446,70463838,"gene:ENSBOLG00010004794","SHISA3","shisa family member 3 [Ensembl NN prediction with score 100%]","+",70459446,70463838,FALSE,57946,57946,62338,"upstream","intergenic",FALSE,"intergenic"
"CM105774.1",39196578,39196824,247,6,-20.6179987003712,"CM105774.1",39196578,39196824,989012,"CM105774.1",40185837,40206964,"gene:ENSBOLG00010011783","OLFM4","olfactomedin 4 [Ensembl NN prediction with score 99.99%]","-",40206964,40185837,FALSE,1010140,1010140,989013,"downstream","intergenic",FALSE,"intergenic"
"CM105764.1",22350842,22351412,571,6,20.4193649234492,"CM105764.1",22350842,22351412,390101,"CM105764.1",22741514,22849557,"gene:ENSBOLG00010000097","USP25","ubiquitin specific peptidase 25 [Ensembl NN prediction with score 100%]","-",22849557,22741514,FALSE,498145,498145,390102,"downstream","intergenic",FALSE,"intergenic"
"CM105764.1",115881501,115881563,63,5,20.1937866127312,"CM105764.1",115881501,115881563,264627,"CM105764.1",116146191,117237516,"gene:ENSBOLG00010003108","AUTS2","activator of transcription and developmental regulator AUTS2 [Ensembl NN prediction with score 99.99%]","+",116146191,117237516,FALSE,264628,264628,1355953,"upstream","intergenic",FALSE,"intergenic"
"CM105769.1",45244318,45244413,96,6,-20.1562813519868,"CM105769.1",45244318,45244413,69754,"CM105769.1",45314168,45370126,"gene:ENSBOLG00010000355","UBE2E1","ubiquitin conjugating enzyme E2 E1 [Ensembl NN prediction with score 100%]","+",45314168,45370126,FALSE,69755,69755,125713,"upstream","intergenic",FALSE,"intergenic"
"CM105787.1",33916265,33916704,440,6,19.9932944968148,"CM105787.1",33916265,33916704,257406,"CM105787.1",33646716,33658858,"gene:ENSBOLG00010003809","NR2F2","nuclear receptor subfamily 2 group F member 2 [Ensembl NN prediction with score 99.86%]","-",33658858,33646716,FALSE,257407,257407,269549,"upstream","intergenic",FALSE,"intergenic"
"CM105783.1",1652704,1652789,86,7,19.9565328869555,"CM105783.1",1652704,1652789,0,"CM105783.1",1596752,1709102,"gene:ENSBOLG00010006732","MATN2","matrilin 2 [Ensembl NN prediction with score 100%]","+",1596752,1709102,TRUE,55952,55952,56313,"overlapping","gene_body",FALSE,"intron"
"CM105784.1",45542300,45542541,242,5,19.9339608632062,"CM105784.1",45542300,45542541,220852,"CM105784.1",45763394,45897585,"gene:ENSBOLG00010007891","FAT4","FAT atypical cadherin 4 [Ensembl NN prediction with score 100%]","-",45897585,45763394,FALSE,355044,355044,220853,"downstream","intergenic",FALSE,"intergenic"
"CM105770.1",43446863,43446988,126,5,-19.8658509621209,"CM105770.1",43446863,43446988,126028,"CM105770.1",43145016,43320834,"gene:ENSBOLG00010013483","CLNK","cytokine dependent hematopoietic cell linker [Ensembl NN prediction with score 99.99%]","-",43320834,43145016,FALSE,126029,126029,301847,"upstream","intergenic",FALSE,"intergenic"
"CM105789.1",25246552,25246645,94,8,19.6800102931957,"CM105789.1",25246552,25246645,0,"CM105789.1",25240079,25258696,"gene:ENSBOLG00010009761","CSRP2","cysteine and glycine rich protein 2 [Ensembl NN prediction with score 99.98%]","+",25240079,25258696,TRUE,6473,6473,12051,"overlapping","gene_body",FALSE,"intron"
"CM105768.1",5032290,5032358,69,9,-19.4713602848474,"CM105768.1",5032290,5032358,0,"CM105768.1",4946801,5820396,"gene:ENSBOLG00010002792","DPP6","dipeptidyl peptidase like 6 [Ensembl NN prediction with score 100%]","-",5820396,4946801,TRUE,788038,788038,85489,"overlapping","gene_body",FALSE,"intron"
"CM105778.1",69479994,69480066,73,4,19.3118675766965,"CM105778.1",69479994,69480066,0,"CM105778.1",69027538,69569107,"gene:ENSBOLG00010005410","ADGRV1","adhesion G protein-coupled receptor V1 [Ensembl NN prediction with score 100%]","+",69027538,69569107,TRUE,452456,452456,89041,"overlapping","gene_body",FALSE,"intron"
"CM105767.1",25698492,25698936,445,5,19.2818065001561,"CM105767.1",25698492,25698936,0,"CM105767.1",25689338,25711095,"gene:ENSBOLG00010018196","APH1B","aph-1 homolog B, gamma-secretase subunit [Ensembl NN prediction with score 97.46%]","-",25711095,25689338,TRUE,12159,12159,9154,"overlapping","gene_body",FALSE,"intron"
"CM105768.1",5027149,5027253,105,4,-19.1944296225582,"CM105768.1",5027149,5027253,0,"CM105768.1",4946801,5820396,"gene:ENSBOLG00010002792","DPP6","dipeptidyl peptidase like 6 [Ensembl NN prediction with score 100%]","-",5820396,4946801,TRUE,793143,793143,80348,"overlapping","gene_body",FALSE,"intron"
"CM105773.1",57720633,57720785,153,6,19.0333784414123,"CM105773.1",57720633,57720785,0,"CM105773.1",57703730,57765117,"gene:ENSBOLG00010008307","BANF2","BANF family member 2 [Ensembl NN prediction with score 99.88%]","+",57703730,57765117,TRUE,16903,16903,44332,"overlapping","gene_body",FALSE,"intron"
"CM105786.1",22672608,22672815,208,5,-18.9606208200497,"CM105786.1",22672608,22672815,151889,"CM105786.1",22455467,22520718,"gene:ENSBOLG00010007421","FUT10","fucosyltransferase 10 [Ensembl NN prediction with score 100%]","+",22455467,22520718,FALSE,217141,217141,151890,"downstream","intergenic",FALSE,"intergenic"
"CM105765.1",115055687,115055799,113,6,-18.9502418771013,"CM105765.1",115055687,115055799,753263,"CM105765.1",114299581,114302423,"gene:ENSBOLG00010004286","CITED2","Cbp/p300 interacting transactivator with Glu/Asp rich carboxy-terminal domain 2 [Ensembl NN prediction with score 100%]","-",114302423,114299581,FALSE,753264,753264,756106,"upstream","intergenic",FALSE,"intergenic"
"CM105769.1",47787218,47787487,270,5,-18.9383588397392,"CM105769.1",47787218,47787487,35875,"CM105769.1",47750563,47751342,"gene:ENSBOLG00010000381","LRRC3B","leucine rich repeat containing 3B [Ensembl NN prediction with score 100%]","+",47750563,47751342,FALSE,36655,36655,35876,"downstream","intergenic",FALSE,"intergenic"
"CM105772.1",21526688,21526830,143,4,-18.8805190517722,"CM105772.1",21526688,21526830,0,"CM105772.1",21482878,21565440,"gene:ENSBOLG00010011012","ENTPD1","ectonucleoside triphosphate diphosphohydrolase 1 [Ensembl NN prediction with score 100%]","-",21565440,21482878,TRUE,38610,38610,43810,"overlapping","gene_body",FALSE,"intron"
"CM105766.1",109435839,109435970,132,5,-18.8549492592489,"CM105766.1",109435839,109435970,294101,"CM105766.1",109730072,109857048,"gene:ENSBOLG00010008431","MPDZ","multiple PDZ domain crumbs cell polarity complex component [Ensembl NN prediction with score 100%]","+",109730072,109857048,FALSE,294102,294102,421078,"upstream","intergenic",FALSE,"intergenic"
"CM105774.1",46704494,46704559,66,9,18.8058538326682,"CM105774.1",46704494,46704559,40755,"CM105774.1",46655287,46663738,"gene:ENSBOLG00010008102","MED4","mediator complex subunit 4 [Ensembl NN prediction with score 100%]","-",46663738,46655287,FALSE,40756,40756,49207,"upstream","intergenic",FALSE,"intergenic"
"CM105770.1",43497062,43497240,179,5,-18.7779731411413,"CM105770.1",43497062,43497240,176227,"CM105770.1",43145016,43320834,"gene:ENSBOLG00010013483","CLNK","cytokine dependent hematopoietic cell linker [Ensembl NN prediction with score 99.99%]","-",43320834,43145016,FALSE,176228,176228,352046,"upstream","intergenic",FALSE,"intergenic"
"CM105766.1",18722987,18723067,81,11,-18.729900436573,"CM105766.1",18722987,18723067,149753,"CM105766.1",18439130,18573233,"gene:ENSBOLG00010002158","ETV6","ETS variant transcription factor 6 [Ensembl NN prediction with score 100%]","-",18573233,18439130,FALSE,149754,149754,283857,"upstream","intergenic",FALSE,"intergenic"
"CM105765.1",126727958,126728047,90,8,18.7115583374086,"CM105765.1",126727958,126728047,0,"CM105765.1",126699830,126867097,"gene:ENSBOLG00010003450","SYNE1","spectrin repeat containing nuclear envelope protein 1 [Ensembl NN prediction with score 100%]","-",126867097,126699830,TRUE,139050,139050,28128,"overlapping","gene_body",TRUE,"exon"
"CM105772.1",75215098,75215644,547,6,-18.7001752218258,"CM105772.1",75215098,75215644,4019,"CM105772.1",75090133,75211078,"gene:ENSBOLG00010011711","PLPP4","phospholipid phosphatase 4 [Ensembl NN prediction with score 100%]","-",75211078,75090133,FALSE,4020,4020,124965,"upstream","intergenic",FALSE,"intergenic"
"CM105778.1",74231693,74232209,517,6,18.6275242874634,"CM105778.1",74231693,74232209,0,"CM105778.1",74154502,74249699,"gene:ENSBOLG00010010689","TTC37","tetratricopeptide repeat domain 37 [Ensembl NN prediction with score 100%]","-",74249699,74154502,TRUE,17490,17490,77191,"overlapping","gene_body",FALSE,"intron"
"CM105769.1",24845647,24845747,101,8,-18.6143587138072,"CM105769.1",24845647,24845747,15070,"CM105769.1",24860818,24910017,"gene:ENSBOLG00010021276","DDR2","discoidin domain receptor tyrosine kinase 2 [Ensembl NN prediction with score 100%]","+",24860818,24910017,FALSE,15071,15071,64270,"upstream","intergenic",FALSE,"intergenic"
"CM105785.1",43185752,43185857,106,4,18.5808835130789,"CM105785.1",43185752,43185857,7873,"CM105785.1",43193731,43194294,"gene:ENSBOLG00010010963","RPL32","ribosomal protein L32 [Ensembl NN prediction with score 100%]","+",43193731,43194294,FALSE,7874,7874,8437,"upstream","intergenic",FALSE,"intergenic"
"CM105774.1",13769775,13770065,291,7,-18.5139093031831,"CM105774.1",13769775,13770065,200790,"CM105774.1",13568097,13568984,"gene:ENSBOLG00010004109","rpsa","ribosomal protein SA [Ensembl NN prediction with score 100%]","-",13568984,13568097,FALSE,200791,200791,201678,"upstream","intergenic",FALSE,"intergenic"
"CM105764.1",121570748,121570829,82,6,18.3862314540935,"CM105764.1",121570748,121570829,79690,"CM105764.1",121181715,121491057,"gene:ENSBOLG00010003055","TMEM132C","transmembrane protein 132C [Ensembl NN prediction with score 100%]","-",121491057,121181715,FALSE,79691,79691,389033,"upstream","intergenic",FALSE,"intergenic"
"CM105765.1",25384940,25385023,84,9,18.3206287934249,"CM105765.1",25384940,25385023,10064,"CM105765.1",25357345,25374875,"gene:ENSBOLG00010005420","SH3BP4","SH3 domain binding protein 4 [Ensembl NN prediction with score 100%]","+",25357345,25374875,FALSE,27595,27595,10065,"downstream","intergenic",FALSE,"intergenic"
"CM105765.1",137479090,137479169,80,9,18.1736000398106,"CM105765.1",137479090,137479169,0,"CM105765.1",137313144,137577980,"gene:ENSBOLG00010000042","RPS6KA2","ribosomal protein S6 kinase A2 [Ensembl NN prediction with score 99.24%]","+",137313144,137577980,TRUE,165946,165946,98811,"overlapping","gene_body",FALSE,"intron"
"CM105771.1",50491739,50491835,97,6,-18.1116388593247,"CM105771.1",50491739,50491835,0,"CM105771.1",50457667,50519822,"gene:ENSBOLG00010005264","GLP2R","glucagon like peptide 2 receptor [Ensembl NN prediction with score 93.05%]","-",50519822,50457667,TRUE,27987,27987,34072,"overlapping","gene_body",FALSE,"intron"
"CM105766.1",28696524,28697216,693,5,-18.1014989759893,"CM105766.1",28696524,28697216,14824,"CM105766.1",28712041,28724609,"gene:ENSBOLG00010007926","CLEC4A","C-type lectin domain family 4 member A [Ensembl NN prediction with score 97.45%]","-",28724609,28712041,FALSE,27393,27393,14825,"downstream","intergenic",FALSE,"intergenic"
"CM105770.1",31453415,31453516,102,11,18.086017490987,"CM105770.1",31453415,31453516,0,"CM105770.1",31396147,31626205,"gene:ENSBOLG00010014849","TNS3","tensin 3 [Ensembl NN prediction with score 100%]","+",31396147,31626205,TRUE,57268,57268,172689,"overlapping","gene_body",FALSE,"intron"
"CM105769.1",6994137,6994243,107,6,-18.0812874613309,"CM105769.1",6994137,6994243,83307,"CM105769.1",7077551,7289359,"gene:ENSBOLG00010006258","ESRRG","estrogen related receptor gamma [Ensembl NN prediction with score 100%]","-",7289359,7077551,FALSE,295116,295116,83308,"downstream","intergenic",FALSE,"intergenic"
"CM105777.1",46852028,46852089,62,7,-18.0573509198664,"CM105777.1",46852028,46852089,0,"CM105777.1",46689617,46951540,"gene:ENSBOLG00010010107","KCTD16","potassium channel tetramerization domain containing 16 [Ensembl NN prediction with score 100%]","-",46951540,46689617,TRUE,99451,99451,162411,"overlapping","gene_body",FALSE,"intron"
"CM105779.1",17650612,17650757,146,5,-18.0436287957357,"CM105779.1",17650612,17650757,103864,"CM105779.1",17504569,17546747,"gene:ENSBOLG00010009863","RHOBTB1","Rho related BTB domain containing 1 [Ensembl NN prediction with score 100%]","-",17546747,17504569,FALSE,103865,103865,146043,"upstream","intergenic",FALSE,"intergenic"
"CM105789.1",8898619,8898683,65,7,18.0065653659633,"CM105789.1",8898619,8898683,165829,"CM105789.1",9064513,9096993,"gene:ENSBOLG00010007589","NEDD1","NEDD1 gamma-tubulin ring complex targeting factor [Ensembl NN prediction with score 100%]","-",9096993,9064513,FALSE,198310,198310,165830,"downstream","intergenic",FALSE,"intergenic"
"CM105787.1",28480040,28480100,61,6,-17.8994188481302,"CM105787.1",28480040,28480100,30207,"CM105787.1",28510308,28581733,"gene:ENSBOLG00010010025","TJP1","tight junction protein 1 [Ensembl NN prediction with score 100%]","-",28581733,28510308,FALSE,101633,101633,30208,"downstream","intergenic",FALSE,"intergenic"
"CM105772.1",66996682,66996738,57,6,17.7274051111607,"CM105772.1",66996682,66996738,0,"CM105772.1",66989030,67026068,"gene:ENSBOLG00010019471","C10orf143","chromosome 10 open reading frame 143 [Ensembl NN prediction with score 83.15%]","+",66989030,67026068,TRUE,7652,7652,29330,"overlapping","gene_body",FALSE,"intron"
"CM105773.1",29060561,29060630,70,7,17.7149594804513,"CM105773.1",29060561,29060630,0,"CM105773.1",28974812,29187724,"gene:ENSBOLG00010018460","BC052040","cDNA sequence BC052040 [Ensembl NN prediction with score 98.31%]","+",28974812,29187724,TRUE,85749,85749,127094,"overlapping","gene_body",FALSE,"intron"
"CM105780.1",30872404,30872723,320,5,17.6472414303378,"CM105780.1",30872404,30872723,0,"CM105780.1",30833628,30897271,"gene:ENSBOLG00010011510","MELK","maternal embryonic leucine zipper kinase [Ensembl NN prediction with score 100%]","-",30897271,30833628,TRUE,24548,24548,38776,"overlapping","gene_body",FALSE,"intron"
"CM105765.1",23681416,23681504,89,9,-17.620608631923,"CM105765.1",23681416,23681504,0,"CM105765.1",23625248,23691705,"gene:ENSBOLG00010004920","NGEF","neuronal guanine nucleotide exchange factor [Ensembl NN prediction with score 100%]","-",23691705,23625248,TRUE,10201,10201,56168,"overlapping","gene_body",FALSE,"intron"
"CM105764.1",29672435,29673778,1344,5,-17.5234419116912,"CM105764.1",29672435,29673778,84273,"CM105764.1",29758052,29759041,"gene:ENSBOLG00010000111","PRKAG1","protein kinase AMP-activated non-catalytic subunit gamma 1 [Ensembl NN prediction with score 99.97%]","-",29759041,29758052,FALSE,85263,85263,84274,"downstream","intergenic",FALSE,"intergenic"
"CM105768.1",63264253,63264322,70,9,17.3067618171944,"CM105768.1",63264253,63264322,19077,"CM105768.1",63283400,63300807,"gene:ENSBOLG00010000749","PDIA6","protein disulfide isomerase family A member 6 [Ensembl NN prediction with score 100%]","+",63283400,63300807,FALSE,19078,19078,36485,"upstream","intergenic",FALSE,"intergenic"
"CM105764.1",115873834,115873918,85,6,17.2857584268914,"CM105764.1",115873834,115873918,272272,"CM105764.1",116146191,117237516,"gene:ENSBOLG00010003108","AUTS2","activator of transcription and developmental regulator AUTS2 [Ensembl NN prediction with score 99.99%]","+",116146191,117237516,FALSE,272273,272273,1363598,"upstream","intergenic",FALSE,"intergenic"
"CM105764.1",33286645,33287155,511,5,-17.2634004891041,"CM105764.1",33286645,33287155,279146,"CM105764.1",32714038,33007498,"gene:ENSBOLG00010001294","CADM2","cell adhesion molecule 2 [Ensembl NN prediction with score 99.99%]","+",32714038,33007498,FALSE,572607,572607,279147,"downstream","intergenic",FALSE,"intergenic"
"JBCDMM020000029.1",2737029,2737157,129,7,-17.0188572712528,"JBCDMM020000029.1",2737029,2737157,1372373,"JBCDMM020000029.1",1363888,1364655,"gene:ENSBOLG00010004365","DMAC2","distal membrane arm assembly component 2 [Ensembl NN prediction with score 99.72%]","+",1363888,1364655,FALSE,1373141,1373141,1372374,"downstream","intergenic",FALSE,"intergenic"
"CM105775.1",27820793,27821430,638,9,-16.9245133904507,"CM105775.1",27820793,27821430,454763,"CM105775.1",28276194,28317991,"gene:ENSBOLG00010013210","SEL1L","SEL1L adaptor subunit of ERAD E3 ubiquitin ligase [Ensembl NN prediction with score 100%]","+",28276194,28317991,FALSE,454764,454764,496561,"upstream","intergenic",FALSE,"intergenic"
"CM105781.1",41459123,41459237,115,4,16.9210188771943,"CM105781.1",41459123,41459237,0,"CM105781.1",41389981,41494420,"gene:ENSBOLG00010015397","ELOVL6","ELOVL fatty acid elongase 6 [Ensembl NN prediction with score 99.97%]","+",41389981,41494420,TRUE,69142,69142,35183,"overlapping","gene_body",FALSE,"intron"
"CM105788.1",43398474,43400267,1794,5,16.9020431556504,"CM105788.1",43398474,43400267,0,"CM105788.1",43343393,45374859,"gene:ENSBOLG00010004388","CNTNAP2","contactin associated protein 2 [Ensembl NN prediction with score 100%]","+",43343393,45374859,TRUE,55081,55081,1974592,"overlapping","gene_body",FALSE,"intron"
"CM105787.1",33443155,33443431,277,6,-16.7983152376893,"CM105787.1",33443155,33443431,203284,"CM105787.1",33646716,33658858,"gene:ENSBOLG00010003809","NR2F2","nuclear receptor subfamily 2 group F member 2 [Ensembl NN prediction with score 99.86%]","-",33658858,33646716,FALSE,215427,215427,203285,"downstream","intergenic",FALSE,"intergenic"
"CM105765.1",20164473,20164547,75,7,16.7923568363778,"CM105765.1",20164473,20164547,267132,"CM105765.1",20431680,20657597,"gene:ENSBOLG00010001137","PID1","phosphotyrosine interaction domain containing 1 [Ensembl NN prediction with score 100%]","-",20657597,20431680,FALSE,493050,493050,267133,"downstream","intergenic",FALSE,"intergenic"
"CM105778.1",64524994,64525062,69,6,-16.7792641608728,"CM105778.1",64524994,64525062,468079,"CM105778.1",64993142,64994295,"gene:ENSBOLG00010005532","COX7C","cytochrome c oxidase subunit 7C [Ensembl NN prediction with score 100%]","+",64993142,64994295,FALSE,468080,468080,469233,"upstream","intergenic",FALSE,"intergenic"
"CM105764.1",97802252,97802315,64,7,16.7645423108536,"CM105764.1",97802252,97802315,0,"CM105764.1",97754035,97817763,"gene:ENSBOLG00010004419","FGD4","FYVE, RhoGEF and PH domain containing 4 [Ensembl NN prediction with score 100%]","-",97817763,97754035,TRUE,15448,15448,48217,"overlapping","gene_body",FALSE,"intron"
"CM105765.1",98615991,98616584,594,5,16.7200299842831,"CM105765.1",98615991,98616584,149511,"CM105765.1",98766096,98790789,"gene:ENSBOLG00010011552","HSF2","heat shock transcription factor 2 [Ensembl NN prediction with score 100%]","+",98766096,98790789,FALSE,149512,149512,174205,"upstream","intergenic",FALSE,"intergenic"
"CM105781.1",14974940,14975004,65,5,16.6988095765773,"CM105781.1",14974940,14975004,62726,"CM105781.1",15037731,15076681,"gene:ENSBOLG00010011212","TSPAN2","tetraspanin 2 [Ensembl NN prediction with score 100%]","+",15037731,15076681,FALSE,62727,62727,101677,"upstream","intergenic",FALSE,"intergenic"
"CM105774.1",80596504,80596681,178,5,16.6843734413623,"CM105774.1",80596504,80596681,29160,"CM105774.1",80625842,80665076,"gene:ENSBOLG00010013120","KCNK5","potassium two pore domain channel subfamily K member 5 [Ensembl NN prediction with score 100%]","+",80625842,80665076,FALSE,29161,29161,68395,"upstream","intergenic",FALSE,"intergenic"
"CM105768.1",5012619,5012839,221,4,-16.6116830704604,"CM105768.1",5012619,5012839,0,"CM105768.1",4946801,5820396,"gene:ENSBOLG00010002792","DPP6","dipeptidyl peptidase like 6 [Ensembl NN prediction with score 100%]","-",5820396,4946801,TRUE,807557,807557,65818,"overlapping","gene_body",FALSE,"intron"
"CM105776.1",17548987,17549051,65,7,16.5904693389792,"CM105776.1",17548987,17549051,259216,"CM105776.1",17266534,17289770,"gene:ENSBOLG00010013908","STMND1","stathmin domain containing 1 [Ensembl NN prediction with score 100%]","-",17289770,17266534,FALSE,259217,259217,282453,"upstream","intergenic",FALSE,"intergenic"
"CM105779.1",8382302,8382359,58,7,16.5777445936641,"CM105779.1",8382302,8382359,0,"CM105779.1",8347255,8395679,"gene:ENSBOLG00010023450","SLC37A1","solute carrier family 37 member 1 [Ensembl NN prediction with score 100%]","+",8347255,8395679,TRUE,35047,35047,13320,"overlapping","gene_body",FALSE,"intron"
"CM105780.1",13210621,13210883,263,5,-16.5701388627284,"CM105780.1",13210621,13210883,144657,"CM105780.1",12708701,13065963,"gene:ENSBOLG00010014895","XKR4","XK related 4 [Ensembl NN prediction with score 100%]","-",13065963,12708701,FALSE,144658,144658,501920,"upstream","intergenic",FALSE,"intergenic"
"CM105777.1",6289874,6290050,177,7,16.5293583703862,"CM105777.1",6289874,6290050,23229,"CM105777.1",6230957,6266644,"gene:ENSBOLG00010006401","Zfp516","zinc finger protein 516 [Ensembl NN prediction with score 100%]","-",6266644,6230957,FALSE,23230,23230,58917,"upstream","intergenic",FALSE,"intergenic"
"CM105768.1",5049394,5049444,51,6,-16.5282367887295,"CM105768.1",5049394,5049444,0,"CM105768.1",4946801,5820396,"gene:ENSBOLG00010002792","DPP6","dipeptidyl peptidase like 6 [Ensembl NN prediction with score 100%]","-",5820396,4946801,TRUE,770952,770952,102593,"overlapping","gene_body",FALSE,"intron"
"CM105765.1",14347323,14347376,54,4,16.5200309907723,"CM105765.1",14347323,14347376,96875,"CM105765.1",14250013,14250447,"gene:ENSBOLG00010001218","rps15","ribosomal protein S15 [Ensembl NN prediction with score 98.71%]","+",14250013,14250447,FALSE,97310,97310,96876,"downstream","intergenic",FALSE,"intergenic"
"CM105767.1",92691807,92691887,81,9,16.4970119569479,"CM105767.1",92691807,92691887,392216,"CM105767.1",93084104,93144880,"gene:ENSBOLG00010005142","ETS1","ETS proto-oncogene 1, transcription factor [Ensembl NN prediction with score 100%]","-",93144880,93084104,FALSE,452993,452993,392217,"downstream","intergenic",FALSE,"intergenic"
"CM105776.1",24032371,24032609,239,9,16.4904622609765,"CM105776.1",24032371,24032609,485802,"CM105776.1",23248372,23546568,"gene:ENSBOLG00010015508","Ofcc1","orofacial cleft 1 candidate 1 [Ensembl NN prediction with score 99.92%]","+",23248372,23546568,FALSE,783999,783999,485803,"downstream","intergenic",FALSE,"intergenic"
"CM105770.1",83838112,83838259,148,4,-16.3742133881281,"CM105770.1",83838112,83838259,0,"CM105770.1",83511131,83961361,"gene:ENSBOLG00010001303","ADGRL3","adhesion G protein-coupled receptor L3 [Ensembl NN prediction with score 100%]","+",83511131,83961361,TRUE,326981,326981,123102,"overlapping","gene_body",FALSE,"intron"
"CM105769.1",109054150,109054253,104,5,-16.2989694336633,"CM105769.1",109054150,109054253,0,"CM105769.1",108356139,109294210,"gene:ENSBOLG00010003427","CNTNAP5","contactin associated protein family member 5 [Ensembl NN prediction with score 77.44%]","+",108356139,109294210,TRUE,698011,698011,239957,"overlapping","gene_body",FALSE,"intron"
"CM105774.1",5848346,5848406,61,5,16.1607816148353,"CM105774.1",5848346,5848406,54488,"CM105774.1",5574863,5793857,"gene:ENSBOLG00010007102","ABCC4","ATP binding cassette subfamily C member 4 [Ensembl NN prediction with score 100%]","+",5574863,5793857,FALSE,273483,273483,54489,"downstream","intergenic",FALSE,"intergenic"
"CM105764.1",22393305,22393540,236,4,16.1269881783024,"CM105764.1",22393305,22393540,347973,"CM105764.1",22741514,22849557,"gene:ENSBOLG00010000097","USP25","ubiquitin specific peptidase 25 [Ensembl NN prediction with score 100%]","-",22849557,22741514,FALSE,456017,456017,347974,"downstream","intergenic",FALSE,"intergenic"
"CM105777.1",25469970,25470079,110,4,-16.1011658734375,"CM105777.1",25469970,25470079,101955,"CM105777.1",25572035,25585122,"gene:ENSBOLG00010017061","Spink10","serine peptidase inhibitor, Kazal type 10 [Ensembl NN prediction with score 78.7%]","-",25585122,25572035,FALSE,115043,115043,101956,"downstream","intergenic",FALSE,"intergenic"
"CM105784.1",43819721,43819778,58,6,-16.0830930400094,"CM105784.1",43819721,43819778,116259,"CM105784.1",43936038,43952540,"gene:ENSBOLG00010007904","PGRMC2","progesterone receptor membrane component 2 [Ensembl NN prediction with score 99.98%]","+",43936038,43952540,FALSE,116260,116260,132762,"upstream","intergenic",FALSE,"intergenic"
"CM105789.1",31144085,31144216,132,5,15.9726667275951,"CM105789.1",31144085,31144216,11504,"CM105789.1",31155721,31197852,"gene:ENSBOLG00010006864","BEST3","bestrophin 3 [Ensembl NN prediction with score 100%]","+",31155721,31197852,FALSE,11505,11505,53636,"upstream","intergenic",FALSE,"intergenic"
"CM105786.1",22658526,22658623,98,4,-15.9561076158383,"CM105786.1",22658526,22658623,137807,"CM105786.1",22455467,22520718,"gene:ENSBOLG00010007421","FUT10","fucosyltransferase 10 [Ensembl NN prediction with score 100%]","+",22455467,22520718,FALSE,203059,203059,137808,"downstream","intergenic",FALSE,"intergenic"
"CM105764.1",33180352,33180428,77,5,-15.9481535366716,"CM105764.1",33180352,33180428,172853,"CM105764.1",32714038,33007498,"gene:ENSBOLG00010001294","CADM2","cell adhesion molecule 2 [Ensembl NN prediction with score 99.99%]","+",32714038,33007498,FALSE,466314,466314,172854,"downstream","intergenic",FALSE,"intergenic"
"CM105778.1",27690511,27690614,104,9,15.9066011102986,"CM105778.1",27690511,27690614,0,"CM105778.1",27670545,27762177,"gene:ENSBOLG00010010314","CPLANE1","ciliogenesis and planar polarity effector 1 [Ensembl NN prediction with score 99.99%]","-",27762177,27670545,TRUE,71563,71563,19966,"overlapping","gene_body",FALSE,"intron"
"JBCDMM020000029.1",2727356,2727470,115,6,-15.7855216577104,"JBCDMM020000029.1",2727356,2727470,1362700,"JBCDMM020000029.1",1363888,1364655,"gene:ENSBOLG00010004365","DMAC2","distal membrane arm assembly component 2 [Ensembl NN prediction with score 99.72%]","+",1363888,1364655,FALSE,1363468,1363468,1362701,"downstream","intergenic",FALSE,"intergenic"
"CM105771.1",60807099,60807178,80,7,-15.7673382459568,"CM105771.1",60807099,60807178,18766,"CM105771.1",60587923,60788332,"gene:ENSBOLG00010017304","ABR","ABR activator of RhoGEF and GTPase [Ensembl NN prediction with score 99.61%]","-",60788332,60587923,FALSE,18767,18767,219176,"upstream","intergenic",FALSE,"intergenic"
"CM105779.1",12586299,12586421,123,5,15.7410490269182,"CM105779.1",12586299,12586421,41921,"CM105779.1",12467204,12544377,"gene:ENSBOLG00010010330","RSPH14","radial spoke head 14 homolog [Ensembl NN prediction with score 100%]","+",12467204,12544377,FALSE,119095,119095,41922,"downstream","intergenic",FALSE,"intergenic"
"CM105771.1",77750746,77750810,65,6,-15.7247713873084,"CM105771.1",77750746,77750810,0,"CM105771.1",77391368,77895060,"gene:ENSBOLG00010002096",NA,NA,"+",77391368,77895060,TRUE,359378,359378,144250,"overlapping","gene_body",FALSE,"intron"
"CM105766.1",90954261,90954355,95,5,-15.7155692649067,"CM105766.1",90954261,90954355,10782,"CM105766.1",90965138,91211407,"gene:ENSBOLG00010017905","CACHD1","cache domain containing 1 [Ensembl NN prediction with score 100%]","-",91211407,90965138,FALSE,257052,257052,10783,"downstream","intergenic",FALSE,"intergenic"
"CM105779.1",32233047,32233105,59,5,-15.704612602403,"CM105779.1",32233047,32233105,116009,"CM105779.1",32349115,32424195,"gene:ENSBOLG00010009601","UXS1","UDP-glucuronate decarboxylase 1 [Ensembl NN prediction with score 100%]","+",32349115,32424195,FALSE,116010,116010,191090,"upstream","intergenic",FALSE,"intergenic"
"CM105770.1",70387855,70387946,92,4,15.6610120559765,"CM105770.1",70387855,70387946,71499,"CM105770.1",70459446,70463838,"gene:ENSBOLG00010004794","SHISA3","shisa family member 3 [Ensembl NN prediction with score 100%]","+",70459446,70463838,FALSE,71500,71500,75892,"upstream","intergenic",FALSE,"intergenic"
"CM105784.1",45555664,45555765,102,5,15.6518208725531,"CM105784.1",45555664,45555765,207628,"CM105784.1",45763394,45897585,"gene:ENSBOLG00010007891","FAT4","FAT atypical cadherin 4 [Ensembl NN prediction with score 100%]","-",45897585,45763394,FALSE,341820,341820,207629,"downstream","intergenic",FALSE,"intergenic"
"CM105770.1",30692640,30693033,394,4,15.6389419442102,"CM105770.1",30692640,30693033,0,"CM105770.1",30520426,30933684,"gene:ENSBOLG00010003769","ABCA13","ATP binding cassette subfamily A member 13 [Ensembl NN prediction with score 100%]","-",30933684,30520426,TRUE,240651,240651,172214,"overlapping","gene_body",FALSE,"intron"
"CM105768.1",93146574,93146738,165,7,-15.6335727352761,"CM105768.1",93146574,93146738,111630,"CM105768.1",93258369,93424140,"gene:ENSBOLG00010000633","TACR1","tachykinin receptor 1 [Ensembl NN prediction with score 100%]","+",93258369,93424140,FALSE,111631,111631,277402,"upstream","intergenic",FALSE,"intergenic"
"CM105767.1",71428947,71429040,94,7,-15.6245225459232,"CM105767.1",71428947,71429040,0,"CM105767.1",71159379,71443011,"gene:ENSBOLG00010004248","GRIK4","glutamate ionotropic receptor kainate type subunit 4 [Ensembl NN prediction with score 100%]","-",71443011,71159379,TRUE,13971,13971,269568,"overlapping","gene_body",FALSE,"intron"
"CM105768.1",9875182,9875278,97,4,15.6045976855511,"CM105768.1",9875182,9875278,141725,"CM105768.1",10017004,10023109,"gene:ENSBOLG00010002447","NPY","neuropeptide Y [Ensembl NN prediction with score 100%]","+",10017004,10023109,FALSE,141726,141726,147831,"upstream","intergenic",FALSE,"intergenic"
"CM105784.1",22199294,22199354,61,7,15.5693721894337,"CM105784.1",22199294,22199354,55564,"CM105784.1",22135772,22143729,"gene:ENSBOLG00010014175","SHOX2","short stature homeobox 2 [Ensembl NN prediction with score 100%]","+",22135772,22143729,FALSE,63522,63522,55565,"downstream","intergenic",FALSE,"intergenic"
"CM105775.1",1527120,1527221,102,7,-15.5454422249553,"CM105775.1",1527120,1527221,0,"CM105775.1",1375558,2106593,"gene:ENSBOLG00010021380","ptprn2","protein tyrosine phosphatase receptor type N2 [Ensembl NN prediction with score 100%]","-",2106593,1375558,TRUE,579372,579372,151562,"overlapping","gene_body",FALSE,"intron"
"CM105783.1",53617193,53617657,465,5,-15.5438800624906,"CM105783.1",53617193,53617657,630,"CM105783.1",53618288,53660939,"gene:ENSBOLG00010008584",NA,NA,"+",53618288,53660939,FALSE,631,631,43282,"upstream","promoter",FALSE,"promoter"
"CM105784.1",52597213,52597269,57,9,15.5361935779555,"CM105784.1",52597213,52597269,24261,"CM105784.1",52541725,52572951,"gene:ENSBOLG00010008024","CCDC39","coiled-coil domain containing 39 [Ensembl NN prediction with score 100%]","-",52572951,52541725,FALSE,24262,24262,55488,"upstream","intergenic",FALSE,"intergenic"
"CM105768.1",9906788,9906852,65,4,15.508524937095,"CM105768.1",9906788,9906852,110151,"CM105768.1",10017004,10023109,"gene:ENSBOLG00010002447","NPY","neuropeptide Y [Ensembl NN prediction with score 100%]","+",10017004,10023109,FALSE,110152,110152,116257,"upstream","intergenic",FALSE,"intergenic"
"CM105770.1",76470122,76470204,83,7,15.4977453805107,"CM105770.1",76470122,76470204,0,"CM105770.1",76401082,76473247,"gene:ENSBOLG00010001168","USP46","ubiquitin specific peptidase 46 [Ensembl NN prediction with score 99.97%]","-",76473247,76401082,TRUE,3043,3043,69040,"overlapping","gene_body",FALSE,"intron"
"CM105776.1",62177362,62177437,76,5,15.483346087446,"CM105776.1",62177362,62177437,0,"CM105776.1",62165621,62184662,"gene:ENSBOLG00010015193","ECHDC3","enoyl-CoA hydratase domain containing 3 [Ensembl NN prediction with score 99.99%]","+",62165621,62184662,TRUE,11741,11741,7225,"overlapping","gene_body",FALSE,"intron"
"CM105771.1",15577687,15577740,54,5,15.4810651006319,"CM105771.1",15577687,15577740,7088,"CM105771.1",15567471,15570598,"gene:ENSBOLG00010018565","SMIM23","small integral membrane protein 23 [Ensembl NN prediction with score 100%]","-",15570598,15567471,FALSE,7089,7089,10216,"upstream","intergenic",FALSE,"intergenic"
"CM105788.1",32532896,32532953,58,5,-15.412446474662,"CM105788.1",32532896,32532953,22841,"CM105788.1",32555795,32670696,"gene:ENSBOLG00010015150","lrguk","leucine rich repeats and guanylate kinase domain containing [Ensembl NN prediction with score 100%]","+",32555795,32670696,FALSE,22842,22842,137743,"upstream","intergenic",FALSE,"intergenic"
"CM105784.1",62486129,62486574,446,5,15.3956873803011,"CM105784.1",62486129,62486574,538475,"CM105784.1",63025050,63156506,"gene:ENSBOLG00010003805","TBL1XR1","TBL1X receptor 1 [Ensembl NN prediction with score 100%]","-",63156506,63025050,FALSE,669932,669932,538476,"downstream","intergenic",FALSE,"intergenic"
"CM105773.1",34185993,34186332,340,5,-15.3376755994952,"CM105773.1",34185993,34186332,0,"CM105773.1",34168153,34252732,"gene:ENSBOLG00010022058","STARD9","StAR related lipid transfer domain containing 9 [Ensembl NN prediction with score 97.94%]","+",34168153,34252732,TRUE,17840,17840,66400,"overlapping","gene_body",FALSE,"intron"
"CM105766.1",102720176,102720254,79,5,15.3098794399,"CM105766.1",102720176,102720254,19507,"CM105766.1",102700111,102700668,"gene:ENSBOLG00010008628","IFNB1","interferon beta 1 [Ensembl NN prediction with score 98.56%]","+",102700111,102700668,FALSE,20065,20065,19508,"downstream","intergenic",FALSE,"intergenic"
"CM105767.1",76899573,76899671,99,7,15.3094144156044,"CM105767.1",76899573,76899671,164074,"CM105767.1",77063746,77087945,"gene:ENSBOLG00010004203","NXPE2","neurexophilin and PC-esterase domain family member 2 [Ensembl NN prediction with score 99.98%]","-",77087945,77063746,FALSE,188274,188274,164075,"downstream","intergenic",FALSE,"intergenic"
"CM105771.1",50478532,50478593,62,4,-15.2608467269755,"CM105771.1",50478532,50478593,0,"CM105771.1",50457667,50519822,"gene:ENSBOLG00010005264","GLP2R","glucagon like peptide 2 receptor [Ensembl NN prediction with score 93.05%]","-",50519822,50457667,TRUE,41229,41229,20865,"overlapping","gene_body",FALSE,"intron"
"CM105790.1",40227633,40227763,131,7,-15.2592724239608,"CM105790.1",40227633,40227763,40146,"CM105790.1",40267910,40434084,"gene:ENSBOLG00010009714","SATB2","SATB homeobox 2 [Ensembl NN prediction with score 100%]","-",40434084,40267910,FALSE,206321,206321,40147,"downstream","intergenic",FALSE,"intergenic"
"CM105767.1",8752329,8752846,518,5,15.2244647184714,"CM105767.1",8752329,8752846,224212,"CM105767.1",8353803,8528116,"gene:ENSBOLG00010003046","GADL1","glutamate decarboxylase like 1 [Ensembl NN prediction with score 99.99%]","-",8528116,8353803,FALSE,224213,224213,398526,"upstream","intergenic",FALSE,"intergenic"
"CM105765.1",88614661,88614832,172,4,-15.1800142816622,"CM105765.1",88614661,88614832,18618,"CM105765.1",88454924,88596042,"gene:ENSBOLG00010015371","LAMA4","laminin subunit alpha 4 [Ensembl NN prediction with score 100%]","-",88596042,88454924,FALSE,18619,18619,159737,"upstream","intergenic",FALSE,"intergenic"
"CM105765.1",71485606,71485769,164,5,-15.151804480337,"CM105765.1",71485606,71485769,104779,"CM105765.1",71351395,71380826,"gene:ENSBOLG00010020326",NA,NA,"+",71351395,71380826,FALSE,134211,134211,104780,"downstream","intergenic",FALSE,"intergenic"
"CM105782.1",48608261,48608325,65,4,-15.1478714307398,"CM105782.1",48608261,48608325,137019,"CM105782.1",48457644,48471241,"gene:ENSBOLG00010016961","MAF","MAF bZIP transcription factor [Ensembl NN prediction with score 100%]","-",48471241,48457644,FALSE,137020,137020,150617,"upstream","intergenic",FALSE,"intergenic"
"CM105771.1",77851045,77851530,486,7,15.1469585741105,"CM105771.1",77851045,77851530,0,"CM105771.1",77391368,77895060,"gene:ENSBOLG00010002096",NA,NA,"+",77391368,77895060,TRUE,459677,459677,43530,"overlapping","gene_body",FALSE,"intron"
"CM105770.1",43489557,43489934,378,5,-15.0527635594439,"CM105770.1",43489557,43489934,168722,"CM105770.1",43145016,43320834,"gene:ENSBOLG00010013483","CLNK","cytokine dependent hematopoietic cell linker [Ensembl NN prediction with score 99.99%]","-",43320834,43145016,FALSE,168723,168723,344541,"upstream","intergenic",FALSE,"intergenic"
"CM105787.1",11163391,11163444,54,5,-14.983840650302,"CM105787.1",11163391,11163444,0,"CM105787.1",11151388,11170231,"gene:ENSBOLG00010013897","SAAL1","serum amyloid A like 1 [Ensembl NN prediction with score 100%]","+",11151388,11170231,TRUE,12003,12003,6787,"overlapping","gene_body",FALSE,"intron"
"CM105779.1",59663939,59664002,64,6,-14.9595322840655,"CM105779.1",59663939,59664002,52431,"CM105779.1",59716434,59751961,"gene:ENSBOLG00010009678","ADGRF1","adhesion G protein-coupled receptor F1 [Ensembl NN prediction with score 99.99%]","+",59716434,59751961,FALSE,52432,52432,87959,"upstream","intergenic",FALSE,"intergenic"
"CM105767.1",3411539,3411592,54,4,-14.9441032435299,"CM105767.1",3411539,3411592,59032,"CM105767.1",3324404,3352506,"gene:ENSBOLG00010002849","CTNNB1","catenin beta 1 [Ensembl NN prediction with score 100%]","-",3352506,3324404,FALSE,59033,59033,87135,"upstream","intergenic",FALSE,"intergenic"
"CM105766.1",42894318,42894382,65,5,14.9024136071328,"CM105766.1",42894318,42894382,47321,"CM105766.1",42801290,42846996,"gene:ENSBOLG00010000223","ARL8B","ADP ribosylation factor like GTPase 8B [Ensembl NN prediction with score 99.93%]","-",42846996,42801290,FALSE,47322,47322,93028,"upstream","intergenic",FALSE,"intergenic"
"CM105767.1",64245299,64245380,82,8,-14.8946909232792,"CM105767.1",64245299,64245380,39434,"CM105767.1",64075951,64205864,"gene:ENSBOLG00010003414","ATP2C1","ATPase secretory pathway Ca2+ transporting 1 [Ensembl NN prediction with score 100%]","-",64205864,64075951,FALSE,39435,39435,169348,"upstream","intergenic",FALSE,"intergenic"
"CM105786.1",32772312,32772515,204,5,14.892686384644,"CM105786.1",32772312,32772515,336207,"CM105786.1",33108723,33116935,"gene:ENSBOLG00010006101","TRIML1","tripartite motif family like 1 [Ensembl NN prediction with score 100%]","-",33116935,33108723,FALSE,344420,344420,336208,"downstream","intergenic",FALSE,"intergenic"
"CM105767.1",25689683,25689906,224,4,14.8374789215769,"CM105767.1",25689683,25689906,0,"CM105767.1",25689338,25711095,"gene:ENSBOLG00010018196","APH1B","aph-1 homolog B, gamma-secretase subunit [Ensembl NN prediction with score 97.46%]","-",25711095,25689338,TRUE,21189,21189,345,"overlapping","gene_body",TRUE,"exon"
"CM105764.1",32207491,32207651,161,4,-14.8364781390507,"CM105764.1",32207491,32207651,506386,"CM105764.1",32714038,33007498,"gene:ENSBOLG00010001294","CADM2","cell adhesion molecule 2 [Ensembl NN prediction with score 99.99%]","+",32714038,33007498,FALSE,506387,506387,799847,"upstream","intergenic",FALSE,"intergenic"
"CM105776.1",52059469,52059985,517,4,14.8264556503048,"CM105776.1",52059469,52059985,506976,"CM105776.1",51018473,51552492,"gene:ENSBOLG00010008511","ADARB2","adenosine deaminase RNA specific B2 (inactive) [Ensembl NN prediction with score 100%]","-",51552492,51018473,FALSE,506977,506977,1040996,"upstream","intergenic",FALSE,"intergenic"
"CM105765.1",45892564,45892654,91,6,-14.812003736047,"CM105765.1",45892564,45892654,285330,"CM105765.1",45516460,45607233,"gene:ENSBOLG00010007994","Zfp536","zinc finger protein 536 [Ensembl NN prediction with score 99.99%]","+",45516460,45607233,FALSE,376104,376104,285331,"downstream","intergenic",FALSE,"intergenic"
"CM105769.1",45256127,45256273,147,4,-14.7925508469973,"CM105769.1",45256127,45256273,57894,"CM105769.1",45314168,45370126,"gene:ENSBOLG00010000355","UBE2E1","ubiquitin conjugating enzyme E2 E1 [Ensembl NN prediction with score 100%]","+",45314168,45370126,FALSE,57895,57895,113853,"upstream","intergenic",FALSE,"intergenic"
"CM105768.1",5191406,5191482,77,4,-14.782360341796,"CM105768.1",5191406,5191482,0,"CM105768.1",4946801,5820396,"gene:ENSBOLG00010002792","DPP6","dipeptidyl peptidase like 6 [Ensembl NN prediction with score 100%]","-",5820396,4946801,TRUE,628914,628914,244605,"overlapping","gene_body",FALSE,"intron"
"CM105772.1",38042042,38042136,95,5,14.7600019866995,"CM105772.1",38042042,38042136,0,"CM105772.1",38028412,38099319,"gene:ENSBOLG00010005725","APBA1","amyloid beta precursor protein binding family A member 1 [Ensembl NN prediction with score 100%]","-",38099319,38028412,TRUE,57183,57183,13630,"overlapping","gene_body",FALSE,"intron"
"CM105774.1",45459262,45459322,61,7,14.7430968177498,"CM105774.1",45459262,45459322,0,"CM105774.1",45444330,45464812,"gene:ENSBOLG00010007769","ESD","esterase D [Ensembl NN prediction with score 100%]","-",45464812,45444330,TRUE,5490,5490,14932,"overlapping","gene_body",FALSE,"intron"
"CM105766.1",11849121,11849222,102,7,14.7291132154904,"CM105766.1",11849121,11849222,0,"CM105766.1",11828083,11866291,"gene:ENSBOLG00010002202","AEBP2","AE binding protein 2 [Ensembl NN prediction with score 100%]","-",11866291,11828083,TRUE,17069,17069,21038,"overlapping","gene_body",FALSE,"intron"
"CM105768.1",17165011,17165222,212,5,14.6591467478996,"CM105768.1",17165011,17165222,22977,"CM105768.1",17188200,17235247,"gene:ENSBOLG00010017256","FKBP9","FKBP prolyl isomerase 9 [Ensembl NN prediction with score 100%]","+",17188200,17235247,FALSE,22978,22978,70025,"upstream","intergenic",FALSE,"intergenic"
"CM105774.1",44709437,44709559,123,5,-14.6424489607724,"CM105774.1",44709437,44709559,1841,"CM105774.1",44711401,44780615,"gene:ENSBOLG00010007676","SIAH3","siah E3 ubiquitin protein ligase family member 3 [Ensembl NN prediction with score 100%]","-",44780615,44711401,FALSE,71056,71056,1842,"downstream","downstream",FALSE,"downstream"
"CM105768.1",5187580,5187638,59,6,-14.6302293966258,"CM105768.1",5187580,5187638,0,"CM105768.1",4946801,5820396,"gene:ENSBOLG00010002792","DPP6","dipeptidyl peptidase like 6 [Ensembl NN prediction with score 100%]","-",5820396,4946801,TRUE,632758,632758,240779,"overlapping","gene_body",FALSE,"intron"
"CM105767.1",8659691,8659993,303,4,14.5776163033006,"CM105767.1",8659691,8659993,131574,"CM105767.1",8353803,8528116,"gene:ENSBOLG00010003046","GADL1","glutamate decarboxylase like 1 [Ensembl NN prediction with score 99.99%]","-",8528116,8353803,FALSE,131575,131575,305888,"upstream","intergenic",FALSE,"intergenic"
"CM105768.1",5031853,5031907,55,4,-14.5407277444077,"CM105768.1",5031853,5031907,0,"CM105768.1",4946801,5820396,"gene:ENSBOLG00010002792","DPP6","dipeptidyl peptidase like 6 [Ensembl NN prediction with score 100%]","-",5820396,4946801,TRUE,788489,788489,85052,"overlapping","gene_body",FALSE,"intron"
"CM105787.1",33912905,33913025,121,4,14.5342290142123,"CM105787.1",33912905,33913025,254046,"CM105787.1",33646716,33658858,"gene:ENSBOLG00010003809","NR2F2","nuclear receptor subfamily 2 group F member 2 [Ensembl NN prediction with score 99.86%]","-",33658858,33646716,FALSE,254047,254047,266189,"upstream","intergenic",FALSE,"intergenic"
"CM105764.1",29650569,29650625,57,4,-14.4956591881708,"CM105764.1",29650569,29650625,107426,"CM105764.1",29758052,29759041,"gene:ENSBOLG00010000111","PRKAG1","protein kinase AMP-activated non-catalytic subunit gamma 1 [Ensembl NN prediction with score 99.97%]","-",29759041,29758052,FALSE,108416,108416,107427,"downstream","intergenic",FALSE,"intergenic"
"CM105778.1",70759950,70760236,287,4,14.4694347516703,"CM105778.1",70759950,70760236,964874,"CM105778.1",69784322,69795075,"gene:ENSBOLG00010005542","ARRDC3","arrestin domain containing 3 [Ensembl NN prediction with score 99.8%]","-",69795075,69784322,FALSE,964875,964875,975628,"upstream","intergenic",FALSE,"intergenic"
"CM105788.1",23524890,23524948,59,4,-14.4409126716156,"CM105788.1",23524890,23524948,9288,"CM105788.1",23534237,23535346,"gene:ENSBOLG00010016373","TMEM229A","transmembrane protein 229A [Ensembl NN prediction with score 99.97%]","-",23535346,23534237,FALSE,10398,10398,9289,"downstream","intergenic",FALSE,"intergenic"
"CM105784.1",16583416,16583605,190,4,14.4035594791148,"CM105784.1",16583416,16583605,5060,"CM105784.1",16588666,16647122,"gene:ENSBOLG00010013373","BCHE","butyrylcholinesterase [Ensembl NN prediction with score 100%]","+",16588666,16647122,FALSE,5061,5061,63517,"upstream","intergenic",FALSE,"intergenic"
"CM105764.1",33249163,33249658,496,4,-14.4007653758974,"CM105764.1",33249163,33249658,241664,"CM105764.1",32714038,33007498,"gene:ENSBOLG00010001294","CADM2","cell adhesion molecule 2 [Ensembl NN prediction with score 99.99%]","+",32714038,33007498,FALSE,535125,535125,241665,"downstream","intergenic",FALSE,"intergenic"
"CM105769.1",49182247,49182956,710,4,14.329308714307,"CM105769.1",49182247,49182956,0,"CM105769.1",49130044,49451391,"gene:ENSBOLG00010000352","SYNPR","synaptoporin [Ensembl NN prediction with score 100%]","-",49451391,49130044,TRUE,268435,268435,52203,"overlapping","gene_body",FALSE,"intron"
"CM105772.1",13586032,13586085,54,4,-14.2769344589511,"CM105772.1",13586032,13586085,59903,"CM105772.1",13645989,13747577,"gene:ENSBOLG00010018775","CFAP58","cilia and flagella associated protein 58 [Ensembl NN prediction with score 100%]","-",13747577,13645989,FALSE,161492,161492,59904,"downstream","intergenic",FALSE,"intergenic"
"CM105768.1",59110395,59110458,64,4,-14.2411883843407,"CM105768.1",59110395,59110458,70577,"CM105768.1",59181036,59184537,"gene:ENSBOLG00010000659","mycn","MYCN proto-oncogene, bHLH transcription factor [Ensembl NN prediction with score 100%]","-",59184537,59181036,FALSE,74079,74079,70578,"downstream","intergenic",FALSE,"intergenic"
"CM105787.1",27625159,27625274,116,4,-14.2070499185526,"CM105787.1",27625159,27625274,1310,"CM105787.1",27626585,27659653,"gene:ENSBOLG00010009635","FAN1","FANCD2 and FANCI associated nuclease 1 [Ensembl NN prediction with score 99.51%]","-",27659653,27626585,FALSE,34379,34379,1311,"downstream","downstream",FALSE,"downstream"
"CM105764.1",33223657,33223791,135,4,-14.2007781997269,"CM105764.1",33223657,33223791,216158,"CM105764.1",32714038,33007498,"gene:ENSBOLG00010001294","CADM2","cell adhesion molecule 2 [Ensembl NN prediction with score 99.99%]","+",32714038,33007498,FALSE,509619,509619,216159,"downstream","intergenic",FALSE,"intergenic"
"CM105785.1",46031705,46031873,169,4,-14.1942937861066,"CM105785.1",46031705,46031873,53344,"CM105785.1",45711641,45978360,"gene:ENSBOLG00010010490","STK39","serine/threonine kinase 39 [Ensembl NN prediction with score 99.87%]","-",45978360,45711641,FALSE,53345,53345,320064,"upstream","intergenic",FALSE,"intergenic"
"CM105787.1",33641695,33641766,72,7,14.1499570192418,"CM105787.1",33641695,33641766,4949,"CM105787.1",33646716,33658858,"gene:ENSBOLG00010003809","NR2F2","nuclear receptor subfamily 2 group F member 2 [Ensembl NN prediction with score 99.86%]","-",33658858,33646716,FALSE,17092,17092,4950,"downstream","intergenic",FALSE,"intergenic"
"CM105790.1",36250875,36250947,73,7,14.1099741710341,"CM105790.1",36250875,36250947,1084877,"CM105790.1",37335825,37337725,"gene:ENSBOLG00010009986","SNRPD1","small nuclear ribonucleoprotein D1 polypeptide [Ensembl NN prediction with score 99.96%]","-",37337725,37335825,FALSE,1086778,1086778,1084878,"downstream","intergenic",FALSE,"intergenic"
"CM105771.1",83404483,83404538,56,5,14.0187286612418,"CM105771.1",83404483,83404538,14878,"CM105771.1",83419417,83430647,"gene:ENSBOLG00010021518","CCR7","C-C motif chemokine receptor 7 [Ensembl NN prediction with score 100%]","-",83430647,83419417,FALSE,26109,26109,14879,"downstream","intergenic",FALSE,"intergenic"
"CM105770.1",1983034,1983090,57,6,13.9912087849756,"CM105770.1",1983034,1983090,633,"CM105770.1",1973408,1982400,"gene:ENSBOLG00010021911","EFNA2","ephrin A2 [Ensembl NN prediction with score 100%]","+",1973408,1982400,FALSE,9626,9626,634,"downstream","downstream",FALSE,"downstream"
"CM105779.1",11597169,11597237,69,7,13.946110010602,"CM105779.1",11597169,11597237,9888,"CM105779.1",11607126,11608155,"gene:ENSBOLG00010009299","MIF","macrophage migration inhibitory factor [Ensembl NN prediction with score 100%]","+",11607126,11608155,FALSE,9889,9889,10918,"upstream","intergenic",FALSE,"intergenic"
"CM105786.1",57397240,57397470,231,4,-13.8961523945327,"CM105786.1",57397240,57397470,16829,"CM105786.1",57373843,57380410,"gene:ENSBOLG00010006284","LZTS1","leucine zipper tumor suppressor 1 [Ensembl NN prediction with score 100%]","-",57380410,57373843,FALSE,16830,16830,23397,"upstream","intergenic",FALSE,"intergenic"
"CM105778.1",60832054,60832185,132,5,13.8946905493478,"CM105778.1",60832054,60832185,90135,"CM105778.1",60719326,60741918,"gene:ENSBOLG00010009139","Atp6ap1l","ATPase H+ transporting accessory protein 1 like [Ensembl NN prediction with score 100%]","+",60719326,60741918,FALSE,112728,112728,90136,"downstream","intergenic",FALSE,"intergenic"
"CM105787.1",49054101,49054158,58,5,-13.8388841790413,"CM105787.1",49054101,49054158,0,"CM105787.1",49028505,49135780,"gene:ENSBOLG00010016027","NOX4","NADPH oxidase 4 [Ensembl NN prediction with score 100%]","-",49135780,49028505,TRUE,81622,81622,25596,"overlapping","gene_body",FALSE,"intron"
"CM105768.1",14560367,14560433,67,9,-13.7945418135678,"CM105768.1",14560367,14560433,0,"CM105768.1",14551733,14582653,"gene:ENSBOLG00010016390",NA,NA,"+",14551733,14582653,TRUE,8634,8634,22220,"overlapping","gene_body",FALSE,"intron"
"CM105780.1",5222716,5222771,56,4,-13.7506476258779,"CM105780.1",5222716,5222771,179416,"CM105780.1",5024298,5043299,"gene:ENSBOLG00010007277","TRIQK","triple QxxK/R motif containing [Ensembl NN prediction with score 100%]","-",5043299,5024298,FALSE,179417,179417,198418,"upstream","intergenic",FALSE,"intergenic"
"CM105764.1",56130102,56130495,394,4,13.7430147573145,"CM105764.1",56130102,56130495,20576,"CM105764.1",56151072,56209402,"gene:ENSBOLG00010000148","IFT57","intraflagellar transport 57 [Ensembl NN prediction with score 100%]","+",56151072,56209402,FALSE,20577,20577,78907,"upstream","intergenic",FALSE,"intergenic"
"CM105770.1",43435558,43435843,286,4,-13.7338542106323,"CM105770.1",43435558,43435843,114723,"CM105770.1",43145016,43320834,"gene:ENSBOLG00010013483","CLNK","cytokine dependent hematopoietic cell linker [Ensembl NN prediction with score 99.99%]","-",43320834,43145016,FALSE,114724,114724,290542,"upstream","intergenic",FALSE,"intergenic"
"CM105784.1",45546452,45546518,67,4,13.7176242758813,"CM105784.1",45546452,45546518,216875,"CM105784.1",45763394,45897585,"gene:ENSBOLG00010007891","FAT4","FAT atypical cadherin 4 [Ensembl NN prediction with score 100%]","-",45897585,45763394,FALSE,351067,351067,216876,"downstream","intergenic",FALSE,"intergenic"
"CM105779.1",19632134,19632213,80,7,13.7088151815993,"CM105779.1",19632134,19632213,0,"CM105779.1",19624283,19699808,"gene:ENSBOLG00010010169","REEP3","receptor accessory protein 3 [Ensembl NN prediction with score 99.96%]","+",19624283,19699808,TRUE,7851,7851,67595,"overlapping","gene_body",FALSE,"intron"
"CM105769.1",27683601,27683654,54,4,-13.6892699590134,"CM105769.1",27683601,27683654,0,"CM105769.1",27668563,28498988,"gene:ENSBOLG00010021022","CACNA2D3","calcium voltage-gated channel auxiliary subunit alpha2delta 3 [Ensembl NN prediction with score 100%]","+",27668563,28498988,TRUE,15038,15038,815334,"overlapping","gene_body",FALSE,"intron"
"CM105764.1",120857342,120857417,76,4,13.685237830686,"CM105764.1",120857342,120857417,0,"CM105764.1",120354883,120974717,"gene:ENSBOLG00010002931","TMEM132D","transmembrane protein 132D [Ensembl NN prediction with score 100%]","+",120354883,120974717,TRUE,502459,502459,117300,"overlapping","gene_body",FALSE,"intron"
"CM105779.1",12632682,12632856,175,7,13.6787127854187,"CM105779.1",12632682,12632856,88304,"CM105779.1",12467204,12544377,"gene:ENSBOLG00010010330","RSPH14","radial spoke head 14 homolog [Ensembl NN prediction with score 100%]","+",12467204,12544377,FALSE,165478,165478,88305,"downstream","intergenic",FALSE,"intergenic"
"CM105767.1",93498851,93498923,73,7,13.6033954371165,"CM105767.1",93498851,93498923,25056,"CM105767.1",93523980,93529563,"gene:ENSBOLG00010000382","KCNJ5","potassium inwardly rectifying channel subfamily J member 5 [Ensembl NN prediction with score 100%]","+",93523980,93529563,FALSE,25057,25057,30640,"upstream","intergenic",FALSE,"intergenic"
"CM105785.1",10991197,10991283,87,5,13.5775792960111,"CM105785.1",10991197,10991283,61248,"CM105785.1",10923693,10929948,"gene:ENSBOLG00010010434","1700001O22Rik","RIKEN cDNA 1700001O22 gene [Ensembl NN prediction with score 100%]","+",10923693,10929948,FALSE,67504,67504,61249,"downstream","intergenic",FALSE,"intergenic"
"CM105786.1",16044049,16044102,54,5,13.5616393452515,"CM105786.1",16044049,16044102,0,"CM105786.1",15838071,16132916,"gene:ENSBOLG00010009684","ZMAT4","zinc finger matrin-type 4 [Ensembl NN prediction with score 99.99%]","+",15838071,16132916,TRUE,205978,205978,88814,"overlapping","gene_body",FALSE,"intron"
"CM105786.1",26839144,26839202,59,7,-13.5513831096335,"CM105786.1",26839144,26839202,61065,"CM105786.1",26900268,26956334,"gene:ENSBOLG00010007362","PRAG1","PEAK1 related, kinase-activating pseudokinase 1 [Ensembl NN prediction with score 99.99%]","+",26900268,26956334,FALSE,61066,61066,117132,"upstream","intergenic",FALSE,"intergenic"
"CM105764.1",132354023,132354084,62,4,13.5414543764407,"CM105764.1",132354023,132354084,675223,"CM105764.1",133029308,133034297,"gene:ENSBOLG00010003042","NOC4L","nucleolar complex associated 4 homolog [Ensembl NN prediction with score 100%]","-",133034297,133029308,FALSE,680213,680213,675224,"downstream","intergenic",FALSE,"intergenic"
"CM105766.1",5029452,5029638,187,4,-13.5194279535955,"CM105766.1",5029452,5029638,62041,"CM105766.1",4957653,4967410,"gene:ENSBOLG00010003027","PTHLH","parathyroid hormone like hormone [Ensembl NN prediction with score 100%]","+",4957653,4967410,FALSE,71799,71799,62042,"downstream","intergenic",FALSE,"intergenic"
"CM105784.1",34941787,34941865,79,4,13.5097533929418,"CM105784.1",34941787,34941865,0,"CM105784.1",34551557,34983039,"gene:ENSBOLG00010006256","MAML3","mastermind like transcriptional coactivator 3 [Ensembl NN prediction with score 100%]","+",34551557,34983039,TRUE,390230,390230,41174,"overlapping","gene_body",FALSE,"intron"
"CM105777.1",23315497,23315555,59,7,13.4831594017331,"CM105777.1",23315497,23315555,0,"CM105777.1",23129131,23455159,"gene:ENSBOLG00010017883","NEDD4L","NEDD4 like E3 ubiquitin protein ligase [Ensembl NN prediction with score 100%]","-",23455159,23129131,TRUE,139604,139604,186366,"overlapping","gene_body",FALSE,"intron"
"CM105764.1",78453263,78453314,52,9,-13.419259431985,"CM105764.1",78453263,78453314,0,"CM105764.1",78447746,78506049,"gene:ENSBOLG00010001620","ETV5","ETS variant transcription factor 5 [Ensembl NN prediction with score 99.73%]","+",78447746,78506049,TRUE,5517,5517,52735,"overlapping","gene_body",FALSE,"intron"
"CM105772.1",35980308,35980530,223,4,-13.404446526242,"CM105772.1",35980308,35980530,353750,"CM105772.1",36334281,36339069,"gene:ENSBOLG00010005654","DMRT2","doublesex and mab-3 related transcription factor 2 [Ensembl NN prediction with score 100%]","-",36339069,36334281,FALSE,358539,358539,353751,"downstream","intergenic",FALSE,"intergenic"
"CM105774.1",13743850,13744113,264,4,-13.3989959083538,"CM105774.1",13743850,13744113,174865,"CM105774.1",13568097,13568984,"gene:ENSBOLG00010004109","rpsa","ribosomal protein SA [Ensembl NN prediction with score 100%]","-",13568984,13568097,FALSE,174866,174866,175753,"upstream","intergenic",FALSE,"intergenic"
"CM105778.1",64647028,64647078,51,5,13.3880720781823,"CM105778.1",64647028,64647078,346063,"CM105778.1",64993142,64994295,"gene:ENSBOLG00010005532","COX7C","cytochrome c oxidase subunit 7C [Ensembl NN prediction with score 100%]","+",64993142,64994295,FALSE,346064,346064,347217,"upstream","intergenic",FALSE,"intergenic"
"CM105779.1",20986647,20986891,245,4,-13.3541918991137,"CM105779.1",20986647,20986891,345990,"CM105779.1",21332882,22698282,"gene:ENSBOLG00010010257","CTNNA3","catenin alpha 3 [Ensembl NN prediction with score 100%]","-",22698282,21332882,FALSE,1711391,1711391,345991,"downstream","intergenic",FALSE,"intergenic"
"CM105765.1",110053310,110053375,66,7,-13.3535984997358,"CM105765.1",110053310,110053375,142348,"CM105765.1",109903328,109910961,"gene:ENSBOLG00010017090","SGK1","serum/glucocorticoid regulated kinase 1 [Ensembl NN prediction with score 100%]","-",109910961,109903328,FALSE,142349,142349,149982,"upstream","intergenic",FALSE,"intergenic"
"CM105776.1",16353830,16353989,160,4,-13.3446960767287,"CM105776.1",16353830,16353989,119386,"CM105776.1",16220468,16234443,"gene:ENSBOLG00010013958","Fbxw17","F-box and WD-40 domain protein 17 [Ensembl NN prediction with score 99.99%]","-",16234443,16220468,FALSE,119387,119387,133362,"upstream","intergenic",FALSE,"intergenic"
"CM105773.1",27391973,27392032,60,5,13.3413848090442,"CM105773.1",27391973,27392032,18173,"CM105773.1",27410206,27412249,"gene:ENSBOLG00010019343","GJD2","gap junction protein delta 2 [Ensembl NN prediction with score 100%]","-",27412249,27410206,FALSE,20217,20217,18174,"downstream","intergenic",FALSE,"intergenic"
"CM105790.1",38667464,38667546,83,4,-13.3299454024098,"CM105790.1",38667464,38667546,0,"CM105790.1",38519428,38755920,"gene:ENSBOLG00010010053","ANKRD44","ankyrin repeat domain 44 [Ensembl NN prediction with score 100%]","-",38755920,38519428,TRUE,88374,88374,148036,"overlapping","gene_body",FALSE,"intron"
"CM105783.1",6221466,6221525,60,5,-13.3049278596786,"CM105783.1",6221466,6221525,0,"CM105783.1",6212914,6292448,"gene:ENSBOLG00010006936","LRP12","LDL receptor related protein 12 [Ensembl NN prediction with score 100%]","-",6292448,6212914,TRUE,70923,70923,8552,"overlapping","gene_body",FALSE,"intron"
"CM105777.1",11758,11840,83,5,-13.2871437580862,"CM105777.1",11758,11840,13610,"CM105777.1",25451,56950,"gene:ENSBOLG00010006344","TMX3","thioredoxin related transmembrane protein 3 [Ensembl NN prediction with score 99.98%]","-",56950,25451,FALSE,45110,45110,13611,"downstream","intergenic",FALSE,"intergenic"
"CM105790.1",33579870,33579928,59,9,13.274285901398,"CM105790.1",33579870,33579928,29735,"CM105790.1",33609664,33610123,"gene:ENSBOLG00010011158","RPL36AL","ribosomal protein L36a like [Ensembl NN prediction with score 90.96%]","-",33610123,33609664,FALSE,30195,30195,29736,"downstream","intergenic",FALSE,"intergenic"
"CM105767.1",50255659,50256111,453,4,13.2480631572915,"CM105767.1",50255659,50256111,157251,"CM105767.1",50084904,50098407,"gene:ENSBOLG00010000697","ZIC4","Zic family member 4 [Ensembl NN prediction with score 99.97%]","+",50084904,50098407,FALSE,170755,170755,157252,"downstream","intergenic",FALSE,"intergenic"
"CM105770.1",13681937,13682096,160,5,13.2249722326291,"CM105770.1",13681937,13682096,421081,"CM105770.1",14103178,14103624,"gene:ENSBOLG00010000483","elob","elongin B [Ensembl NN prediction with score 97.47%]","-",14103624,14103178,FALSE,421528,421528,421082,"downstream","intergenic",FALSE,"intergenic"
"CM105786.1",55154064,55154225,162,5,-13.2154294370747,"CM105786.1",55154064,55154225,11742,"CM105786.1",55140921,55142321,"gene:ENSBOLG00010007034","NPY5R","neuropeptide Y receptor Y5 [Ensembl NN prediction with score 100%]","-",55142321,55140921,FALSE,11743,11743,13143,"upstream","intergenic",FALSE,"intergenic"
"CM105778.1",25465160,25465215,56,5,-13.2042895736692,"CM105778.1",25465160,25465215,49868,"CM105778.1",25515084,25651473,"gene:ENSBOLG00010010662","RAI14","retinoic acid induced 14 [Ensembl NN prediction with score 99.99%]","+",25515084,25651473,FALSE,49869,49869,186258,"upstream","intergenic",FALSE,"intergenic"
"CM105778.1",64708130,64708539,410,4,13.1787681111334,"CM105778.1",64708130,64708539,284602,"CM105778.1",64993142,64994295,"gene:ENSBOLG00010005532","COX7C","cytochrome c oxidase subunit 7C [Ensembl NN prediction with score 100%]","+",64993142,64994295,FALSE,284603,284603,285756,"upstream","intergenic",FALSE,"intergenic"
"CM105785.1",47924955,47925008,54,5,-13.1684989134983,"CM105785.1",47924955,47925008,4285,"CM105785.1",47893154,47920669,"gene:ENSBOLG00010010336","GORASP2","golgi reassembly stacking protein 2 [Ensembl NN prediction with score 100%]","+",47893154,47920669,FALSE,31801,31801,4286,"downstream","intergenic",FALSE,"intergenic"
"CM105789.1",9630635,9630688,54,5,13.1255720606953,"CM105789.1",9630635,9630688,0,"CM105789.1",9572993,9641361,"gene:ENSBOLG00010006828","ELK3","ETS transcription factor ELK3 [Ensembl NN prediction with score 100%]","-",9641361,9572993,TRUE,10673,10673,57642,"overlapping","gene_body",FALSE,"intron"
"CM105765.1",111793030,111793108,79,6,-13.1152468558645,"CM105765.1",111793030,111793108,0,"CM105765.1",111702780,111840178,"gene:ENSBOLG00010016742","MAP7","microtubule associated protein 7 [Ensembl NN prediction with score 100%]","-",111840178,111702780,TRUE,47070,47070,90250,"overlapping","gene_body",FALSE,"intron"
"CM105770.1",50270675,50270912,238,4,13.0949994344597,"CM105770.1",50270675,50270912,407641,"CM105770.1",49710445,49863033,"gene:ENSBOLG00010014052","LCORL","ligand dependent nuclear receptor corepressor like [Ensembl NN prediction with score 99.99%]","-",49863033,49710445,FALSE,407642,407642,560230,"upstream","intergenic",FALSE,"intergenic"
"CM105765.1",52272098,52272159,62,5,-13.0905969008703,"CM105765.1",52272098,52272159,0,"CM105765.1",52267581,52309185,"gene:ENSBOLG00010022825","PAK4","p21 (RAC1) activated kinase 4 [Ensembl NN prediction with score 100%]","+",52267581,52309185,TRUE,4517,4517,37026,"overlapping","gene_body",FALSE,"intron"
"CM105786.1",52746803,52747828,1026,4,13.087332615622,"CM105786.1",52746803,52747828,0,"CM105786.1",52636507,52814026,"gene:ENSBOLG00010006089","TLL1","tolloid like 1 [Ensembl NN prediction with score 100%]","-",52814026,52636507,TRUE,66198,66198,110296,"overlapping","gene_body",FALSE,"intron"
"CM105765.1",122330342,122330397,56,7,-13.0519355229133,"CM105765.1",122330342,122330397,70121,"CM105765.1",122400519,122561732,"gene:ENSBOLG00010004289","SASH1","SAM and SH3 domain containing 1 [Ensembl NN prediction with score 100%]","+",122400519,122561732,FALSE,70122,70122,231335,"upstream","intergenic",FALSE,"intergenic"
"CM105777.1",69506973,69507075,103,4,13.0466420451061,"CM105777.1",69506973,69507075,256462,"CM105777.1",69249968,69250510,"gene:ENSBOLG00010008223","NIP7","nucleolar pre-rRNA processing protein NIP7 [Ensembl NN prediction with score 100%]","-",69250510,69249968,FALSE,256463,256463,257005,"upstream","intergenic",FALSE,"intergenic"
"CM105789.1",3441050,3441107,58,5,-13.0374068795394,"CM105789.1",3441050,3441107,0,"CM105789.1",3314238,3508023,"gene:ENSBOLG00010007213","CHST11","carbohydrate sulfotransferase 11 [Ensembl NN prediction with score 100%]","-",3508023,3314238,TRUE,66916,66916,126812,"overlapping","gene_body",FALSE,"intron"
"CM105770.1",69050050,69050119,70,4,-13.0213033847585,"CM105770.1",69050050,69050119,44368,"CM105770.1",69094488,69135440,"gene:ENSBOLG00010004716","NSUN7","NOP2/Sun RNA methyltransferase family member 7 [Ensembl NN prediction with score 100%]","+",69094488,69135440,FALSE,44369,44369,85321,"upstream","intergenic",FALSE,"intergenic"
"CM105777.1",43891527,43891579,53,7,13.0174869561626,"CM105777.1",43891527,43891579,0,"CM105777.1",43860349,43910636,"gene:ENSBOLG00010009941","JAKMIP2","janus kinase and microtubule interacting protein 2 [Ensembl NN prediction with score 100%]","+",43860349,43910636,TRUE,31178,31178,19057,"overlapping","gene_body",FALSE,"intron"
"CM105768.1",9914676,9914912,237,4,13.0094450657363,"CM105768.1",9914676,9914912,102091,"CM105768.1",10017004,10023109,"gene:ENSBOLG00010002447","NPY","neuropeptide Y [Ensembl NN prediction with score 100%]","+",10017004,10023109,FALSE,102092,102092,108197,"upstream","intergenic",FALSE,"intergenic"
"CM105785.1",53619155,53619350,196,4,12.9942938852758,"CM105785.1",53619155,53619350,2635,"CM105785.1",53621986,53641437,"gene:ENSBOLG00010007784","PRKRA","protein activator of interferon induced protein kinase EIF2AK2 [Ensembl NN prediction with score 100%]","-",53641437,53621986,FALSE,22087,22087,2636,"downstream","intergenic",FALSE,"intergenic"
"CM105770.1",75195297,75195356,60,5,-12.9658315353273,"CM105770.1",75195297,75195356,0,"CM105770.1",75126187,75206928,"gene:ENSBOLG00010001243","TEC","tec protein tyrosine kinase [Ensembl NN prediction with score 100%]","-",75206928,75126187,TRUE,11572,11572,69110,"overlapping","gene_body",FALSE,"intron"
"CM105789.1",2509753,2509818,66,7,12.8683776246862,"CM105789.1",2509753,2509818,103209,"CM105789.1",2340271,2406543,"gene:ENSBOLG00010007425","NUAK1","NUAK family kinase 1 [Ensembl NN prediction with score 99.99%]","+",2340271,2406543,FALSE,169482,169482,103210,"downstream","intergenic",FALSE,"intergenic"
"CM105784.1",44780554,44780605,52,7,12.8051801154899,"CM105784.1",44780554,44780605,419973,"CM105784.1",44297181,44360580,"gene:ENSBOLG00010007821","INTU","inturned planar cell polarity protein [Ensembl NN prediction with score 100%]","-",44360580,44297181,FALSE,419974,419974,483373,"upstream","intergenic",FALSE,"intergenic"
"CM105768.1",96373203,96373267,65,5,-12.7974677647627,"CM105768.1",96373203,96373267,0,"CM105768.1",96283066,96485848,"gene:ENSBOLG00010000664","DYSF","dysferlin [Ensembl NN prediction with score 100%]","-",96485848,96283066,TRUE,112581,112581,90137,"overlapping","gene_body",FALSE,"intron"
"CM105783.1",23958205,23958268,64,4,-12.7934785680657,"CM105783.1",23958205,23958268,22050,"CM105783.1",23935222,23936154,"gene:ENSBOLG00010007443","Fam84b","family with sequence similarity 84, member B [Ensembl NN prediction with score 91.77%]","-",23936154,23935222,FALSE,22051,22051,22983,"upstream","intergenic",FALSE,"intergenic"
"CM105766.1",95988317,95988369,53,5,12.7767678928402,"CM105766.1",95988317,95988369,0,"CM105766.1",95876070,96235661,"gene:ENSBOLG00010012370","FGGY","FGGY carbohydrate kinase domain containing [Ensembl NN prediction with score 100%]","-",96235661,95876070,TRUE,247292,247292,112247,"overlapping","gene_body",FALSE,"intron"
"CM105774.1",55353489,55353656,168,4,12.7483574534259,"CM105774.1",55353489,55353656,98313,"CM105774.1",55451970,55766140,"gene:ENSBOLG00010008542","MSRA","methionine sulfoxide reductase A [Ensembl NN prediction with score 100%]","+",55451970,55766140,FALSE,98314,98314,412484,"upstream","intergenic",FALSE,"intergenic"
"CM105764.1",128742804,128742877,74,5,-12.7000858434407,"CM105764.1",128742804,128742877,0,"CM105764.1",128683525,128756021,"gene:ENSBOLG00010002495","IFT81","intraflagellar transport 81 [Ensembl NN prediction with score 100%]","+",128683525,128756021,TRUE,59279,59279,13144,"overlapping","gene_body",FALSE,"intron"
"CM105769.1",59541624,59541687,64,5,-12.6661206911522,"CM105769.1",59541624,59541687,104203,"CM105769.1",59645891,59665690,"gene:ENSBOLG00010001520","ATP1B1","ATPase Na+/K+ transporting subunit beta 1 [Ensembl NN prediction with score 100%]","+",59645891,59665690,FALSE,104204,104204,124003,"upstream","intergenic",FALSE,"intergenic"
"CM105765.1",131242744,131242929,186,4,12.653873754249,"CM105765.1",131242744,131242929,0,"CM105765.1",131151706,131249031,"gene:ENSBOLG00010003280","SYNJ2","synaptojanin 2 [Ensembl NN prediction with score 100%]","+",131151706,131249031,TRUE,91038,91038,6102,"overlapping","gene_body",FALSE,"intron"
"CM105778.1",24765808,24765878,71,5,-12.6495187221943,"CM105778.1",24765808,24765878,167440,"CM105778.1",24933319,24950078,"gene:ENSBOLG00010010679","Tars","threonyl-tRNA synthetase [Ensembl NN prediction with score 99.79%]","+",24933319,24950078,FALSE,167441,167441,184200,"upstream","intergenic",FALSE,"intergenic"
"CM105766.1",28688688,28688749,62,5,-12.6040457172153,"CM105766.1",28688688,28688749,12296,"CM105766.1",28663544,28676391,"gene:ENSBOLG00010007724","Clec4n","C-type lectin domain family 4, member n [Ensembl NN prediction with score 94.65%]","-",28676391,28663544,FALSE,12297,12297,25144,"upstream","intergenic",FALSE,"intergenic"
"CM105767.1",114552233,114552285,53,5,12.5705596516775,"CM105767.1",114552233,114552285,353028,"CM105767.1",114905314,115598629,"gene:ENSBOLG00010001985","CNTN5","contactin 5 [Ensembl NN prediction with score 99.99%]","+",114905314,115598629,FALSE,353029,353029,1046344,"upstream","intergenic",FALSE,"intergenic"
"CM105774.1",39135860,39136981,1122,4,-12.5677317966316,"CM105774.1",39135860,39136981,1048855,"CM105774.1",40185837,40206964,"gene:ENSBOLG00010011783","OLFM4","olfactomedin 4 [Ensembl NN prediction with score 99.99%]","-",40206964,40185837,FALSE,1069983,1069983,1048856,"downstream","intergenic",FALSE,"intergenic"
"CM105766.1",5042669,5042724,56,5,-12.553410208036,"CM105766.1",5042669,5042724,75258,"CM105766.1",4957653,4967410,"gene:ENSBOLG00010003027","PTHLH","parathyroid hormone like hormone [Ensembl NN prediction with score 100%]","+",4957653,4967410,FALSE,85016,85016,75259,"downstream","intergenic",FALSE,"intergenic"
"CM105781.1",64949442,64949505,64,5,-12.5357554183973,"CM105781.1",64949442,64949505,0,"CM105781.1",64938384,64960224,"gene:ENSBOLG00010005963","ACADM","acyl-CoA dehydrogenase medium chain [Ensembl NN prediction with score 100%]","-",64960224,64938384,TRUE,10719,10719,11058,"overlapping","gene_body",FALSE,"intron"
"CM105789.1",2266632,2266730,99,5,-12.4995220752118,"CM105789.1",2266632,2266730,15680,"CM105789.1",2282411,2290271,"gene:ENSBOLG00010007338","CKAP4","cytoskeleton associated protein 4 [Ensembl NN prediction with score 99.7%]","+",2282411,2290271,FALSE,15681,15681,23541,"upstream","intergenic",FALSE,"intergenic"
"CM105768.1",5499536,5499600,65,5,12.4838375228487,"CM105768.1",5499536,5499600,0,"CM105768.1",4946801,5820396,"gene:ENSBOLG00010002792","DPP6","dipeptidyl peptidase like 6 [Ensembl NN prediction with score 100%]","-",5820396,4946801,TRUE,320796,320796,552735,"overlapping","gene_body",FALSE,"intron"
"CM105779.1",33957369,33957428,60,4,-12.475439913316,"CM105779.1",33957369,33957428,474058,"CM105779.1",33481820,33483310,"gene:ENSBOLG00010012537","POU3F3","POU class 3 homeobox 3 [Ensembl NN prediction with score 100%]","-",33483310,33481820,FALSE,474059,474059,475549,"upstream","intergenic",FALSE,"intergenic"
"CM105789.1",8762576,8762642,67,5,-12.4632707069305,"CM105789.1",8762576,8762642,301870,"CM105789.1",9064513,9096993,"gene:ENSBOLG00010007589","NEDD1","NEDD1 gamma-tubulin ring complex targeting factor [Ensembl NN prediction with score 100%]","-",9096993,9064513,FALSE,334351,334351,301871,"downstream","intergenic",FALSE,"intergenic"
"CM105780.1",59966111,59966166,56,9,12.4420267225218,"CM105780.1",59966111,59966166,0,"CM105780.1",59945302,60079242,"gene:ENSBOLG00010007912","EYA1","EYA transcriptional coactivator and phosphatase 1 [Ensembl NN prediction with score 100%]","-",60079242,59945302,TRUE,113076,113076,20809,"overlapping","gene_body",FALSE,"intron"
"CM105771.1",86961133,86961188,56,5,12.4044446075938,"CM105771.1",86961133,86961188,0,"CM105771.1",86952719,86962422,"gene:ENSBOLG00010021229","FAM171A2","family with sequence similarity 171 member A2 [Ensembl NN prediction with score 100%]","-",86962422,86952719,TRUE,1234,1234,8414,"overlapping","gene_body",FALSE,"intron"
"CM105782.1",23041456,23041571,116,4,12.4024498723262,"CM105782.1",23041456,23041571,167737,"CM105782.1",23209309,23209464,"gene:ENSBOLG00010018156",NA,NA,"-",23209464,23209309,FALSE,167893,167893,167738,"downstream","intergenic",FALSE,"intergenic"
"JBCDMM020000037.1",1260850,1260905,56,5,12.4001993902671,"JBCDMM020000037.1",1260850,1260905,NA,NA,NA,NA,NA,NA,NA,"+",NA,NA,NA,NA,NA,NA,"overlapping","intergenic",FALSE,"intergenic"
"CM105787.1",33911408,33911478,71,4,12.3514138517982,"CM105787.1",33911408,33911478,252549,"CM105787.1",33646716,33658858,"gene:ENSBOLG00010003809","NR2F2","nuclear receptor subfamily 2 group F member 2 [Ensembl NN prediction with score 99.86%]","-",33658858,33646716,FALSE,252550,252550,264692,"upstream","intergenic",FALSE,"intergenic"
"JBCDMM020000040.1",1437007,1437057,51,4,12.335949873738,"JBCDMM020000040.1",1437007,1437057,NA,NA,NA,NA,NA,NA,NA,"+",NA,NA,NA,NA,NA,NA,"overlapping","intergenic",FALSE,"intergenic"
"CM105782.1",47299050,47299101,52,5,12.3053873665348,"CM105782.1",47299050,47299101,0,"CM105782.1",47228083,48130182,"gene:ENSBOLG00010015910","WWOX","WW domain containing oxidoreductase [Ensembl NN prediction with score 100%]","+",47228083,48130182,TRUE,70967,70967,831081,"overlapping","gene_body",FALSE,"intron"
"CM105764.1",125672817,125673090,274,4,-12.2911977392484,"CM105764.1",125672817,125673090,0,"CM105764.1",125533311,125811678,"gene:ENSBOLG00010002690","TMEM132B","transmembrane protein 132B [Ensembl NN prediction with score 100%]","-",125811678,125533311,TRUE,138588,138588,139506,"overlapping","gene_body",FALSE,"intron"
"CM105774.1",53916581,53916664,84,7,-12.2525947300485,"CM105774.1",53916581,53916664,0,"CM105774.1",53914214,53928098,"gene:ENSBOLG00010008728",NA,NA,"-",53928098,53914214,TRUE,11434,11434,2367,"overlapping","gene_body",FALSE,"intron"
"CM105777.1",42417724,42417878,155,4,-12.232320261034,"CM105777.1",42417724,42417878,174671,"CM105777.1",42592550,42663567,"gene:ENSBOLG00010010852","YTHDC2","YTH domain containing 2 [Ensembl NN prediction with score 100%]","-",42663567,42592550,FALSE,245689,245689,174672,"downstream","intergenic",FALSE,"intergenic"
"CM105780.1",36552188,36552241,54,5,-12.2124951740456,"CM105780.1",36552188,36552241,1379212,"CM105780.1",37931454,37933274,"gene:ENSBOLG00010011758","LINGO2","leucine rich repeat and Ig domain containing 2 [Ensembl NN prediction with score 100%]","+",37931454,37933274,FALSE,1379213,1379213,1381033,"upstream","intergenic",FALSE,"intergenic"
"CM105783.1",22447520,22447693,174,7,12.1915025507477,"CM105783.1",22447520,22447693,66976,"CM105783.1",22242089,22380543,"gene:ENSBOLG00010006769","MTSS1","MTSS I-BAR domain containing 1 [Ensembl NN prediction with score 100%]","-",22380543,22242089,FALSE,66977,66977,205431,"upstream","intergenic",FALSE,"intergenic"
"CM105776.1",46053127,46053447,321,4,-12.1719126221773,"CM105776.1",46053127,46053447,234164,"CM105776.1",46287612,46288496,"gene:ENSBOLG00010008680","AW549877","expressed sequence AW549877 [Ensembl NN prediction with score 99.25%]","+",46287612,46288496,FALSE,234165,234165,235049,"upstream","intergenic",FALSE,"intergenic"
"CM105775.1",50004473,50004528,56,5,-12.1212449176286,"CM105775.1",50004473,50004528,115964,"CM105775.1",49886495,49888508,"gene:ENSBOLG00010011402","RPS29","ribosomal protein S29 [Ensembl NN prediction with score 100%]","+",49886495,49888508,FALSE,117978,117978,115965,"downstream","intergenic",FALSE,"intergenic"
"CM105784.1",46381882,46382078,197,4,12.1171339547284,"CM105784.1",46381882,46382078,102019,"CM105784.1",46250423,46279862,"gene:ENSBOLG00010007795",NA,NA,"+",46250423,46279862,FALSE,131459,131459,102020,"downstream","intergenic",FALSE,"intergenic"
"CM105783.1",6239156,6239215,60,4,-12.1077007002757,"CM105783.1",6239156,6239215,0,"CM105783.1",6212914,6292448,"gene:ENSBOLG00010006936","LRP12","LDL receptor related protein 12 [Ensembl NN prediction with score 100%]","-",6292448,6212914,TRUE,53233,53233,26242,"overlapping","gene_body",FALSE,"intron"
"CM105782.1",49840805,49840874,70,7,-12.1064468255927,"CM105782.1",49840805,49840874,0,"CM105782.1",49828539,49860439,"gene:ENSBOLG00010016705","BCO1","beta-carotene oxygenase 1 [Ensembl NN prediction with score 100%]","+",49828539,49860439,TRUE,12266,12266,19565,"overlapping","gene_body",FALSE,"intron"
"CM105789.1",7910946,7910998,53,7,12.1006798042573,"CM105789.1",7910946,7910998,231928,"CM105789.1",7656815,7679017,"gene:ENSBOLG00010007515","TMPO","thymopoietin [Ensembl NN prediction with score 100%]","-",7679017,7656815,FALSE,231929,231929,254131,"upstream","intergenic",FALSE,"intergenic"
"CM105784.1",45590559,45590686,128,6,-12.0630079727276,"CM105784.1",45590559,45590686,172707,"CM105784.1",45763394,45897585,"gene:ENSBOLG00010007891","FAT4","FAT atypical cadherin 4 [Ensembl NN prediction with score 100%]","-",45897585,45763394,FALSE,306899,306899,172708,"downstream","intergenic",FALSE,"intergenic"
"CM105768.1",69978445,69978512,68,7,12.0483865031864,"CM105768.1",69978445,69978512,0,"CM105768.1",69877785,70082223,"gene:ENSBOLG00010002465","SNTG2","syntrophin gamma 2 [Ensembl NN prediction with score 100%]","-",70082223,69877785,TRUE,103711,103711,100660,"overlapping","gene_body",FALSE,"intron"
"CM105769.1",7672359,7672411,53,5,-11.9571959959903,"CM105769.1",7672359,7672411,256572,"CM105769.1",7928984,8078528,"gene:ENSBOLG00010006233","GPATCH2","G-patch domain containing 2 [Ensembl NN prediction with score 100%]","-",8078528,7928984,FALSE,406117,406117,256573,"downstream","intergenic",FALSE,"intergenic"
"CM105768.1",92614488,92614622,135,4,-11.9465515973414,"CM105768.1",92614488,92614622,221370,"CM105768.1",92835993,92870464,"gene:ENSBOLG00010000970","GCFC2","GC-rich sequence DNA-binding factor 2 [Ensembl NN prediction with score 100%]","+",92835993,92870464,FALSE,221371,221371,255842,"upstream","intergenic",FALSE,"intergenic"
"CM105784.1",8714374,8714442,69,7,-11.9026862898936,"CM105784.1",8714374,8714442,8497,"CM105784.1",8703349,8705876,"gene:ENSBOLG00010006123","TLR2","toll like receptor 2 [Ensembl NN prediction with score 97.83%]","+",8703349,8705876,FALSE,11025,11025,8498,"downstream","intergenic",FALSE,"intergenic"
"CM105782.1",22553422,22553574,153,7,-11.9025903747483,"CM105782.1",22553422,22553574,82924,"CM105782.1",22636499,22739945,"gene:ENSBOLG00010017301","TOX3","TOX high mobility group box family member 3 [Ensembl NN prediction with score 100%]","-",22739945,22636499,FALSE,186371,186371,82925,"downstream","intergenic",FALSE,"intergenic"
"CM105771.1",77940158,77940243,86,5,-11.8240709985236,"CM105771.1",77940158,77940243,45097,"CM105771.1",77391368,77895060,"gene:ENSBOLG00010002096",NA,NA,"+",77391368,77895060,FALSE,548790,548790,45098,"downstream","intergenic",FALSE,"intergenic"
"CM105770.1",55355412,55355474,63,5,11.7012363929219,"CM105770.1",55355412,55355474,106452,"CM105770.1",55157911,55248959,"gene:ENSBOLG00010001260","PPARGC1A","PPARG coactivator 1 alpha [Ensembl NN prediction with score 100%]","-",55248959,55157911,FALSE,106453,106453,197501,"upstream","intergenic",FALSE,"intergenic"
"CM105783.1",53619028,53619079,52,4,-11.6856722179269,"CM105783.1",53619028,53619079,0,"CM105783.1",53618288,53660939,"gene:ENSBOLG00010008584",NA,NA,"+",53618288,53660939,TRUE,740,740,41860,"overlapping","gene_body",TRUE,"exon"
"CM105780.1",16127715,16127832,118,4,-11.6589600377849,"CM105780.1",16127715,16127832,73578,"CM105780.1",15823417,16054136,"gene:ENSBOLG00010014614","SNTG1","syntrophin gamma 1 [Ensembl NN prediction with score 100%]","-",16054136,15823417,FALSE,73579,73579,304298,"upstream","intergenic",FALSE,"intergenic"
"CM105778.1",58695090,58695162,73,5,11.6354854713969,"CM105778.1",58695090,58695162,49892,"CM105778.1",58588529,58645197,"gene:ENSBOLG00010008873","CMYA5","cardiomyopathy associated 5 [Ensembl NN prediction with score 99.99%]","+",58588529,58645197,FALSE,106561,106561,49893,"downstream","intergenic",FALSE,"intergenic"
"CM105782.1",50078778,50078829,52,5,11.6101602654944,"CM105782.1",50078778,50078829,0,"CM105782.1",49977344,50169483,"gene:ENSBOLG00010016134","CMIP","c-Maf inducing protein [Ensembl NN prediction with score 100%]","+",49977344,50169483,TRUE,101434,101434,90654,"overlapping","gene_body",FALSE,"intron"
"CM105769.1",5272398,5272451,54,4,11.5552539295533,"CM105769.1",5272398,5272451,83903,"CM105769.1",5149751,5188494,"gene:ENSBOLG00010006316","PROX1","prospero homeobox 1 [Ensembl NN prediction with score 100%]","+",5149751,5188494,FALSE,122647,122647,83904,"downstream","intergenic",FALSE,"intergenic"
"CM105785.1",39460958,39461020,63,5,-11.547289000156,"CM105785.1",39460958,39461020,250987,"CM105785.1",39712008,39789503,"gene:ENSBOLG00010003781","TANK","TRAF family member associated NFKB activator [Ensembl NN prediction with score 100%]","+",39712008,39789503,FALSE,250988,250988,328483,"upstream","intergenic",FALSE,"intergenic"
"CM105767.1",15847344,15847425,82,7,11.5159938958286,"CM105767.1",15847344,15847425,0,"CM105767.1",15816014,15848365,"gene:ENSBOLG00010022638","RBM5","RNA binding motif protein 5 [Ensembl NN prediction with score 100%]","+",15816014,15848365,TRUE,31330,31330,940,"overlapping","gene_body",TRUE,"exon"
"CM105764.1",116906860,116906919,60,5,11.5045657829605,"CM105764.1",116906860,116906919,0,"CM105764.1",116146191,117237516,"gene:ENSBOLG00010003108","AUTS2","activator of transcription and developmental regulator AUTS2 [Ensembl NN prediction with score 99.99%]","+",116146191,117237516,TRUE,760669,760669,330597,"overlapping","gene_body",FALSE,"intron"
"CM105769.1",48930029,48930130,102,4,-11.4884896272079,"CM105769.1",48930029,48930130,0,"CM105769.1",48922065,49005102,"gene:ENSBOLG00010000340","Gm281","predicted gene 281 [Ensembl NN prediction with score 100%]","+",48922065,49005102,TRUE,7964,7964,74972,"overlapping","gene_body",FALSE,"intron"
"CM105772.1",75203478,75203573,96,4,-11.4767266343898,"CM105772.1",75203478,75203573,0,"CM105772.1",75090133,75211078,"gene:ENSBOLG00010011711","PLPP4","phospholipid phosphatase 4 [Ensembl NN prediction with score 100%]","-",75211078,75090133,TRUE,7505,7505,113345,"overlapping","gene_body",FALSE,"intron"
"CM105784.1",16584252,16584528,277,5,11.4736674303975,"CM105784.1",16584252,16584528,4137,"CM105784.1",16588666,16647122,"gene:ENSBOLG00010013373","BCHE","butyrylcholinesterase [Ensembl NN prediction with score 100%]","+",16588666,16647122,FALSE,4138,4138,62594,"upstream","intergenic",FALSE,"intergenic"
"CM105784.1",61382321,61382503,183,4,11.4602187443491,"CM105784.1",61382321,61382503,0,"CM105784.1",60665448,61502102,"gene:ENSBOLG00010003710","NAALADL2","N-acetylated alpha-linked acidic dipeptidase like 2 [Ensembl NN prediction with score 100%]","+",60665448,61502102,TRUE,716873,716873,119599,"overlapping","gene_body",FALSE,"intron"
"CM105772.1",9020050,9020100,51,5,-11.4318664743106,"CM105772.1",9020050,9020100,346010,"CM105772.1",8625779,8674039,"gene:ENSBOLG00010017312","XPNPEP1","X-prolyl aminopeptidase 1 [Ensembl NN prediction with score 100%]","+",8625779,8674039,FALSE,394271,394271,346011,"downstream","intergenic",FALSE,"intergenic"
"CM105766.1",43498804,43498879,76,5,-11.429778110559,"CM105766.1",43498804,43498879,0,"CM105766.1",43474879,43555628,"gene:ENSBOLG00010000214","SUMF1","sulfatase modifying factor 1 [Ensembl NN prediction with score 100%]","+",43474879,43555628,TRUE,23925,23925,56749,"overlapping","gene_body",FALSE,"intron"
"CM105770.1",3204060,3204182,123,5,11.3659593781453,"CM105770.1",3204060,3204182,0,"CM105770.1",3167160,3207421,"gene:ENSBOLG00010020834","NFIC","nuclear factor I C [Ensembl NN prediction with score 100%]","-",3207421,3167160,TRUE,3239,3239,36900,"overlapping","gene_body",FALSE,"intron"
"CM105778.1",49492283,49492410,128,4,-11.354305228145,"CM105778.1",49492283,49492410,5840,"CM105778.1",49498251,49571127,"gene:ENSBOLG00010015530","PIK3R1","phosphoinositide-3-kinase regulatory subunit 1 [Ensembl NN prediction with score 100%]","+",49498251,49571127,FALSE,5841,5841,78717,"upstream","intergenic",FALSE,"intergenic"
"CM105780.1",47843580,47843824,245,4,-11.3458148913341,"CM105780.1",47843580,47843824,37919,"CM105780.1",47881744,47883003,"gene:ENSBOLG00010005250","GPR63","G protein-coupled receptor 63 [Ensembl NN prediction with score 100%]","-",47883003,47881744,FALSE,39179,39179,37920,"downstream","intergenic",FALSE,"intergenic"
"CM105764.1",65583632,65583703,72,5,11.3039756696457,"CM105764.1",65583632,65583703,0,"CM105764.1",65566752,65655523,"gene:ENSBOLG00010003726","PDIA5","protein disulfide isomerase family A member 5 [Ensembl NN prediction with score 99.98%]","+",65566752,65655523,TRUE,16880,16880,71820,"overlapping","gene_body",FALSE,"intron"
"CM105766.1",73933221,73933286,66,4,11.2745962314705,"CM105766.1",73933221,73933286,0,"CM105766.1",73916242,74001348,"gene:ENSBOLG00010022225",NA,NA,"+",73916242,74001348,TRUE,16979,16979,68062,"overlapping","gene_body",FALSE,"intron"
"CM105764.1",115866069,115866200,132,4,11.2345486425801,"CM105764.1",115866069,115866200,279990,"CM105764.1",116146191,117237516,"gene:ENSBOLG00010003108","AUTS2","activator of transcription and developmental regulator AUTS2 [Ensembl NN prediction with score 99.99%]","+",116146191,117237516,FALSE,279991,279991,1371316,"upstream","intergenic",FALSE,"intergenic"
"CM105770.1",98558944,98559001,58,5,11.2317882916388,"CM105770.1",98558944,98559001,13958,"CM105770.1",98541636,98544985,"gene:ENSBOLG00010001965","PRDM8","PR/SET domain 8 [Ensembl NN prediction with score 100%]","+",98541636,98544985,FALSE,17308,17308,13959,"downstream","intergenic",FALSE,"intergenic"
"CM105771.1",19264242,19264524,283,5,11.206749789966,"CM105771.1",19264242,19264524,0,"CM105771.1",18710151,19659286,"gene:ENSBOLG00010017956","TENM2","teneurin transmembrane protein 2 [Ensembl NN prediction with score 100%]","-",19659286,18710151,TRUE,394762,394762,554091,"overlapping","gene_body",FALSE,"intron"
"CM105775.1",62952114,62952164,51,5,-11.2013763296802,"CM105775.1",62952114,62952164,0,"CM105775.1",62922823,63751507,"gene:ENSBOLG00010008123","NPAS3","neuronal PAS domain protein 3 [Ensembl NN prediction with score 100%]","-",63751507,62922823,TRUE,799343,799343,29291,"overlapping","gene_body",FALSE,"intron"
"CM105765.1",118120725,118120783,59,5,11.1981148596441,"CM105765.1",118120725,118120783,0,"CM105765.1",118101246,118368309,"gene:ENSBOLG00010004246","PHACTR2","phosphatase and actin regulator 2 [Ensembl NN prediction with score 100%]","+",118101246,118368309,TRUE,19479,19479,247526,"overlapping","gene_body",FALSE,"intron"
"CM105779.1",11542940,11542991,52,5,11.1018198413563,"CM105779.1",11542940,11542991,0,"CM105779.1",11536749,11545781,"gene:ENSBOLG00010009258","MMP11","matrix metallopeptidase 11 [Ensembl NN prediction with score 100%]","+",11536749,11545781,TRUE,6191,6191,2790,"overlapping","gene_body",FALSE,"intron"
"CM105766.1",66631061,66631142,82,5,11.0105046927769,"CM105766.1",66631061,66631142,0,"CM105766.1",66218625,66779441,"gene:ENSBOLG00010008578","CSMD2","CUB and Sushi multiple domains 2 [Ensembl NN prediction with score 99.99%]","-",66779441,66218625,TRUE,148299,148299,412436,"overlapping","gene_body",FALSE,"intron"
"CM105781.1",47495188,47495239,52,4,-10.9610861586076,"CM105781.1",47495188,47495239,0,"CM105781.1",47368223,47590930,"gene:ENSBOLG00010015043","BANK1","B cell scaffold protein with ankyrin repeats 1 [Ensembl NN prediction with score 100%]","-",47590930,47368223,TRUE,95691,95691,126965,"overlapping","gene_body",FALSE,"intron"
"CM105786.1",17120242,17120354,113,4,-10.9606564587632,"CM105786.1",17120242,17120354,0,"CM105786.1",17114441,17164020,"gene:ENSBOLG00010010079","TACC1","transforming acidic coiled-coil containing protein 1 [Ensembl NN prediction with score 99.99%]","-",17164020,17114441,TRUE,43666,43666,5801,"overlapping","gene_body",FALSE,"intron"
"CM105779.1",25444422,25444479,58,5,10.9468580002635,"CM105779.1",25444422,25444479,0,"CM105779.1",25416643,25751087,"gene:ENSBOLG00010009307","CDH23","cadherin related 23 [Ensembl NN prediction with score 85.4%]","+",25416643,25751087,TRUE,27779,27779,306608,"overlapping","gene_body",FALSE,"intron"
"CM105784.1",46373945,46373995,51,4,10.918020611685,"CM105784.1",46373945,46373995,94082,"CM105784.1",46250423,46279862,"gene:ENSBOLG00010007795",NA,NA,"+",46250423,46279862,FALSE,123522,123522,94083,"downstream","intergenic",FALSE,"intergenic"
"CM105776.1",2802192,2802257,66,5,10.9110721949113,"CM105776.1",2802192,2802257,35484,"CM105776.1",2837742,2860317,"gene:ENSBOLG00010015672","FBP1","fructose-bisphosphatase 1 [Ensembl NN prediction with score 99.99%]","+",2837742,2860317,FALSE,35485,35485,58060,"upstream","intergenic",FALSE,"intergenic"
"CM105773.1",48313910,48314201,292,4,-10.8354102764657,"CM105773.1",48313910,48314201,290627,"CM105773.1",48604829,48650682,"gene:ENSBOLG00010017097","HAO1","hydroxyacid oxidase 1 [Ensembl NN prediction with score 100%]","-",48650682,48604829,FALSE,336481,336481,290628,"downstream","intergenic",FALSE,"intergenic"
"CM105774.1",78478447,78478725,279,5,10.8268125011869,"CM105774.1",78478447,78478725,0,"CM105774.1",77684287,78691828,"gene:ENSBOLG00010013042","LRMDA","leucine rich melanocyte differentiation associated [Ensembl NN prediction with score 99.95%]","-",78691828,77684287,TRUE,213103,213103,794160,"overlapping","gene_body",FALSE,"intron"
"CM105768.1",102529798,102529848,51,5,-10.7581986537372,"CM105768.1",102529798,102529848,0,"CM105768.1",102529715,102551466,"gene:ENSBOLG00010013176","LDLRAP1","low density lipoprotein receptor adaptor protein 1 [Ensembl NN prediction with score 99.94%]","-",102551466,102529715,TRUE,21618,21618,83,"overlapping","gene_body",TRUE,"exon"
"CM105765.1",16346081,16346167,87,5,10.7581602696861,"CM105765.1",16346081,16346167,0,"CM105765.1",16317901,16377327,"gene:ENSBOLG00010001135","SERPINE2","serpin family E member 2 [Ensembl NN prediction with score 100%]","-",16377327,16317901,TRUE,31160,31160,28180,"overlapping","gene_body",FALSE,"intron"
"CM105768.1",67183420,67183486,67,5,10.7191771955816,"CM105768.1",67183420,67183486,7690,"CM105768.1",67191177,67192364,"gene:ENSBOLG00010002972","SOX11","SRY-box transcription factor 11 [Ensembl NN prediction with score 100%]","-",67192364,67191177,FALSE,8878,8878,7691,"downstream","intergenic",FALSE,"intergenic"
"CM105783.1",15825988,15826070,83,7,10.6953865533497,"CM105783.1",15825988,15826070,10881,"CM105783.1",15836952,15918596,"gene:ENSBOLG00010013387","EIF3H","eukaryotic translation initiation factor 3 subunit H [Ensembl NN prediction with score 100%]","-",15918596,15836952,FALSE,92526,92526,10882,"downstream","intergenic",FALSE,"intergenic"
"CM105774.1",35359794,35359977,184,5,-10.6573245949787,"CM105774.1",35359794,35359977,399701,"CM105774.1",35759679,35760560,"gene:ENSBOLG00010011880","AKTIP","AKT interacting protein [Ensembl NN prediction with score 100%]","-",35760560,35759679,FALSE,400583,400583,399702,"downstream","intergenic",FALSE,"intergenic"
"CM105781.1",57298826,57298956,131,4,10.6312953048507,"CM105781.1",57298826,57298956,0,"CM105781.1",57197095,57329282,"gene:ENSBOLG00010006562","DDAH1","dimethylarginine dimethylaminohydrolase 1 [Ensembl NN prediction with score 100%]","+",57197095,57329282,TRUE,101731,101731,30326,"overlapping","gene_body",TRUE,"exon"
"CM105765.1",16347488,16347634,147,4,10.6174387788561,"CM105765.1",16347488,16347634,0,"CM105765.1",16317901,16377327,"gene:ENSBOLG00010001135","SERPINE2","serpin family E member 2 [Ensembl NN prediction with score 100%]","-",16377327,16317901,TRUE,29693,29693,29587,"overlapping","gene_body",FALSE,"intron"
"CM105778.1",55533342,55533427,86,5,10.597931353274,"CM105778.1",55533342,55533427,0,"CM105778.1",55489125,55623672,"gene:ENSBOLG00010009155","SV2C","synaptic vesicle glycoprotein 2C [Ensembl NN prediction with score 100%]","+",55489125,55623672,TRUE,44217,44217,90245,"overlapping","gene_body",FALSE,"intron"
"CM105764.1",22286888,22287038,151,7,10.5886382379718,"CM105764.1",22286888,22287038,454475,"CM105764.1",22741514,22849557,"gene:ENSBOLG00010000097","USP25","ubiquitin specific peptidase 25 [Ensembl NN prediction with score 100%]","-",22849557,22741514,FALSE,562519,562519,454476,"downstream","intergenic",FALSE,"intergenic"
"CM105786.1",37994871,37994967,97,9,10.5569197803046,"CM105786.1",37994871,37994967,0,"CM105786.1",37823814,38270143,"gene:ENSBOLG00010006012","TENM3","teneurin transmembrane protein 3 [Ensembl NN prediction with score 100%]","-",38270143,37823814,TRUE,275176,275176,171057,"overlapping","gene_body",FALSE,"intron"
"CM105765.1",45427913,45428021,109,4,-10.5367893760975,"CM105765.1",45427913,45428021,88438,"CM105765.1",45516460,45607233,"gene:ENSBOLG00010007994","Zfp536","zinc finger protein 536 [Ensembl NN prediction with score 99.99%]","+",45516460,45607233,FALSE,88439,88439,179212,"upstream","intergenic",FALSE,"intergenic"
"CM105767.1",109673889,109673947,59,5,-10.5325616083054,"CM105767.1",109673889,109673947,0,"CM105767.1",109446503,109905918,"gene:ENSBOLG00010001935","FAT3","FAT atypical cadherin 3 [Ensembl NN prediction with score 99.99%]","+",109446503,109905918,TRUE,227386,227386,231971,"overlapping","gene_body",FALSE,"intron"
"CM105773.1",43831773,43831836,64,4,-10.5325531021316,"CM105773.1",43831773,43831836,5437,"CM105773.1",43837274,43845315,"gene:ENSBOLG00010016323","SNRPB","small nuclear ribonucleoprotein polypeptides B and B1 [Ensembl NN prediction with score 99.98%]","-",43845315,43837274,FALSE,13479,13479,5438,"downstream","intergenic",FALSE,"intergenic"
"CM105771.1",19168760,19168832,73,5,10.4690603116145,"CM105771.1",19168760,19168832,0,"CM105771.1",18710151,19659286,"gene:ENSBOLG00010017956","TENM2","teneurin transmembrane protein 2 [Ensembl NN prediction with score 100%]","-",19659286,18710151,TRUE,490454,490454,458609,"overlapping","gene_body",FALSE,"intron"
"CM105780.1",50320036,50320215,180,4,-10.450948032217,"CM105780.1",50320036,50320215,945,"CM105780.1",50248563,50319090,"gene:ENSBOLG00010005145","FBXL4","F-box and leucine rich repeat protein 4 [Ensembl NN prediction with score 100%]","-",50319090,50248563,FALSE,946,946,71473,"upstream","promoter",FALSE,"promoter"
"CM105765.1",133360439,133360520,82,5,10.433754584104,"CM105765.1",133360439,133360520,0,"CM105765.1",133282075,134474553,"gene:ENSBOLG00010003122","PRKN","parkin RBR E3 ubiquitin protein ligase [Ensembl NN prediction with score 99.07%]","-",134474553,133282075,TRUE,1114033,1114033,78364,"overlapping","gene_body",FALSE,"intron"
"CM105770.1",40508453,40508508,56,5,10.3832023372211,"CM105770.1",40508453,40508508,0,"CM105770.1",40415501,40798516,"gene:ENSBOLG00010016957","SORCS2","sortilin related VPS10 domain containing receptor 2 [Ensembl NN prediction with score 100%]","-",40798516,40415501,TRUE,290008,290008,92952,"overlapping","gene_body",FALSE,"intron"
"CM105765.1",98451195,98451301,107,4,10.3674180901554,"CM105765.1",98451195,98451301,314794,"CM105765.1",98766096,98790789,"gene:ENSBOLG00010011552","HSF2","heat shock transcription factor 2 [Ensembl NN prediction with score 100%]","+",98766096,98790789,FALSE,314795,314795,339488,"upstream","intergenic",FALSE,"intergenic"
"CM105766.1",14999556,14999628,73,5,-10.3422848208312,"CM105766.1",14999556,14999628,13832,"CM105766.1",15013461,15082186,"gene:ENSBOLG00010002536","EPS8","epidermal growth factor receptor pathway substrate 8 [Ensembl NN prediction with score 100%]","+",15013461,15082186,FALSE,13833,13833,82558,"upstream","intergenic",FALSE,"intergenic"
"CM105788.1",29364227,29364713,487,4,10.312160850241,"CM105788.1",29364227,29364713,0,"CM105788.1",29283166,29407563,"gene:ENSBOLG00010015053","COPG1","COPI coat complex subunit gamma 1 [Ensembl NN prediction with score 76.16%]","-",29407563,29283166,TRUE,42850,42850,81061,"overlapping","gene_body",FALSE,"intron"
"CM105771.1",82218099,82218149,51,4,10.2943818026041,"CM105771.1",82218099,82218149,7270,"CM105771.1",82225420,82280629,"gene:ENSBOLG00010019696","PLXDC1","plexin domain containing 1 [Ensembl NN prediction with score 100%]","-",82280629,82225420,FALSE,62480,62480,7271,"downstream","intergenic",FALSE,"intergenic"
"CM105768.1",14774379,14774431,53,5,10.2677537857121,"CM105768.1",14774379,14774431,0,"CM105768.1",14725155,14777245,"gene:ENSBOLG00010017136","WIPF3","WAS/WASL interacting protein family member 3 [Ensembl NN prediction with score 100%]","+",14725155,14777245,TRUE,49224,49224,2814,"overlapping","gene_body",FALSE,"intron"
"CM105770.1",34021407,34021589,183,4,10.2326817979854,"CM105770.1",34021407,34021589,0,"CM105770.1",33993790,34032247,"gene:ENSBOLG00010014336","GCK","glucokinase [Ensembl NN prediction with score 100%]","+",33993790,34032247,TRUE,27617,27617,10658,"overlapping","gene_body",FALSE,"intron"
"CM105785.1",42759343,42759419,77,5,10.2113613451214,"CM105785.1",42759343,42759419,0,"CM105785.1",42730254,42837191,"gene:ENSBOLG00010003776","GRB14","growth factor receptor bound protein 14 [Ensembl NN prediction with score 99.96%]","-",42837191,42730254,TRUE,77772,77772,29089,"overlapping","gene_body",FALSE,"intron"
"CM105781.1",44160495,44160594,100,4,10.2040382567531,"CM105781.1",44160495,44160594,152035,"CM105781.1",43924213,44008459,"gene:ENSBOLG00010015770","DKK2","dickkopf WNT signaling pathway inhibitor 2 [Ensembl NN prediction with score 100%]","+",43924213,44008459,FALSE,236282,236282,152036,"downstream","intergenic",FALSE,"intergenic"
"CM105775.1",42278644,42278694,51,4,-10.1932315255506,"CM105775.1",42278644,42278694,0,"CM105775.1",42217876,42296524,"gene:ENSBOLG00010012413","fntb","farnesyltransferase, CAAX box, beta [Ensembl NN prediction with score 100%]","-",42296524,42217876,TRUE,17830,17830,60768,"overlapping","gene_body",FALSE,"intron"
"CM105790.1",38676539,38676626,88,5,-10.1882610780003,"CM105790.1",38676539,38676626,0,"CM105790.1",38519428,38755920,"gene:ENSBOLG00010010053","ANKRD44","ankyrin repeat domain 44 [Ensembl NN prediction with score 100%]","-",38755920,38519428,TRUE,79294,79294,157111,"overlapping","gene_body",FALSE,"intron"
"CM105764.1",65110952,65111009,58,5,-10.1586547919041,"CM105764.1",65110952,65111009,14587,"CM105764.1",65125597,65228214,"gene:ENSBOLG00010003907","PARP14","poly(ADP-ribose) polymerase family member 14 [Ensembl NN prediction with score 99.98%]","+",65125597,65228214,FALSE,14588,14588,117205,"upstream","intergenic",FALSE,"intergenic"
"CM105768.1",69361967,69362021,55,5,-10.0721515927049,"CM105768.1",69361967,69362021,134999,"CM105768.1",69497021,69637507,"gene:ENSBOLG00010002691","MYT1L","myelin transcription factor 1 like [Ensembl NN prediction with score 100%]","+",69497021,69637507,FALSE,135000,135000,275486,"upstream","intergenic",FALSE,"intergenic"
"CM105771.1",79261692,79262031,340,6,-10.0582871687938,"CM105771.1",79261692,79262031,9408,"CM105771.1",79251979,79252283,"gene:ENSBOLG00010002044","Defb13","defensin beta 13 [Ensembl NN prediction with score 85.5%]","-",79252283,79251979,FALSE,9409,9409,9713,"upstream","intergenic",FALSE,"intergenic"
"CM105767.1",71996091,71996158,68,5,10.0069022172301,"CM105767.1",71996091,71996158,22534,"CM105767.1",71949056,71973556,"gene:ENSBOLG00010004188","TRIM29","tripartite motif containing 29 [Ensembl NN prediction with score 100%]","+",71949056,71973556,FALSE,47035,47035,22535,"downstream","intergenic",FALSE,"intergenic"
"CM105778.1",51244568,51244628,61,5,9.99471836874584,"CM105778.1",51244568,51244628,0,"CM105778.1",51195857,51260991,"gene:ENSBOLG00010016643","MCCC2","methylcrotonyl-CoA carboxylase subunit 2 [Ensembl NN prediction with score 100%]","+",51195857,51260991,TRUE,48711,48711,16363,"overlapping","gene_body",FALSE,"intron"
"CM105786.1",44912795,44912885,91,4,-9.96665090505049,"CM105786.1",44912795,44912885,0,"CM105786.1",44822842,44970658,"gene:ENSBOLG00010006224","GLRA3","glycine receptor alpha 3 [Ensembl NN prediction with score 100%]","+",44822842,44970658,TRUE,89953,89953,57773,"overlapping","gene_body",FALSE,"intron"
"CM105764.1",95750237,95750446,210,4,-9.91379544207947,"CM105764.1",95750237,95750446,46787,"CM105764.1",95700798,95703449,"gene:ENSBOLG00010004544","CLEC10A","C-type lectin domain containing 10A [Ensembl NN prediction with score 87.02%]","-",95703449,95700798,FALSE,46788,46788,49439,"upstream","intergenic",FALSE,"intergenic"
"CM105765.1",21286086,21286136,51,5,-9.8164798382738,"CM105765.1",21286086,21286136,9376,"CM105765.1",21295513,21296394,"gene:ENSBOLG00010005502",NA,NA,"+",21295513,21296394,FALSE,9377,9377,10258,"upstream","intergenic",FALSE,"intergenic"
"CM105778.1",1466055,1466197,143,4,9.78803018798786,"CM105778.1",1466055,1466197,269068,"CM105778.1",1735266,1738767,"gene:ENSBOLG00010006683","IRX2","iroquois homeobox 2 [Ensembl NN prediction with score 100%]","-",1738767,1735266,FALSE,272570,272570,269069,"downstream","intergenic",FALSE,"intergenic"
"CM105774.1",49519736,49519800,65,5,-9.76665039817972,"CM105774.1",49519736,49519800,0,"CM105774.1",49515644,49520826,"gene:ENSBOLG00010007762","FGF17","fibroblast growth factor 17 [Ensembl NN prediction with score 100%]","+",49515644,49520826,TRUE,4092,4092,1026,"overlapping","gene_body",FALSE,"intron"
"CM105776.1",31499431,31499497,67,5,-9.7516007414748,"CM105776.1",31499431,31499497,287094,"CM105776.1",31786592,31977302,"gene:ENSBOLG00010012379","EXOC2","exocyst complex component 2 [Ensembl NN prediction with score 100%]","+",31786592,31977302,FALSE,287095,287095,477805,"upstream","intergenic",FALSE,"intergenic"
"CM105775.1",49064896,49064998,103,4,-9.72098485587222,"CM105775.1",49064896,49064998,2093,"CM105775.1",49067092,49088712,"gene:ENSBOLG00010012259","SAV1","salvador family WW domain containing protein 1 [Ensembl NN prediction with score 100%]","+",49067092,49088712,FALSE,2094,2094,23714,"upstream","intergenic",FALSE,"intergenic"
"CM105782.1",46601276,46601333,58,5,9.70657528568399,"CM105782.1",46601276,46601333,0,"CM105782.1",46466029,46604166,"gene:ENSBOLG00010016352","ADAMTS18","ADAM metallopeptidase with thrombospondin type 1 motif 18 [Ensembl NN prediction with score 100%]","-",46604166,46466029,TRUE,2833,2833,135247,"overlapping","gene_body",FALSE,"intron"
"CM105777.1",6252512,6252597,86,5,9.66508139441255,"CM105777.1",6252512,6252597,0,"CM105777.1",6230957,6266644,"gene:ENSBOLG00010006401","Zfp516","zinc finger protein 516 [Ensembl NN prediction with score 100%]","-",6266644,6230957,TRUE,14047,14047,21555,"overlapping","gene_body",FALSE,"intron"
"CM105782.1",9207421,9207479,59,5,9.64401122631086,"CM105782.1",9207421,9207479,0,"CM105782.1",9193619,9209566,"gene:ENSBOLG00010004966","TMEM184C","transmembrane protein 184C [Ensembl NN prediction with score 99.8%]","-",9209566,9193619,TRUE,2087,2087,13802,"overlapping","gene_body",FALSE,"intron"
"CM105768.1",67660267,67660324,58,5,-9.62911723896772,"CM105768.1",67660267,67660324,467902,"CM105768.1",67191177,67192364,"gene:ENSBOLG00010002972","SOX11","SRY-box transcription factor 11 [Ensembl NN prediction with score 100%]","-",67192364,67191177,FALSE,467903,467903,469090,"upstream","intergenic",FALSE,"intergenic"
"CM105787.1",9326306,9326371,66,5,-9.61738610653357,"CM105787.1",9326306,9326371,246,"CM105787.1",9316178,9326059,"gene:ENSBOLG00010009960","FCGRT","Fc fragment of IgG receptor and transporter [Ensembl NN prediction with score 99.98%]","-",9326059,9316178,FALSE,247,247,10128,"upstream","promoter",FALSE,"promoter"
"CM105777.1",62531463,62531519,57,5,9.60179368457854,"CM105777.1",62531463,62531519,45954,"CM105777.1",62478297,62485508,"gene:ENSBOLG00010007796","2700062C07Rik","RIKEN cDNA 2700062C07 gene [Ensembl NN prediction with score 95.76%]","-",62485508,62478297,FALSE,45955,45955,53166,"upstream","intergenic",FALSE,"intergenic"
"CM105785.1",9777688,9777741,54,5,9.45392981761703,"CM105785.1",9777688,9777741,0,"CM105785.1",9725257,9781472,"gene:ENSBOLG00010007088","LAMC3","laminin subunit gamma 3 [Ensembl NN prediction with score 99.89%]","-",9781472,9725257,TRUE,3731,3731,52431,"overlapping","gene_body",FALSE,"intron"
"CM105766.1",38848799,38848870,72,5,-9.40370282162691,"CM105766.1",38848799,38848870,0,"CM105766.1",38769854,38993513,"gene:ENSBOLG00010016608","SRGAP3","SLIT-ROBO Rho GTPase activating protein 3 [Ensembl NN prediction with score 100%]","+",38769854,38993513,TRUE,78945,78945,144643,"overlapping","gene_body",FALSE,"intron"
"CM105778.1",69395530,69395605,76,7,9.38790222315384,"CM105778.1",69395530,69395605,0,"CM105778.1",69027538,69569107,"gene:ENSBOLG00010005410","ADGRV1","adhesion G protein-coupled receptor V1 [Ensembl NN prediction with score 100%]","+",69027538,69569107,TRUE,367992,367992,173502,"overlapping","gene_body",FALSE,"intron"
"CM105764.1",117633576,117633639,64,4,9.37572320466149,"CM105764.1",117633576,117633639,0,"CM105764.1",117374214,117800607,"gene:ENSBOLG00010003198","GALNT17","polypeptide N-acetylgalactosaminyltransferase 17 [Ensembl NN prediction with score 99.42%]","+",117374214,117800607,TRUE,259362,259362,166968,"overlapping","gene_body",FALSE,"intron"
"CM105778.1",28259019,28259084,66,5,9.26468120769751,"CM105778.1",28259019,28259084,144314,"CM105778.1",28092456,28114704,"gene:ENSBOLG00010010450","GDNF","glial cell derived neurotrophic factor [Ensembl NN prediction with score 100%]","-",28114704,28092456,FALSE,144315,144315,166563,"upstream","intergenic",FALSE,"intergenic"
"CM105779.1",59526602,59526654,53,5,-9.25478343146387,"CM105779.1",59526602,59526654,0,"CM105779.1",59460378,59531388,"gene:ENSBOLG00010009842","TNFRSF21","TNF receptor superfamily member 21 [Ensembl NN prediction with score 99.78%]","+",59460378,59531388,TRUE,66224,66224,4734,"overlapping","gene_body",FALSE,"intron"
"CM105765.1",17028621,17028671,51,5,-9.23518489148458,"CM105765.1",17028621,17028671,0,"CM105765.1",16999042,17254011,"gene:ENSBOLG00010001138","DOCK10","dedicator of cytokinesis 10 [Ensembl NN prediction with score 100%]","-",17254011,16999042,TRUE,225340,225340,29579,"overlapping","gene_body",FALSE,"intron"
"CM105776.1",6912590,6912670,81,5,9.22200605721815,"CM105776.1",6912590,6912670,115005,"CM105776.1",6315384,6797584,"gene:ENSBOLG00010015482","SPOCK1","SPARC (osteonectin), cwcv and kazal like domains proteoglycan 1 [Ensembl NN prediction with score 99.97%]","+",6315384,6797584,FALSE,597206,597206,115006,"downstream","intergenic",FALSE,"intergenic"
"CM105783.1",41162482,41162534,53,5,-9.20614774091924,"CM105783.1",41162482,41162534,4562,"CM105783.1",41141336,41157919,"gene:ENSBOLG00010019739","PDGFB","platelet derived growth factor subunit B [Ensembl NN prediction with score 100%]","+",41141336,41157919,FALSE,21146,21146,4563,"downstream","intergenic",FALSE,"intergenic"
"CM105767.1",21574647,21574699,53,5,9.20420192229733,"CM105767.1",21574647,21574699,0,"CM105767.1",21573893,21586285,"gene:ENSBOLG00010017889","CALML4","calmodulin like 4 [Ensembl NN prediction with score 99.94%]","+",21573893,21586285,TRUE,754,754,11586,"overlapping","gene_body",FALSE,"intron"
"CM105781.1",51078988,51079048,61,5,-9.19350036872549,"CM105781.1",51078988,51079048,208330,"CM105781.1",50447576,50870657,"gene:ENSBOLG00010015896","STPG2","sperm tail PG-rich repeat containing 2 [Ensembl NN prediction with score 100%]","+",50447576,50870657,FALSE,631412,631412,208331,"downstream","intergenic",FALSE,"intergenic"
"CM105783.1",49140894,49140956,63,5,9.17101190618555,"CM105783.1",49140894,49140956,366703,"CM105783.1",48470764,48774190,"gene:ENSBOLG00010020756","TBC1D22A","TBC1 domain family member 22A [Ensembl NN prediction with score 100%]","+",48470764,48774190,FALSE,670130,670130,366704,"downstream","intergenic",FALSE,"intergenic"
"CM105764.1",57447157,57447317,161,4,-9.10012006034115,"CM105764.1",57447157,57447317,418626,"CM105764.1",57027553,57028530,"gene:ENSBOLG00010000153","CCDC54","coiled-coil domain containing 54 [Ensembl NN prediction with score 100%]","-",57028530,57027553,FALSE,418627,418627,419604,"upstream","intergenic",FALSE,"intergenic"
"CM105775.1",21840372,21840604,233,7,8.96528918377511,"CM105775.1",21840372,21840604,27700,"CM105775.1",21677074,21812671,"gene:ENSBOLG00010013148","KCNK10","potassium two pore domain channel subfamily K member 10 [Ensembl NN prediction with score 100%]","+",21677074,21812671,FALSE,163298,163298,27701,"downstream","intergenic",FALSE,"intergenic"
"CM105775.1",42609425,42609477,53,5,-8.9632582542522,"CM105775.1",42609425,42609477,29892,"CM105775.1",42535984,42579532,"gene:ENSBOLG00010012216","PLEKHG3","pleckstrin homology and RhoGEF domain containing G3 [Ensembl NN prediction with score 100%]","-",42579532,42535984,FALSE,29893,29893,73441,"upstream","intergenic",FALSE,"intergenic"
"CM105790.1",10459227,10459290,64,5,8.93989927223559,"CM105790.1",10459227,10459290,0,"CM105790.1",10299232,10511617,"gene:ENSBOLG00010004707","SEMA3A","semaphorin 3A [Ensembl NN prediction with score 100%]","+",10299232,10511617,TRUE,159995,159995,52327,"overlapping","gene_body",FALSE,"intron"
"CM105778.1",4223639,4223696,58,5,-8.93567895543209,"CM105778.1",4223639,4223696,0,"CM105778.1",4220603,4260598,"gene:ENSBOLG00010007114","UBE2QL1","ubiquitin conjugating enzyme E2 Q family like 1 [Ensembl NN prediction with score 100%]","+",4220603,4260598,TRUE,3036,3036,36902,"overlapping","gene_body",FALSE,"intron"
"CM105784.1",31757718,31757769,52,5,8.87515215312076,"CM105784.1",31757718,31757769,36421,"CM105784.1",31794191,31798660,"gene:ENSBOLG00010006209","RFXAP","regulatory factor X associated protein [Ensembl NN prediction with score 100%]","+",31794191,31798660,FALSE,36422,36422,40891,"upstream","intergenic",FALSE,"intergenic"
"CM105771.1",37001919,37001982,64,5,-8.85895193373564,"CM105771.1",37001919,37001982,0,"CM105771.1",36937265,37018656,"gene:ENSBOLG00010004955","FNIP1","folliculin interacting protein 1 [Ensembl NN prediction with score 100%]","+",36937265,37018656,TRUE,64654,64654,16674,"overlapping","gene_body",FALSE,"intron"
"CM105790.1",8634604,8634667,64,5,8.80002674722289,"CM105790.1",8634604,8634667,598013,"CM105790.1",7939963,8036590,"gene:ENSBOLG00010004628","GRM3","glutamate metabotropic receptor 3 [Ensembl NN prediction with score 100%]","-",8036590,7939963,FALSE,598014,598014,694641,"upstream","intergenic",FALSE,"intergenic"
"CM105771.1",39264495,39264548,54,4,-8.79072542958747,"CM105771.1",39264495,39264548,179788,"CM105771.1",39444337,39765241,"gene:ENSBOLG00010005330","GRIA1","glutamate ionotropic receptor AMPA type subunit 1 [Ensembl NN prediction with score 100%]","+",39444337,39765241,FALSE,179789,179789,500693,"upstream","intergenic",FALSE,"intergenic"
"CM105764.1",87625340,87625396,57,7,8.7856278910086,"CM105764.1",87625340,87625396,19911,"CM105764.1",87586769,87605428,"gene:ENSBOLG00010013301","SLC7A1","solute carrier family 7 member 1 [Ensembl NN prediction with score 100%]","-",87605428,87586769,FALSE,19912,19912,38571,"upstream","intergenic",FALSE,"intergenic"
"CM105769.1",27202685,27202737,53,5,-8.73524424806857,"CM105769.1",27202685,27202737,0,"CM105769.1",26894791,27342707,"gene:ENSBOLG00010019044","CACNA1D","calcium voltage-gated channel subunit alpha1 D [Ensembl NN prediction with score 99.99%]","+",26894791,27342707,TRUE,307894,307894,139970,"overlapping","gene_body",FALSE,"intron"
"CM105770.1",75748609,75748667,59,4,8.63144097974476,"CM105770.1",75748609,75748667,28590,"CM105770.1",75777258,75823981,"gene:ENSBOLG00010001161","CWH43","cell wall biogenesis 43 C-terminal homolog [Ensembl NN prediction with score 100%]","+",75777258,75823981,FALSE,28591,28591,75314,"upstream","intergenic",FALSE,"intergenic"
"CM105788.1",29422441,29422517,77,4,8.55272774450096,"CM105788.1",29422441,29422517,0,"CM105788.1",29407895,29425340,"gene:ENSBOLG00010015997","TSGA13","testis specific 13 [Ensembl NN prediction with score 100%]","-",29425340,29407895,TRUE,2823,2823,14546,"overlapping","gene_body",FALSE,"intron"
"CM105777.1",12517255,12517322,68,5,8.47589204255065,"CM105777.1",12517255,12517322,24726,"CM105777.1",12542049,12550877,"gene:ENSBOLG00010014248","ZBTB7C","zinc finger and BTB domain containing 7C [Ensembl NN prediction with score 100%]","-",12550877,12542049,FALSE,33555,33555,24727,"downstream","intergenic",FALSE,"intergenic"
"CM105767.1",8624626,8624683,58,5,8.35648751639613,"CM105767.1",8624626,8624683,96509,"CM105767.1",8353803,8528116,"gene:ENSBOLG00010003046","GADL1","glutamate decarboxylase like 1 [Ensembl NN prediction with score 99.99%]","-",8528116,8353803,FALSE,96510,96510,270823,"upstream","intergenic",FALSE,"intergenic"
"CM105773.1",32716345,32716398,54,7,-8.32139581690842,"CM105773.1",32716345,32716398,6515,"CM105773.1",32722914,32735102,"gene:ENSBOLG00010020479","VPS18","VPS18 core subunit of CORVET and HOPS complexes [Ensembl NN prediction with score 100%]","+",32722914,32735102,FALSE,6516,6516,18704,"upstream","intergenic",FALSE,"intergenic"
"CM105765.1",111746759,111746900,142,4,-8.28553712842445,"CM105765.1",111746759,111746900,0,"CM105765.1",111702780,111840178,"gene:ENSBOLG00010016742","MAP7","microtubule associated protein 7 [Ensembl NN prediction with score 100%]","-",111840178,111702780,TRUE,93278,93278,43979,"overlapping","gene_body",FALSE,"intron"
"CM105789.1",20156204,20156255,52,4,8.2262965947396,"CM105789.1",20156204,20156255,0,"CM105789.1",19958249,20348479,"gene:ENSBOLG00010009260","TMTC2","transmembrane O-mannosyltransferase targeting cadherins 2 [Ensembl NN prediction with score 100%]","-",20348479,19958249,TRUE,192224,192224,197955,"overlapping","gene_body",FALSE,"intron"
"CM105771.1",78693747,78693800,54,5,-8.14962360198549,"CM105771.1",78693747,78693800,0,"CM105771.1",78687705,78751856,"gene:ENSBOLG00010001587","CACNA1G","calcium voltage-gated channel subunit alpha1 G [Ensembl NN prediction with score 100%]","-",78751856,78687705,TRUE,58056,58056,6042,"overlapping","gene_body",TRUE,"exon"
"CM105773.1",36132966,36133022,57,5,-8.13141195610228,"CM105773.1",36132966,36133022,0,"CM105773.1",36115687,36134277,"gene:ENSBOLG00010019255","GATM","glycine amidinotransferase [Ensembl NN prediction with score 100%]","-",36134277,36115687,TRUE,1255,1255,17279,"overlapping","gene_body",TRUE,"exon"
"CM105782.1",60091580,60091642,63,5,-8.12745208512729,"CM105782.1",60091580,60091642,135095,"CM105782.1",59953124,59956484,"gene:ENSBOLG00010019336","IRF2BP2","interferon regulatory factor 2 binding protein 2 [Ensembl NN prediction with score 99.99%]","-",59956484,59953124,FALSE,135096,135096,138456,"upstream","intergenic",FALSE,"intergenic"
"CM105769.1",116165846,116165909,64,5,8.12006526218272,"CM105769.1",116165846,116165909,789788,"CM105769.1",116955698,117117130,"gene:ENSBOLG00010004560","CDH7","cadherin 7 [Ensembl NN prediction with score 100%]","+",116955698,117117130,FALSE,789789,789789,951221,"upstream","intergenic",FALSE,"intergenic"
"CM105769.1",29247807,29247980,174,4,-8.06625071972272,"CM105769.1",29247807,29247980,0,"CM105769.1",28944734,29802215,"gene:ENSBOLG00010021484","ERC2","ELKS/RAB6-interacting/CAST family member 2 [Ensembl NN prediction with score 100%]","-",29802215,28944734,TRUE,554235,554235,303073,"overlapping","gene_body",FALSE,"intron"
"CM105773.1",83123853,83123930,78,5,8.06363891971128,"CM105773.1",83123853,83123930,347801,"CM105773.1",83471732,83731770,"gene:ENSBOLG00010011210","TSHZ2","teashirt zinc finger homeobox 2 [Ensembl NN prediction with score 100%]","+",83471732,83731770,FALSE,347802,347802,607840,"upstream","intergenic",FALSE,"intergenic"
"CM105764.1",57013383,57013438,56,5,-8.03983091200824,"CM105764.1",57013383,57013438,14114,"CM105764.1",57027553,57028530,"gene:ENSBOLG00010000153","CCDC54","coiled-coil domain containing 54 [Ensembl NN prediction with score 100%]","-",57028530,57027553,FALSE,15092,15092,14115,"downstream","intergenic",FALSE,"intergenic"
"CM105782.1",51402053,51402120,68,5,7.95600622393626,"CM105782.1",51402053,51402120,0,"CM105782.1",50944695,51921543,"gene:ENSBOLG00010015934","CDH13","cadherin 13 [Ensembl NN prediction with score 100%]","+",50944695,51921543,TRUE,457358,457358,519423,"overlapping","gene_body",FALSE,"intron"
"CM105776.1",36372959,36373056,98,4,7.95361116521742,"CM105776.1",36372959,36373056,528748,"CM105776.1",36901805,36911773,"gene:ENSBOLG00010012675","NRSN1","neurensin 1 [Ensembl NN prediction with score 100%]","+",36901805,36911773,FALSE,528749,528749,538717,"upstream","intergenic",FALSE,"intergenic"
"CM105781.1",54965301,54965355,55,5,7.9124577329504,"CM105781.1",54965301,54965355,515153,"CM105781.1",54354109,54450147,"gene:ENSBOLG00010006530","PKN2","protein kinase N2 [Ensembl NN prediction with score 100%]","-",54450147,54354109,FALSE,515154,515154,611192,"upstream","intergenic",FALSE,"intergenic"
"CM105787.1",44913572,44913625,54,5,-7.90975870042396,"CM105787.1",44913572,44913625,0,"CM105787.1",44889722,44996428,"gene:ENSBOLG00010016475","SH3GL3","SH3 domain containing GRB2 like 3, endophilin A3 [Ensembl NN prediction with score 100%]","+",44889722,44996428,TRUE,23850,23850,82803,"overlapping","gene_body",FALSE,"intron"
"CM105764.1",90837308,90837625,318,4,-7.90012200809797,"CM105764.1",90837308,90837625,52406,"CM105764.1",90775996,90784901,"gene:ENSBOLG00010013174","RFC3","replication factor C subunit 3 [Ensembl NN prediction with score 100%]","+",90775996,90784901,FALSE,61312,61312,52407,"downstream","intergenic",FALSE,"intergenic"
"CM105764.1",117682743,117682800,58,5,7.85894371098747,"CM105764.1",117682743,117682800,0,"CM105764.1",117374214,117800607,"gene:ENSBOLG00010003198","GALNT17","polypeptide N-acetylgalactosaminyltransferase 17 [Ensembl NN prediction with score 99.42%]","+",117374214,117800607,TRUE,308529,308529,117807,"overlapping","gene_body",FALSE,"intron"
"CM105769.1",66648745,66648805,61,6,-7.84488391090912,"CM105769.1",66648745,66648805,0,"CM105769.1",66618913,66657810,"gene:ENSBOLG00010002563","SEC16B","SEC16 homolog B, endoplasmic reticulum export factor [Ensembl NN prediction with score 100%]","-",66657810,66618913,TRUE,9005,9005,29832,"overlapping","gene_body",FALSE,"intron"
"CM105770.1",17279534,17279616,83,5,7.81397823458994,"CM105770.1",17279534,17279616,0,"CM105770.1",17270914,17367048,"gene:ENSBOLG00010000433","BCL11A","BAF chromatin remodeling complex subunit BCL11A [Ensembl NN prediction with score 100%]","-",17367048,17270914,TRUE,87432,87432,8620,"overlapping","gene_body",TRUE,"exon"
"CM105767.1",10028283,10028379,97,7,7.79386301647333,"CM105767.1",10028283,10028379,4116,"CM105767.1",10023084,10024166,"gene:ENSBOLG00010023340","CCR4","C-C motif chemokine receptor 4 [Ensembl NN prediction with score 100%]","+",10023084,10024166,FALSE,5199,5199,4117,"downstream","intergenic",FALSE,"intergenic"
"CM105774.1",61197807,61197861,55,5,7.79036176400983,"CM105774.1",61197807,61197861,77129,"CM105774.1",61080339,61120677,"gene:ENSBOLG00010008945","MTMR6","myotubularin related protein 6 [Ensembl NN prediction with score 99.99%]","+",61080339,61120677,FALSE,117468,117468,77130,"downstream","intergenic",FALSE,"intergenic"
"CM105790.1",1985115,1985166,52,5,7.78713194026554,"CM105790.1",1985115,1985166,0,"CM105790.1",1969824,2004333,"gene:ENSBOLG00010004649","SLC26A5","solute carrier family 26 member 5 [Ensembl NN prediction with score 100%]","+",1969824,2004333,TRUE,15291,15291,19167,"overlapping","gene_body",FALSE,"intron"
"CM105776.1",21656290,21656342,53,5,7.71640314127998,"CM105776.1",21656290,21656342,47458,"CM105776.1",21703801,21767909,"gene:ENSBOLG00010015684","ADTRP","androgen dependent TFPI regulating protein [Ensembl NN prediction with score 100%]","+",21703801,21767909,FALSE,47459,47459,111567,"upstream","intergenic",FALSE,"intergenic"
"CM105777.1",8415394,8415466,73,5,7.69061605585729,"CM105777.1",8415394,8415466,0,"CM105777.1",8349767,8459602,"gene:ENSBOLG00010006361","NFATC1","nuclear factor of activated T cells 1 [Ensembl NN prediction with score 99.98%]","+",8349767,8459602,TRUE,65627,65627,44136,"overlapping","gene_body",FALSE,"intron"
"CM105783.1",3283263,3283373,111,4,7.6497246723078,"CM105783.1",3283263,3283373,54956,"CM105783.1",3186452,3228306,"gene:ENSBOLG00010006830","RNF19A","ring finger protein 19A, RBR E3 ubiquitin protein ligase [Ensembl NN prediction with score 100%]","-",3228306,3186452,FALSE,54957,54957,96811,"upstream","intergenic",FALSE,"intergenic"
"CM105768.1",5115847,5115898,52,5,-7.55898827913077,"CM105768.1",5115847,5115898,0,"CM105768.1",4946801,5820396,"gene:ENSBOLG00010002792","DPP6","dipeptidyl peptidase like 6 [Ensembl NN prediction with score 100%]","-",5820396,4946801,TRUE,704498,704498,169046,"overlapping","gene_body",FALSE,"intron"
"CM105765.1",41723314,41723388,75,4,-7.4640889035533,"CM105765.1",41723314,41723388,10439,"CM105765.1",41667329,41712874,"gene:ENSBOLG00010008557","RALBP1","ralA binding protein 1 [Ensembl NN prediction with score 100%]","-",41712874,41667329,FALSE,10440,10440,55985,"upstream","intergenic",FALSE,"intergenic"
"CM105770.1",79884630,79884688,59,5,-7.45020084629625,"CM105770.1",79884630,79884688,4607,"CM105770.1",79821869,79880022,"gene:ENSBOLG00010001176","IGFBP7","insulin like growth factor binding protein 7 [Ensembl NN prediction with score 99.96%]","-",79880022,79821869,FALSE,4608,4608,62761,"upstream","intergenic",FALSE,"intergenic"
"CM105786.1",13345018,13345075,58,5,-7.41501125320777,"CM105786.1",13345018,13345075,0,"CM105786.1",13319975,13511819,"gene:ENSBOLG00010010265","MCPH1","microcephalin 1 [Ensembl NN prediction with score 100%]","+",13319975,13511819,TRUE,25043,25043,166744,"overlapping","gene_body",FALSE,"intron"
"CM105777.1",51781677,51781727,51,5,7.35924864829167,"CM105777.1",51781677,51781727,0,"CM105777.1",51743954,51983219,"gene:ENSBOLG00010014509","SIL1","SIL1 nucleotide exchange factor [Ensembl NN prediction with score 100%]","+",51743954,51983219,TRUE,37723,37723,201492,"overlapping","gene_body",FALSE,"intron"
"CM105767.1",97509979,97510032,54,5,7.32029629608429,"CM105767.1",97509979,97510032,0,"CM105767.1",96943285,98057706,"gene:ENSBOLG00010000415","OPCML","opioid binding protein/cell adhesion molecule like [Ensembl NN prediction with score 100%]","-",98057706,96943285,TRUE,547674,547674,566694,"overlapping","gene_body",FALSE,"intron"
"CM105785.1",37150032,37150089,58,4,-7.22267887509898,"CM105785.1",37150032,37150089,0,"CM105785.1",37074980,37246843,"gene:ENSBOLG00010003768","CCDC148","coiled-coil domain containing 148 [Ensembl NN prediction with score 100%]","-",37246843,37074980,TRUE,96754,96754,75052,"overlapping","gene_body",FALSE,"intron"
"CM105764.1",68492885,68492939,55,5,-7.02863963868521,"CM105764.1",68492885,68492939,5087,"CM105764.1",68498027,68517733,"gene:ENSBOLG00010003722","TFRC","transferrin receptor [Ensembl NN prediction with score 100%]","-",68517733,68498027,FALSE,24794,24794,5088,"downstream","intergenic",FALSE,"intergenic"
"CM105771.1",99767852,99767941,90,5,-6.98296539657204,"CM105771.1",99767852,99767941,0,"CM105771.1",99752494,99770024,"gene:ENSBOLG00010000979","SLC9A3R1","SLC9A3 regulator 1 [Ensembl NN prediction with score 99.95%]","+",99752494,99770024,TRUE,15358,15358,2083,"overlapping","gene_body",FALSE,"intron"
"CM105790.1",14596128,14596889,762,4,6.81376965157399,"CM105790.1",14596128,14596889,26681,"CM105790.1",14623571,15094010,"gene:ENSBOLG00010013235","CDK14","cyclin dependent kinase 14 [Ensembl NN prediction with score 100%]","+",14623571,15094010,FALSE,26682,26682,497121,"upstream","intergenic",FALSE,"intergenic"
"CM105767.1",19626905,19627004,100,5,6.74851259554725,"CM105767.1",19626905,19627004,20404,"CM105767.1",19521432,19606500,"gene:ENSBOLG00010022229","UACA","uveal autoantigen with coiled-coil domains and ankyrin repeats [Ensembl NN prediction with score 100%]","+",19521432,19606500,FALSE,105473,105473,20405,"downstream","intergenic",FALSE,"intergenic"
"CM105775.1",7709928,7710023,96,5,6.71588633790019,"CM105775.1",7709928,7710023,0,"CM105775.1",7688687,7712006,"gene:ENSBOLG00010020921","INF2","inverted formin 2 [Ensembl NN prediction with score 100%]","-",7712006,7688687,TRUE,1983,1983,21241,"overlapping","gene_body",FALSE,"intron"
"CM105787.1",11278562,11278640,79,5,-6.63757825022384,"CM105787.1",11278562,11278640,0,"CM105787.1",11226607,11425626,"gene:ENSBOLG00010014134","SERGEF","secretion regulating guanine nucleotide exchange factor [Ensembl NN prediction with score 100%]","+",11226607,11425626,TRUE,51955,51955,146986,"overlapping","gene_body",FALSE,"intron"
"CM105782.1",48004805,48004859,55,5,6.59314723901769,"CM105782.1",48004805,48004859,0,"CM105782.1",47228083,48130182,"gene:ENSBOLG00010015910","WWOX","WW domain containing oxidoreductase [Ensembl NN prediction with score 100%]","+",47228083,48130182,TRUE,776722,776722,125323,"overlapping","gene_body",FALSE,"intron"
"CM105777.1",54703473,54703527,55,5,-6.5650024805768,"CM105777.1",54703473,54703527,0,"CM105777.1",54678476,54737346,"gene:ENSBOLG00010014558","BIN1","bridging integrator 1 [Ensembl NN prediction with score 100%]","-",54737346,54678476,TRUE,33819,33819,24997,"overlapping","gene_body",FALSE,"intron"
"CM105790.1",38363370,38363420,51,6,-6.48029654708616,"CM105790.1",38363370,38363420,2264,"CM105790.1",38365685,38367032,"gene:ENSBOLG00010009860","C2orf66","chromosome 2 open reading frame 66 [Ensembl NN prediction with score 99.7%]","-",38367032,38365685,FALSE,3612,3612,2265,"downstream","intergenic",FALSE,"intergenic"
"CM105766.1",88003450,88003503,54,5,6.3978152469081,"CM105766.1",88003450,88003503,376346,"CM105766.1",87378000,87627103,"gene:ENSBOLG00010018863","DAB1","DAB adaptor protein 1 [Ensembl NN prediction with score 100%]","-",87627103,87378000,FALSE,376347,376347,625450,"upstream","intergenic",FALSE,"intergenic"
"CM105766.1",3947359,3947484,126,6,6.24242860837089,"CM105766.1",3947359,3947484,0,"CM105766.1",3756061,3960826,"gene:ENSBOLG00010003248","TMTC1","transmembrane O-mannosyltransferase targeting cadherins 1 [Ensembl NN prediction with score 100%]","+",3756061,3960826,TRUE,191298,191298,13342,"overlapping","gene_body",FALSE,"intron"
"CM105774.1",45456291,45456950,660,4,6.10980728110221,"CM105774.1",45456291,45456950,0,"CM105774.1",45444330,45464812,"gene:ENSBOLG00010007769","ESD","esterase D [Ensembl NN prediction with score 100%]","-",45464812,45444330,TRUE,7862,7862,11961,"overlapping","gene_body",FALSE,"intron"
"CM105770.1",33677233,33677302,70,6,6.0159205215667,"CM105770.1",33677233,33677302,5712,"CM105770.1",33683015,33687057,"gene:ENSBOLG00010014379","TMED4","transmembrane p24 trafficking protein 4 [Ensembl NN prediction with score 99.83%]","+",33683015,33687057,FALSE,5713,5713,9755,"upstream","intergenic",FALSE,"intergenic"
"CM105782.1",55930593,55930644,52,6,-5.47155334504532,"CM105782.1",55930593,55930644,0,"CM105782.1",55901224,55932854,"gene:ENSBOLG00010019215","TCF25","transcription factor 25 [Ensembl NN prediction with score 100%]","+",55901224,55932854,TRUE,29369,29369,2210,"overlapping","gene_body",TRUE,"exon"
"CM105773.1",64853723,64853808,86,5,5.41168765493778,"CM105773.1",64853723,64853808,0,"CM105773.1",64806700,64866575,"gene:ENSBOLG00010020197","PYGB","glycogen phosphorylase B [Ensembl NN prediction with score 100%]","+",64806700,64866575,TRUE,47023,47023,12767,"overlapping","gene_body",FALSE,"intron"
"CM105764.1",121071967,121072112,146,5,5.23028570357904,"CM105764.1",121071967,121072112,0,"CM105764.1",121030584,121103673,"gene:ENSBOLG00010002924","GLT1D1","glycosyltransferase 1 domain containing 1 [Ensembl NN prediction with score 100%]","-",121103673,121030584,TRUE,31561,31561,41383,"overlapping","gene_body",FALSE,"intron"
"CM105778.1",24296132,24296255,124,10,-5.0462648554216,"CM105778.1",24296132,24296255,0,"CM105778.1",24265463,24327000,"gene:ENSBOLG00010010740","ZFR","zinc finger RNA binding protein [Ensembl NN prediction with score 100%]","-",24327000,24265463,TRUE,30745,30745,30669,"overlapping","gene_body",TRUE,"exon"
"CM105772.1",70118031,70118219,189,4,-5.02160171512561,"CM105772.1",70118031,70118219,0,"CM105772.1",70110875,70184680,"gene:ENSBOLG00010020367","FAM13C","family with sequence similarity 13 member C [Ensembl NN prediction with score 70.09%]","+",70110875,70184680,TRUE,7156,7156,66461,"overlapping","gene_body",FALSE,"intron"
"CM105765.1",112510506,112510563,58,5,4.91448292525446,"CM105765.1",112510506,112510563,120151,"CM105765.1",112630715,112631536,"gene:ENSBOLG00010017366","OLIG3","oligodendrocyte transcription factor 3 [Ensembl NN prediction with score 100%]","-",112631536,112630715,FALSE,120973,120973,120152,"downstream","intergenic",FALSE,"intergenic"
"CM105768.1",86491172,86491267,96,4,4.85136651634755,"CM105768.1",86491172,86491267,1294596,"CM105768.1",87785864,88835111,"gene:ENSBOLG00010000651","CTNNA2","catenin alpha 2 [Ensembl NN prediction with score 100%]","-",88835111,87785864,FALSE,2343844,2343844,1294597,"downstream","intergenic",FALSE,"intergenic"
"CM105766.1",73942653,73942722,70,7,-4.83386245826477,"CM105766.1",73942653,73942722,0,"CM105766.1",73916242,74001348,"gene:ENSBOLG00010022225",NA,NA,"+",73916242,74001348,TRUE,26411,26411,58626,"overlapping","gene_body",FALSE,"intron"
"CM105784.1",10085760,10085855,96,5,-4.80962065742945,"CM105784.1",10085760,10085855,86304,"CM105784.1",10172160,10198866,"gene:ENSBOLG00010006105","GUCY1A1","guanylate cyclase 1 soluble subunit alpha 1 [Ensembl NN prediction with score 99.75%]","+",10172160,10198866,FALSE,86305,86305,113011,"upstream","intergenic",FALSE,"intergenic"
"CM105779.1",3628552,3629042,491,4,4.73273516324524,"CM105779.1",3628552,3629042,6430,"CM105779.1",3635473,3641394,"gene:ENSBOLG00010021032","H2-Ob","histocompatibility 2, O region beta locus [Ensembl NN prediction with score 100%]","-",3641394,3635473,FALSE,12352,12352,6431,"downstream","intergenic",FALSE,"intergenic"
"CM105776.1",2222469,2222524,56,6,-4.71417571504784,"CM105776.1",2222469,2222524,0,"CM105776.1",2204907,2259722,"gene:ENSBOLG00010015201","PTCH1","patched 1 [Ensembl NN prediction with score 100%]","+",2204907,2259722,TRUE,17562,17562,37198,"overlapping","gene_body",FALSE,"intron"
"CM105781.1",35162064,35162155,92,5,-4.53581127821972,"CM105781.1",35162064,35162155,64,"CM105781.1",35157381,35161999,"gene:ENSBOLG00010006979","FABP2","fatty acid binding protein 2 [Ensembl NN prediction with score 99.92%]","+",35157381,35161999,FALSE,4683,4683,65,"downstream","downstream",FALSE,"downstream"
"CM105784.1",35652622,35652673,52,7,4.26234364888512,"CM105784.1",35652622,35652673,206572,"CM105784.1",35425935,35446049,"gene:ENSBOLG00010006207","NOCT","nocturnin [Ensembl NN prediction with score 99.97%]","-",35446049,35425935,FALSE,206573,206573,226687,"upstream","intergenic",FALSE,"intergenic"
"CM105775.1",62703147,62703208,62,4,-4.21721016509218,"CM105775.1",62703147,62703208,88193,"CM105775.1",62791402,62817740,"gene:ENSBOLG00010008109","EGLN3","egl-9 family hypoxia inducible factor 3 [Ensembl NN prediction with score 99.99%]","+",62791402,62817740,FALSE,88194,88194,114532,"upstream","intergenic",FALSE,"intergenic"
"CM105774.1",78324064,78324142,79,5,3.83443487388577,"CM105774.1",78324064,78324142,0,"CM105774.1",77684287,78691828,"gene:ENSBOLG00010013042","LRMDA","leucine rich melanocyte differentiation associated [Ensembl NN prediction with score 99.95%]","-",78691828,77684287,TRUE,367686,367686,639777,"overlapping","gene_body",FALSE,"intron"
"CM105773.1",74651082,74651169,88,6,3.81598805376912,"CM105773.1",74651082,74651169,2667,"CM105773.1",74643672,74648414,"gene:ENSBOLG00010015048","EMILIN3","elastin microfibril interfacer 3 [Ensembl NN prediction with score 100%]","-",74648414,74643672,FALSE,2668,2668,7410,"upstream","intergenic",FALSE,"intergenic"
"CM105768.1",78263933,78264066,134,4,3.520517640495,"CM105768.1",78263933,78264066,27443,"CM105768.1",78291510,78292072,"gene:ENSBOLG00010021373","TRBV30","T cell receptor beta variable 30 [Ensembl NN prediction with score 77.49%]","+",78291510,78292072,FALSE,27444,27444,28006,"upstream","intergenic",FALSE,"intergenic"
"JBCDMM020000033.1",1150819,1150976,158,4,-3.50081214257443,"JBCDMM020000033.1",1150819,1150976,1034574,"JBCDMM020000033.1",2185551,2187017,"gene:ENSBOLG00010005949","GSR","glutathione-disulfide reductase [Ensembl NN prediction with score 99.95%]","-",2187017,2185551,FALSE,1036041,1036041,1034575,"downstream","intergenic",FALSE,"intergenic"
"CM105769.1",109051953,109052053,101,4,-3.1784506164432,"CM105769.1",109051953,109052053,0,"CM105769.1",108356139,109294210,"gene:ENSBOLG00010003427","CNTNAP5","contactin associated protein family member 5 [Ensembl NN prediction with score 77.44%]","+",108356139,109294210,TRUE,695814,695814,242157,"overlapping","gene_body",FALSE,"intron"
"CM105773.1",89418847,89418980,134,5,3.02296083129268,"CM105773.1",89418847,89418980,32837,"CM105773.1",89339286,89386009,"gene:ENSBOLG00010010785","CDH26","cadherin 26 [Ensembl NN prediction with score 99.96%]","+",89339286,89386009,FALSE,79561,79561,32838,"downstream","intergenic",FALSE,"intergenic"
"CM105786.1",37736468,37736542,75,9,-2.99762905038865,"CM105786.1",37736468,37736542,0,"CM105786.1",37714751,37755125,"gene:ENSBOLG00010006180","DCTD","dCMP deaminase [Ensembl NN prediction with score 99.95%]","+",37714751,37755125,TRUE,21717,21717,18583,"overlapping","gene_body",FALSE,"intron"
"CM105772.1",6518798,6518884,87,4,2.757986352206,"CM105772.1",6518798,6518884,3795,"CM105772.1",6488588,6515002,"gene:ENSBOLG00010015771","GPAM","glycerol-3-phosphate acyltransferase, mitochondrial [Ensembl NN prediction with score 100%]","+",6488588,6515002,FALSE,30210,30210,3796,"downstream","intergenic",FALSE,"intergenic"
"CM105778.1",32483931,32483982,52,5,-2.63745749148983,"CM105778.1",32483931,32483982,0,"CM105778.1",32469941,32487834,"gene:ENSBOLG00010015253","HMGCS1","3-hydroxy-3-methylglutaryl-CoA synthase 1 [Ensembl NN prediction with score 99.99%]","-",32487834,32469941,TRUE,3852,3852,13990,"overlapping","gene_body",FALSE,"intron"
"CM105783.1",30750283,30750355,73,4,2.48716321691572,"CM105783.1",30750283,30750355,0,"CM105783.1",30611092,30785016,"gene:ENSBOLG00010006921","ZFAT","zinc finger and AT-hook domain containing [Ensembl NN prediction with score 100%]","-",30785016,30611092,TRUE,34661,34661,139191,"overlapping","gene_body",FALSE,"intron"
"CM105780.1",32540895,32540974,80,7,2.3800180541475,"CM105780.1",32540895,32540974,1855,"CM105780.1",32542830,32546556,"gene:ENSBOLG00010011184","GALT","galactose-1-phosphate uridylyltransferase [Ensembl NN prediction with score 100%]","-",32546556,32542830,FALSE,5582,5582,1856,"downstream","downstream",TRUE,"exon"
"CM105787.1",1095873,1096031,159,5,2.36310318716864,"CM105787.1",1095873,1096031,793020,"CM105787.1",301954,302852,"gene:ENSBOLG00010009491",NA,NA,"-",302852,301954,FALSE,793021,793021,793919,"upstream","intergenic",FALSE,"intergenic"
"CM105767.1",54089468,54089624,157,4,2.28127064396893,"CM105767.1",54089468,54089624,43491,"CM105767.1",54044855,54045976,"gene:ENSBOLG00010001194","PAQR9","progestin and adipoQ receptor family member 9 [Ensembl NN prediction with score 100%]","+",54044855,54045976,FALSE,44613,44613,43492,"downstream","intergenic",FALSE,"intergenic"
"CM105770.1",67926859,67926944,86,4,1.81726682703132,"CM105770.1",67926859,67926944,10560,"CM105770.1",67874461,67916298,"gene:ENSBOLG00010004672","KLHL5","kelch like family member 5 [Ensembl NN prediction with score 100%]","+",67874461,67916298,FALSE,52398,52398,10561,"downstream","intergenic",FALSE,"intergenic"
"CM105775.1",44757947,44758025,79,4,-1.72591167130196,"CM105775.1",44757947,44758025,50309,"CM105775.1",44808335,45056049,"gene:ENSBOLG00010012342","SYT16","synaptotagmin 16 [Ensembl NN prediction with score 100%]","-",45056049,44808335,FALSE,298024,298024,50310,"downstream","intergenic",FALSE,"intergenic"
"CM105770.1",30207339,30207426,88,4,-1.52407491718479,"CM105770.1",30207339,30207426,312999,"CM105770.1",30520426,30933684,"gene:ENSBOLG00010003769","ABCA13","ATP binding cassette subfamily A member 13 [Ensembl NN prediction with score 100%]","-",30933684,30520426,FALSE,726258,726258,313000,"downstream","intergenic",FALSE,"intergenic"
"CM105776.1",16419322,16419546,225,4,1.49834782654866,"CM105776.1",16419322,16419546,139070,"CM105776.1",16558617,16579930,"gene:ENSBOLG00010013871","TPMT","thiopurine S-methyltransferase [Ensembl NN prediction with score 99.97%]","+",16558617,16579930,FALSE,139071,139071,160384,"upstream","intergenic",FALSE,"intergenic"
"CM105765.1",45015712,45015859,148,4,-1.44811040287029,"CM105765.1",45015712,45015859,4250,"CM105765.1",45010964,45011461,"gene:ENSBOLG00010008820","rps12","ribosomal protein S12 [Ensembl NN prediction with score 100%]","-",45011461,45010964,FALSE,4251,4251,4748,"upstream","intergenic",FALSE,"intergenic"
"CM105779.1",41120855,41120933,79,4,1.40698880024762,"CM105779.1",41120855,41120933,293914,"CM105779.1",41414848,41442227,"gene:ENSBOLG00010012359","PLEKHB2","pleckstrin homology domain containing B2 [Ensembl NN prediction with score 99.95%]","-",41442227,41414848,FALSE,321294,321294,293915,"downstream","intergenic",FALSE,"intergenic"
"CM105766.1",65846518,65846640,123,4,1.21928371428199,"CM105766.1",65846518,65846640,0,"CM105766.1",65835286,65863477,"gene:ENSBOLG00010010037","AZIN2","antizyme inhibitor 2 [Ensembl NN prediction with score 100%]","+",65835286,65863477,TRUE,11232,11232,16837,"overlapping","gene_body",FALSE,"intron"
"CM105776.1",47251980,47252096,117,7,0.915487947825234,"CM105776.1",47251980,47252096,0,"CM105776.1",47242748,47322689,"gene:ENSBOLG00010008645","NID1","nidogen 1 [Ensembl NN prediction with score 100%]","-",47322689,47242748,TRUE,70593,70593,9232,"overlapping","gene_body",FALSE,"intron"
"CM105780.1",13013473,13013539,67,5,-0.373493672939724,"CM105780.1",13013473,13013539,0,"CM105780.1",12708701,13065963,"gene:ENSBOLG00010014895","XKR4","XK related 4 [Ensembl NN prediction with score 100%]","-",13065963,12708701,TRUE,52424,52424,304772,"overlapping","gene_body",FALSE,"intron"
"CM105774.1",16472548,16472897,350,4,0.0896892267033729,"CM105774.1",16472548,16472897,503204,"CM105774.1",16976102,16981999,"gene:ENSBOLG00010004005","SPRY2","sprouty RTK signaling antagonist 2 [Ensembl NN prediction with score 99.98%]","+",16976102,16981999,FALSE,503205,503205,509102,"upstream","intergenic",FALSE,"intergenic"
"CM105790.1",23503291,23503349,59,6,-0.0290144984532001,"CM105790.1",23503291,23503349,46320,"CM105790.1",23549670,23550572,"gene:ENSBOLG00010004888","LRRC30","leucine rich repeat containing 30 [Ensembl NN prediction with score 100%]","-",23550572,23549670,FALSE,47223,47223,46321,"downstream","intergenic",FALSE,"intergenic"
