"chr","start","end","length","nCG","areaStat","DMR_chr","DMR_start","DMR_end","distance","gene_chr","gene_start","gene_end","gene_id","gene_name","gene_desc","gene_strand","TSS","TES","overlaps_gene","distance_bp","dist_to_TSS","dist_to_TES","direction","feature_strand","exon_overlap","refined_feature"
"JBCDMM020000064.1",18770,18911,142,28,69.5168301972695,"JBCDMM020000064.1",18770,18911,NA,NA,NA,NA,NA,NA,NA,"+",NA,NA,NA,NA,NA,NA,"overlapping","intergenic",FALSE,"intergenic"
"CM105766.1",130564048,130564169,122,26,66.3085660335262,"CM105766.1",130564048,130564169,1534340,"CM105766.1",129029187,129029707,"gene:ENSBOLG00010000198","RPL31","ribosomal protein L31 [Ensembl NN prediction with score 100%]","-",129029707,129029187,FALSE,1534341,1534341,1534861,"upstream","intergenic",FALSE,"intergenic"
"CM105772.1",5821286,5821366,81,19,-53.1387659401379,"CM105772.1",5821286,5821366,0,"CM105772.1",5633457,5823871,"gene:ENSBOLG00010016420","TCF7L2","transcription factor 7 like 2 [Ensembl NN prediction with score 100%]","-",5823871,5633457,TRUE,2505,2505,187829,"overlapping","gene_body",FALSE,"intron"
"CM105790.1",16167247,16167409,163,29,-51.2664998421558,"CM105790.1",16167247,16167409,10740,"CM105790.1",16178150,16210862,"gene:ENSBOLG00010013367","YES1","YES proto-oncogene 1, Src family tyrosine kinase [Ensembl NN prediction with score 100%]","-",16210862,16178150,FALSE,43453,43453,10741,"downstream","intergenic",FALSE,"intergenic"
"CM105766.1",130563805,130563904,100,17,48.8638428337091,"CM105766.1",130563805,130563904,1534097,"CM105766.1",129029187,129029707,"gene:ENSBOLG00010000198","RPL31","ribosomal protein L31 [Ensembl NN prediction with score 100%]","-",129029707,129029187,FALSE,1534098,1534098,1534618,"upstream","intergenic",FALSE,"intergenic"
"CM105769.1",6994137,6994463,327,8,31.0899236324129,"CM105769.1",6994137,6994463,83087,"CM105769.1",7077551,7289359,"gene:ENSBOLG00010006258","ESRRG","estrogen related receptor gamma [Ensembl NN prediction with score 100%]","-",7289359,7077551,FALSE,294896,294896,83088,"downstream","intergenic",FALSE,"intergenic"
"CM105777.1",6185967,6186120,154,8,-29.1645852444962,"CM105777.1",6185967,6186120,44836,"CM105777.1",6230957,6266644,"gene:ENSBOLG00010006401","Zfp516","zinc finger protein 516 [Ensembl NN prediction with score 100%]","-",6266644,6230957,FALSE,80524,80524,44837,"downstream","intergenic",FALSE,"intergenic"
"CM105765.1",118502961,118503020,60,15,28.7950752790215,"CM105765.1",118502961,118503020,37326,"CM105765.1",118461362,118465634,"gene:ENSBOLG00010004272","PLAGL1","PLAG1 like zinc finger 1 [Ensembl NN prediction with score 100%]","-",118465634,118461362,FALSE,37327,37327,41599,"upstream","intergenic",FALSE,"intergenic"
"CM105782.1",65310121,65310727,607,8,-28.2518428948505,"CM105782.1",65310121,65310727,361640,"CM105782.1",65672368,65673182,"gene:ENSBOLG00010004177","NACA2","nascent polypeptide associated complex subunit alpha 2 [Ensembl NN prediction with score 98.96%]","+",65672368,65673182,FALSE,361641,361641,362455,"upstream","intergenic",FALSE,"intergenic"
"CM105786.1",55150028,55150493,466,7,27.730310053966,"CM105786.1",55150028,55150493,7706,"CM105786.1",55140921,55142321,"gene:ENSBOLG00010007034","NPY5R","neuropeptide Y receptor Y5 [Ensembl NN prediction with score 100%]","-",55142321,55140921,FALSE,7707,7707,9107,"upstream","intergenic",FALSE,"intergenic"
"CM105783.1",21497782,21497834,53,11,26.957609109887,"CM105783.1",21497782,21497834,0,"CM105783.1",21481939,21517895,"gene:ENSBOLG00010006799","FBXO32","F-box protein 32 [Ensembl NN prediction with score 100%]","-",21517895,21481939,TRUE,20061,20061,15843,"overlapping","gene_body",FALSE,"intron"
"CM105767.1",122125897,122126045,149,10,-26.8674060646953,"CM105767.1",122125897,122126045,304135,"CM105767.1",121820940,121821761,"gene:ENSBOLG00010000299","ISOC1","isochorismatase domain containing 1 [Ensembl NN prediction with score 78.22%]","-",121821761,121820940,FALSE,304136,304136,304957,"upstream","intergenic",FALSE,"intergenic"
"CM105782.1",37775312,37775422,111,7,25.8242680736214,"CM105782.1",37775312,37775422,0,"CM105782.1",37715781,37875348,"gene:ENSBOLG00010008418","TANGO6","transport and golgi organization 6 homolog [Ensembl NN prediction with score 100%]","-",37875348,37715781,TRUE,99926,99926,59531,"overlapping","gene_body",FALSE,"intron"
"CM105767.1",93068487,93068547,61,10,-25.5087452748678,"CM105767.1",93068487,93068547,15556,"CM105767.1",93084104,93144880,"gene:ENSBOLG00010005142","ETS1","ETS proto-oncogene 1, transcription factor [Ensembl NN prediction with score 100%]","-",93144880,93084104,FALSE,76333,76333,15557,"downstream","intergenic",FALSE,"intergenic"
"CM105780.1",39924104,39924206,103,15,25.0015832189121,"CM105780.1",39924104,39924206,131391,"CM105780.1",40055598,40253787,"gene:ENSBOLG00010011600","RNGTT","RNA guanylyltransferase and 5'-phosphatase [Ensembl NN prediction with score 100%]","-",40253787,40055598,FALSE,329581,329581,131392,"downstream","intergenic",FALSE,"intergenic"
"CM105785.1",51209480,51209559,80,7,24.9766609074689,"CM105785.1",51209480,51209559,145829,"CM105785.1",51060406,51063650,"gene:ENSBOLG00010010821","Atp5g3","ATP synthase, H+ transporting, mitochondrial F0 complex, subunit C3 (subunit 9) [Ensembl NN prediction with score 98.86%]","-",51063650,51060406,FALSE,145830,145830,149074,"upstream","intergenic",FALSE,"intergenic"
"CM105782.1",14168120,14168424,305,8,-24.9455156603095,"CM105782.1",14168120,14168424,0,"CM105782.1",13830405,14195162,"gene:ENSBOLG00010015259","INPP4B","inositol polyphosphate-4-phosphatase type II B [Ensembl NN prediction with score 99.98%]","-",14195162,13830405,TRUE,26738,26738,337715,"overlapping","gene_body",FALSE,"intron"
"CM105768.1",18361844,18361896,53,9,24.7985538554353,"CM105768.1",18361844,18361896,16516,"CM105768.1",18378413,18378908,"gene:ENSBOLG00010017829","RPS25","ribosomal protein S25 [Ensembl NN prediction with score 100%]","+",18378413,18378908,FALSE,16517,16517,17012,"upstream","intergenic",FALSE,"intergenic"
"CM105780.1",14007051,14007233,183,8,-23.7358091483662,"CM105780.1",14007051,14007233,0,"CM105780.1",13956781,14029390,"gene:ENSBOLG00010014750","RGS20","regulator of G protein signaling 20 [Ensembl NN prediction with score 99.86%]","-",14029390,13956781,TRUE,22157,22157,50270,"overlapping","gene_body",FALSE,"intron"
"CM105769.1",71651162,71651241,80,9,23.7158565019162,"CM105769.1",71651162,71651241,0,"CM105769.1",71590524,71689107,"gene:ENSBOLG00010007337","COLGALT2","collagen beta(1-O)galactosyltransferase 2 [Ensembl NN prediction with score 100%]","-",71689107,71590524,TRUE,37866,37866,60638,"overlapping","gene_body",FALSE,"intron"
"CM105769.1",58997461,58997651,191,9,-22.7729144324345,"CM105769.1",58997461,58997651,12208,"CM105769.1",58965056,58985252,"gene:ENSBOLG00010001692","TBX19","T-box transcription factor 19 [Ensembl NN prediction with score 100%]","+",58965056,58985252,FALSE,32405,32405,12209,"downstream","intergenic",FALSE,"intergenic"
"CM105781.1",3552246,3552299,54,8,-22.7609555439346,"CM105781.1",3552246,3552299,13163,"CM105781.1",3527520,3539082,"gene:ENSBOLG00010018742",NA,NA,"+",3527520,3539082,FALSE,24726,24726,13164,"downstream","intergenic",FALSE,"intergenic"
"CM105774.1",14579807,14579883,77,6,-22.6250778614864,"CM105774.1",14579807,14579883,72632,"CM105774.1",14505084,14507174,"gene:ENSBOLG00010004090","SLITRK1","SLIT and NTRK like family member 1 [Ensembl NN prediction with score 100%]","+",14505084,14507174,FALSE,74723,74723,72633,"downstream","intergenic",FALSE,"intergenic"
"CM105769.1",60733720,60733792,73,9,22.4563301271837,"CM105769.1",60733720,60733792,18794,"CM105769.1",60695581,60714925,"gene:ENSBOLG00010001811","GORAB","golgin, RAB6 interacting [Ensembl NN prediction with score 100%]","+",60695581,60714925,FALSE,38139,38139,18795,"downstream","intergenic",FALSE,"intergenic"
"CM105764.1",26916265,26916354,90,9,22.4362754667223,"CM105764.1",26916265,26916354,0,"CM105764.1",26804837,27177114,"gene:ENSBOLG00010000099","ROBO1","roundabout guidance receptor 1 [Ensembl NN prediction with score 100%]","-",27177114,26804837,TRUE,260760,260760,111428,"overlapping","gene_body",TRUE,"exon"
"CM105786.1",14421713,14421790,78,7,22.3271996780554,"CM105786.1",14421713,14421790,3986,"CM105786.1",14425777,14444006,"gene:ENSBOLG00010010512","THSD1","thrombospondin type 1 domain containing 1 [Ensembl NN prediction with score 100%]","+",14425777,14444006,FALSE,3987,3987,22216,"upstream","intergenic",FALSE,"intergenic"
"CM105781.1",9858923,9859084,162,6,-22.3220911718758,"CM105781.1",9858923,9859084,65245,"CM105781.1",9924330,9947335,"gene:ENSBOLG00010020168","GJA5","gap junction protein alpha 5 [Ensembl NN prediction with score 100%]","+",9924330,9947335,FALSE,65246,65246,88251,"upstream","intergenic",FALSE,"intergenic"
"CM105765.1",128804965,128805039,75,9,22.0100345920427,"CM105765.1",128804965,128805039,0,"CM105765.1",128778633,128817998,"gene:ENSBOLG00010003210","TFB1M","transcription factor B1, mitochondrial [Ensembl NN prediction with score 100%]","-",128817998,128778633,TRUE,12959,12959,26332,"overlapping","gene_body",FALSE,"intron"
"CM105769.1",24968426,24968481,56,9,21.7800026599057,"CM105769.1",24968426,24968481,1764,"CM105769.1",24961245,24966661,"gene:ENSBOLG00010021134","CCDC190","coiled-coil domain containing 190 [Ensembl NN prediction with score 100%]","-",24966661,24961245,FALSE,1765,1765,7181,"upstream","promoter",FALSE,"promoter"
"CM105782.1",32577364,32577744,381,6,-21.1156443722592,"CM105782.1",32577364,32577744,666826,"CM105782.1",31550513,31910537,"gene:ENSBOLG00010008446","CDH8","cadherin 8 [Ensembl NN prediction with score 100%]","-",31910537,31550513,FALSE,666827,666827,1026851,"upstream","intergenic",FALSE,"intergenic"
"CM105782.1",62392614,62392681,68,13,21.0189143808471,"CM105782.1",62392614,62392681,0,"CM105782.1",62390892,62393473,"gene:ENSBOLG00010004166","GJD4","gap junction protein delta 4 [Ensembl NN prediction with score 100%]","+",62390892,62393473,TRUE,1722,1722,792,"overlapping","gene_body",TRUE,"exon"
"CM105766.1",112781081,112781157,77,6,20.9214650751669,"CM105766.1",112781081,112781157,1064133,"CM105766.1",111716295,111716947,"gene:ENSBOLG00010008663","rpl12","ribosomal protein L12 [Ensembl NN prediction with score 99.7%]","+",111716295,111716947,FALSE,1064786,1064786,1064134,"downstream","intergenic",FALSE,"intergenic"
"CM105776.1",52165086,52165166,81,6,-20.5473808736159,"CM105776.1",52165086,52165166,612593,"CM105776.1",51018473,51552492,"gene:ENSBOLG00010008511","ADARB2","adenosine deaminase RNA specific B2 (inactive) [Ensembl NN prediction with score 100%]","-",51552492,51018473,FALSE,612594,612594,1146613,"upstream","intergenic",FALSE,"intergenic"
"CM105789.1",8176757,8176837,81,11,20.4721692980853,"CM105789.1",8176757,8176837,497739,"CM105789.1",7656815,7679017,"gene:ENSBOLG00010007515","TMPO","thymopoietin [Ensembl NN prediction with score 100%]","-",7679017,7656815,FALSE,497740,497740,519942,"upstream","intergenic",FALSE,"intergenic"
"CM105787.1",31346726,31346820,95,7,-20.3095239880186,"CM105787.1",31346726,31346820,0,"CM105787.1",31204525,31487322,"gene:ENSBOLG00010009610","IGF1R","insulin like growth factor 1 receptor [Ensembl NN prediction with score 100%]","+",31204525,31487322,TRUE,142201,142201,140502,"overlapping","gene_body",FALSE,"intron"
"CM105784.1",7937328,7937409,82,13,20.1894783123356,"CM105784.1",7937328,7937409,0,"CM105784.1",7914696,7967857,"gene:ENSBOLG00010006017","TMEM154","transmembrane protein 154 [Ensembl NN prediction with score 99.99%]","-",7967857,7914696,TRUE,30448,30448,22632,"overlapping","gene_body",FALSE,"intron"
"CM105764.1",87974723,87974808,86,9,20.0728009439192,"CM105764.1",87974723,87974808,118639,"CM105764.1",88093448,88144115,"gene:ENSBOLG00010013347","KATNAL1","katanin catalytic subunit A1 like 1 [Ensembl NN prediction with score 100%]","-",88144115,88093448,FALSE,169307,169307,118640,"downstream","intergenic",FALSE,"intergenic"
"CM105770.1",103766198,103766276,79,7,-19.7575117941878,"CM105770.1",103766198,103766276,43073,"CM105770.1",103809350,103950047,"gene:ENSBOLG00010002120","PTPN13","protein tyrosine phosphatase non-receptor type 13 [Ensembl NN prediction with score 100%]","+",103809350,103950047,FALSE,43074,43074,183771,"upstream","intergenic",FALSE,"intergenic"
"CM105765.1",17093945,17094002,58,7,19.6763697501858,"CM105765.1",17093945,17094002,0,"CM105765.1",16999042,17254011,"gene:ENSBOLG00010001138","DOCK10","dedicator of cytokinesis 10 [Ensembl NN prediction with score 100%]","-",17254011,16999042,TRUE,160009,160009,94903,"overlapping","gene_body",FALSE,"intron"
"CM105769.1",76089576,76089788,213,6,19.2438817622997,"CM105769.1",76089576,76089788,775215,"CM105769.1",76865004,76865544,"gene:ENSBOLG00010007525","SNRPD2","small nuclear ribonucleoprotein D2 polypeptide [Ensembl NN prediction with score 86.96%]","-",76865544,76865004,FALSE,775756,775756,775216,"downstream","intergenic",FALSE,"intergenic"
"CM105771.1",87902185,87902301,117,8,-19.1589678343348,"CM105771.1",87902185,87902301,7100,"CM105771.1",87859164,87895084,"gene:ENSBOLG00010022444","PLEKHM1","pleckstrin homology and RUN domain containing M1 [Ensembl NN prediction with score 82.61%]","-",87895084,87859164,FALSE,7101,7101,43021,"upstream","intergenic",FALSE,"intergenic"
"CM105771.1",93502368,93502428,61,9,-18.9781415050956,"CM105771.1",93502368,93502428,32544,"CM105771.1",93443143,93469823,"gene:ENSBOLG00010001458","AXIN2","axin 2 [Ensembl NN prediction with score 100%]","+",93443143,93469823,FALSE,59225,59225,32545,"downstream","intergenic",FALSE,"intergenic"
"CM105770.1",70401439,70401500,62,6,-18.921435716028,"CM105770.1",70401439,70401500,57945,"CM105770.1",70459446,70463838,"gene:ENSBOLG00010004794","SHISA3","shisa family member 3 [Ensembl NN prediction with score 100%]","+",70459446,70463838,FALSE,57946,57946,62338,"upstream","intergenic",FALSE,"intergenic"
"CM105765.1",128981523,128981783,261,7,-18.8209008974305,"CM105765.1",128981523,128981783,38997,"CM105765.1",128881622,128942525,"gene:ENSBOLG00010003254","NOX3","NADPH oxidase 3 [Ensembl NN prediction with score 100%]","-",128942525,128881622,FALSE,38998,38998,99901,"upstream","intergenic",FALSE,"intergenic"
"CM105785.1",10873640,10873701,62,8,-18.7448458179634,"CM105785.1",10873640,10873701,0,"CM105785.1",10841479,10891571,"gene:ENSBOLG00010011739","PRRX2","paired related homeobox 2 [Ensembl NN prediction with score 99.98%]","-",10891571,10841479,TRUE,17870,17870,32161,"overlapping","gene_body",FALSE,"intron"
"CM105781.1",17996587,17996641,55,8,-18.646751423588,"CM105781.1",17996587,17996641,0,"CM105781.1",17828795,18036171,"gene:ENSBOLG00010011607","KCND3","potassium voltage-gated channel subfamily D member 3 [Ensembl NN prediction with score 100%]","+",17828795,18036171,TRUE,167792,167792,39530,"overlapping","gene_body",FALSE,"intron"
"CM105776.1",70049272,70049358,87,9,-18.6455486962924,"CM105776.1",70049272,70049358,409,"CM105776.1",70046136,70048862,"gene:ENSBOLG00010014932","SKIDA1","SKI/DACH domain containing 1 [Ensembl NN prediction with score 100%]","-",70048862,70046136,FALSE,410,410,3136,"upstream","promoter",FALSE,"promoter"
"CM105783.1",18847239,18847354,116,9,18.5984148381005,"CM105783.1",18847239,18847354,10022,"CM105783.1",18697911,18837216,"gene:ENSBOLG00010013379","DEPTOR","DEP domain containing MTOR interacting protein [Ensembl NN prediction with score 100%]","+",18697911,18837216,FALSE,149328,149328,10023,"downstream","intergenic",FALSE,"intergenic"
"CM105765.1",36085579,36086169,591,5,18.5564899235781,"CM105765.1",36085579,36086169,1262278,"CM105765.1",34814456,34823300,"gene:ENSBOLG00010000073","NUDT12","nudix hydrolase 12 [Ensembl NN prediction with score 99.7%]","-",34823300,34814456,FALSE,1262279,1262279,1271123,"upstream","intergenic",FALSE,"intergenic"
"CM105772.1",74562886,74562943,58,7,18.3372845391606,"CM105772.1",74562886,74562943,240025,"CM105772.1",74223587,74322860,"gene:ENSBOLG00010011512","FGFR2","fibroblast growth factor receptor 2 [Ensembl NN prediction with score 100%]","+",74223587,74322860,FALSE,339299,339299,240026,"downstream","intergenic",FALSE,"intergenic"
"CM105775.1",44138295,44138565,271,5,18.3367434593227,"CM105775.1",44138295,44138565,0,"CM105775.1",43894981,44181413,"gene:ENSBOLG00010012239","KCNH5","potassium voltage-gated channel subfamily H member 5 [Ensembl NN prediction with score 99.99%]","+",43894981,44181413,TRUE,243314,243314,42848,"overlapping","gene_body",FALSE,"intron"
"CM105775.1",37129914,37129986,73,11,-18.3365631077217,"CM105775.1",37129914,37129986,22215,"CM105775.1",37152202,37294463,"gene:ENSBOLG00010016980","PCNX1","pecanex 1 [Ensembl NN prediction with score 90.56%]","-",37294463,37152202,FALSE,164477,164477,22216,"downstream","intergenic",FALSE,"intergenic"
"CM105767.1",60248386,60248489,104,8,-18.2781796916824,"CM105767.1",60248386,60248489,232393,"CM105767.1",60480883,60920315,"gene:ENSBOLG00010000949","EPHB1","EPH receptor B1 [Ensembl NN prediction with score 100%]","-",60920315,60480883,FALSE,671826,671826,232394,"downstream","intergenic",FALSE,"intergenic"
"CM105782.1",15007053,15007150,98,9,18.2725320732755,"CM105782.1",15007053,15007150,0,"CM105782.1",14998438,15110162,"gene:ENSBOLG00010016404","GAB1","GRB2 associated binding protein 1 [Ensembl NN prediction with score 100%]","+",14998438,15110162,TRUE,8615,8615,103012,"overlapping","gene_body",FALSE,"intron"
"CM105769.1",39928673,39928899,227,6,18.0687565774299,"CM105769.1",39928673,39928899,0,"CM105769.1",39423917,40440427,"gene:ENSBOLG00010002302","NRG3","neuregulin 3 [Ensembl NN prediction with score 99.71%]","-",40440427,39423917,TRUE,511528,511528,504756,"overlapping","gene_body",FALSE,"intron"
"CM105765.1",60446590,60446646,57,9,-18.0570025738381,"CM105765.1",60446590,60446646,0,"CM105765.1",60438917,60453359,"gene:ENSBOLG00010023406","ERCC2","ERCC excision repair 2, TFIIH core complex helicase subunit [Ensembl NN prediction with score 100%]","-",60453359,60438917,TRUE,6713,6713,7673,"overlapping","gene_body",TRUE,"exon"
"CM105785.1",35494108,35494164,57,6,-17.9564699214695,"CM105785.1",35494108,35494164,27699,"CM105785.1",35462149,35466408,"gene:ENSBOLG00010003966","NR4A2","nuclear receptor subfamily 4 group A member 2 [Ensembl NN prediction with score 99.81%]","-",35466408,35462149,FALSE,27700,27700,31959,"upstream","intergenic",FALSE,"intergenic"
"CM105771.1",87718962,87719022,61,9,-17.8454029635085,"CM105771.1",87718962,87719022,0,"CM105771.1",87707075,87719194,"gene:ENSBOLG00010022418","Spata32","spermatogenesis associated 32 [Ensembl NN prediction with score 100%]","-",87719194,87707075,TRUE,172,172,11887,"overlapping","gene_body",FALSE,"intron"
"CM105775.1",44107330,44107384,55,5,17.7163883862013,"CM105775.1",44107330,44107384,0,"CM105775.1",43894981,44181413,"gene:ENSBOLG00010012239","KCNH5","potassium voltage-gated channel subfamily H member 5 [Ensembl NN prediction with score 99.99%]","+",43894981,44181413,TRUE,212349,212349,74029,"overlapping","gene_body",FALSE,"intron"
"CM105776.1",32189099,32189201,103,4,17.6476047068903,"CM105776.1",32189099,32189201,54710,"CM105776.1",32243912,32249461,"gene:ENSBOLG00010012674","UQCRFS1","ubiquinol-cytochrome c reductase, Rieske iron-sulfur polypeptide 1 [Ensembl NN prediction with score 100%]","+",32243912,32249461,FALSE,54711,54711,60260,"upstream","intergenic",FALSE,"intergenic"
"CM105766.1",97238205,97238278,74,7,17.6050272899694,"CM105766.1",97238205,97238278,3362,"CM105766.1",97185938,97234842,"gene:ENSBOLG00010012525","CAAP1","caspase activity and apoptosis inhibitor 1 [Ensembl NN prediction with score 100%]","+",97185938,97234842,FALSE,52267,52267,3363,"downstream","intergenic",FALSE,"intergenic"
"CM105765.1",105349813,105349865,53,4,17.4995508746499,"CM105765.1",105349813,105349865,0,"CM105765.1",104877314,105471754,"gene:ENSBOLG00010017279","LAMA2","laminin subunit alpha 2 [Ensembl NN prediction with score 99.98%]","+",104877314,105471754,TRUE,472499,472499,121889,"overlapping","gene_body",FALSE,"intron"
"CM105766.1",2711039,2711193,155,6,-17.4779161631191,"CM105766.1",2711039,2711193,3836,"CM105766.1",2563304,2707202,"gene:ENSBOLG00010003118","BICD1","BICD cargo adaptor 1 [Ensembl NN prediction with score 100%]","-",2707202,2563304,FALSE,3837,3837,147735,"upstream","intergenic",FALSE,"intergenic"
"CM105785.1",51191496,51191554,59,5,-17.4558722598476,"CM105785.1",51191496,51191554,127845,"CM105785.1",51060406,51063650,"gene:ENSBOLG00010010821","Atp5g3","ATP synthase, H+ transporting, mitochondrial F0 complex, subunit C3 (subunit 9) [Ensembl NN prediction with score 98.86%]","-",51063650,51060406,FALSE,127846,127846,131090,"upstream","intergenic",FALSE,"intergenic"
"CM105781.1",34448385,34448585,201,5,-17.411078062038,"CM105781.1",34448385,34448585,0,"CM105781.1",34336230,34471318,"gene:ENSBOLG00010007152","ABCA4","ATP binding cassette subfamily A member 4 [Ensembl NN prediction with score 100%]","+",34336230,34471318,TRUE,112155,112155,22733,"overlapping","gene_body",FALSE,"intron"
"CM105779.1",11606140,11606212,73,7,-17.3964057267487,"CM105779.1",11606140,11606212,913,"CM105779.1",11607126,11608155,"gene:ENSBOLG00010009299","MIF","macrophage migration inhibitory factor [Ensembl NN prediction with score 100%]","+",11607126,11608155,FALSE,914,914,1943,"upstream","promoter",FALSE,"promoter"
"CM105774.1",5860060,5860449,390,7,-17.2210534967483,"CM105774.1",5860060,5860449,66202,"CM105774.1",5574863,5793857,"gene:ENSBOLG00010007102","ABCC4","ATP binding cassette subfamily C member 4 [Ensembl NN prediction with score 100%]","+",5574863,5793857,FALSE,285197,285197,66203,"downstream","intergenic",FALSE,"intergenic"
"CM105773.1",55246725,55246878,154,5,-17.1197488182343,"CM105773.1",55246725,55246878,0,"CM105773.1",54277614,56179034,"gene:ENSBOLG00010008243","MACROD2","mono-ADP ribosylhydrolase 2 [Ensembl NN prediction with score 100%]","+",54277614,56179034,TRUE,969111,969111,932156,"overlapping","gene_body",FALSE,"intron"
"CM105765.1",84437159,84437266,108,6,-17.0454493792245,"CM105765.1",84437159,84437266,16118,"CM105765.1",84186439,84421040,"gene:ENSBOLG00010015953","PDSS2","decaprenyl diphosphate synthase subunit 2 [Ensembl NN prediction with score 99.98%]","-",84421040,84186439,FALSE,16119,16119,250720,"upstream","intergenic",FALSE,"intergenic"
"CM105782.1",14152544,14152595,52,6,17.0069932690062,"CM105782.1",14152544,14152595,0,"CM105782.1",13830405,14195162,"gene:ENSBOLG00010015259","INPP4B","inositol polyphosphate-4-phosphatase type II B [Ensembl NN prediction with score 99.98%]","-",14195162,13830405,TRUE,42567,42567,322139,"overlapping","gene_body",FALSE,"intron"
"CM105787.1",28480040,28480100,61,6,16.9861042178595,"CM105787.1",28480040,28480100,30207,"CM105787.1",28510308,28581733,"gene:ENSBOLG00010010025","TJP1","tight junction protein 1 [Ensembl NN prediction with score 100%]","-",28581733,28510308,FALSE,101633,101633,30208,"downstream","intergenic",FALSE,"intergenic"
"CM105773.1",3354794,3354869,76,7,-16.9087407673418,"CM105773.1",3354794,3354869,170542,"CM105773.1",3525412,3778786,"gene:ENSBOLG00010006509","ANO3","anoctamin 3 [Ensembl NN prediction with score 100%]","+",3525412,3778786,FALSE,170543,170543,423917,"upstream","intergenic",FALSE,"intergenic"
"CM105781.1",8875996,8876056,61,7,-16.9078039713559,"CM105781.1",8875996,8876056,0,"CM105781.1",8870490,8877473,"gene:ENSBOLG00010020320","PLEKHO1","pleckstrin homology domain containing O1 [Ensembl NN prediction with score 100%]","-",8877473,8870490,TRUE,1417,1417,5506,"overlapping","gene_body",FALSE,"intron"
"CM105789.1",29072234,29072325,92,9,16.8523400324609,"CM105789.1",29072234,29072325,142889,"CM105789.1",29215215,29314021,"gene:ENSBOLG00010009587","TPH2","tryptophan hydroxylase 2 [Ensembl NN prediction with score 100%]","-",29314021,29215215,FALSE,241696,241696,142890,"downstream","intergenic",FALSE,"intergenic"
"CM105764.1",124585392,124585608,217,5,-16.8245864564648,"CM105764.1",124585392,124585608,569761,"CM105764.1",124014953,124015630,"gene:ENSBOLG00010003227","CT55","cancer/testis antigen 55 [Ensembl NN prediction with score 83.38%]","+",124014953,124015630,FALSE,570439,570439,569762,"downstream","intergenic",FALSE,"intergenic"
"CM105776.1",34406589,34406765,177,6,16.8004965134551,"CM105776.1",34406589,34406765,35468,"CM105776.1",34442234,34446512,"gene:ENSBOLG00010012460",NA,NA,"-",34446512,34442234,FALSE,39747,39747,35469,"downstream","intergenic",FALSE,"intergenic"
"CM105764.1",69919509,69919581,73,9,16.7075425363661,"CM105764.1",69919509,69919581,0,"CM105764.1",69885235,70004362,"gene:ENSBOLG00010003775","ACAP2","ArfGAP with coiled-coil, ankyrin repeat and PH domains 2 [Ensembl NN prediction with score 100%]","+",69885235,70004362,TRUE,34274,34274,84781,"overlapping","gene_body",FALSE,"intron"
"CM105766.1",127222079,127222172,94,7,16.6133649352508,"CM105766.1",127222079,127222172,0,"CM105766.1",127220930,127227338,"gene:ENSBOLG00010000172","ATP6V1G1","ATPase H+ transporting V1 subunit G1 [Ensembl NN prediction with score 99.97%]","-",127227338,127220930,TRUE,5166,5166,1149,"overlapping","gene_body",FALSE,"intron"
"CM105769.1",22190573,22190934,362,7,-16.6045355140013,"CM105769.1",22190573,22190934,21209,"CM105769.1",22166405,22169363,"gene:ENSBOLG00010021050","SLAMF9","SLAM family member 9 [Ensembl NN prediction with score 100%]","-",22169363,22166405,FALSE,21210,21210,24168,"upstream","intergenic",FALSE,"intergenic"
"CM105786.1",48918448,48918499,52,6,-16.5789201075753,"CM105786.1",48918448,48918499,71875,"CM105786.1",48990375,49015770,"gene:ENSBOLG00010006030","AADAT","aminoadipate aminotransferase [Ensembl NN prediction with score 100%]","+",48990375,49015770,FALSE,71876,71876,97271,"upstream","intergenic",FALSE,"intergenic"
"CM105779.1",64294719,64295034,316,5,16.5700770663987,"CM105779.1",64294719,64295034,0,"CM105779.1",64289047,64299765,"gene:ENSBOLG00010014475","MRPS10","mitochondrial ribosomal protein S10 [Ensembl NN prediction with score 91.44%]","+",64289047,64299765,TRUE,5672,5672,4731,"overlapping","gene_body",FALSE,"intron"
"CM105776.1",52003546,52003697,152,4,-16.5449788965506,"CM105776.1",52003546,52003697,451053,"CM105776.1",51018473,51552492,"gene:ENSBOLG00010008511","ADARB2","adenosine deaminase RNA specific B2 (inactive) [Ensembl NN prediction with score 100%]","-",51552492,51018473,FALSE,451054,451054,985073,"upstream","intergenic",FALSE,"intergenic"
"CM105769.1",79077771,79077822,52,4,-16.4790939515703,"CM105769.1",79077771,79077822,0,"CM105769.1",79067257,79094340,"gene:ENSBOLG00010007522","RGS18","regulator of G protein signaling 18 [Ensembl NN prediction with score 100%]","+",79067257,79094340,TRUE,10514,10514,16518,"overlapping","gene_body",FALSE,"intron"
"CM105765.1",84550511,84550609,99,7,-16.2744648972461,"CM105765.1",84550511,84550609,0,"CM105765.1",84457644,84607046,"gene:ENSBOLG00010015836","SOBP","sine oculis binding protein homolog [Ensembl NN prediction with score 100%]","+",84457644,84607046,TRUE,92867,92867,56437,"overlapping","gene_body",FALSE,"intron"
"CM105775.1",44111055,44111235,181,4,16.2658020889855,"CM105775.1",44111055,44111235,0,"CM105775.1",43894981,44181413,"gene:ENSBOLG00010012239","KCNH5","potassium voltage-gated channel subfamily H member 5 [Ensembl NN prediction with score 99.99%]","+",43894981,44181413,TRUE,216074,216074,70178,"overlapping","gene_body",FALSE,"intron"
"CM105784.1",46179516,46179569,54,5,16.2637942144269,"CM105784.1",46179516,46179569,70853,"CM105784.1",46250423,46279862,"gene:ENSBOLG00010007795",NA,NA,"+",46250423,46279862,FALSE,70854,70854,100293,"upstream","intergenic",FALSE,"intergenic"
"CM105770.1",56553036,56553099,64,7,-16.2637805081925,"CM105770.1",56553036,56553099,15256,"CM105770.1",56506068,56537779,"gene:ENSBOLG00010001241","ANAPC4","anaphase promoting complex subunit 4 [Ensembl NN prediction with score 100%]","+",56506068,56537779,FALSE,46968,46968,15257,"downstream","intergenic",FALSE,"intergenic"
"CM105778.1",49073953,49074090,138,6,16.2394535024388,"CM105778.1",49073953,49074090,424160,"CM105778.1",49498251,49571127,"gene:ENSBOLG00010015530","PIK3R1","phosphoinositide-3-kinase regulatory subunit 1 [Ensembl NN prediction with score 100%]","+",49498251,49571127,FALSE,424161,424161,497037,"upstream","intergenic",FALSE,"intergenic"
"CM105769.1",35328977,35329033,57,7,-16.2393474650491,"CM105769.1",35328977,35329033,100528,"CM105769.1",35429562,35441218,"gene:ENSBOLG00010002062","GDF10","growth differentiation factor 10 [Ensembl NN prediction with score 99.99%]","+",35429562,35441218,FALSE,100529,100529,112185,"upstream","intergenic",FALSE,"intergenic"
"CM105779.1",16506579,16506631,53,7,-16.2335579551894,"CM105779.1",16506579,16506631,40722,"CM105779.1",16547354,16569741,"gene:ENSBOLG00010010145","SLC16A9","solute carrier family 16 member 9 [Ensembl NN prediction with score 100%]","-",16569741,16547354,FALSE,63110,63110,40723,"downstream","intergenic",FALSE,"intergenic"
"CM105772.1",47494530,47494735,206,4,16.2214558883473,"CM105772.1",47494530,47494735,244696,"CM105772.1",47739432,47869013,"gene:ENSBOLG00010015169","TLE4","TLE family member 4, transcriptional corepressor [Ensembl NN prediction with score 99.98%]","+",47739432,47869013,FALSE,244697,244697,374278,"upstream","intergenic",FALSE,"intergenic"
"CM105769.1",81588031,81588472,442,5,-16.1710319233233,"CM105769.1",81588031,81588472,78414,"CM105769.1",81666887,81667508,"gene:ENSBOLG00010018660","rpl17","ribosomal protein L17 [Ensembl NN prediction with score 99.99%]","-",81667508,81666887,FALSE,79036,79036,78415,"downstream","intergenic",FALSE,"intergenic"
"CM105772.1",21425662,21425879,218,5,16.1628768619966,"CM105772.1",21425662,21425879,0,"CM105772.1",21373381,21468318,"gene:ENSBOLG00010018559","CC2D2B","coiled-coil and C2 domain containing 2B [Ensembl NN prediction with score 99.93%]","-",21468318,21373381,TRUE,42439,42439,52281,"overlapping","gene_body",FALSE,"intron"
"CM105783.1",57661965,57662102,138,4,16.0999286780468,"CM105783.1",57661965,57662102,0,"CM105783.1",57613177,58072934,"gene:ENSBOLG00010009071","NELL2","neural EGFL like 2 [Ensembl NN prediction with score 100%]","-",58072934,57613177,TRUE,410832,410832,48788,"overlapping","gene_body",FALSE,"intron"
"CM105789.1",3248907,3248965,59,11,16.0985714738392,"CM105789.1",3248907,3248965,0,"CM105789.1",3205990,3278502,"gene:ENSBOLG00010006902","SLC41A2","solute carrier family 41 member 2 [Ensembl NN prediction with score 100%]","+",3205990,3278502,TRUE,42917,42917,29537,"overlapping","gene_body",FALSE,"intron"
"CM105767.1",52447255,52447518,264,6,-16.0153851185261,"CM105767.1",52447255,52447518,601085,"CM105767.1",53048604,53065607,"gene:ENSBOLG00010001094","1190002N15Rik","RIKEN cDNA 1190002N15 gene [Ensembl NN prediction with score 95.43%]","-",53065607,53048604,FALSE,618089,618089,601086,"downstream","intergenic",FALSE,"intergenic"
"CM105775.1",32213826,32213892,67,7,15.958197472372,"CM105775.1",32213826,32213892,30349,"CM105775.1",32244242,32248998,"gene:ENSBOLG00010017722","IRF2BPL","interferon regulatory factor 2 binding protein like [Ensembl NN prediction with score 100%]","+",32244242,32248998,FALSE,30350,30350,35106,"upstream","intergenic",FALSE,"intergenic"
"CM105785.1",30434716,30434832,117,4,-15.880080589419,"CM105785.1",30434716,30434832,70441,"CM105785.1",30346756,30364274,"gene:ENSBOLG00010004197","RND3","Rho family GTPase 3 [Ensembl NN prediction with score 100%]","-",30364274,30346756,FALSE,70442,70442,87960,"upstream","intergenic",FALSE,"intergenic"
"CM105785.1",19975176,19975236,61,5,15.7150583010141,"CM105785.1",19975176,19975236,0,"CM105785.1",19974410,19975796,"gene:ENSBOLG00010012065","UBE2N","ubiquitin conjugating enzyme E2 N [Ensembl NN prediction with score 99.48%]","-",19975796,19974410,TRUE,560,560,766,"overlapping","gene_body",TRUE,"exon"
"CM105766.1",74041063,74041138,76,4,-15.6666556794631,"CM105766.1",74041063,74041138,0,"CM105766.1",74029679,74043854,"gene:ENSBOLG00010021346","ybx1","Y-box binding protein 1 [Ensembl NN prediction with score 100%]","+",74029679,74043854,TRUE,11384,11384,2716,"overlapping","gene_body",FALSE,"intron"
"CM105780.1",35226577,35226975,399,5,-15.6435832587288,"CM105780.1",35226577,35226975,547922,"CM105780.1",34678004,34678654,"gene:ENSBOLG00010011785","1700009N14Rik","RIKEN cDNA 1700009N14 gene [Ensembl NN prediction with score 96.73%]","-",34678654,34678004,FALSE,547923,547923,548573,"upstream","intergenic",FALSE,"intergenic"
"CM105786.1",52662583,52662669,87,4,-15.6222162154623,"CM105786.1",52662583,52662669,0,"CM105786.1",52636507,52814026,"gene:ENSBOLG00010006089","TLL1","tolloid like 1 [Ensembl NN prediction with score 100%]","-",52814026,52636507,TRUE,151357,151357,26076,"overlapping","gene_body",FALSE,"intron"
"CM105777.1",10351666,10351722,57,9,-15.6187468907089,"CM105777.1",10351666,10351722,192034,"CM105777.1",9846977,10159631,"gene:ENSBOLG00010006375","SETBP1","SET binding protein 1 [Ensembl NN prediction with score 100%]","+",9846977,10159631,FALSE,504689,504689,192035,"downstream","intergenic",FALSE,"intergenic"
"CM105770.1",44136754,44137290,537,5,-15.6095520343022,"CM105770.1",44136754,44137290,132432,"CM105770.1",43974775,44004321,"gene:ENSBOLG00010013999","HS3ST1","heparan sulfate-glucosamine 3-sulfotransferase 1 [Ensembl NN prediction with score 100%]","-",44004321,43974775,FALSE,132433,132433,161979,"upstream","intergenic",FALSE,"intergenic"
"CM105774.1",21329638,21329694,57,6,-15.5574423546388,"CM105774.1",21329638,21329694,116746,"CM105774.1",21041070,21212891,"gene:ENSBOLG00010004052","TBC1D4","TBC1 domain family member 4 [Ensembl NN prediction with score 100%]","+",21041070,21212891,FALSE,288568,288568,116747,"downstream","intergenic",FALSE,"intergenic"
"CM105778.1",10324534,10324601,68,7,15.4598550370277,"CM105778.1",10324534,10324601,0,"CM105778.1",10190126,10435436,"gene:ENSBOLG00010006642","DNAH5","dynein axonemal heavy chain 5 [Ensembl NN prediction with score 100%]","-",10435436,10190126,TRUE,110835,110835,134408,"overlapping","gene_body",FALSE,"intron"
"CM105764.1",114804836,114804991,156,5,15.4591259985192,"CM105764.1",114804836,114804991,109007,"CM105764.1",114657425,114695828,"gene:ENSBOLG00010003164","CASTOR2","cytosolic arginine sensor for mTORC1 subunit 2 [Ensembl NN prediction with score 90.25%]","-",114695828,114657425,FALSE,109008,109008,147411,"upstream","intergenic",FALSE,"intergenic"
"CM105772.1",47887426,47887486,61,7,-15.4328413681788,"CM105772.1",47887426,47887486,18412,"CM105772.1",47739432,47869013,"gene:ENSBOLG00010015169","TLE4","TLE family member 4, transcriptional corepressor [Ensembl NN prediction with score 99.98%]","+",47739432,47869013,FALSE,147994,147994,18413,"downstream","intergenic",FALSE,"intergenic"
"CM105766.1",90459147,90459297,151,7,15.4050260040334,"CM105766.1",90459147,90459297,24206,"CM105766.1",90336841,90434940,"gene:ENSBOLG00010018160","DNAJC6","DnaJ heat shock protein family (Hsp40) member C6 [Ensembl NN prediction with score 100%]","-",90434940,90336841,FALSE,24207,24207,122306,"upstream","intergenic",FALSE,"intergenic"
"CM105767.1",5851219,5851277,59,7,-15.336605963216,"CM105767.1",5851219,5851277,6062,"CM105767.1",5756131,5845156,"gene:ENSBOLG00010003413","GOLGA4","golgin A4 [Ensembl NN prediction with score 100%]","-",5845156,5756131,FALSE,6063,6063,95088,"upstream","intergenic",FALSE,"intergenic"
"CM105789.1",45283648,45283698,51,6,-15.1739922188901,"CM105789.1",45283648,45283698,339038,"CM105789.1",44943770,44944609,"gene:ENSBOLG00010012079",NA,NA,"-",44944609,44943770,FALSE,339039,339039,339878,"upstream","intergenic",FALSE,"intergenic"
"CM105786.1",16431448,16431498,51,6,-15.1649311524151,"CM105786.1",16431448,16431498,52976,"CM105786.1",16484475,16486338,"gene:ENSBOLG00010010649","TCIM","transcriptional and immune response regulator [Ensembl NN prediction with score 91.61%]","-",16486338,16484475,FALSE,54840,54840,52977,"downstream","intergenic",FALSE,"intergenic"
"CM105765.1",17466563,17466642,80,4,-15.1515400252306,"CM105765.1",17466563,17466642,73735,"CM105765.1",17540378,17775847,"gene:ENSBOLG00010001217","NYAP2","neuronal tyrosine-phosphorylated phosphoinositide-3-kinase adaptor 2 [Ensembl NN prediction with score 100%]","+",17540378,17775847,FALSE,73736,73736,309205,"upstream","intergenic",FALSE,"intergenic"
"CM105766.1",85190652,85190713,62,7,-15.1335699506108,"CM105766.1",85190652,85190713,11169,"CM105766.1",85040054,85179482,"gene:ENSBOLG00010018300","SSBP3","single stranded DNA binding protein 3 [Ensembl NN prediction with score 100%]","-",85179482,85040054,FALSE,11170,11170,150598,"upstream","intergenic",FALSE,"intergenic"
"CM105765.1",323890,323948,59,7,-15.067456931888,"CM105765.1",323890,323948,49793,"CM105765.1",373742,392049,"gene:ENSBOLG00010000465","ZDBF2","zinc finger DBF-type containing 2 [Ensembl NN prediction with score 100%]","+",373742,392049,FALSE,49794,49794,68101,"upstream","intergenic",FALSE,"intergenic"
"CM105771.1",100366247,100366332,86,7,15.0579159546108,"CM105771.1",100366247,100366332,0,"CM105771.1",100364610,100377306,"gene:ENSBOLG00010001037","CASKIN2","CASK interacting protein 2 [Ensembl NN prediction with score 100%]","-",100377306,100364610,TRUE,10974,10974,1637,"overlapping","gene_body",TRUE,"exon"
"CM105781.1",9903459,9903573,115,4,-14.8846589900353,"CM105781.1",9903459,9903573,20756,"CM105781.1",9924330,9947335,"gene:ENSBOLG00010020168","GJA5","gap junction protein alpha 5 [Ensembl NN prediction with score 100%]","+",9924330,9947335,FALSE,20757,20757,43762,"upstream","intergenic",FALSE,"intergenic"
"CM105788.1",16993156,16993246,91,4,14.8663435415308,"CM105788.1",16993156,16993246,0,"CM105788.1",16913300,17065887,"gene:ENSBOLG00010009459","CTTNBP2","cortactin binding protein 2 [Ensembl NN prediction with score 100%]","-",17065887,16913300,TRUE,72641,72641,79856,"overlapping","gene_body",FALSE,"intron"
"CM105773.1",11448321,11448378,58,5,-14.8576616328079,"CM105773.1",11448321,11448378,24729,"CM105773.1",11473108,11554034,"gene:ENSBOLG00010005244","CD44","CD44 molecule (Indian blood group) [Ensembl NN prediction with score 100%]","+",11473108,11554034,FALSE,24730,24730,105656,"upstream","intergenic",FALSE,"intergenic"
"CM105776.1",45469197,45469384,188,5,-14.844714246322,"CM105776.1",45469197,45469384,0,"CM105776.1",45437720,45683181,"gene:ENSBOLG00010008632","GLI3","GLI family zinc finger 3 [Ensembl NN prediction with score 100%]","-",45683181,45437720,TRUE,213797,213797,31477,"overlapping","gene_body",FALSE,"intron"
"CM105774.1",22335504,22335572,69,6,-14.8153547785009,"CM105774.1",22335504,22335572,4933,"CM105774.1",22340506,22610357,"gene:ENSBOLG00010003623","KLF12","Kruppel like factor 12 [Ensembl NN prediction with score 100%]","+",22340506,22610357,FALSE,4934,4934,274785,"upstream","intergenic",FALSE,"intergenic"
"CM105773.1",19676858,19676909,52,5,14.7323505385136,"CM105773.1",19676858,19676909,26602,"CM105773.1",19649800,19650255,"gene:ENSBOLG00010005504","PSMD10","proteasome 26S subunit, non-ATPase 10 [Ensembl NN prediction with score 100%]","+",19649800,19650255,FALSE,27058,27058,26603,"downstream","intergenic",FALSE,"intergenic"
"CM105780.1",63677295,63677347,53,4,-14.7046908296418,"CM105780.1",63677295,63677347,68564,"CM105780.1",63582612,63608730,"gene:ENSBOLG00010013206","HNF4G","hepatocyte nuclear factor 4 gamma [Ensembl NN prediction with score 100%]","+",63582612,63608730,FALSE,94683,94683,68565,"downstream","intergenic",FALSE,"intergenic"
"CM105764.1",78355551,78355969,419,4,-14.7020452573346,"CM105764.1",78355551,78355969,0,"CM105764.1",78254695,78413083,"gene:ENSBOLG00010001425","DGKG","diacylglycerol kinase gamma [Ensembl NN prediction with score 100%]","+",78254695,78413083,TRUE,100856,100856,57114,"overlapping","gene_body",FALSE,"intron"
"CM105766.1",80208409,80208464,56,4,-14.6016196245361,"CM105766.1",80208409,80208464,2,"CM105766.1",80185813,80208406,"gene:ENSBOLG00010022686",NA,NA,"-",80208406,80185813,FALSE,3,3,22596,"upstream","promoter",FALSE,"promoter"
"CM105775.1",42538709,42538770,62,7,14.5859255719995,"CM105775.1",42538709,42538770,0,"CM105775.1",42535984,42579532,"gene:ENSBOLG00010012216","PLEKHG3","pleckstrin homology and RhoGEF domain containing G3 [Ensembl NN prediction with score 100%]","-",42579532,42535984,TRUE,40762,40762,2725,"overlapping","gene_body",TRUE,"exon"
"CM105784.1",58725089,58725188,100,7,14.5831272177322,"CM105784.1",58725089,58725188,0,"CM105784.1",58583464,58843488,"gene:ENSBOLG00010003788","SPATA16","spermatogenesis associated 16 [Ensembl NN prediction with score 100%]","-",58843488,58583464,TRUE,118300,118300,141625,"overlapping","gene_body",FALSE,"intron"
"CM105779.1",22154889,22154968,80,5,-14.5689122980848,"CM105779.1",22154889,22154968,0,"CM105779.1",21332882,22698282,"gene:ENSBOLG00010010257","CTNNA3","catenin alpha 3 [Ensembl NN prediction with score 100%]","-",22698282,21332882,TRUE,543314,543314,822007,"overlapping","gene_body",FALSE,"intron"
"CM105765.1",8372732,8372782,51,4,14.5017583542109,"CM105765.1",8372732,8372782,4323,"CM105765.1",8377106,8398846,"gene:ENSBOLG00010000473","ATIC","5-aminoimidazole-4-carboxamide ribonucleotide formyltransferase/IMP cyclohydrolase [Ensembl NN prediction with score 100%]","+",8377106,8398846,FALSE,4324,4324,26064,"upstream","intergenic",FALSE,"intergenic"
"CM105789.1",1982164,1982304,141,6,-14.4919590659908,"CM105789.1",1982164,1982304,0,"CM105789.1",1939530,2078430,"gene:ENSBOLG00010007018","RFX4","regulatory factor X4 [Ensembl NN prediction with score 100%]","-",2078430,1939530,TRUE,96126,96126,42634,"overlapping","gene_body",FALSE,"intron"
"CM105781.1",64271491,64271577,87,5,-14.4599829673752,"CM105781.1",64271491,64271577,1544,"CM105781.1",64273122,64750093,"gene:ENSBOLG00010005896","ST6GALNAC3","ST6 N-acetylgalactosaminide alpha-2,6-sialyltransferase 3 [Ensembl NN prediction with score 100%]","-",64750093,64273122,FALSE,478516,478516,1545,"downstream","downstream",FALSE,"downstream"
"CM105770.1",70387855,70387946,92,4,-14.4489646401406,"CM105770.1",70387855,70387946,71499,"CM105770.1",70459446,70463838,"gene:ENSBOLG00010004794","SHISA3","shisa family member 3 [Ensembl NN prediction with score 100%]","+",70459446,70463838,FALSE,71500,71500,75892,"upstream","intergenic",FALSE,"intergenic"
"CM105770.1",21420861,21421108,248,4,-14.39237333309,"CM105770.1",21420861,21421108,126737,"CM105770.1",21187700,21294123,"gene:ENSBOLG00010003725","SPRED2","sprouty related EVH1 domain containing 2 [Ensembl NN prediction with score 100%]","-",21294123,21187700,FALSE,126738,126738,233161,"upstream","intergenic",FALSE,"intergenic"
"CM105789.1",593269,593657,389,4,-14.3510673049043,"CM105789.1",593269,593657,91381,"CM105789.1",685039,1055727,"gene:ENSBOLG00010007343","SYN3","synapsin III [Ensembl NN prediction with score 100%]","+",685039,1055727,FALSE,91382,91382,462070,"upstream","intergenic",FALSE,"intergenic"
"CM105778.1",32853706,32853788,83,5,14.3387699260361,"CM105778.1",32853706,32853788,124587,"CM105778.1",32638476,32729118,"gene:ENSBOLG00010015090","NNT","nicotinamide nucleotide transhydrogenase [Ensembl NN prediction with score 100%]","+",32638476,32729118,FALSE,215230,215230,124588,"downstream","intergenic",FALSE,"intergenic"
"CM105773.1",75046996,75047050,55,9,-14.3262147435701,"CM105773.1",75046996,75047050,37099,"CM105773.1",75008796,75009896,"gene:ENSBOLG00010015205",NA,NA,"-",75009896,75008796,FALSE,37100,37100,38200,"upstream","intergenic",FALSE,"intergenic"
"CM105789.1",9628264,9628315,52,7,-14.3231683763809,"CM105789.1",9628264,9628315,0,"CM105789.1",9572993,9641361,"gene:ENSBOLG00010006828","ELK3","ETS transcription factor ELK3 [Ensembl NN prediction with score 100%]","-",9641361,9572993,TRUE,13046,13046,55271,"overlapping","gene_body",FALSE,"intron"
"CM105771.1",89993465,89993536,72,7,-14.3217523620711,"CM105771.1",89993465,89993536,54749,"CM105771.1",89852150,89938715,"gene:ENSBOLG00010022234","MARCHF10","membrane associated ring-CH-type finger 10 [Ensembl NN prediction with score 100%]","-",89938715,89852150,FALSE,54750,54750,141315,"upstream","intergenic",FALSE,"intergenic"
"CM105774.1",5848347,5848406,60,4,-14.3097302990219,"CM105774.1",5848347,5848406,54489,"CM105774.1",5574863,5793857,"gene:ENSBOLG00010007102","ABCC4","ATP binding cassette subfamily C member 4 [Ensembl NN prediction with score 100%]","+",5574863,5793857,FALSE,273484,273484,54490,"downstream","intergenic",FALSE,"intergenic"
"CM105766.1",33828543,33828620,78,7,-14.2880336521217,"CM105766.1",33828543,33828620,112337,"CM105766.1",33711963,33716205,"gene:ENSBOLG00010016970","Zfp637","zinc finger protein 637 [Ensembl NN prediction with score 99.89%]","-",33716205,33711963,FALSE,112338,112338,116580,"upstream","intergenic",FALSE,"intergenic"
"CM105789.1",36652585,36652839,255,5,14.2428296688163,"CM105789.1",36652585,36652839,88897,"CM105789.1",36741737,36804603,"gene:ENSBOLG00010006693","SLC16A7","solute carrier family 16 member 7 [Ensembl NN prediction with score 100%]","+",36741737,36804603,FALSE,88898,88898,151764,"upstream","intergenic",FALSE,"intergenic"
"CM105769.1",71650744,71650812,69,5,14.2373093079327,"CM105769.1",71650744,71650812,0,"CM105769.1",71590524,71689107,"gene:ENSBOLG00010007337","COLGALT2","collagen beta(1-O)galactosyltransferase 2 [Ensembl NN prediction with score 100%]","-",71689107,71590524,TRUE,38295,38295,60220,"overlapping","gene_body",FALSE,"intron"
"CM105776.1",39896129,39896414,286,4,14.2270921319285,"CM105776.1",39896129,39896414,10268,"CM105776.1",39884934,39885860,"gene:ENSBOLG00010012757","Olfr1362","olfactory receptor 1362 [Ensembl NN prediction with score 100%]","+",39884934,39885860,FALSE,11195,11195,10269,"downstream","intergenic",FALSE,"intergenic"
"CM105776.1",32741895,32742242,348,4,14.2012466186464,"CM105776.1",32741895,32742242,44311,"CM105776.1",32786554,32866299,"gene:ENSBOLG00010012650","E2F3","E2F transcription factor 3 [Ensembl NN prediction with score 100%]","+",32786554,32866299,FALSE,44312,44312,124057,"upstream","intergenic",FALSE,"intergenic"
"CM105769.1",6998678,6998731,54,4,14.1054872679307,"CM105769.1",6998678,6998731,78819,"CM105769.1",7077551,7289359,"gene:ENSBOLG00010006258","ESRRG","estrogen related receptor gamma [Ensembl NN prediction with score 100%]","-",7289359,7077551,FALSE,290628,290628,78820,"downstream","intergenic",FALSE,"intergenic"
"CM105779.1",63566062,63566150,89,7,-14.0600270753032,"CM105779.1",63566062,63566150,0,"CM105779.1",63503835,63566883,"gene:ENSBOLG00010014107","PTK7","protein tyrosine kinase 7 (inactive) [Ensembl NN prediction with score 99.98%]","-",63566883,63503835,TRUE,733,733,62227,"overlapping","gene_body",FALSE,"intron"
"CM105787.1",33912905,33913025,121,4,-13.9651078050203,"CM105787.1",33912905,33913025,254046,"CM105787.1",33646716,33658858,"gene:ENSBOLG00010003809","NR2F2","nuclear receptor subfamily 2 group F member 2 [Ensembl NN prediction with score 99.86%]","-",33658858,33646716,FALSE,254047,254047,266189,"upstream","intergenic",FALSE,"intergenic"
"CM105767.1",103670126,103670215,90,4,-13.9488077655718,"CM105767.1",103670126,103670215,10957,"CM105767.1",103591897,103659168,"gene:ENSBOLG00010001663","ANLN","anillin actin binding protein [Ensembl NN prediction with score 100%]","+",103591897,103659168,FALSE,78229,78229,10958,"downstream","intergenic",FALSE,"intergenic"
"CM105774.1",67785925,67785995,71,7,-13.9377287410418,"CM105774.1",67785925,67785995,0,"CM105774.1",67785075,67795184,"gene:ENSBOLG00010022208","haus4","HAUS augmin like complex subunit 4 [Ensembl NN prediction with score 100%]","+",67785075,67795184,TRUE,850,850,9189,"overlapping","gene_body",FALSE,"intron"
"CM105778.1",38913248,38913452,205,4,-13.9310516948467,"CM105778.1",38913248,38913452,0,"CM105778.1",38910083,38976622,"gene:ENSBOLG00010015218","SLC38A9","solute carrier family 38 member 9 [Ensembl NN prediction with score 100%]","-",38976622,38910083,TRUE,63170,63170,3165,"overlapping","gene_body",FALSE,"intron"
"CM105777.1",40312223,40312301,79,7,13.8605998528326,"CM105777.1",40312223,40312301,40434,"CM105777.1",40352736,40411394,"gene:ENSBOLG00010013431","SEMA6A","semaphorin 6A [Ensembl NN prediction with score 100%]","+",40352736,40411394,FALSE,40435,40435,99093,"upstream","intergenic",FALSE,"intergenic"
"CM105773.1",37037344,37037963,620,4,13.8588919436455,"CM105773.1",37037344,37037963,382945,"CM105773.1",36653335,36654398,"gene:ENSBOLG00010022258","PTMA","prothymosin alpha [Ensembl NN prediction with score 98.29%]","-",36654398,36653335,FALSE,382946,382946,384009,"upstream","intergenic",FALSE,"intergenic"
"CM105790.1",40505031,40505096,66,9,13.8522614171357,"CM105790.1",40505031,40505096,70946,"CM105790.1",40267910,40434084,"gene:ENSBOLG00010009714","SATB2","SATB homeobox 2 [Ensembl NN prediction with score 100%]","-",40434084,40267910,FALSE,70947,70947,237121,"upstream","intergenic",FALSE,"intergenic"
"CM105774.1",78725101,78725178,78,5,-13.8486828143491,"CM105774.1",78725101,78725178,344,"CM105774.1",78722104,78724756,"gene:ENSBOLG00010013026","ZNF503","zinc finger protein 503 [Ensembl NN prediction with score 79.17%]","+",78722104,78724756,FALSE,2997,2997,345,"downstream","downstream",FALSE,"downstream"
"CM105766.1",73983484,73983603,120,4,-13.8454337659037,"CM105766.1",73983484,73983603,0,"CM105766.1",73916242,74001348,"gene:ENSBOLG00010022225",NA,NA,"+",73916242,74001348,TRUE,67242,67242,17745,"overlapping","gene_body",FALSE,"intron"
"CM105774.1",21401821,21402061,241,5,13.8379294991916,"CM105774.1",21401821,21402061,188929,"CM105774.1",21041070,21212891,"gene:ENSBOLG00010004052","TBC1D4","TBC1 domain family member 4 [Ensembl NN prediction with score 100%]","+",21041070,21212891,FALSE,360751,360751,188930,"downstream","intergenic",FALSE,"intergenic"
"CM105776.1",75653244,75653301,58,5,-13.8359210775072,"CM105776.1",75653244,75653301,77930,"CM105776.1",75550182,75575313,"gene:ENSBOLG00010012307","MTPAP","mitochondrial poly(A) polymerase [Ensembl NN prediction with score 100%]","+",75550182,75575313,FALSE,103062,103062,77931,"downstream","intergenic",FALSE,"intergenic"
"CM105767.1",24060085,24060140,56,5,-13.822087909185,"CM105767.1",24060085,24060140,0,"CM105767.1",24032786,24061055,"gene:ENSBOLG00010017671","PARP16","poly(ADP-ribose) polymerase family member 16 [Ensembl NN prediction with score 100%]","+",24032786,24061055,TRUE,27299,27299,915,"overlapping","gene_body",TRUE,"exon"
"CM105764.1",33249163,33249658,496,4,13.8137051425031,"CM105764.1",33249163,33249658,241664,"CM105764.1",32714038,33007498,"gene:ENSBOLG00010001294","CADM2","cell adhesion molecule 2 [Ensembl NN prediction with score 99.99%]","+",32714038,33007498,FALSE,535125,535125,241665,"downstream","intergenic",FALSE,"intergenic"
"CM105764.1",33223657,33223791,135,4,13.7538386670921,"CM105764.1",33223657,33223791,216158,"CM105764.1",32714038,33007498,"gene:ENSBOLG00010001294","CADM2","cell adhesion molecule 2 [Ensembl NN prediction with score 99.99%]","+",32714038,33007498,FALSE,509619,509619,216159,"downstream","intergenic",FALSE,"intergenic"
"CM105781.1",35276113,35276203,91,7,13.7506096517775,"CM105781.1",35276113,35276203,0,"CM105781.1",35273916,35297569,"gene:ENSBOLG00010007408","MYOZ2","myozenin 2 [Ensembl NN prediction with score 99.98%]","-",35297569,35273916,TRUE,21366,21366,2197,"overlapping","gene_body",FALSE,"intron"
"CM105769.1",6838519,6838575,57,4,13.7474886424822,"CM105769.1",6838519,6838575,238975,"CM105769.1",7077551,7289359,"gene:ENSBOLG00010006258","ESRRG","estrogen related receptor gamma [Ensembl NN prediction with score 100%]","-",7289359,7077551,FALSE,450784,450784,238976,"downstream","intergenic",FALSE,"intergenic"
"CM105776.1",62773337,62773408,72,7,13.7417531462626,"CM105776.1",62773337,62773408,0,"CM105776.1",62665922,63084130,"gene:ENSBOLG00010014821","CAMK1D","calcium/calmodulin dependent protein kinase ID [Ensembl NN prediction with score 100%]","+",62665922,63084130,TRUE,107415,107415,310722,"overlapping","gene_body",FALSE,"intron"
"CM105783.1",24525909,24526048,140,5,13.7157533620329,"CM105783.1",24525909,24526048,450912,"CM105783.1",24976961,24981645,"gene:ENSBOLG00010006972","MYC","MYC proto-oncogene, bHLH transcription factor [Ensembl NN prediction with score 100%]","+",24976961,24981645,FALSE,450913,450913,455597,"upstream","intergenic",FALSE,"intergenic"
"CM105764.1",22429820,22429887,68,5,-13.6132860934379,"CM105764.1",22429820,22429887,311626,"CM105764.1",22741514,22849557,"gene:ENSBOLG00010000097","USP25","ubiquitin specific peptidase 25 [Ensembl NN prediction with score 100%]","-",22849557,22741514,FALSE,419670,419670,311627,"downstream","intergenic",FALSE,"intergenic"
"CM105764.1",44336808,44336890,83,6,-13.5764506652568,"CM105764.1",44336808,44336890,0,"CM105764.1",44272122,44341884,"gene:ENSBOLG00010000751","GPR156","G protein-coupled receptor 156 [Ensembl NN prediction with score 100%]","+",44272122,44341884,TRUE,64686,64686,4994,"overlapping","gene_body",FALSE,"intron"
"CM105780.1",14044075,14044133,59,5,-13.5686937141099,"CM105780.1",14044075,14044133,14684,"CM105780.1",13956781,14029390,"gene:ENSBOLG00010014750","RGS20","regulator of G protein signaling 20 [Ensembl NN prediction with score 99.86%]","-",14029390,13956781,FALSE,14685,14685,87294,"upstream","intergenic",FALSE,"intergenic"
"CM105765.1",10249407,10249467,61,7,13.5622510591469,"CM105765.1",10249407,10249467,421440,"CM105765.1",10670908,10892705,"gene:ENSBOLG00010000414","TNS1","tensin 1 [Ensembl NN prediction with score 100%]","-",10892705,10670908,FALSE,643238,643238,421441,"downstream","intergenic",FALSE,"intergenic"
"CM105789.1",21706420,21706526,107,5,-13.5557477004324,"CM105789.1",21706420,21706526,49095,"CM105789.1",21499302,21657324,"gene:ENSBOLG00010009568","ACSS3","acyl-CoA synthetase short chain family member 3 [Ensembl NN prediction with score 100%]","-",21657324,21499302,FALSE,49096,49096,207118,"upstream","intergenic",FALSE,"intergenic"
"CM105772.1",73430216,73430276,61,5,13.550258466011,"CM105772.1",73430216,73430276,0,"CM105772.1",73408608,73431314,"gene:ENSBOLG00010011991","CTSB","cathepsin B [Ensembl NN prediction with score 96.16%]","-",73431314,73408608,TRUE,1038,1038,21608,"overlapping","gene_body",TRUE,"exon"
"CM105782.1",27267444,27267498,55,5,13.532832352131,"CM105782.1",27267444,27267498,0,"CM105782.1",27256508,27306902,"gene:ENSBOLG00010018044","RSPRY1","ring finger and SPRY domain containing 1 [Ensembl NN prediction with score 100%]","+",27256508,27306902,TRUE,10936,10936,39404,"overlapping","gene_body",FALSE,"intron"
"CM105772.1",11462633,11462695,63,5,-13.5297131680244,"CM105772.1",11462633,11462695,8330,"CM105772.1",10942515,11454302,"gene:ENSBOLG00010015622","SORCS1","sortilin related VPS10 domain containing receptor 1 [Ensembl NN prediction with score 99.98%]","+",10942515,11454302,FALSE,520118,520118,8331,"downstream","intergenic",FALSE,"intergenic"
"CM105785.1",37496147,37496252,106,4,13.5203349523179,"CM105785.1",37496147,37496252,0,"CM105785.1",37389573,37528663,"gene:ENSBOLG00010003803","PKP4","plakophilin 4 [Ensembl NN prediction with score 100%]","+",37389573,37528663,TRUE,106574,106574,32411,"overlapping","gene_body",FALSE,"intron"
"CM105764.1",20005528,20005727,200,4,-13.502865130951,"CM105764.1",20005528,20005727,704879,"CM105764.1",20710607,20811433,"gene:ENSBOLG00010005682","TMPRSS15","transmembrane serine protease 15 [Ensembl NN prediction with score 99.94%]","+",20710607,20811433,FALSE,704880,704880,805706,"upstream","intergenic",FALSE,"intergenic"
"CM105781.1",49084451,49084519,69,5,13.5018585489577,"CM105781.1",49084451,49084519,959,"CM105781.1",49073098,49083491,"gene:ENSBOLG00010015879","LAMTOR3","late endosomal/lysosomal adaptor, MAPK and MTOR activator 3 [Ensembl NN prediction with score 100%]","+",49073098,49083491,FALSE,11353,11353,960,"downstream","downstream",FALSE,"downstream"
"CM105764.1",86866185,86866295,111,4,13.5011496934693,"CM105764.1",86866185,86866295,0,"CM105764.1",86838680,86993638,"gene:ENSBOLG00010013682","FLT1","fms related receptor tyrosine kinase 1 [Ensembl NN prediction with score 100%]","-",86993638,86838680,TRUE,127343,127343,27505,"overlapping","gene_body",FALSE,"intron"
"CM105764.1",77210465,77210549,85,5,13.4850537060217,"CM105764.1",77210465,77210549,19678,"CM105764.1",77186063,77190786,"gene:ENSBOLG00010001733","RTP4","receptor transporter protein 4 [Ensembl NN prediction with score 99.08%]","-",77190786,77186063,FALSE,19679,19679,24402,"upstream","intergenic",FALSE,"intergenic"
"CM105765.1",48264988,48265074,87,5,-13.4784573330235,"CM105765.1",48264988,48265074,29651,"CM105765.1",48294726,48430005,"gene:ENSBOLG00010008420","CHST8","carbohydrate sulfotransferase 8 [Ensembl NN prediction with score 100%]","+",48294726,48430005,FALSE,29652,29652,164931,"upstream","intergenic",FALSE,"intergenic"
"CM105782.1",50078778,50078829,52,5,-13.4596506617708,"CM105782.1",50078778,50078829,0,"CM105782.1",49977344,50169483,"gene:ENSBOLG00010016134","CMIP","c-Maf inducing protein [Ensembl NN prediction with score 100%]","+",49977344,50169483,TRUE,101434,101434,90654,"overlapping","gene_body",FALSE,"intron"
"CM105788.1",44548461,44548738,278,4,-13.4594562393607,"CM105788.1",44548461,44548738,0,"CM105788.1",43343393,45374859,"gene:ENSBOLG00010004388","CNTNAP2","contactin associated protein 2 [Ensembl NN prediction with score 100%]","+",43343393,45374859,TRUE,1205068,1205068,826121,"overlapping","gene_body",FALSE,"intron"
"CM105778.1",10846529,10846602,74,5,-13.4307805327952,"CM105778.1",10846529,10846602,0,"CM105778.1",10608890,10892424,"gene:ENSBOLG00010011013","TRIO","trio Rho guanine nucleotide exchange factor [Ensembl NN prediction with score 100%]","+",10608890,10892424,TRUE,237639,237639,45822,"overlapping","gene_body",FALSE,"intron"
"CM105771.1",81752124,81752212,89,7,13.4283693793052,"CM105771.1",81752124,81752212,0,"CM105771.1",81739239,81820412,"gene:ENSBOLG00010019976","ARHGAP23","Rho GTPase activating protein 23 [Ensembl NN prediction with score 100%]","+",81739239,81820412,TRUE,12885,12885,68200,"overlapping","gene_body",FALSE,"intron"
"CM105775.1",44090149,44090467,319,4,13.3778469415482,"CM105775.1",44090149,44090467,0,"CM105775.1",43894981,44181413,"gene:ENSBOLG00010012239","KCNH5","potassium voltage-gated channel subfamily H member 5 [Ensembl NN prediction with score 99.99%]","+",43894981,44181413,TRUE,195168,195168,90946,"overlapping","gene_body",FALSE,"intron"
"CM105768.1",93058738,93058804,67,6,13.3455861927053,"CM105768.1",93058738,93058804,54874,"CM105768.1",92977710,93003863,"gene:ENSBOLG00010000650","EVA1A","eva-1 homolog A, regulator of programmed cell death [Ensembl NN prediction with score 100%]","+",92977710,93003863,FALSE,81028,81028,54875,"downstream","intergenic",FALSE,"intergenic"
"CM105787.1",45765583,45765640,58,5,-13.3318790283397,"CM105787.1",45765583,45765640,273329,"CM105787.1",45488499,45492253,"gene:ENSBOLG00010016496","MEX3B","mex-3 RNA binding family member B [Ensembl NN prediction with score 100%]","+",45488499,45492253,FALSE,277084,277084,273330,"downstream","intergenic",FALSE,"intergenic"
"CM105764.1",78952930,78953124,195,4,13.3204778717575,"CM105764.1",78952930,78953124,0,"CM105764.1",78949168,78992311,"gene:ENSBOLG00010001524","LIPH","lipase H [Ensembl NN prediction with score 100%]","+",78949168,78992311,TRUE,3762,3762,39187,"overlapping","gene_body",FALSE,"intron"
"CM105774.1",14519609,14519829,221,4,-13.2739273183005,"CM105774.1",14519609,14519829,12434,"CM105774.1",14505084,14507174,"gene:ENSBOLG00010004090","SLITRK1","SLIT and NTRK like family member 1 [Ensembl NN prediction with score 100%]","+",14505084,14507174,FALSE,14525,14525,12435,"downstream","intergenic",FALSE,"intergenic"
"CM105774.1",53027360,53027482,123,5,-13.2322151671141,"CM105774.1",53027360,53027482,0,"CM105774.1",53003739,53105881,"gene:ENSBOLG00010007754","DPYSL2","dihydropyrimidinase like 2 [Ensembl NN prediction with score 100%]","+",53003739,53105881,TRUE,23621,23621,78399,"overlapping","gene_body",FALSE,"intron"
"CM105790.1",38209095,38209146,52,5,-13.2034743966849,"CM105790.1",38209095,38209146,21101,"CM105790.1",38230248,38309332,"gene:ENSBOLG00010009893","CCDC150","coiled-coil domain containing 150 [Ensembl NN prediction with score 100%]","+",38230248,38309332,FALSE,21102,21102,100186,"upstream","intergenic",FALSE,"intergenic"
"CM105771.1",32065085,32065247,163,6,-13.190924311618,"CM105771.1",32065085,32065247,0,"CM105771.1",32041955,32080311,"gene:ENSBOLG00010004958","TBC1D9B","TBC1 domain family member 9B [Ensembl NN prediction with score 100%]","+",32041955,32080311,TRUE,23130,23130,15064,"overlapping","gene_body",FALSE,"intron"
"CM105787.1",44628722,44628776,55,4,13.1816272483431,"CM105787.1",44628722,44628776,0,"CM105787.1",44615086,44639919,"gene:ENSBOLG00010015957","TM6SF1","transmembrane 6 superfamily member 1 [Ensembl NN prediction with score 100%]","+",44615086,44639919,TRUE,13636,13636,11143,"overlapping","gene_body",FALSE,"intron"
"CM105769.1",84285960,84286344,385,4,-13.1151946358516,"CM105769.1",84285960,84286344,27389,"CM105769.1",84236501,84258570,"gene:ENSBOLG00010016779","ZBTB41","zinc finger and BTB domain containing 41 [Ensembl NN prediction with score 100%]","-",84258570,84236501,FALSE,27390,27390,49459,"upstream","intergenic",FALSE,"intergenic"
"CM105766.1",5029452,5029638,187,4,13.1061636413316,"CM105766.1",5029452,5029638,62041,"CM105766.1",4957653,4967410,"gene:ENSBOLG00010003027","PTHLH","parathyroid hormone like hormone [Ensembl NN prediction with score 100%]","+",4957653,4967410,FALSE,71799,71799,62042,"downstream","intergenic",FALSE,"intergenic"
"CM105776.1",18867314,18867404,91,5,13.0393543661423,"CM105776.1",18867314,18867404,72038,"CM105776.1",18617890,18795275,"gene:ENSBOLG00010013663","JARID2","jumonji and AT-rich interaction domain containing 2 [Ensembl NN prediction with score 99.98%]","-",18795275,18617890,FALSE,72039,72039,249424,"upstream","intergenic",FALSE,"intergenic"
"CM105769.1",76102893,76102977,85,4,13.0268385303742,"CM105769.1",76102893,76102977,762026,"CM105769.1",76865004,76865544,"gene:ENSBOLG00010007525","SNRPD2","small nuclear ribonucleoprotein D2 polypeptide [Ensembl NN prediction with score 86.96%]","-",76865544,76865004,FALSE,762567,762567,762027,"downstream","intergenic",FALSE,"intergenic"
"CM105779.1",1571186,1571296,111,5,13.0253475277581,"CM105779.1",1571186,1571296,0,"CM105779.1",1569560,1572512,"gene:ENSBOLG00010023090",NA,NA,"-",1572512,1569560,TRUE,1216,1216,1626,"overlapping","gene_body",FALSE,"intron"
"CM105783.1",57673741,57674169,429,4,13.0190451356996,"CM105783.1",57673741,57674169,0,"CM105783.1",57613177,58072934,"gene:ENSBOLG00010009071","NELL2","neural EGFL like 2 [Ensembl NN prediction with score 100%]","-",58072934,57613177,TRUE,398765,398765,60564,"overlapping","gene_body",FALSE,"intron"
"CM105789.1",239284,239755,472,6,-13.0002564774318,"CM105789.1",239284,239755,21231,"CM105789.1",260987,261919,"gene:ENSBOLG00010007699","Olfr1229","olfactory receptor 1229 [Ensembl NN prediction with score 99.7%]","-",261919,260987,FALSE,22164,22164,21232,"downstream","intergenic",FALSE,"intergenic"
"CM105781.1",42215273,42215324,52,7,12.9816288278944,"CM105781.1",42215273,42215324,0,"CM105781.1",42154138,42540291,"gene:ENSBOLG00010015592","COL25A1","collagen type XXV alpha 1 chain [Ensembl NN prediction with score 99.83%]","+",42154138,42540291,TRUE,61135,61135,324967,"overlapping","gene_body",FALSE,"intron"
"CM105772.1",29966021,29966096,76,5,-12.9490245859272,"CM105772.1",29966021,29966096,0,"CM105772.1",29964112,30053025,"gene:ENSBOLG00010011472","SGMS1","sphingomyelin synthase 1 [Ensembl NN prediction with score 100%]","+",29964112,30053025,TRUE,1909,1909,86929,"overlapping","gene_body",FALSE,"intron"
"CM105771.1",17060833,17060888,56,5,-12.8851715709183,"CM105771.1",17060833,17060888,0,"CM105771.1",17024816,17434714,"gene:ENSBOLG00010019375","DOCK2","dedicator of cytokinesis 2 [Ensembl NN prediction with score 100%]","-",17434714,17024816,TRUE,373826,373826,36017,"overlapping","gene_body",FALSE,"intron"
"CM105781.1",30178058,30178250,193,4,-12.8650213921147,"CM105781.1",30178058,30178250,0,"CM105781.1",30022995,30199146,"gene:ENSBOLG00010008735","PLPPR5","phospholipid phosphatase related 5 [Ensembl NN prediction with score 100%]","+",30022995,30199146,TRUE,155063,155063,20896,"overlapping","gene_body",FALSE,"intron"
"CM105774.1",2677374,2677426,53,7,-12.8439214234736,"CM105774.1",2677374,2677426,0,"CM105774.1",2652067,2902921,"gene:ENSBOLG00010007253","DOCK9","dedicator of cytokinesis 9 [Ensembl NN prediction with score 99.95%]","+",2652067,2902921,TRUE,25307,25307,225495,"overlapping","gene_body",FALSE,"intron"
"CM105778.1",48691984,48692059,76,9,12.82516120629,"CM105778.1",48691984,48692059,61972,"CM105778.1",48575984,48630011,"gene:ENSBOLG00010015983","CD180","CD180 molecule [Ensembl NN prediction with score 100%]","-",48630011,48575984,FALSE,61973,61973,116000,"upstream","intergenic",FALSE,"intergenic"
"CM105783.1",46846192,46846285,94,4,12.8173236132973,"CM105783.1",46846192,46846285,18864,"CM105783.1",46822873,46827327,"gene:ENSBOLG00010020526","RTL6","retrotransposon Gag like 6 [Ensembl NN prediction with score 98.89%]","-",46827327,46822873,FALSE,18865,18865,23319,"upstream","intergenic",FALSE,"intergenic"
"CM105772.1",47480012,47480111,100,4,12.7878971381993,"CM105772.1",47480012,47480111,259320,"CM105772.1",47739432,47869013,"gene:ENSBOLG00010015169","TLE4","TLE family member 4, transcriptional corepressor [Ensembl NN prediction with score 99.98%]","+",47739432,47869013,FALSE,259321,259321,388902,"upstream","intergenic",FALSE,"intergenic"
"CM105772.1",72476218,72476283,66,7,-12.7722327894328,"CM105772.1",72476218,72476283,0,"CM105772.1",72458535,72477762,"gene:ENSBOLG00010012192","GPR26","G protein-coupled receptor 26 [Ensembl NN prediction with score 100%]","-",72477762,72458535,TRUE,1479,1479,17683,"overlapping","gene_body",FALSE,"intron"
"CM105789.1",64202,64407,206,4,-12.7556006168508,"CM105789.1",64202,64407,51227,"CM105789.1",12048,12974,"gene:ENSBOLG00010007697","Olfr1249","olfactory receptor 1249 [Ensembl NN prediction with score 95.92%]","-",12974,12048,FALSE,51228,51228,52154,"upstream","intergenic",FALSE,"intergenic"
"CM105777.1",69453338,69454256,919,4,12.7350388956699,"CM105777.1",69453338,69454256,202827,"CM105777.1",69249968,69250510,"gene:ENSBOLG00010008223","NIP7","nucleolar pre-rRNA processing protein NIP7 [Ensembl NN prediction with score 100%]","-",69250510,69249968,FALSE,202828,202828,203370,"upstream","intergenic",FALSE,"intergenic"
"CM105767.1",27282022,27282123,102,4,12.702298733923,"CM105767.1",27282022,27282123,192335,"CM105767.1",27474459,28197686,"gene:ENSBOLG00010018250","RORA","RAR related orphan receptor A [Ensembl NN prediction with score 99.96%]","+",27474459,28197686,FALSE,192336,192336,915563,"upstream","intergenic",FALSE,"intergenic"
"CM105779.1",23173364,23173422,59,4,12.6979687032858,"CM105779.1",23173364,23173422,0,"CM105779.1",23158305,23189800,"gene:ENSBOLG00010008943","RUFY2","RUN and FYVE domain containing 2 [Ensembl NN prediction with score 100%]","-",23189800,23158305,TRUE,16378,16378,15059,"overlapping","gene_body",FALSE,"intron"
"CM105765.1",127282988,127283128,141,4,12.6745463776612,"CM105765.1",127282988,127283128,97827,"CM105765.1",127097105,127185160,"gene:ENSBOLG00010002883","RGS17","regulator of G protein signaling 17 [Ensembl NN prediction with score 100%]","-",127185160,127097105,FALSE,97828,97828,185883,"upstream","intergenic",FALSE,"intergenic"
"CM105787.1",33911408,33911478,71,4,-12.6577105876383,"CM105787.1",33911408,33911478,252549,"CM105787.1",33646716,33658858,"gene:ENSBOLG00010003809","NR2F2","nuclear receptor subfamily 2 group F member 2 [Ensembl NN prediction with score 99.86%]","-",33658858,33646716,FALSE,252550,252550,264692,"upstream","intergenic",FALSE,"intergenic"
"CM105766.1",88303999,88304061,63,5,-12.6466229088442,"CM105766.1",88303999,88304061,408279,"CM105766.1",88712341,88766478,"gene:ENSBOLG00010018857","OMA1","OMA1 zinc metallopeptidase [Ensembl NN prediction with score 98.46%]","-",88766478,88712341,FALSE,462417,462417,408280,"downstream","intergenic",FALSE,"intergenic"
"CM105774.1",14520308,14521089,782,4,-12.6464615260775,"CM105774.1",14520308,14521089,13133,"CM105774.1",14505084,14507174,"gene:ENSBOLG00010004090","SLITRK1","SLIT and NTRK like family member 1 [Ensembl NN prediction with score 100%]","+",14505084,14507174,FALSE,15224,15224,13134,"downstream","intergenic",FALSE,"intergenic"
"CM105770.1",32187689,32187742,54,5,12.6385277901473,"CM105770.1",32187689,32187742,149333,"CM105770.1",32038104,32038355,"gene:ENSBOLG00010017154","RPS21","ribosomal protein S21 [Ensembl NN prediction with score 100%]","-",32038355,32038104,FALSE,149334,149334,149585,"upstream","intergenic",FALSE,"intergenic"
"CM105790.1",38597387,38597506,120,11,12.6061958485388,"CM105790.1",38597387,38597506,0,"CM105790.1",38519428,38755920,"gene:ENSBOLG00010010053","ANKRD44","ankyrin repeat domain 44 [Ensembl NN prediction with score 100%]","-",38755920,38519428,TRUE,158414,158414,77959,"overlapping","gene_body",FALSE,"intron"
"CM105779.1",32233047,32233105,59,5,12.5807835114169,"CM105779.1",32233047,32233105,116009,"CM105779.1",32349115,32424195,"gene:ENSBOLG00010009601","UXS1","UDP-glucuronate decarboxylase 1 [Ensembl NN prediction with score 100%]","+",32349115,32424195,FALSE,116010,116010,191090,"upstream","intergenic",FALSE,"intergenic"
"CM105770.1",65672432,65672528,97,5,12.5554493319908,"CM105770.1",65672432,65672528,0,"CM105770.1",65640224,65697977,"gene:ENSBOLG00010004789","DTHD1","death domain containing 1 [Ensembl NN prediction with score 99.93%]","+",65640224,65697977,TRUE,32208,32208,25449,"overlapping","gene_body",FALSE,"intron"
"CM105786.1",52591675,52592059,385,4,-12.5444394040337,"CM105786.1",52591675,52592059,44447,"CM105786.1",52636507,52814026,"gene:ENSBOLG00010006089","TLL1","tolloid like 1 [Ensembl NN prediction with score 100%]","-",52814026,52636507,FALSE,221967,221967,44448,"downstream","intergenic",FALSE,"intergenic"
"CM105773.1",10043781,10043841,61,5,-12.5333237341401,"CM105773.1",10043781,10043841,0,"CM105773.1",9948468,10208504,"gene:ENSBOLG00010006424",NA,NA,"+",9948468,10208504,TRUE,95313,95313,164663,"overlapping","gene_body",FALSE,"intron"
"JBCDMM020000048.1",425629,425683,55,5,-12.5297592733317,"JBCDMM020000048.1",425629,425683,NA,NA,NA,NA,NA,NA,NA,"+",NA,NA,NA,NA,NA,NA,"overlapping","intergenic",FALSE,"intergenic"
"CM105778.1",11314390,11314602,213,4,-12.5267722744845,"CM105778.1",11314390,11314602,155210,"CM105778.1",11024466,11159179,"gene:ENSBOLG00010011070","Ank","progressive ankylosis [Ensembl NN prediction with score 99.59%]","-",11159179,11024466,FALSE,155211,155211,289924,"upstream","intergenic",FALSE,"intergenic"
"CM105769.1",71959423,71959476,54,5,12.5065503092858,"CM105769.1",71959423,71959476,23452,"CM105769.1",71982929,72182572,"gene:ENSBOLG00010007356",NA,NA,"+",71982929,72182572,FALSE,23453,23453,223096,"upstream","intergenic",FALSE,"intergenic"
"CM105766.1",80278521,80278613,93,4,-12.4847265709359,"CM105766.1",80278521,80278613,0,"CM105766.1",80260342,80280340,"gene:ENSBOLG00010021783","SLC5A9","solute carrier family 5 member 9 [Ensembl NN prediction with score 100%]","+",80260342,80280340,TRUE,18179,18179,1727,"overlapping","gene_body",FALSE,"intron"
"CM105784.1",46381882,46382078,197,4,-12.4306495147317,"CM105784.1",46381882,46382078,102019,"CM105784.1",46250423,46279862,"gene:ENSBOLG00010007795",NA,NA,"+",46250423,46279862,FALSE,131459,131459,102020,"downstream","intergenic",FALSE,"intergenic"
"CM105782.1",65333679,65334052,374,4,-12.413844085549,"CM105782.1",65333679,65334052,338315,"CM105782.1",65672368,65673182,"gene:ENSBOLG00010004177","NACA2","nascent polypeptide associated complex subunit alpha 2 [Ensembl NN prediction with score 98.96%]","+",65672368,65673182,FALSE,338316,338316,339130,"upstream","intergenic",FALSE,"intergenic"
"CM105765.1",26534319,26534450,132,4,-12.4031933527006,"CM105765.1",26534319,26534450,68888,"CM105765.1",26454106,26465430,"gene:ENSBOLG00010004912","ACKR3","atypical chemokine receptor 3 [Ensembl NN prediction with score 99.99%]","+",26454106,26465430,FALSE,80213,80213,68889,"downstream","intergenic",FALSE,"intergenic"
"CM105768.1",118196402,118196467,66,5,12.3976663000375,"CM105768.1",118196402,118196467,0,"CM105768.1",118139901,118198372,"gene:ENSBOLG00010013364","KCNAB2","potassium voltage-gated channel subfamily A regulatory beta subunit 2 [Ensembl NN prediction with score 99.97%]","-",118198372,118139901,TRUE,1905,1905,56501,"overlapping","gene_body",FALSE,"intron"
"CM105764.1",36529397,36529634,238,4,12.3805768087192,"CM105764.1",36529397,36529634,0,"CM105764.1",36493584,36565738,"gene:ENSBOLG00010001251","PROS1","protein S [Ensembl NN prediction with score 100%]","-",36565738,36493584,TRUE,36104,36104,35813,"overlapping","gene_body",FALSE,"intron"
"CM105783.1",53062665,53062722,58,6,12.3383365920037,"CM105783.1",53062665,53062722,0,"CM105783.1",52892559,53084795,"gene:ENSBOLG00010008630","CPNE8","copine 8 [Ensembl NN prediction with score 100%]","-",53084795,52892559,TRUE,22073,22073,170106,"overlapping","gene_body",FALSE,"intron"
"CM105780.1",37441826,37441959,134,4,12.3281440601189,"CM105780.1",37441826,37441959,489494,"CM105780.1",37931454,37933274,"gene:ENSBOLG00010011758","LINGO2","leucine rich repeat and Ig domain containing 2 [Ensembl NN prediction with score 100%]","+",37931454,37933274,FALSE,489495,489495,491315,"upstream","intergenic",FALSE,"intergenic"
"CM105777.1",33968850,33968901,52,5,-12.3035016861463,"CM105777.1",33968850,33968901,182615,"CM105777.1",34151517,34209520,"gene:ENSBOLG00010013583","CSNK1G3","casein kinase 1 gamma 3 [Ensembl NN prediction with score 100%]","-",34209520,34151517,FALSE,240619,240619,182616,"downstream","intergenic",FALSE,"intergenic"
"CM105766.1",82891399,82891462,64,7,-12.2962904814984,"CM105766.1",82891399,82891462,0,"CM105766.1",82841548,82981487,"gene:ENSBOLG00010018417","OSBPL9","oxysterol binding protein like 9 [Ensembl NN prediction with score 100%]","+",82841548,82981487,TRUE,49851,49851,90025,"overlapping","gene_body",FALSE,"intron"
"CM105773.1",49686320,49686370,51,5,-12.288498654132,"CM105773.1",49686320,49686370,116719,"CM105773.1",48878074,49569600,"gene:ENSBOLG00010016975","PLCB1","phospholipase C beta 1 [Ensembl NN prediction with score 100%]","+",48878074,49569600,FALSE,808246,808246,116720,"downstream","intergenic",FALSE,"intergenic"
"CM105777.1",57070905,57071005,101,4,12.2312549874921,"CM105777.1",57070905,57071005,243415,"CM105777.1",56747340,56827489,"gene:ENSBOLG00010014409","PIK3C3","phosphatidylinositol 3-kinase catalytic subunit type 3 [Ensembl NN prediction with score 100%]","-",56827489,56747340,FALSE,243416,243416,323565,"upstream","intergenic",FALSE,"intergenic"
"CM105786.1",11920300,11920354,55,5,-12.223977770103,"CM105786.1",11920300,11920354,0,"CM105786.1",10866301,12345207,"gene:ENSBOLG00010009999","CSMD1","CUB and Sushi multiple domains 1 [Ensembl NN prediction with score 100%]","-",12345207,10866301,TRUE,424853,424853,1053999,"overlapping","gene_body",FALSE,"intron"
"CM105785.1",56164677,56164821,145,4,-12.1954744863922,"CM105785.1",56164677,56164821,0,"CM105785.1",56141426,56232629,"gene:ENSBOLG00010008207","CERKL","ceramide kinase like [Ensembl NN prediction with score 98.92%]","-",56232629,56141426,TRUE,67808,67808,23251,"overlapping","gene_body",FALSE,"intron"
"CM105766.1",73933221,73933286,66,4,-12.1336801296748,"CM105766.1",73933221,73933286,0,"CM105766.1",73916242,74001348,"gene:ENSBOLG00010022225",NA,NA,"+",73916242,74001348,TRUE,16979,16979,68062,"overlapping","gene_body",FALSE,"intron"
"CM105769.1",104570010,104570354,345,4,12.103329717242,"CM105769.1",104570010,104570354,0,"CM105769.1",104514507,104606239,"gene:ENSBOLG00010003404","EPB41L5","erythrocyte membrane protein band 4.1 like 5 [Ensembl NN prediction with score 100%]","+",104514507,104606239,TRUE,55503,55503,35885,"overlapping","gene_body",FALSE,"intron"
"CM105769.1",29527526,29527720,195,4,-12.0675560309464,"CM105769.1",29527526,29527720,0,"CM105769.1",28944734,29802215,"gene:ENSBOLG00010021484","ERC2","ELKS/RAB6-interacting/CAST family member 2 [Ensembl NN prediction with score 100%]","-",29802215,28944734,TRUE,274495,274495,582792,"overlapping","gene_body",FALSE,"intron"
"CM105789.1",155037,156280,1244,4,-12.0110473526451,"CM105789.1",155037,156280,104706,"CM105789.1",260987,261919,"gene:ENSBOLG00010007699","Olfr1229","olfactory receptor 1229 [Ensembl NN prediction with score 99.7%]","-",261919,260987,FALSE,105639,105639,104707,"downstream","intergenic",FALSE,"intergenic"
"CM105787.1",15557702,15557755,54,5,11.9945793079141,"CM105787.1",15557702,15557755,0,"CM105787.1",15078024,15898830,"gene:ENSBOLG00010014387","NELL1","neural EGFL like 1 [Ensembl NN prediction with score 100%]","-",15898830,15078024,TRUE,341075,341075,479678,"overlapping","gene_body",FALSE,"intron"
"CM105772.1",68921390,68921494,105,4,11.9819227531797,"CM105772.1",68921390,68921494,0,"CM105772.1",68916194,68930496,"gene:ENSBOLG00010020294","CLRN3","clarin 3 [Ensembl NN prediction with score 100%]","+",68916194,68930496,TRUE,5196,5196,9002,"overlapping","gene_body",FALSE,"intron"
"CM105773.1",90803394,90803458,65,7,11.9717983836686,"CM105773.1",90803394,90803458,0,"CM105773.1",90368742,90841684,"gene:ENSBOLG00010010868","CDH4","cadherin 4 [Ensembl NN prediction with score 99.97%]","+",90368742,90841684,TRUE,434652,434652,38226,"overlapping","gene_body",FALSE,"intron"
"CM105769.1",1888089,1888147,59,7,-11.9502829428854,"CM105769.1",1888089,1888147,73326,"CM105769.1",1961474,1977109,"gene:ENSBOLG00010006292","CAMK1G","calcium/calmodulin dependent protein kinase IG [Ensembl NN prediction with score 100%]","+",1961474,1977109,FALSE,73327,73327,88962,"upstream","intergenic",FALSE,"intergenic"
"CM105783.1",33140473,33140531,59,5,11.8778454195836,"CM105783.1",33140473,33140531,630175,"CM105783.1",33770707,33944083,"gene:ENSBOLG00010012595","FAM135B","family with sequence similarity 135 member B [Ensembl NN prediction with score 100%]","-",33944083,33770707,FALSE,803552,803552,630176,"downstream","intergenic",FALSE,"intergenic"
"CM105764.1",28219266,28219457,192,4,11.7875170320378,"CM105764.1",28219266,28219457,947745,"CM105764.1",29167203,29414059,"gene:ENSBOLG00010000103","GBE1","1,4-alpha-glucan branching enzyme 1 [Ensembl NN prediction with score 100%]","-",29414059,29167203,FALSE,1194602,1194602,947746,"downstream","intergenic",FALSE,"intergenic"
"CM105774.1",67752802,67752862,61,7,-11.7793460253644,"CM105774.1",67752802,67752862,0,"CM105774.1",67750300,67759425,"gene:ENSBOLG00010022738","AJUBA","ajuba LIM protein [Ensembl NN prediction with score 99.97%]","+",67750300,67759425,TRUE,2502,2502,6563,"overlapping","gene_body",FALSE,"intron"
"CM105778.1",66861430,66861481,52,5,-11.7626196917382,"CM105778.1",66861430,66861481,191188,"CM105778.1",67052670,67194046,"gene:ENSBOLG00010005604","MEF2C","myocyte enhancer factor 2C [Ensembl NN prediction with score 100%]","-",67194046,67052670,FALSE,332565,332565,191189,"downstream","intergenic",FALSE,"intergenic"
"CM105769.1",53927139,53927195,57,7,-11.7608968797981,"CM105769.1",53927139,53927195,0,"CM105769.1",53918465,53938001,"gene:ENSBOLG00010001529","FAM107A","family with sequence similarity 107 member A [Ensembl NN prediction with score 99.98%]","+",53918465,53938001,TRUE,8674,8674,10806,"overlapping","gene_body",FALSE,"intron"
"CM105790.1",37577137,37577192,56,7,11.7529453228035,"CM105790.1",37577137,37577192,0,"CM105790.1",37553599,37763845,"gene:ENSBOLG00010010142","DNAH7","dynein axonemal heavy chain 7 [Ensembl NN prediction with score 99.49%]","-",37763845,37553599,TRUE,186653,186653,23538,"overlapping","gene_body",FALSE,"intron"
"CM105765.1",30254483,30254596,114,4,11.7435390375247,"CM105765.1",30254483,30254596,0,"CM105765.1",30249290,30265731,"gene:ENSBOLG00010005267","ING5","inhibitor of growth family member 5 [Ensembl NN prediction with score 99.98%]","+",30249290,30265731,TRUE,5193,5193,11135,"overlapping","gene_body",TRUE,"exon"
"CM105785.1",7390298,7390348,51,5,11.7432679935984,"CM105785.1",7390298,7390348,0,"CM105785.1",7342276,7532532,"gene:ENSBOLG00010006863","PBX3","PBX homeobox 3 [Ensembl NN prediction with score 100%]","+",7342276,7532532,TRUE,48022,48022,142184,"overlapping","gene_body",FALSE,"intron"
"CM105772.1",26786282,26786384,103,4,-11.7275555767585,"CM105772.1",26786282,26786384,404016,"CM105772.1",26280985,26382265,"gene:ENSBOLG00010011241","HTR7","5-hydroxytryptamine receptor 7 [Ensembl NN prediction with score 100%]","+",26280985,26382265,FALSE,505297,505297,404017,"downstream","intergenic",FALSE,"intergenic"
"CM105783.1",29604545,29604607,63,5,11.7220516012506,"CM105783.1",29604545,29604607,64318,"CM105783.1",29668926,29677294,"gene:ENSBOLG00010006988","ST3GAL1","ST3 beta-galactoside alpha-2,3-sialyltransferase 1 [Ensembl NN prediction with score 99.99%]","-",29677294,29668926,FALSE,72687,72687,64319,"downstream","intergenic",FALSE,"intergenic"
"CM105770.1",24303345,24303397,53,7,-11.7001185861458,"CM105770.1",24303345,24303397,0,"CM105770.1",24134904,24304734,"gene:ENSBOLG00010003751","EGFR","epidermal growth factor receptor [Ensembl NN prediction with score 100%]","-",24304734,24134904,TRUE,1337,1337,168441,"overlapping","gene_body",FALSE,"intron"
"CM105790.1",41142819,41142879,61,5,-11.6594460536953,"CM105790.1",41142819,41142879,95013,"CM105790.1",41237893,41328994,"gene:ENSBOLG00010010170","SPATS2L","spermatogenesis associated serine rich 2 like [Ensembl NN prediction with score 100%]","+",41237893,41328994,FALSE,95014,95014,186115,"upstream","intergenic",FALSE,"intergenic"
"CM105774.1",44110977,44111166,190,4,11.6493007544919,"CM105774.1",44110977,44111166,23599,"CM105774.1",44134766,44260806,"gene:ENSBOLG00010007786","GTF2F2","general transcription factor IIF subunit 2 [Ensembl NN prediction with score 99.99%]","+",44134766,44260806,FALSE,23600,23600,149640,"upstream","intergenic",FALSE,"intergenic"
"CM105790.1",36463186,36463290,105,4,-11.6267883100906,"CM105790.1",36463186,36463290,872534,"CM105790.1",37335825,37337725,"gene:ENSBOLG00010009986","SNRPD1","small nuclear ribonucleoprotein D1 polypeptide [Ensembl NN prediction with score 99.96%]","-",37337725,37335825,FALSE,874435,874435,872535,"downstream","intergenic",FALSE,"intergenic"
"CM105769.1",89839957,89840025,69,4,-11.5341383748411,"CM105769.1",89839957,89840025,43864,"CM105769.1",89785847,89796092,"gene:ENSBOLG00010017233","FMOD","fibromodulin [Ensembl NN prediction with score 100%]","-",89796092,89785847,FALSE,43865,43865,54110,"upstream","intergenic",FALSE,"intergenic"
"CM105774.1",21414186,21414376,191,6,11.5150423426998,"CM105774.1",21414186,21414376,201294,"CM105774.1",21041070,21212891,"gene:ENSBOLG00010004052","TBC1D4","TBC1 domain family member 4 [Ensembl NN prediction with score 100%]","+",21041070,21212891,FALSE,373116,373116,201295,"downstream","intergenic",FALSE,"intergenic"
"CM105771.1",4196105,4196241,137,6,-11.5061399567675,"CM105771.1",4196105,4196241,0,"CM105771.1",4188841,4601346,"gene:ENSBOLG00010017025","GRIN2A","glutamate ionotropic receptor NMDA type subunit 2A [Ensembl NN prediction with score 100%]","+",4188841,4601346,TRUE,7264,7264,405105,"overlapping","gene_body",FALSE,"intron"
"CM105772.1",80094153,80094629,477,4,11.487506215417,"CM105772.1",80094153,80094629,33378,"CM105772.1",80128008,80544410,"gene:ENSBOLG00010011727","hs3st4","heparan sulfate-glucosamine 3-sulfotransferase 4 [Ensembl NN prediction with score 99.99%]","-",80544410,80128008,FALSE,449781,449781,33379,"downstream","intergenic",FALSE,"intergenic"
"CM105768.1",109483009,109483101,93,7,-11.4577194046415,"CM105768.1",109483009,109483101,0,"CM105768.1",109473048,109492591,"gene:ENSBOLG00010014423","ZBTB17","zinc finger and BTB domain containing 17 [Ensembl NN prediction with score 100%]","+",109473048,109492591,TRUE,9961,9961,9490,"overlapping","gene_body",FALSE,"intron"
"CM105782.1",66799431,66799482,52,4,11.4252403207436,"CM105782.1",66799431,66799482,12852,"CM105782.1",65905479,66786578,"gene:ENSBOLG00010004168","CNTNAP5","contactin associated protein family member 5 [Ensembl NN prediction with score 80.51%]","-",66786578,65905479,FALSE,12853,12853,893952,"upstream","intergenic",FALSE,"intergenic"
"CM105782.1",60371227,60371385,159,5,-11.3709646097454,"CM105782.1",60371227,60371385,32401,"CM105782.1",60403787,60918050,"gene:ENSBOLG00010018838","PARD3","par-3 family cell polarity regulator [Ensembl NN prediction with score 100%]","+",60403787,60918050,FALSE,32402,32402,546665,"upstream","intergenic",FALSE,"intergenic"
"CM105767.1",77532422,77532496,75,4,11.3544160171669,"CM105767.1",77532422,77532496,0,"CM105767.1",77416871,77596950,"gene:ENSBOLG00010004227","ZBTB16","zinc finger and BTB domain containing 16 [Ensembl NN prediction with score 100%]","-",77596950,77416871,TRUE,64454,64454,115551,"overlapping","gene_body",FALSE,"intron"
"CM105764.1",36261647,36261758,112,4,-11.3291142515648,"CM105764.1",36261647,36261758,231825,"CM105764.1",36493584,36565738,"gene:ENSBOLG00010001251","PROS1","protein S [Ensembl NN prediction with score 100%]","-",36565738,36493584,FALSE,303980,303980,231826,"downstream","intergenic",FALSE,"intergenic"
"CM105768.1",66918511,66918613,103,5,-11.3234520087782,"CM105768.1",66918511,66918613,272563,"CM105768.1",67191177,67192364,"gene:ENSBOLG00010002972","SOX11","SRY-box transcription factor 11 [Ensembl NN prediction with score 100%]","-",67192364,67191177,FALSE,273751,273751,272564,"downstream","intergenic",FALSE,"intergenic"
"CM105766.1",26820100,26820177,78,4,-11.3224187049368,"CM105766.1",26820100,26820177,0,"CM105766.1",26781517,27129834,"gene:ENSBOLG00010007361","ANO2","anoctamin 2 [Ensembl NN prediction with score 100%]","-",27129834,26781517,TRUE,309657,309657,38583,"overlapping","gene_body",FALSE,"intron"
"CM105771.1",10611331,10611381,51,4,-11.2952293564908,"CM105771.1",10611331,10611381,313,"CM105771.1",10611695,10636656,"gene:ENSBOLG00010019322","OR1F1","olfactory receptor family 1 subfamily F member 1 [Ensembl NN prediction with score 99.82%]","-",10636656,10611695,FALSE,25275,25275,314,"downstream","downstream",FALSE,"downstream"
"CM105790.1",6400045,6400103,59,5,11.2690044057089,"CM105790.1",6400045,6400103,37669,"CM105790.1",6437773,6499522,"gene:ENSBOLG00010004689","HGF","hepatocyte growth factor [Ensembl NN prediction with score 100%]","-",6499522,6437773,FALSE,99419,99419,37670,"downstream","intergenic",FALSE,"intergenic"
"CM105773.1",92800563,92800617,55,7,11.2526689280694,"CM105773.1",92800563,92800617,0,"CM105773.1",92787356,92801749,"gene:ENSBOLG00010010380","PCMTD2","protein-L-isoaspartate (D-aspartate) O-methyltransferase domain containing 2 [Ensembl NN prediction with score 99.98%]","+",92787356,92801749,TRUE,13207,13207,1132,"overlapping","gene_body",TRUE,"exon"
"CM105772.1",8501997,8502100,104,4,11.2451794089574,"CM105772.1",8501997,8502100,0,"CM105772.1",8404386,8515403,"gene:ENSBOLG00010016756","ADD3","adducin 3 [Ensembl NN prediction with score 100%]","-",8515403,8404386,TRUE,13303,13303,97611,"overlapping","gene_body",FALSE,"intron"
"CM105783.1",57644841,57644920,80,4,11.2373526011187,"CM105783.1",57644841,57644920,0,"CM105783.1",57613177,58072934,"gene:ENSBOLG00010009071","NELL2","neural EGFL like 2 [Ensembl NN prediction with score 100%]","-",58072934,57613177,TRUE,428014,428014,31664,"overlapping","gene_body",FALSE,"intron"
"CM105764.1",14897028,14897104,77,5,11.2164494221847,"CM105764.1",14897028,14897104,0,"CM105764.1",14685924,14910560,"gene:ENSBOLG00010005785","APP","amyloid beta precursor protein [Ensembl NN prediction with score 100%]","+",14685924,14910560,TRUE,211104,211104,13456,"overlapping","gene_body",FALSE,"intron"
"CM105765.1",117341836,117341899,64,4,-11.2093949579245,"CM105765.1",117341836,117341899,69850,"CM105765.1",117411750,117432380,"gene:ENSBOLG00010004261","HIVEP2","HIVEP zinc finger 2 [Ensembl NN prediction with score 100%]","-",117432380,117411750,FALSE,90481,90481,69851,"downstream","intergenic",FALSE,"intergenic"
"CM105766.1",27318566,27318625,60,5,-11.1588327155954,"CM105766.1",27318566,27318625,27037,"CM105766.1",27345663,27379550,"gene:ENSBOLG00010007847","CD9","CD9 molecule [Ensembl NN prediction with score 100%]","+",27345663,27379550,FALSE,27038,27038,60925,"upstream","intergenic",FALSE,"intergenic"
"CM105768.1",7231407,7231482,76,9,11.1394929002337,"CM105768.1",7231407,7231482,8210,"CM105768.1",7239693,7506903,"gene:ENSBOLG00010002658","PRKAG2","protein kinase AMP-activated non-catalytic subunit gamma 2 [Ensembl NN prediction with score 99.99%]","+",7239693,7506903,FALSE,8211,8211,275421,"upstream","intergenic",FALSE,"intergenic"
"CM105765.1",111814533,111814590,58,5,11.1246120599012,"CM105765.1",111814533,111814590,0,"CM105765.1",111702780,111840178,"gene:ENSBOLG00010016742","MAP7","microtubule associated protein 7 [Ensembl NN prediction with score 100%]","-",111840178,111702780,TRUE,25588,25588,111753,"overlapping","gene_body",FALSE,"intron"
"CM105767.1",56396023,56396076,54,4,11.1081841995406,"CM105767.1",56396023,56396076,0,"CM105767.1",55941931,56526059,"gene:ENSBOLG00010001058","CLSTN2","calsyntenin 2 [Ensembl NN prediction with score 100%]","-",56526059,55941931,TRUE,129983,129983,454092,"overlapping","gene_body",FALSE,"intron"
"CM105784.1",26870006,26870082,77,5,11.0622247484156,"CM105784.1",26870006,26870082,11059,"CM105784.1",26746873,26858946,"gene:ENSBOLG00010013923","MBNL1","muscleblind like splicing regulator 1 [Ensembl NN prediction with score 100%]","-",26858946,26746873,FALSE,11060,11060,123133,"upstream","intergenic",FALSE,"intergenic"
"CM105766.1",42416668,42416868,201,4,11.0586003306754,"CM105766.1",42416668,42416868,350266,"CM105766.1",42767135,42794675,"gene:ENSBOLG00010000217","EDEM1","ER degradation enhancing alpha-mannosidase like protein 1 [Ensembl NN prediction with score 99.86%]","-",42794675,42767135,FALSE,377807,377807,350267,"downstream","intergenic",FALSE,"intergenic"
"CM105772.1",90896452,90896506,55,5,11.0377680143667,"CM105772.1",90896452,90896506,47717,"CM105772.1",90555791,90848734,"gene:ENSBOLG00010005262","SPON1","spondin 1 [Ensembl NN prediction with score 100%]","-",90848734,90555791,FALSE,47718,47718,340661,"upstream","intergenic",FALSE,"intergenic"
"CM105771.1",10615463,10615530,68,5,-11.0362061557209,"CM105771.1",10615463,10615530,0,"CM105771.1",10611695,10636656,"gene:ENSBOLG00010019322","OR1F1","olfactory receptor family 1 subfamily F member 1 [Ensembl NN prediction with score 99.82%]","-",10636656,10611695,TRUE,21126,21126,3768,"overlapping","gene_body",FALSE,"intron"
"CM105784.1",31275298,31275355,58,5,11.0346049939366,"CM105784.1",31275298,31275355,0,"CM105784.1",31098254,31386768,"gene:ENSBOLG00010006262","DCLK1","doublecortin like kinase 1 [Ensembl NN prediction with score 99.99%]","-",31386768,31098254,TRUE,111413,111413,177044,"overlapping","gene_body",FALSE,"intron"
"CM105767.1",76437580,76437631,52,5,-10.9957427393243,"CM105767.1",76437580,76437631,0,"CM105767.1",76257825,76591334,"gene:ENSBOLG00010004190","CADM1","cell adhesion molecule 1 [Ensembl NN prediction with score 100%]","+",76257825,76591334,TRUE,179755,179755,153703,"overlapping","gene_body",FALSE,"intron"
"CM105776.1",5269751,5269806,56,5,10.9686481267725,"CM105776.1",5269751,5269806,0,"CM105776.1",5051391,5386684,"gene:ENSBOLG00010015145","NTRK2","neurotrophic receptor tyrosine kinase 2 [Ensembl NN prediction with score 100%]","-",5386684,5051391,TRUE,116878,116878,218360,"overlapping","gene_body",FALSE,"intron"
"CM105789.1",40915507,40915559,53,4,-10.931844826188,"CM105789.1",40915507,40915559,0,"CM105789.1",40893520,40937467,"gene:ENSBOLG00010012023","tbc1d30","TBC1 domain family member 30 [Ensembl NN prediction with score 99.75%]","+",40893520,40937467,TRUE,21987,21987,21908,"overlapping","gene_body",FALSE,"intron"
"CM105776.1",22203117,22203186,70,5,-10.884168808626,"CM105776.1",22203117,22203186,0,"CM105776.1",22045751,22213806,"gene:ENSBOLG00010015978","NEDD9","neural precursor cell expressed, developmentally down-regulated 9 [Ensembl NN prediction with score 99.69%]","+",22045751,22213806,TRUE,157366,157366,10620,"overlapping","gene_body",FALSE,"intron"
"CM105770.1",1020467,1020606,140,4,-10.8759109297376,"CM105770.1",1020467,1020606,0,"CM105770.1",1017586,1029330,"gene:ENSBOLG00010020867","KANK3","KN motif and ankyrin repeat domains 3 [Ensembl NN prediction with score 100%]","+",1017586,1029330,TRUE,2881,2881,8724,"overlapping","gene_body",FALSE,"intron"
"CM105777.1",69996790,69996840,51,4,10.8507246177219,"CM105777.1",69996790,69996840,0,"CM105777.1",69914447,70140780,"gene:ENSBOLG00010007938","CDH2","cadherin 2 [Ensembl NN prediction with score 100%]","+",69914447,70140780,TRUE,82343,82343,143940,"overlapping","gene_body",FALSE,"intron"
"CM105771.1",46927640,46927699,60,5,-10.7825483883663,"CM105771.1",46927640,46927699,80745,"CM105771.1",46736499,46846894,"gene:ENSBOLG00010005056","COX10","cytochrome c oxidase assembly factor heme A:farnesyltransferase COX10 [Ensembl NN prediction with score 100%]","-",46846894,46736499,FALSE,80746,80746,191141,"upstream","intergenic",FALSE,"intergenic"
"CM105771.1",105120807,105120857,51,5,-10.7651435062527,"CM105771.1",105120807,105120857,32114,"CM105771.1",105041450,105088692,"gene:ENSBOLG00010015823","SLC38A10","solute carrier family 38 member 10 [Ensembl NN prediction with score 100%]","-",105088692,105041450,FALSE,32115,32115,79357,"upstream","intergenic",FALSE,"intergenic"
"CM105768.1",13769177,13769253,77,5,10.727539469477,"CM105768.1",13769177,13769253,0,"CM105768.1",13573931,13962993,"gene:ENSBOLG00010016509","CREB5","cAMP responsive element binding protein 5 [Ensembl NN prediction with score 99.87%]","+",13573931,13962993,TRUE,195246,195246,193740,"overlapping","gene_body",FALSE,"intron"
"CM105766.1",54101894,54101954,61,5,10.7071416400945,"CM105766.1",54101894,54101954,0,"CM105766.1",54086142,54244957,"gene:ENSBOLG00010001087","FRMD4B","FERM domain containing 4B [Ensembl NN prediction with score 99.91%]","+",54086142,54244957,TRUE,15752,15752,143003,"overlapping","gene_body",FALSE,"intron"
"CM105783.1",63852981,63853047,67,7,-10.7031106817756,"CM105783.1",63852981,63853047,0,"CM105783.1",63843382,63877600,"gene:ENSBOLG00010016381","SLC11A2","solute carrier family 11 member 2 [Ensembl NN prediction with score 100%]","+",63843382,63877600,TRUE,9599,9599,24553,"overlapping","gene_body",FALSE,"intron"
"CM105765.1",38926041,38926097,57,5,-10.6992372141914,"CM105765.1",38926041,38926097,0,"CM105765.1",38826285,39278946,"gene:ENSBOLG00010000075","FBXL17","F-box and leucine rich repeat protein 17 [Ensembl NN prediction with score 99.98%]","-",39278946,38826285,TRUE,352849,352849,99756,"overlapping","gene_body",FALSE,"intron"
"CM105774.1",7861096,7861146,51,4,-10.6809245185183,"CM105774.1",7861096,7861146,0,"CM105774.1",7608742,8864559,"gene:ENSBOLG00010007541","GPC5","glypican 5 [Ensembl NN prediction with score 100%]","-",8864559,7608742,TRUE,1003413,1003413,252354,"overlapping","gene_body",FALSE,"intron"
"CM105784.1",10234315,10234378,64,4,-10.6619185988055,"CM105784.1",10234315,10234378,0,"CM105784.1",10209065,10251142,"gene:ENSBOLG00010013381","GUCY1B1","guanylate cyclase 1 soluble subunit beta 1 [Ensembl NN prediction with score 91.52%]","+",10209065,10251142,TRUE,25250,25250,16764,"overlapping","gene_body",FALSE,"intron"
"CM105767.1",2197876,2197996,121,4,-10.6313452778875,"CM105767.1",2197876,2197996,57927,"CM105767.1",2090070,2139948,"gene:ENSBOLG00010003228","SNRK","SNF related kinase [Ensembl NN prediction with score 100%]","-",2139948,2090070,FALSE,57928,57928,107806,"upstream","intergenic",FALSE,"intergenic"
"CM105782.1",44707904,44708097,194,4,10.6265364807069,"CM105782.1",44707904,44708097,0,"CM105782.1",44611909,44741443,"gene:ENSBOLG00010016276","WWP2","WW domain containing E3 ubiquitin protein ligase 2 [Ensembl NN prediction with score 100%]","-",44741443,44611909,TRUE,33346,33346,95995,"overlapping","gene_body",FALSE,"intron"
"CM105772.1",72807206,72807268,63,5,-10.6122010940695,"CM105772.1",72807206,72807268,84356,"CM105772.1",72891625,72902519,"gene:ENSBOLG00010011786","BUB3","BUB3 mitotic checkpoint protein [Ensembl NN prediction with score 100%]","-",72902519,72891625,FALSE,95251,95251,84357,"downstream","intergenic",FALSE,"intergenic"
"CM105764.1",29672436,29673778,1343,4,10.5979554084111,"CM105764.1",29672436,29673778,84273,"CM105764.1",29758052,29759041,"gene:ENSBOLG00010000111","PRKAG1","protein kinase AMP-activated non-catalytic subunit gamma 1 [Ensembl NN prediction with score 99.97%]","-",29759041,29758052,FALSE,85263,85263,84274,"downstream","intergenic",FALSE,"intergenic"
"CM105772.1",8324107,8324160,54,5,10.594688107341,"CM105772.1",8324107,8324160,0,"CM105772.1",8266685,8334172,"gene:ENSBOLG00010016776","MXI1","MAX interactor 1, dimerization protein [Ensembl NN prediction with score 100%]","-",8334172,8266685,TRUE,10012,10012,57422,"overlapping","gene_body",FALSE,"intron"
"CM105777.1",4512409,4512459,51,5,-10.5519906176607,"CM105777.1",4512409,4512459,22164,"CM105777.1",4534624,4552631,"gene:ENSBOLG00010006570","DIPK1C","divergent protein kinase domain 1C [Ensembl NN prediction with score 99.91%]","-",4552631,4534624,FALSE,40172,40172,22165,"downstream","intergenic",FALSE,"intergenic"
"CM105776.1",76217801,76217851,51,5,-10.5306025748328,"CM105776.1",76217801,76217851,0,"CM105776.1",76177375,76260823,"gene:ENSBOLG00010012357","SVIL","supervillin [Ensembl NN prediction with score 99.99%]","+",76177375,76260823,TRUE,40426,40426,42972,"overlapping","gene_body",FALSE,"intron"
"CM105772.1",55578365,55578465,101,7,-10.4643913578673,"CM105772.1",55578365,55578465,26700,"CM105772.1",55605166,55617042,"gene:ENSBOLG00010023516","SLC22A11","solute carrier family 22 member 11 [Ensembl NN prediction with score 99.79%]","+",55605166,55617042,FALSE,26701,26701,38577,"upstream","intergenic",FALSE,"intergenic"
"CM105788.1",35820135,35820202,68,4,-10.4384090295572,"CM105788.1",35820135,35820202,0,"CM105788.1",35364523,35821532,"gene:ENSBOLG00010016605","DGKI","diacylglycerol kinase iota [Ensembl NN prediction with score 100%]","-",35821532,35364523,TRUE,1330,1330,455612,"overlapping","gene_body",FALSE,"intron"
"CM105773.1",44064718,44064778,61,5,-10.4346367562963,"CM105773.1",44064718,44064778,0,"CM105773.1",44011465,44082497,"gene:ENSBOLG00010017204","EBF4","EBF family member 4 [Ensembl NN prediction with score 100%]","+",44011465,44082497,TRUE,53253,53253,17719,"overlapping","gene_body",FALSE,"intron"
"CM105767.1",16281578,16281629,52,5,-10.4214061007835,"CM105767.1",16281578,16281629,408,"CM105767.1",16282038,16285357,"gene:ENSBOLG00010022282","CYP1A1","cytochrome P450 family 1 subfamily A member 1 [Ensembl NN prediction with score 99.31%]","+",16282038,16285357,FALSE,409,409,3728,"upstream","promoter",FALSE,"promoter"
"CM105786.1",30727727,30727783,57,5,10.3990124105773,"CM105786.1",30727727,30727783,0,"CM105786.1",30707808,30759728,"gene:ENSBOLG00010007721","ZDHHC2","zinc finger DHHC-type palmitoyltransferase 2 [Ensembl NN prediction with score 100%]","+",30707808,30759728,TRUE,19919,19919,31945,"overlapping","gene_body",FALSE,"intron"
"CM105772.1",82288055,82288176,122,4,10.3147440487508,"CM105772.1",82288055,82288176,11613,"CM105772.1",82272434,82276441,"gene:ENSBOLG00010005278","CHP2","calcineurin like EF-hand protein 2 [Ensembl NN prediction with score 100%]","-",82276441,82272434,FALSE,11614,11614,15621,"upstream","intergenic",FALSE,"intergenic"
"CM105764.1",117890971,117891114,144,4,10.276322358714,"CM105764.1",117890971,117891114,0,"CM105764.1",117838180,118255842,"gene:ENSBOLG00010002967","CALN1","calneuron 1 [Ensembl NN prediction with score 100%]","-",118255842,117838180,TRUE,364728,364728,52791,"overlapping","gene_body",FALSE,"intron"
"CM105773.1",118373,118426,54,5,10.2543499891764,"CM105773.1",118373,118426,3406985,"CM105773.1",3525412,3778786,"gene:ENSBOLG00010006509","ANO3","anoctamin 3 [Ensembl NN prediction with score 100%]","+",3525412,3778786,FALSE,3406986,3406986,3660360,"upstream","intergenic",FALSE,"intergenic"
"CM105781.1",55360167,55360221,55,5,-10.2486598028401,"CM105781.1",55360167,55360221,390482,"CM105781.1",55750704,55767092,"gene:ENSBOLG00010006446","LMO4","LIM domain only 4 [Ensembl NN prediction with score 99.94%]","-",55767092,55750704,FALSE,406871,406871,390483,"downstream","intergenic",FALSE,"intergenic"
"CM105771.1",39449505,39449616,112,4,-10.2447111014242,"CM105771.1",39449505,39449616,0,"CM105771.1",39444337,39765241,"gene:ENSBOLG00010005330","GRIA1","glutamate ionotropic receptor AMPA type subunit 1 [Ensembl NN prediction with score 100%]","+",39444337,39765241,TRUE,5168,5168,315625,"overlapping","gene_body",FALSE,"intron"
"CM105770.1",105698277,105698563,287,4,-10.2430657597302,"CM105770.1",105698277,105698563,57516,"CM105770.1",105756080,105792954,"gene:ENSBOLG00010000567",NA,NA,"+",105756080,105792954,FALSE,57517,57517,94391,"upstream","intergenic",FALSE,"intergenic"
"CM105767.1",118110963,118111048,86,4,-10.1884493207408,"CM105767.1",118110963,118111048,33027,"CM105767.1",117865120,118077935,"gene:ENSBOLG00010000265","DYNC2H1","dynein cytoplasmic 2 heavy chain 1 [Ensembl NN prediction with score 100%]","+",117865120,118077935,FALSE,245843,245843,33028,"downstream","intergenic",FALSE,"intergenic"
"CM105770.1",55355412,55355474,63,5,-10.1879330858169,"CM105770.1",55355412,55355474,106452,"CM105770.1",55157911,55248959,"gene:ENSBOLG00010001260","PPARGC1A","PPARG coactivator 1 alpha [Ensembl NN prediction with score 100%]","-",55248959,55157911,FALSE,106453,106453,197501,"upstream","intergenic",FALSE,"intergenic"
"CM105789.1",40175359,40175417,59,5,-10.1611600340382,"CM105789.1",40175359,40175417,0,"CM105789.1",40000361,40275253,"gene:ENSBOLG00010006337","SRGAP1","SLIT-ROBO Rho GTPase activating protein 1 [Ensembl NN prediction with score 100%]","+",40000361,40275253,TRUE,174998,174998,99836,"overlapping","gene_body",FALSE,"intron"
"CM105765.1",17198616,17198668,53,5,10.1363376925194,"CM105765.1",17198616,17198668,0,"CM105765.1",16999042,17254011,"gene:ENSBOLG00010001138","DOCK10","dedicator of cytokinesis 10 [Ensembl NN prediction with score 100%]","-",17254011,16999042,TRUE,55343,55343,199574,"overlapping","gene_body",FALSE,"intron"
"CM105770.1",37022845,37022915,71,4,-10.1027134513936,"CM105770.1",37022845,37022915,10247,"CM105770.1",36858836,37012597,"gene:ENSBOLG00010016922","ZNRF3","zinc and ring finger 3 [Ensembl NN prediction with score 100%]","-",37012597,36858836,FALSE,10248,10248,164009,"upstream","intergenic",FALSE,"intergenic"
"CM105786.1",9978998,9979111,114,4,10.0539490543973,"CM105786.1",9978998,9979111,16158,"CM105786.1",9995270,10004354,"gene:ENSBOLG00010012226","CLN8","CLN8 transmembrane ER and ERGIC protein [Ensembl NN prediction with score 100%]","+",9995270,10004354,FALSE,16159,16159,25243,"upstream","intergenic",FALSE,"intergenic"
"CM105765.1",129489423,129489474,52,4,9.98280177697195,"CM105765.1",129489423,129489474,546897,"CM105765.1",128881622,128942525,"gene:ENSBOLG00010003254","NOX3","NADPH oxidase 3 [Ensembl NN prediction with score 100%]","-",128942525,128881622,FALSE,546898,546898,607801,"upstream","intergenic",FALSE,"intergenic"
"CM105780.1",34231388,34232281,894,4,9.91240408994398,"CM105780.1",34231388,34232281,139158,"CM105780.1",34040573,34092229,"gene:ENSBOLG00010011577","ACO1","aconitase 1 [Ensembl NN prediction with score 100%]","-",34092229,34040573,FALSE,139159,139159,190815,"upstream","intergenic",FALSE,"intergenic"
"CM105787.1",57884478,57884530,53,5,9.87871871722654,"CM105787.1",57884478,57884530,0,"CM105787.1",57854434,57889746,"gene:ENSBOLG00010009706","GUCY2D","guanylate cyclase 2D, retinal [Ensembl NN prediction with score 99.84%]","+",57854434,57889746,TRUE,30044,30044,5216,"overlapping","gene_body",FALSE,"intron"
"CM105768.1",97058554,97058606,53,5,9.87795226022926,"CM105768.1",97058554,97058606,0,"CM105768.1",97039976,97074914,"gene:ENSBOLG00010012988","ADD2","adducin 2 [Ensembl NN prediction with score 100%]","+",97039976,97074914,TRUE,18578,18578,16308,"overlapping","gene_body",FALSE,"intron"
"CM105774.1",52084988,52085061,74,5,-9.87272917200562,"CM105774.1",52084988,52085061,0,"CM105774.1",51970045,52153711,"gene:ENSBOLG00010008083","DOCK5","dedicator of cytokinesis 5 [Ensembl NN prediction with score 100%]","+",51970045,52153711,TRUE,114943,114943,68650,"overlapping","gene_body",FALSE,"intron"
"CM105784.1",33919161,33919317,157,4,9.86401931805031,"CM105784.1",33919161,33919317,144524,"CM105784.1",33774427,33774636,"gene:ENSBOLG00010006297","RPS28","ribosomal protein S28 [Ensembl NN prediction with score 99.61%]","-",33774636,33774427,FALSE,144525,144525,144734,"upstream","intergenic",FALSE,"intergenic"
"CM105770.1",31497980,31498072,93,5,-9.84839049958706,"CM105770.1",31497980,31498072,0,"CM105770.1",31396147,31626205,"gene:ENSBOLG00010014849","TNS3","tensin 3 [Ensembl NN prediction with score 100%]","+",31396147,31626205,TRUE,101833,101833,128133,"overlapping","gene_body",FALSE,"intron"
"CM105766.1",3414191,3414261,71,5,-9.84036887172354,"CM105766.1",3414191,3414261,19559,"CM105766.1",3335955,3394631,"gene:ENSBOLG00010003236","IPO8","importin 8 [Ensembl NN prediction with score 100%]","+",3335955,3394631,FALSE,78236,78236,19560,"downstream","intergenic",FALSE,"intergenic"
"CM105771.1",50347094,50347147,54,4,-9.78130959418188,"CM105771.1",50347094,50347147,0,"CM105771.1",50202378,50434601,"gene:ENSBOLG00010005229","GAS7","growth arrest specific 7 [Ensembl NN prediction with score 100%]","+",50202378,50434601,TRUE,144716,144716,87454,"overlapping","gene_body",FALSE,"intron"
"CM105771.1",14061291,14061368,78,4,-9.77143010769505,"CM105771.1",14061291,14061368,80996,"CM105771.1",14142365,14146844,"gene:ENSBOLG00010019083","bod1","biorientation of chromosomes in cell division 1 [Ensembl NN prediction with score 100%]","+",14142365,14146844,FALSE,80997,80997,85476,"upstream","intergenic",FALSE,"intergenic"
"CM105773.1",86287680,86287741,62,5,-9.72099338649444,"CM105773.1",86287680,86287741,0,"CM105773.1",86272832,86310016,"gene:ENSBOLG00010011119","CASS4","Cas scaffold protein family member 4 [Ensembl NN prediction with score 100%]","+",86272832,86310016,TRUE,14848,14848,22275,"overlapping","gene_body",FALSE,"intron"
"CM105768.1",18509877,18509937,61,5,9.70462352271298,"CM105768.1",18509877,18509937,0,"CM105768.1",18495535,18611889,"gene:ENSBOLG00010017211","ITSN2","intersectin 2 [Ensembl NN prediction with score 100%]","-",18611889,18495535,TRUE,101952,101952,14342,"overlapping","gene_body",FALSE,"intron"
"CM105787.1",26106332,26106428,97,5,9.68626484986858,"CM105787.1",26106332,26106428,0,"CM105787.1",25982327,26150541,"gene:ENSBOLG00010009869","HERC2","HECT and RLD domain containing E3 ubiquitin protein ligase 2 [Ensembl NN prediction with score 100%]","-",26150541,25982327,TRUE,44113,44113,124005,"overlapping","gene_body",FALSE,"intron"
"CM105773.1",73976483,73976535,53,5,9.67753139803898,"CM105773.1",73976483,73976535,90236,"CM105773.1",74066772,74070146,"gene:ENSBOLG00010017658","MAFB","MAF bZIP transcription factor B [Ensembl NN prediction with score 100%]","-",74070146,74066772,FALSE,93611,93611,90237,"downstream","intergenic",FALSE,"intergenic"
"CM105767.1",8624626,8624683,58,5,-9.6381667259141,"CM105767.1",8624626,8624683,96509,"CM105767.1",8353803,8528116,"gene:ENSBOLG00010003046","GADL1","glutamate decarboxylase like 1 [Ensembl NN prediction with score 99.99%]","-",8528116,8353803,FALSE,96510,96510,270823,"upstream","intergenic",FALSE,"intergenic"
"CM105782.1",66827095,66827148,54,5,9.609986305324,"CM105782.1",66827095,66827148,40516,"CM105782.1",65905479,66786578,"gene:ENSBOLG00010004168","CNTNAP5","contactin associated protein family member 5 [Ensembl NN prediction with score 80.51%]","-",66786578,65905479,FALSE,40517,40517,921616,"upstream","intergenic",FALSE,"intergenic"
"CM105774.1",43657807,43657858,52,7,9.60520680942813,"CM105774.1",43657807,43657858,0,"CM105774.1",43606093,43707266,"gene:ENSBOLG00010008026","TSC22D1","TSC22 domain family member 1 [Ensembl NN prediction with score 100%]","-",43707266,43606093,TRUE,49408,49408,51714,"overlapping","gene_body",FALSE,"intron"
"CM105767.1",96663008,96663097,90,5,-9.59268096917444,"CM105767.1",96663008,96663097,0,"CM105767.1",95894806,96871320,"gene:ENSBOLG00010000410","NTM","neurotrimin [Ensembl NN prediction with score 100%]","+",95894806,96871320,TRUE,768202,768202,208223,"overlapping","gene_body",FALSE,"intron"
"CM105785.1",59979707,59979759,53,5,-9.57410797706867,"CM105785.1",59979707,59979759,73939,"CM105785.1",60053699,60054277,"gene:ENSBOLG00010008386","rpl9","ribosomal protein L9 [Ensembl NN prediction with score 100%]","+",60053699,60054277,FALSE,73940,73940,74518,"upstream","intergenic",FALSE,"intergenic"
"CM105774.1",67864635,67864690,56,5,-9.56687267350812,"CM105774.1",67864635,67864690,0,"CM105774.1",67861355,67867563,"gene:ENSBOLG00010022183","LRP10","LDL receptor related protein 10 [Ensembl NN prediction with score 100%]","-",67867563,67861355,TRUE,2873,2873,3280,"overlapping","gene_body",TRUE,"exon"
"CM105782.1",27140606,27140669,64,5,9.56468199432284,"CM105782.1",27140606,27140669,0,"CM105782.1",27093588,27177066,"gene:ENSBOLG00010017796","NLRC5","NLR family CARD domain containing 5 [Ensembl NN prediction with score 99.96%]","+",27093588,27177066,TRUE,47018,47018,36397,"overlapping","gene_body",FALSE,"intron"
"CM105765.1",16400233,16400284,52,5,9.53574315426421,"CM105765.1",16400233,16400284,22905,"CM105765.1",16317901,16377327,"gene:ENSBOLG00010001135","SERPINE2","serpin family E member 2 [Ensembl NN prediction with score 100%]","-",16377327,16317901,FALSE,22906,22906,82332,"upstream","intergenic",FALSE,"intergenic"
"CM105782.1",29829420,29829512,93,4,9.48584068391549,"CM105782.1",29829420,29829512,299541,"CM105782.1",29529636,29529878,"gene:ENSBOLG00010018167","COX7B2","cytochrome c oxidase subunit 7B2 [Ensembl NN prediction with score 99.98%]","+",29529636,29529878,FALSE,299784,299784,299542,"downstream","intergenic",FALSE,"intergenic"
"CM105767.1",77452998,77453066,69,7,-9.453774454917,"CM105767.1",77452998,77453066,0,"CM105767.1",77416871,77596950,"gene:ENSBOLG00010004227","ZBTB16","zinc finger and BTB domain containing 16 [Ensembl NN prediction with score 100%]","-",77596950,77416871,TRUE,143884,143884,36127,"overlapping","gene_body",FALSE,"intron"
"CM105790.1",33213701,33213755,55,4,-9.42630713803208,"CM105790.1",33213701,33213755,0,"CM105790.1",33167499,33234516,"gene:ENSBOLG00010009856","MFSD6","major facilitator superfamily domain containing 6 [Ensembl NN prediction with score 99.92%]","+",33167499,33234516,TRUE,46202,46202,20761,"overlapping","gene_body",FALSE,"intron"
"CM105775.1",36274311,36274378,68,4,-9.40197140838512,"CM105775.1",36274311,36274378,0,"CM105775.1",36030327,36541947,"gene:ENSBOLG00010015924","RGS6","regulator of G protein signaling 6 [Ensembl NN prediction with score 100%]","-",36541947,36030327,TRUE,267569,267569,243984,"overlapping","gene_body",FALSE,"intron"
"CM105767.1",77481467,77481546,80,4,9.39470403424018,"CM105767.1",77481467,77481546,0,"CM105767.1",77416871,77596950,"gene:ENSBOLG00010004227","ZBTB16","zinc finger and BTB domain containing 16 [Ensembl NN prediction with score 100%]","-",77596950,77416871,TRUE,115404,115404,64596,"overlapping","gene_body",FALSE,"intron"
"CM105770.1",21278848,21278899,52,5,9.36297952556719,"CM105770.1",21278848,21278899,0,"CM105770.1",21187700,21294123,"gene:ENSBOLG00010003725","SPRED2","sprouty related EVH1 domain containing 2 [Ensembl NN prediction with score 100%]","-",21294123,21187700,TRUE,15224,15224,91148,"overlapping","gene_body",FALSE,"intron"
"CM105773.1",70199677,70199775,99,4,-9.33959713014785,"CM105773.1",70199677,70199775,47642,"CM105773.1",70247418,70292625,"gene:ENSBOLG00010019681","EPB41L1","erythrocyte membrane protein band 4.1 like 1 [Ensembl NN prediction with score 100%]","+",70247418,70292625,FALSE,47643,47643,92850,"upstream","intergenic",FALSE,"intergenic"
"CM105768.1",75039173,75039478,306,5,-9.310764998196,"CM105768.1",75039173,75039478,401,"CM105768.1",75038457,75038771,"gene:ENSBOLG00010020887",NA,NA,"+",75038457,75038771,FALSE,716,716,402,"downstream","promoter",FALSE,"promoter"
"CM105768.1",34854379,34854463,85,4,9.28385030887661,"CM105768.1",34854379,34854463,97068,"CM105768.1",34951532,34954749,"gene:ENSBOLG00010002219","ZFP36L2","ZFP36 ring finger protein like 2 [Ensembl NN prediction with score 100%]","-",34954749,34951532,FALSE,100286,100286,97069,"downstream","intergenic",FALSE,"intergenic"
"CM105780.1",16127715,16127832,118,4,9.19145392271362,"CM105780.1",16127715,16127832,73578,"CM105780.1",15823417,16054136,"gene:ENSBOLG00010014614","SNTG1","syntrophin gamma 1 [Ensembl NN prediction with score 100%]","-",16054136,15823417,FALSE,73579,73579,304298,"upstream","intergenic",FALSE,"intergenic"
"CM105764.1",106908874,106908932,59,5,-9.1731222302382,"CM105764.1",106908874,106908932,0,"CM105764.1",106862788,106920043,"gene:ENSBOLG00010010159","SNX8","sorting nexin 8 [Ensembl NN prediction with score 100%]","+",106862788,106920043,TRUE,46086,46086,11111,"overlapping","gene_body",FALSE,"intron"
"CM105776.1",47376278,47376419,142,4,9.16809436768221,"CM105776.1",47376278,47376419,0,"CM105776.1",47361000,47392390,"gene:ENSBOLG00010008343","GPR137B","G protein-coupled receptor 137B [Ensembl NN prediction with score 100%]","+",47361000,47392390,TRUE,15278,15278,15971,"overlapping","gene_body",FALSE,"intron"
"CM105786.1",22856883,22857149,267,5,-9.15185320991943,"CM105786.1",22856883,22857149,128562,"CM105786.1",22985712,23177554,"gene:ENSBOLG00010007440","NRG1","neuregulin 1 [Ensembl NN prediction with score 100%]","-",23177554,22985712,FALSE,320405,320405,128563,"downstream","intergenic",FALSE,"intergenic"
"CM105786.1",48939224,48939342,119,5,-9.12467615482865,"CM105786.1",48939224,48939342,51032,"CM105786.1",48990375,49015770,"gene:ENSBOLG00010006030","AADAT","aminoadipate aminotransferase [Ensembl NN prediction with score 100%]","+",48990375,49015770,FALSE,51033,51033,76428,"upstream","intergenic",FALSE,"intergenic"
"CM105772.1",54687097,54687149,53,5,-8.92257985849299,"CM105772.1",54687097,54687149,0,"CM105772.1",54686909,54696674,"gene:ENSBOLG00010023496","LGALS12","galectin 12 [Ensembl NN prediction with score 100%]","+",54686909,54696674,TRUE,188,188,9525,"overlapping","gene_body",FALSE,"intron"
"CM105776.1",72848925,72849011,87,10,-8.90754198099239,"CM105776.1",72848925,72849011,0,"CM105776.1",72808062,72886738,"gene:ENSBOLG00010014289","HPRT1","hypoxanthine phosphoribosyltransferase 1 [Ensembl NN prediction with score 82.99%]","-",72886738,72808062,TRUE,37727,37727,40863,"overlapping","gene_body",FALSE,"intron"
"CM105773.1",60592782,60592842,61,5,-8.87037211187558,"CM105773.1",60592782,60592842,20141,"CM105773.1",60612984,60709732,"gene:ENSBOLG00010008226","KIZ","kizuna centrosomal protein [Ensembl NN prediction with score 99.83%]","+",60612984,60709732,FALSE,20142,20142,116890,"upstream","intergenic",FALSE,"intergenic"
"CM105776.1",57556687,57556887,201,4,8.84980850587045,"CM105776.1",57556687,57556887,0,"CM105776.1",57444393,57580847,"gene:ENSBOLG00010014725","PRKCQ","protein kinase C theta [Ensembl NN prediction with score 100%]","-",57580847,57444393,TRUE,23960,23960,112294,"overlapping","gene_body",FALSE,"intron"
"CM105770.1",67769999,67770049,51,5,8.84610944193962,"CM105770.1",67769999,67770049,0,"CM105770.1",67707182,67772127,"gene:ENSBOLG00010004771","FAM114A1","family with sequence similarity 114 member A1 [Ensembl NN prediction with score 99.99%]","+",67707182,67772127,TRUE,62817,62817,2078,"overlapping","gene_body",FALSE,"intron"
"CM105789.1",42559198,42559248,51,4,-8.83969339468068,"CM105789.1",42559198,42559248,0,"CM105789.1",42127532,42758217,"gene:ENSBOLG00010012125","GRIP1","glutamate receptor interacting protein 1 [Ensembl NN prediction with score 98.9%]","-",42758217,42127532,TRUE,198969,198969,431666,"overlapping","gene_body",FALSE,"intron"
"CM105779.1",58332932,58333002,71,5,8.80405255862263,"CM105779.1",58332932,58333002,495806,"CM105779.1",58828809,59002548,"gene:ENSBOLG00010010144","PTCHD4","patched domain containing 4 [Ensembl NN prediction with score 100%]","+",58828809,59002548,FALSE,495807,495807,669546,"upstream","intergenic",FALSE,"intergenic"
"CM105782.1",8777738,8777788,51,7,8.78690075254592,"CM105782.1",8777738,8777788,0,"CM105782.1",8516731,8828440,"gene:ENSBOLG00010004974","NR3C2","nuclear receptor subfamily 3 group C member 2 [Ensembl NN prediction with score 100%]","+",8516731,8828440,TRUE,261007,261007,50652,"overlapping","gene_body",FALSE,"intron"
"CM105767.1",85704128,85704215,88,5,8.78141710637478,"CM105767.1",85704128,85704215,0,"CM105767.1",85696200,85706760,"gene:ENSBOLG00010005117","SNX33","sorting nexin 33 [Ensembl NN prediction with score 100%]","-",85706760,85696200,TRUE,2545,2545,7928,"overlapping","gene_body",FALSE,"intron"
"CM105774.1",55340235,55340290,56,7,-8.74279339703032,"CM105774.1",55340235,55340290,102844,"CM105774.1",55087296,55237390,"gene:ENSBOLG00010008749","KIF13B","kinesin family member 13B [Ensembl NN prediction with score 100%]","-",55237390,55087296,FALSE,102845,102845,252939,"upstream","intergenic",FALSE,"intergenic"
"CM105765.1",111816190,111816243,54,5,8.72686874505198,"CM105765.1",111816190,111816243,0,"CM105765.1",111702780,111840178,"gene:ENSBOLG00010016742","MAP7","microtubule associated protein 7 [Ensembl NN prediction with score 100%]","-",111840178,111702780,TRUE,23935,23935,113410,"overlapping","gene_body",FALSE,"intron"
"CM105768.1",104872643,104872698,56,5,-8.67740062840161,"CM105768.1",104872643,104872698,80262,"CM105768.1",104755479,104792380,"gene:ENSBOLG00010013257","ZBTB40","zinc finger and BTB domain containing 40 [Ensembl NN prediction with score 100%]","-",104792380,104755479,FALSE,80263,80263,117164,"upstream","intergenic",FALSE,"intergenic"
"CM105769.1",66266137,66266249,113,4,-8.61146092189589,"CM105769.1",66266137,66266249,311173,"CM105769.1",65906849,65954963,"gene:ENSBOLG00010002496","BRINP2","BMP/retinoic acid inducible neural specific 2 [Ensembl NN prediction with score 100%]","+",65906849,65954963,FALSE,359288,359288,311174,"downstream","intergenic",FALSE,"intergenic"
"CM105768.1",19900721,19900790,70,7,8.60748786676388,"CM105768.1",19900721,19900790,13719,"CM105768.1",19914510,19965718,"gene:ENSBOLG00010017590","RAB10","RAB10, member RAS oncogene family [Ensembl NN prediction with score 100%]","+",19914510,19965718,FALSE,13720,13720,64928,"upstream","intergenic",FALSE,"intergenic"
"CM105773.1",48545817,48545875,59,5,8.58041412744167,"CM105773.1",48545817,48545875,58953,"CM105773.1",48604829,48650682,"gene:ENSBOLG00010017097","HAO1","hydroxyacid oxidase 1 [Ensembl NN prediction with score 100%]","-",48650682,48604829,FALSE,104807,104807,58954,"downstream","intergenic",FALSE,"intergenic"
"CM105776.1",45263823,45264112,290,4,-8.51467031455754,"CM105776.1",45263823,45264112,76942,"CM105776.1",45176684,45186880,"gene:ENSBOLG00010008376","INHBA","inhibin subunit beta A [Ensembl NN prediction with score 100%]","-",45186880,45176684,FALSE,76943,76943,87139,"upstream","intergenic",FALSE,"intergenic"
"CM105769.1",50371252,50371326,75,5,8.51265102001114,"CM105769.1",50371252,50371326,2024,"CM105769.1",50373351,50390285,"gene:ENSBOLG00010000358",NA,NA,"-",50390285,50373351,FALSE,18959,18959,2025,"downstream","intergenic",FALSE,"intergenic"
"CM105765.1",14824291,14824351,61,5,-8.46860511547606,"CM105765.1",14824291,14824351,0,"CM105765.1",14752909,14846819,"gene:ENSBOLG00010000918","PAX3","paired box 3 [Ensembl NN prediction with score 99.99%]","-",14846819,14752909,TRUE,22468,22468,71382,"overlapping","gene_body",FALSE,"intron"
"CM105783.1",30687338,30687412,75,4,8.39853059218457,"CM105783.1",30687338,30687412,0,"CM105783.1",30611092,30785016,"gene:ENSBOLG00010006921","ZFAT","zinc finger and AT-hook domain containing [Ensembl NN prediction with score 100%]","-",30785016,30611092,TRUE,97604,97604,76246,"overlapping","gene_body",FALSE,"intron"
"CM105776.1",15110953,15111033,81,7,8.3413869656554,"CM105776.1",15110953,15111033,33138,"CM105776.1",15144172,15216904,"gene:ENSBOLG00010013494","PHF2","PHD finger protein 2 [Ensembl NN prediction with score 100%]","-",15216904,15144172,FALSE,105871,105871,33139,"downstream","intergenic",FALSE,"intergenic"
"CM105780.1",8939015,8939075,61,5,-8.3364306428693,"CM105780.1",8939015,8939075,99030,"CM105780.1",8770409,8839984,"gene:ENSBOLG00010006880","RAB2A","RAB2A, member RAS oncogene family [Ensembl NN prediction with score 100%]","-",8839984,8770409,FALSE,99031,99031,168606,"upstream","intergenic",FALSE,"intergenic"
"CM105768.1",64799767,64799824,58,5,-8.33433166943918,"CM105768.1",64799767,64799824,0,"CM105768.1",64692091,64814065,"gene:ENSBOLG00010002915","MBOAT2","membrane bound O-acyltransferase domain containing 2 [Ensembl NN prediction with score 99.72%]","+",64692091,64814065,TRUE,107676,107676,14241,"overlapping","gene_body",FALSE,"intron"
"CM105780.1",35252580,35252631,52,5,-8.26530048312628,"CM105780.1",35252580,35252631,573925,"CM105780.1",34678004,34678654,"gene:ENSBOLG00010011785","1700009N14Rik","RIKEN cDNA 1700009N14 gene [Ensembl NN prediction with score 96.73%]","-",34678654,34678004,FALSE,573926,573926,574576,"upstream","intergenic",FALSE,"intergenic"
"CM105766.1",42880886,42880950,65,4,-8.26256977888491,"CM105766.1",42880886,42880950,33889,"CM105766.1",42801290,42846996,"gene:ENSBOLG00010000223","ARL8B","ADP ribosylation factor like GTPase 8B [Ensembl NN prediction with score 99.93%]","-",42846996,42801290,FALSE,33890,33890,79596,"upstream","intergenic",FALSE,"intergenic"
"CM105784.1",8235355,8235409,55,5,8.21764763294096,"CM105784.1",8235355,8235409,77374,"CM105784.1",8312784,8415382,"gene:ENSBOLG00010006008","TRIM2","tripartite motif containing 2 [Ensembl NN prediction with score 99.81%]","+",8312784,8415382,FALSE,77375,77375,179973,"upstream","intergenic",FALSE,"intergenic"
"CM105781.1",60361532,60361753,222,6,-8.18847357044947,"CM105781.1",60361532,60361753,46208,"CM105781.1",60176337,60315323,"gene:ENSBOLG00010007095","ADGRL2","adhesion G protein-coupled receptor L2 [Ensembl NN prediction with score 100%]","-",60315323,60176337,FALSE,46209,46209,185195,"upstream","intergenic",FALSE,"intergenic"
"CM105767.1",80975848,80975901,54,5,8.15365778495563,"CM105767.1",80975848,80975901,0,"CM105767.1",80942269,80994776,"gene:ENSBOLG00010004199","ZC3H12C","zinc finger CCCH-type containing 12C [Ensembl NN prediction with score 100%]","-",80994776,80942269,TRUE,18875,18875,33579,"overlapping","gene_body",FALSE,"intron"
"CM105790.1",1859923,1859975,53,5,8.14461243741963,"CM105790.1",1859923,1859975,0,"CM105790.1",1483393,1931051,"gene:ENSBOLG00010004600","RELN","reelin [Ensembl NN prediction with score 100%]","+",1483393,1931051,TRUE,376530,376530,71076,"overlapping","gene_body",FALSE,"intron"
"CM105771.1",17500658,17500749,92,4,-8.0890239560045,"CM105771.1",17500658,17500749,21855,"CM105771.1",17456326,17478802,"gene:ENSBOLG00010018591","SPDL1","spindle apparatus coiled-coil protein 1 [Ensembl NN prediction with score 100%]","-",17478802,17456326,FALSE,21856,21856,44332,"upstream","intergenic",FALSE,"intergenic"
"CM105766.1",55830014,55830259,246,4,-7.87197450911495,"CM105766.1",55830014,55830259,0,"CM105766.1",55781170,56036847,"gene:ENSBOLG00010000802","SUCLG2","succinate-CoA ligase GDP-forming subunit beta [Ensembl NN prediction with score 100%]","+",55781170,56036847,TRUE,48844,48844,206588,"overlapping","gene_body",FALSE,"intron"
"CM105773.1",79295467,79295533,67,5,-7.86560932188953,"CM105773.1",79295467,79295533,0,"CM105773.1",79291881,79304436,"gene:ENSBOLG00010015024","SLC2A10","solute carrier family 2 member 10 [Ensembl NN prediction with score 99.95%]","+",79291881,79304436,TRUE,3586,3586,8903,"overlapping","gene_body",FALSE,"intron"
"CM105767.1",90568697,90568747,51,5,-7.82959554460094,"CM105767.1",90568697,90568747,72253,"CM105767.1",90641001,90650200,"gene:ENSBOLG00010005756","RPUSD4","RNA pseudouridine synthase D4 [Ensembl NN prediction with score 99.99%]","-",90650200,90641001,FALSE,81453,81453,72254,"downstream","intergenic",FALSE,"intergenic"
"CM105775.1",63517702,63517761,60,5,-7.73511589825981,"CM105775.1",63517702,63517761,0,"CM105775.1",62922823,63751507,"gene:ENSBOLG00010008123","NPAS3","neuronal PAS domain protein 3 [Ensembl NN prediction with score 100%]","-",63751507,62922823,TRUE,233746,233746,594879,"overlapping","gene_body",FALSE,"intron"
"CM105787.1",18235653,18235725,73,5,7.7335672624621,"CM105787.1",18235653,18235725,100278,"CM105787.1",18133777,18135374,"gene:ENSBOLG00010014483","NDN","necdin, MAGE family member [Ensembl NN prediction with score 100%]","-",18135374,18133777,FALSE,100279,100279,101876,"upstream","intergenic",FALSE,"intergenic"
"CM105777.1",9828219,9828275,57,5,-7.61981910609541,"CM105777.1",9828219,9828275,18701,"CM105777.1",9846977,10159631,"gene:ENSBOLG00010006375","SETBP1","SET binding protein 1 [Ensembl NN prediction with score 100%]","+",9846977,10159631,FALSE,18702,18702,331356,"upstream","intergenic",FALSE,"intergenic"
"CM105783.1",17147978,17148054,77,4,7.588622288606,"CM105783.1",17147978,17148054,0,"CM105783.1",16910100,17184459,"gene:ENSBOLG00010013409","EXT1","exostosin glycosyltransferase 1 [Ensembl NN prediction with score 100%]","-",17184459,16910100,TRUE,36405,36405,237878,"overlapping","gene_body",FALSE,"intron"
"CM105771.1",30780741,30780804,64,5,-7.57439996747618,"CM105771.1",30780741,30780804,0,"CM105771.1",30771046,30783480,"gene:ENSBOLG00010005290",NA,NA,"-",30783480,30771046,TRUE,2676,2676,9695,"overlapping","gene_body",TRUE,"exon"
"CM105773.1",86424107,86424176,70,5,-7.49491081057082,"CM105773.1",86424107,86424176,0,"CM105773.1",86419723,86427560,"gene:ENSBOLG00010010876","TFAP2C","transcription factor AP-2 gamma [Ensembl NN prediction with score 95.66%]","+",86419723,86427560,TRUE,4384,4384,3384,"overlapping","gene_body",TRUE,"exon"
"CM105765.1",109904477,109904529,53,5,7.35215513283123,"CM105765.1",109904477,109904529,0,"CM105765.1",109903328,109910961,"gene:ENSBOLG00010017090","SGK1","serum/glucocorticoid regulated kinase 1 [Ensembl NN prediction with score 100%]","-",109910961,109903328,TRUE,6432,6432,1149,"overlapping","gene_body",TRUE,"exon"
"CM105785.1",8832796,8832846,51,4,-7.26485771572728,"CM105785.1",8832796,8832846,5974,"CM105785.1",8838821,8900413,"gene:ENSBOLG00010006640","STXBP1","syntaxin binding protein 1 [Ensembl NN prediction with score 100%]","+",8838821,8900413,FALSE,5975,5975,67567,"upstream","intergenic",FALSE,"intergenic"
"CM105768.1",95103892,95103975,84,5,-7.23325957173138,"CM105768.1",95103892,95103975,0,"CM105768.1",95101325,95137542,"gene:ENSBOLG00010000887","RAB11FIP5","RAB11 family interacting protein 5 [Ensembl NN prediction with score 99.97%]","+",95101325,95137542,TRUE,2567,2567,33567,"overlapping","gene_body",FALSE,"intron"
"CM105767.1",41575943,41576603,661,4,7.21897269363888,"CM105767.1",41575943,41576603,343714,"CM105767.1",41920318,41936782,"gene:ENSBOLG00010000800","IRAK1BP1","interleukin 1 receptor associated kinase 1 binding protein 1 [Ensembl NN prediction with score 100%]","+",41920318,41936782,FALSE,343715,343715,360179,"upstream","intergenic",FALSE,"intergenic"
"CM105772.1",1922883,1922944,62,5,-6.97812502537542,"CM105772.1",1922883,1922944,4299,"CM105772.1",1927244,1932018,"gene:ENSBOLG00010017277","EMX2","empty spiracles homeobox 2 [Ensembl NN prediction with score 100%]","-",1932018,1927244,FALSE,9074,9074,4300,"downstream","intergenic",FALSE,"intergenic"
"CM105787.1",14728881,14728938,58,5,6.74100810369196,"CM105787.1",14728881,14728938,167349,"CM105787.1",14475877,14561531,"gene:ENSBOLG00010014240","ANO5","anoctamin 5 [Ensembl NN prediction with score 100%]","-",14561531,14475877,FALSE,167350,167350,253004,"upstream","intergenic",FALSE,"intergenic"
"CM105771.1",93184373,93184424,52,5,-6.72239173810198,"CM105771.1",93184373,93184424,0,"CM105771.1",92981488,93379395,"gene:ENSBOLG00010001449","CEP112","centrosomal protein 112 [Ensembl NN prediction with score 100%]","+",92981488,93379395,TRUE,202885,202885,194971,"overlapping","gene_body",FALSE,"intron"
"CM105778.1",44073388,44073447,60,5,6.71803743306478,"CM105778.1",44073388,44073447,245577,"CM105778.1",43658675,43827810,"gene:ENSBOLG00010016700","ZSWIM6","zinc finger SWIM-type containing 6 [Ensembl NN prediction with score 100%]","+",43658675,43827810,FALSE,414713,414713,245578,"downstream","intergenic",FALSE,"intergenic"
"CM105773.1",78863040,78863094,55,5,-6.69226140071517,"CM105773.1",78863040,78863094,2195,"CM105773.1",78846316,78860844,"gene:ENSBOLG00010017053","CD40","CD40 molecule [Ensembl NN prediction with score 100%]","+",78846316,78860844,FALSE,16724,16724,2196,"downstream","intergenic",FALSE,"intergenic"
"CM105772.1",11337521,11337675,155,4,6.68215601168108,"CM105772.1",11337521,11337675,0,"CM105772.1",10942515,11454302,"gene:ENSBOLG00010015622","SORCS1","sortilin related VPS10 domain containing receptor 1 [Ensembl NN prediction with score 99.98%]","+",10942515,11454302,TRUE,395006,395006,116627,"overlapping","gene_body",FALSE,"intron"
"CM105764.1",75571016,75571167,152,7,-5.90922058777093,"CM105764.1",75571016,75571167,65892,"CM105764.1",75394645,75505123,"gene:ENSBOLG00010001555","Tprg","transformation related protein 63 regulated [Ensembl NN prediction with score 99.74%]","-",75505123,75394645,FALSE,65893,65893,176371,"upstream","intergenic",FALSE,"intergenic"
"CM105766.1",97476645,97476695,51,5,-5.65358966435015,"CM105766.1",97476645,97476695,241802,"CM105766.1",97185938,97234842,"gene:ENSBOLG00010012525","CAAP1","caspase activity and apoptosis inhibitor 1 [Ensembl NN prediction with score 100%]","+",97185938,97234842,FALSE,290707,290707,241803,"downstream","intergenic",FALSE,"intergenic"
"CM105768.1",5159939,5159993,55,5,-5.03265982382297,"CM105768.1",5159939,5159993,0,"CM105768.1",4946801,5820396,"gene:ENSBOLG00010002792","DPP6","dipeptidyl peptidase like 6 [Ensembl NN prediction with score 100%]","-",5820396,4946801,TRUE,660403,660403,213138,"overlapping","gene_body",FALSE,"intron"
"CM105773.1",21124042,21124100,59,7,4.84688345257844,"CM105773.1",21124042,21124100,82270,"CM105773.1",21206371,21248180,"gene:ENSBOLG00010018113","PRDM11","PR/SET domain 11 [Ensembl NN prediction with score 100%]","+",21206371,21248180,FALSE,82271,82271,124080,"upstream","intergenic",FALSE,"intergenic"
"CM105777.1",1752050,1752109,60,5,-4.744393800079,"CM105777.1",1752050,1752109,613340,"CM105777.1",1110655,1138709,"gene:ENSBOLG00010006377","SOCS6","suppressor of cytokine signaling 6 [Ensembl NN prediction with score 99.89%]","+",1110655,1138709,FALSE,641395,641395,613341,"downstream","intergenic",FALSE,"intergenic"
"CM105787.1",56349470,56349524,55,5,4.518952373283,"CM105787.1",56349470,56349524,0,"CM105787.1",56118517,56588174,"gene:ENSBOLG00010009467","TENM4","teneurin transmembrane protein 4 [Ensembl NN prediction with score 100%]","+",56118517,56588174,TRUE,230953,230953,238650,"overlapping","gene_body",FALSE,"intron"
"CM105782.1",46670696,46670768,73,7,-4.42631386065743,"CM105782.1",46670696,46670768,66529,"CM105782.1",46466029,46604166,"gene:ENSBOLG00010016352","ADAMTS18","ADAM metallopeptidase with thrombospondin type 1 motif 18 [Ensembl NN prediction with score 100%]","-",46604166,46466029,FALSE,66530,66530,204667,"upstream","intergenic",FALSE,"intergenic"
"CM105766.1",37275666,37275737,72,5,-4.37694159395278,"CM105766.1",37275666,37275737,44202,"CM105766.1",37319940,37333286,"gene:ENSBOLG00010019014",NA,NA,"-",37333286,37319940,FALSE,57549,57549,44203,"downstream","intergenic",FALSE,"intergenic"
"CM105767.1",60313594,60313645,52,4,3.9607607565478,"CM105767.1",60313594,60313645,167237,"CM105767.1",60480883,60920315,"gene:ENSBOLG00010000949","EPHB1","EPH receptor B1 [Ensembl NN prediction with score 100%]","-",60920315,60480883,FALSE,606670,606670,167238,"downstream","intergenic",FALSE,"intergenic"
"CM105781.1",6408443,6408601,159,4,3.8571836336238,"CM105781.1",6408443,6408601,5345,"CM105781.1",6413947,6415038,"gene:ENSBOLG00010021302",NA,NA,"+",6413947,6415038,FALSE,5346,5346,6437,"upstream","intergenic",FALSE,"intergenic"
"CM105781.1",60326095,60326214,120,5,-3.80911334742786,"CM105781.1",60326095,60326214,10771,"CM105781.1",60176337,60315323,"gene:ENSBOLG00010007095","ADGRL2","adhesion G protein-coupled receptor L2 [Ensembl NN prediction with score 100%]","-",60315323,60176337,FALSE,10772,10772,149758,"upstream","intergenic",FALSE,"intergenic"
"CM105770.1",101734072,101734348,277,4,-3.53317070257535,"CM105770.1",101734072,101734348,298787,"CM105770.1",102033136,102037795,"gene:ENSBOLG00010002071","NKX6-1","NK6 homeobox 1 [Ensembl NN prediction with score 99.98%]","-",102037795,102033136,FALSE,303447,303447,298788,"downstream","intergenic",FALSE,"intergenic"
"CM105775.1",58718909,58719106,198,4,-3.38955492412392,"CM105775.1",58718909,58719106,217592,"CM105775.1",58453436,58501316,"gene:ENSBOLG00010005793","SEC23A","SEC23 homolog A, COPII coat complex component [Ensembl NN prediction with score 100%]","+",58453436,58501316,FALSE,265473,265473,217593,"downstream","intergenic",FALSE,"intergenic"
"CM105766.1",16449175,16449249,75,4,3.23921176738335,"CM105766.1",16449175,16449249,7201,"CM105766.1",16441488,16441973,"gene:ENSBOLG00010002480",NA,NA,"+",16441488,16441973,FALSE,7687,7687,7202,"downstream","intergenic",FALSE,"intergenic"
"CM105767.1",37658410,37658481,72,4,-3.22242107377677,"CM105767.1",37658410,37658481,3152,"CM105767.1",37661634,37700672,"gene:ENSBOLG00010002101","SLC17A5","solute carrier family 17 member 5 [Ensembl NN prediction with score 100%]","-",37700672,37661634,FALSE,42191,42191,3153,"downstream","intergenic",FALSE,"intergenic"
"CM105770.1",79187900,79187994,95,5,-3.18797885466888,"CM105770.1",79187900,79187994,0,"CM105770.1",79180154,79288082,"gene:ENSBOLG00010001240","CRACD","capping protein inhibiting regulator of actin dynamics [Ensembl NN prediction with score 98.75%]","+",79180154,79288082,TRUE,7746,7746,100088,"overlapping","gene_body",FALSE,"intron"
"CM105768.1",78263933,78264066,134,4,-3.07091519848753,"CM105768.1",78263933,78264066,27443,"CM105768.1",78291510,78292072,"gene:ENSBOLG00010021373","TRBV30","T cell receptor beta variable 30 [Ensembl NN prediction with score 77.49%]","+",78291510,78292072,FALSE,27444,27444,28006,"upstream","intergenic",FALSE,"intergenic"
"CM105768.1",66909513,66909582,70,4,-3.0247804132873,"CM105768.1",66909513,66909582,281594,"CM105768.1",67191177,67192364,"gene:ENSBOLG00010002972","SOX11","SRY-box transcription factor 11 [Ensembl NN prediction with score 100%]","-",67192364,67191177,FALSE,282782,282782,281595,"downstream","intergenic",FALSE,"intergenic"
"CM105764.1",5506579,5506649,71,4,-3.01473859273027,"CM105764.1",5506579,5506649,12636,"CM105764.1",5519286,5686617,"gene:ENSBOLG00010001951","HLCS","holocarboxylase synthetase [Ensembl NN prediction with score 99.29%]","+",5519286,5686617,FALSE,12637,12637,179968,"upstream","intergenic",FALSE,"intergenic"
"CM105787.1",15833825,15833917,93,4,-2.63887417345971,"CM105787.1",15833825,15833917,0,"CM105787.1",15078024,15898830,"gene:ENSBOLG00010014387","NELL1","neural EGFL like 1 [Ensembl NN prediction with score 100%]","-",15898830,15078024,TRUE,64913,64913,755801,"overlapping","gene_body",FALSE,"intron"
"CM105768.1",50773452,50773597,146,4,2.38211132215939,"CM105768.1",50773452,50773597,196178,"CM105768.1",50969776,50972028,"gene:ENSBOLG00010000329","GPRIN3","GPRIN family member 3 [Ensembl NN prediction with score 100%]","+",50969776,50972028,FALSE,196179,196179,198431,"upstream","intergenic",FALSE,"intergenic"
"CM105776.1",37974493,37974974,482,6,2.07542656441459,"CM105776.1",37974493,37974974,0,"CM105776.1",37864567,38139948,"gene:ENSBOLG00010012692",NA,NA,"+",37864567,38139948,TRUE,109926,109926,164974,"overlapping","gene_body",FALSE,"intron"
"CM105771.1",56227106,56227162,57,4,2.05629973274698,"CM105771.1",56227106,56227162,1917,"CM105771.1",56189455,56225188,"gene:ENSBOLG00010017660","SPNS2","sphingolipid transporter 2 [Ensembl NN prediction with score 100%]","-",56225188,56189455,FALSE,1918,1918,37651,"upstream","promoter",FALSE,"promoter"
"CM105775.1",12511977,12512074,98,4,1.43921575314109,"CM105775.1",12511977,12512074,0,"CM105775.1",12488077,12574753,"gene:ENSBOLG00010011964","BCL11B","BAF chromatin remodeling complex subunit BCL11B [Ensembl NN prediction with score 100%]","+",12488077,12574753,TRUE,23900,23900,62679,"overlapping","gene_body",FALSE,"intron"
"CM105781.1",56843043,56843104,62,7,-1.27267762761362,"CM105781.1",56843043,56843104,0,"CM105781.1",56746557,56999230,"gene:ENSBOLG00010006367","COL24A1","collagen type XXIV alpha 1 chain [Ensembl NN prediction with score 100%]","+",56746557,56999230,TRUE,96486,96486,156126,"overlapping","gene_body",FALSE,"intron"
"CM105778.1",7412263,7412333,71,7,1.09684309350039,"CM105778.1",7412263,7412333,65983,"CM105778.1",7478317,7500184,"gene:ENSBOLG00010006837",NA,NA,"-",7500184,7478317,FALSE,87851,87851,65984,"downstream","intergenic",FALSE,"intergenic"
"CM105785.1",15046100,15046233,134,5,-0.668330805584604,"CM105785.1",15046100,15046233,0,"CM105785.1",15036440,15048635,"gene:ENSBOLG00010011081","ABO","ABO, alpha 1-3-N-acetylgalactosaminyltransferase and alpha 1-3-galactosyltransferase [Ensembl NN prediction with score 81.81%]","-",15048635,15036440,TRUE,2402,2402,9660,"overlapping","gene_body",FALSE,"intron"
"CM105781.1",60356831,60356951,121,4,0.5989787490464,"CM105781.1",60356831,60356951,41507,"CM105781.1",60176337,60315323,"gene:ENSBOLG00010007095","ADGRL2","adhesion G protein-coupled receptor L2 [Ensembl NN prediction with score 100%]","-",60315323,60176337,FALSE,41508,41508,180494,"upstream","intergenic",FALSE,"intergenic"
"CM105771.1",97464155,97464253,99,8,-0.182260466296195,"CM105771.1",97464155,97464253,207976,"CM105771.1",97252098,97256178,"gene:ENSBOLG00010001564","SOX9","SRY-box transcription factor 9 [Ensembl NN prediction with score 100%]","+",97252098,97256178,FALSE,212057,212057,207977,"downstream","intergenic",FALSE,"intergenic"
